ISO-10303-21;
HEADER;
FILE_DESCRIPTION(('Open CASCADE Model'),'2;1');
FILE_NAME('Open CASCADE Shape Model','2026-09-22T19:05:59',('Author'),(
    'Open CASCADE'),'Open CASCADE STEP processor 7.8','Open CASCADE 7.8'
  ,'Unknown');
FILE_SCHEMA(('AUTOMOTIVE_DESIGN { 1 0 10303 214 1 1 1 1 }'));
ENDSEC;
DATA;
#1 = APPLICATION_PROTOCOL_DEFINITION('international standard',
  'automotive_design',2000,#2);
#2 = APPLICATION_CONTEXT(
  'core data for automotive mechanical design processes');
#3 = SHAPE_DEFINITION_REPRESENTATION(#4,#10);
#4 = PRODUCT_DEFINITION_SHAPE('','',#5);
#5 = PRODUCT_DEFINITION('design','',#6,#9);
#6 = PRODUCT_DEFINITION_FORMATION('','',#7);
#7 = PRODUCT('rescue_node_half_AP214','rescue_node_half_AP214','',(#8));
#8 = PRODUCT_CONTEXT('',#2,'mechanical');
#9 = PRODUCT_DEFINITION_CONTEXT('part definition',#2,'design');
#10 = SHAPE_REPRESENTATION('',(#11,#15,#19,#23,#27,#31,#35,#39,#43,#47,
    #51,#55,#59,#63,#67),#71);
#11 = AXIS2_PLACEMENT_3D('',#12,#13,#14);
#12 = CARTESIAN_POINT('',(0.,0.,0.));
#13 = DIRECTION('',(0.,0.,1.));
#14 = DIRECTION('',(1.,0.,-0.));
#15 = AXIS2_PLACEMENT_3D('',#16,#17,#18);
#16 = CARTESIAN_POINT('',(0.,0.,0.));
#17 = DIRECTION('',(0.,0.,1.));
#18 = DIRECTION('',(1.,0.,-0.));
#19 = AXIS2_PLACEMENT_3D('',#20,#21,#22);
#20 = CARTESIAN_POINT('',(0.,0.,0.));
#21 = DIRECTION('',(0.,0.,1.));
#22 = DIRECTION('',(1.,0.,-0.));
#23 = AXIS2_PLACEMENT_3D('',#24,#25,#26);
#24 = CARTESIAN_POINT('',(0.,0.,0.));
#25 = DIRECTION('',(0.,0.,1.));
#26 = DIRECTION('',(1.,0.,-0.));
#27 = AXIS2_PLACEMENT_3D('',#28,#29,#30);
#28 = CARTESIAN_POINT('',(0.,0.,0.));
#29 = DIRECTION('',(0.,0.,1.));
#30 = DIRECTION('',(1.,0.,-0.));
#31 = AXIS2_PLACEMENT_3D('',#32,#33,#34);
#32 = CARTESIAN_POINT('',(0.,0.,0.));
#33 = DIRECTION('',(0.,0.,1.));
#34 = DIRECTION('',(1.,0.,-0.));
#35 = AXIS2_PLACEMENT_3D('',#36,#37,#38);
#36 = CARTESIAN_POINT('',(0.,0.,0.));
#37 = DIRECTION('',(0.,0.,1.));
#38 = DIRECTION('',(1.,0.,-0.));
#39 = AXIS2_PLACEMENT_3D('',#40,#41,#42);
#40 = CARTESIAN_POINT('',(0.,0.,0.));
#41 = DIRECTION('',(0.,0.,1.));
#42 = DIRECTION('',(1.,0.,-0.));
#43 = AXIS2_PLACEMENT_3D('',#44,#45,#46);
#44 = CARTESIAN_POINT('',(0.,0.,0.));
#45 = DIRECTION('',(0.,0.,1.));
#46 = DIRECTION('',(1.,0.,-0.));
#47 = AXIS2_PLACEMENT_3D('',#48,#49,#50);
#48 = CARTESIAN_POINT('',(0.,0.,0.));
#49 = DIRECTION('',(0.,0.,1.));
#50 = DIRECTION('',(1.,0.,-0.));
#51 = AXIS2_PLACEMENT_3D('',#52,#53,#54);
#52 = CARTESIAN_POINT('',(0.,0.,0.));
#53 = DIRECTION('',(0.,0.,1.));
#54 = DIRECTION('',(1.,0.,-0.));
#55 = AXIS2_PLACEMENT_3D('',#56,#57,#58);
#56 = CARTESIAN_POINT('',(0.,0.,0.));
#57 = DIRECTION('',(0.,0.,1.));
#58 = DIRECTION('',(1.,0.,-0.));
#59 = AXIS2_PLACEMENT_3D('',#60,#61,#62);
#60 = CARTESIAN_POINT('',(0.,0.,0.));
#61 = DIRECTION('',(0.,0.,1.));
#62 = DIRECTION('',(1.,0.,-0.));
#63 = AXIS2_PLACEMENT_3D('',#64,#65,#66);
#64 = CARTESIAN_POINT('',(0.,0.,0.));
#65 = DIRECTION('',(0.,0.,1.));
#66 = DIRECTION('',(1.,0.,-0.));
#67 = AXIS2_PLACEMENT_3D('',#68,#69,#70);
#68 = CARTESIAN_POINT('',(0.,0.,0.));
#69 = DIRECTION('',(0.,0.,1.));
#70 = DIRECTION('',(1.,0.,-0.));
#71 = ( GEOMETRIC_REPRESENTATION_CONTEXT(3) 
GLOBAL_UNCERTAINTY_ASSIGNED_CONTEXT((#75)) GLOBAL_UNIT_ASSIGNED_CONTEXT(
(#72,#73,#74)) REPRESENTATION_CONTEXT('Context #1',
  '3D Context with UNIT and UNCERTAINTY') );
#72 = ( LENGTH_UNIT() NAMED_UNIT(*) SI_UNIT(.MILLI.,.METRE.) );
#73 = ( NAMED_UNIT(*) PLANE_ANGLE_UNIT() SI_UNIT($,.RADIAN.) );
#74 = ( NAMED_UNIT(*) SI_UNIT($,.STERADIAN.) SOLID_ANGLE_UNIT() );
#75 = UNCERTAINTY_MEASURE_WITH_UNIT(LENGTH_MEASURE(1.E-07),#72,
  'distance_accuracy_value','confusion accuracy');
#76 = PRODUCT_RELATED_PRODUCT_CATEGORY('part',$,(#7));
#77 = SHAPE_DEFINITION_REPRESENTATION(#78,#84);
#78 = PRODUCT_DEFINITION_SHAPE('','',#79);
#79 = PRODUCT_DEFINITION('design','',#80,#83);
#80 = PRODUCT_DEFINITION_FORMATION('','',#81);
#81 = PRODUCT('01_Nose_cap','01_Nose_cap','',(#82));
#82 = PRODUCT_CONTEXT('',#2,'mechanical');
#83 = PRODUCT_DEFINITION_CONTEXT('part definition',#2,'design');
#84 = ADVANCED_BREP_SHAPE_REPRESENTATION('',(#11,#85),#1649);
#85 = MANIFOLD_SOLID_BREP('',#86);
#86 = CLOSED_SHELL('',(#87,#207,#289,#726,#774,#1132,#1160,#1188,#1247,
    #1275,#1303,#1331,#1359,#1387,#1415,#1443,#1471,#1478,#1527,#1555,
    #1583,#1590,#1645));
#87 = ADVANCED_FACE('',(#88),#103,.T.);
#88 = FACE_BOUND('',#89,.T.);
#89 = EDGE_LOOP('',(#90,#126,#154,#183));
#90 = ORIENTED_EDGE('',*,*,#91,.T.);
#91 = EDGE_CURVE('',#92,#94,#96,.T.);
#92 = VERTEX_POINT('',#93);
#93 = CARTESIAN_POINT('',(0.5,-4.286263797016E-15,-35.));
#94 = VERTEX_POINT('',#95);
#95 = CARTESIAN_POINT('',(0.5,0.,35.));
#96 = SURFACE_CURVE('',#97,(#102,#114),.PCURVE_S1.);
#97 = CIRCLE('',#98,35.);
#98 = AXIS2_PLACEMENT_3D('',#99,#100,#101);
#99 = CARTESIAN_POINT('',(0.5,0.,0.));
#100 = DIRECTION('',(1.,0.,0.));
#101 = DIRECTION('',(-0.,0.,1.));
#102 = PCURVE('',#103,#108);
#103 = CYLINDRICAL_SURFACE('',#104,35.);
#104 = AXIS2_PLACEMENT_3D('',#105,#106,#107);
#105 = CARTESIAN_POINT('',(0.,0.,0.));
#106 = DIRECTION('',(1.,0.,0.));
#107 = DIRECTION('',(-0.,0.,1.));
#108 = DEFINITIONAL_REPRESENTATION('',(#109),#113);
#109 = LINE('',#110,#111);
#110 = CARTESIAN_POINT('',(0.,0.5));
#111 = VECTOR('',#112,1.);
#112 = DIRECTION('',(1.,0.));
#113 = ( GEOMETRIC_REPRESENTATION_CONTEXT(2) 
PARAMETRIC_REPRESENTATION_CONTEXT() REPRESENTATION_CONTEXT('2D SPACE',''
  ) );
#114 = PCURVE('',#115,#120);
#115 = TOROIDAL_SURFACE('',#116,34.5,0.5);
#116 = AXIS2_PLACEMENT_3D('',#117,#118,#119);
#117 = CARTESIAN_POINT('',(0.5,0.,0.));
#118 = DIRECTION('',(-1.,-0.,-0.));
#119 = DIRECTION('',(-0.,0.,1.));
#120 = DEFINITIONAL_REPRESENTATION('',(#121),#125);
#121 = LINE('',#122,#123);
#122 = CARTESIAN_POINT('',(-0.,0.));
#123 = VECTOR('',#124,1.);
#124 = DIRECTION('',(-1.,0.));
#125 = ( GEOMETRIC_REPRESENTATION_CONTEXT(2) 
PARAMETRIC_REPRESENTATION_CONTEXT() REPRESENTATION_CONTEXT('2D SPACE',''
  ) );
#126 = ORIENTED_EDGE('',*,*,#127,.T.);
#127 = EDGE_CURVE('',#94,#128,#130,.T.);
#128 = VERTEX_POINT('',#129);
#129 = CARTESIAN_POINT('',(35.,8.572527594031E-15,35.));
#130 = SURFACE_CURVE('',#131,(#135,#142),.PCURVE_S1.);
#131 = LINE('',#132,#133);
#132 = CARTESIAN_POINT('',(0.,8.572527594031E-15,35.));
#133 = VECTOR('',#134,1.);
#134 = DIRECTION('',(1.,0.,0.));
#135 = PCURVE('',#103,#136);
#136 = DEFINITIONAL_REPRESENTATION('',(#137),#141);
#137 = LINE('',#138,#139);
#138 = CARTESIAN_POINT('',(6.28318530718,-0.));
#139 = VECTOR('',#140,1.);
#140 = DIRECTION('',(0.,1.));
#141 = ( GEOMETRIC_REPRESENTATION_CONTEXT(2) 
PARAMETRIC_REPRESENTATION_CONTEXT() REPRESENTATION_CONTEXT('2D SPACE',''
  ) );
#142 = PCURVE('',#143,#148);
#143 = PLANE('',#144);
#144 = AXIS2_PLACEMENT_3D('',#145,#146,#147);
#145 = CARTESIAN_POINT('',(-10.,0.,-150.));
#146 = DIRECTION('',(-0.,1.,0.));
#147 = DIRECTION('',(0.,0.,1.));
#148 = DEFINITIONAL_REPRESENTATION('',(#149),#153);
#149 = LINE('',#150,#151);
#150 = CARTESIAN_POINT('',(185.,10.));
#151 = VECTOR('',#152,1.);
#152 = DIRECTION('',(0.,1.));
#153 = ( GEOMETRIC_REPRESENTATION_CONTEXT(2) 
PARAMETRIC_REPRESENTATION_CONTEXT() REPRESENTATION_CONTEXT('2D SPACE',''
  ) );
#154 = ORIENTED_EDGE('',*,*,#155,.F.);
#155 = EDGE_CURVE('',#156,#128,#158,.T.);
#156 = VERTEX_POINT('',#157);
#157 = CARTESIAN_POINT('',(35.,-4.286263797016E-15,-35.));
#158 = SURFACE_CURVE('',#159,(#164,#171),.PCURVE_S1.);
#159 = CIRCLE('',#160,35.);
#160 = AXIS2_PLACEMENT_3D('',#161,#162,#163);
#161 = CARTESIAN_POINT('',(35.,0.,0.));
#162 = DIRECTION('',(1.,0.,0.));
#163 = DIRECTION('',(-0.,0.,1.));
#164 = PCURVE('',#103,#165);
#165 = DEFINITIONAL_REPRESENTATION('',(#166),#170);
#166 = LINE('',#167,#168);
#167 = CARTESIAN_POINT('',(0.,35.));
#168 = VECTOR('',#169,1.);
#169 = DIRECTION('',(1.,0.));
#170 = ( GEOMETRIC_REPRESENTATION_CONTEXT(2) 
PARAMETRIC_REPRESENTATION_CONTEXT() REPRESENTATION_CONTEXT('2D SPACE',''
  ) );
#171 = PCURVE('',#172,#177);
#172 = PLANE('',#173);
#173 = AXIS2_PLACEMENT_3D('',#174,#175,#176);
#174 = CARTESIAN_POINT('',(35.,0.,0.));
#175 = DIRECTION('',(1.,0.,0.));
#176 = DIRECTION('',(-0.,0.,1.));
#177 = DEFINITIONAL_REPRESENTATION('',(#178),#182);
#178 = CIRCLE('',#179,35.);
#179 = AXIS2_PLACEMENT_2D('',#180,#181);
#180 = CARTESIAN_POINT('',(0.,0.));
#181 = DIRECTION('',(1.,0.));
#182 = ( GEOMETRIC_REPRESENTATION_CONTEXT(2) 
PARAMETRIC_REPRESENTATION_CONTEXT() REPRESENTATION_CONTEXT('2D SPACE',''
  ) );
#183 = ORIENTED_EDGE('',*,*,#184,.F.);
#184 = EDGE_CURVE('',#92,#156,#185,.T.);
#185 = SURFACE_CURVE('',#186,(#190,#196),.PCURVE_S1.);
#186 = LINE('',#187,#188);
#187 = CARTESIAN_POINT('',(0.,0.,-35.));
#188 = VECTOR('',#189,1.);
#189 = DIRECTION('',(1.,0.,0.));
#190 = PCURVE('',#103,#191);
#191 = DEFINITIONAL_REPRESENTATION('',(#192),#195);
#192 = B_SPLINE_CURVE_WITH_KNOTS('',1,(#193,#194),.UNSPECIFIED.,.F.,.F.,
  (2,2),(0.4999994,35.0000006),.PIECEWISE_BEZIER_KNOTS.);
#193 = CARTESIAN_POINT('',(3.14159265359,0.4999994));
#194 = CARTESIAN_POINT('',(3.14159265359,35.0000006));
#195 = ( GEOMETRIC_REPRESENTATION_CONTEXT(2) 
PARAMETRIC_REPRESENTATION_CONTEXT() REPRESENTATION_CONTEXT('2D SPACE',''
  ) );
#196 = PCURVE('',#197,#202);
#197 = PLANE('',#198);
#198 = AXIS2_PLACEMENT_3D('',#199,#200,#201);
#199 = CARTESIAN_POINT('',(-10.,0.,-150.));
#200 = DIRECTION('',(-0.,1.,0.));
#201 = DIRECTION('',(0.,0.,1.));
#202 = DEFINITIONAL_REPRESENTATION('',(#203),#206);
#203 = B_SPLINE_CURVE_WITH_KNOTS('',1,(#204,#205),.UNSPECIFIED.,.F.,.F.,
  (2,2),(0.4999994,35.0000006),.PIECEWISE_BEZIER_KNOTS.);
#204 = CARTESIAN_POINT('',(115.,10.4999994));
#205 = CARTESIAN_POINT('',(115.,45.0000006));
#206 = ( GEOMETRIC_REPRESENTATION_CONTEXT(2) 
PARAMETRIC_REPRESENTATION_CONTEXT() REPRESENTATION_CONTEXT('2D SPACE',''
  ) );
#207 = ADVANCED_FACE('',(#208),#115,.T.);
#208 = FACE_BOUND('',#209,.F.);
#209 = EDGE_LOOP('',(#210,#211,#238,#267));
#210 = ORIENTED_EDGE('',*,*,#91,.T.);
#211 = ORIENTED_EDGE('',*,*,#212,.T.);
#212 = EDGE_CURVE('',#94,#213,#215,.T.);
#213 = VERTEX_POINT('',#214);
#214 = CARTESIAN_POINT('',(0.,0.,34.5));
#215 = SURFACE_CURVE('',#216,(#221,#227),.PCURVE_S1.);
#216 = CIRCLE('',#217,0.5);
#217 = AXIS2_PLACEMENT_3D('',#218,#219,#220);
#218 = CARTESIAN_POINT('',(0.5,0.,34.5));
#219 = DIRECTION('',(0.,-1.,0.));
#220 = DIRECTION('',(-0.,0.,1.));
#221 = PCURVE('',#115,#222);
#222 = DEFINITIONAL_REPRESENTATION('',(#223),#226);
#223 = B_SPLINE_CURVE_WITH_KNOTS('',1,(#224,#225),.UNSPECIFIED.,.F.,.F.,
  (2,2),(0.,1.570796326795),.PIECEWISE_BEZIER_KNOTS.);
#224 = CARTESIAN_POINT('',(-6.28318530718,0.));
#225 = CARTESIAN_POINT('',(-6.28318530718,1.570796326795));
#226 = ( GEOMETRIC_REPRESENTATION_CONTEXT(2) 
PARAMETRIC_REPRESENTATION_CONTEXT() REPRESENTATION_CONTEXT('2D SPACE',''
  ) );
#227 = PCURVE('',#143,#228);
#228 = DEFINITIONAL_REPRESENTATION('',(#229),#237);
#229 = ( BOUNDED_CURVE() B_SPLINE_CURVE(2,(#230,#231,#232,#233,#234,#235
,#236),.UNSPECIFIED.,.T.,.F.) B_SPLINE_CURVE_WITH_KNOTS((1,2,2,2,2,1),(
    -2.094395102393,0.,2.094395102393,4.188790204786,6.28318530718,
8.377580409573),.UNSPECIFIED.) CURVE() GEOMETRIC_REPRESENTATION_ITEM() 
RATIONAL_B_SPLINE_CURVE((1.,0.5,1.,0.5,1.,0.5,1.)) REPRESENTATION_ITEM(
  '') );
#230 = CARTESIAN_POINT('',(185.,10.5));
#231 = CARTESIAN_POINT('',(185.,9.633974596216));
#232 = CARTESIAN_POINT('',(184.25,10.066987298108));
#233 = CARTESIAN_POINT('',(183.5,10.5));
#234 = CARTESIAN_POINT('',(184.25,10.933012701892));
#235 = CARTESIAN_POINT('',(185.,11.366025403784));
#236 = CARTESIAN_POINT('',(185.,10.5));
#237 = ( GEOMETRIC_REPRESENTATION_CONTEXT(2) 
PARAMETRIC_REPRESENTATION_CONTEXT() REPRESENTATION_CONTEXT('2D SPACE',''
  ) );
#238 = ORIENTED_EDGE('',*,*,#239,.F.);
#239 = EDGE_CURVE('',#240,#213,#242,.T.);
#240 = VERTEX_POINT('',#241);
#241 = CARTESIAN_POINT('',(0.,-4.225031457058E-15,-34.5));
#242 = SURFACE_CURVE('',#243,(#248,#255),.PCURVE_S1.);
#243 = CIRCLE('',#244,34.5);
#244 = AXIS2_PLACEMENT_3D('',#245,#246,#247);
#245 = CARTESIAN_POINT('',(0.,0.,0.));
#246 = DIRECTION('',(1.,0.,0.));
#247 = DIRECTION('',(-0.,0.,1.));
#248 = PCURVE('',#115,#249);
#249 = DEFINITIONAL_REPRESENTATION('',(#250),#254);
#250 = LINE('',#251,#252);
#251 = CARTESIAN_POINT('',(-0.,1.570796326795));
#252 = VECTOR('',#253,1.);
#253 = DIRECTION('',(-1.,0.));
#254 = ( GEOMETRIC_REPRESENTATION_CONTEXT(2) 
PARAMETRIC_REPRESENTATION_CONTEXT() REPRESENTATION_CONTEXT('2D SPACE',''
  ) );
#255 = PCURVE('',#256,#261);
#256 = PLANE('',#257);
#257 = AXIS2_PLACEMENT_3D('',#258,#259,#260);
#258 = CARTESIAN_POINT('',(0.,0.,0.));
#259 = DIRECTION('',(1.,0.,0.));
#260 = DIRECTION('',(-0.,0.,1.));
#261 = DEFINITIONAL_REPRESENTATION('',(#262),#266);
#262 = CIRCLE('',#263,34.5);
#263 = AXIS2_PLACEMENT_2D('',#264,#265);
#264 = CARTESIAN_POINT('',(0.,0.));
#265 = DIRECTION('',(1.,0.));
#266 = ( GEOMETRIC_REPRESENTATION_CONTEXT(2) 
PARAMETRIC_REPRESENTATION_CONTEXT() REPRESENTATION_CONTEXT('2D SPACE',''
  ) );
#267 = ORIENTED_EDGE('',*,*,#268,.F.);
#268 = EDGE_CURVE('',#92,#240,#269,.T.);
#269 = SURFACE_CURVE('',#270,(#275,#282),.PCURVE_S1.);
#270 = CIRCLE('',#271,0.5);
#271 = AXIS2_PLACEMENT_3D('',#272,#273,#274);
#272 = CARTESIAN_POINT('',(0.5,0.,-34.5));
#273 = DIRECTION('',(-0.,1.,0.));
#274 = DIRECTION('',(0.,0.,1.));
#275 = PCURVE('',#115,#276);
#276 = DEFINITIONAL_REPRESENTATION('',(#277),#281);
#277 = LINE('',#278,#279);
#278 = CARTESIAN_POINT('',(-3.14159265359,-3.14159265359));
#279 = VECTOR('',#280,1.);
#280 = DIRECTION('',(-0.,1.));
#281 = ( GEOMETRIC_REPRESENTATION_CONTEXT(2) 
PARAMETRIC_REPRESENTATION_CONTEXT() REPRESENTATION_CONTEXT('2D SPACE',''
  ) );
#282 = PCURVE('',#197,#283);
#283 = DEFINITIONAL_REPRESENTATION('',(#284),#288);
#284 = CIRCLE('',#285,0.5);
#285 = AXIS2_PLACEMENT_2D('',#286,#287);
#286 = CARTESIAN_POINT('',(115.5,10.5));
#287 = DIRECTION('',(1.,0.));
#288 = ( GEOMETRIC_REPRESENTATION_CONTEXT(2) 
PARAMETRIC_REPRESENTATION_CONTEXT() REPRESENTATION_CONTEXT('2D SPACE',''
  ) );
#289 = ADVANCED_FACE('',(#290,#620),#197,.F.);
#290 = FACE_BOUND('',#291,.F.);
#291 = EDGE_LOOP('',(#292,#293,#294,#315,#341,#367,#393,#419,#445,#471,
    #497,#523,#549,#575,#601));
#292 = ORIENTED_EDGE('',*,*,#184,.F.);
#293 = ORIENTED_EDGE('',*,*,#268,.T.);
#294 = ORIENTED_EDGE('',*,*,#295,.T.);
#295 = EDGE_CURVE('',#240,#296,#298,.T.);
#296 = VERTEX_POINT('',#297);
#297 = CARTESIAN_POINT('',(0.,-3.980102097229E-15,-32.5));
#298 = SURFACE_CURVE('',#299,(#303,#309),.PCURVE_S1.);
#299 = LINE('',#300,#301);
#300 = CARTESIAN_POINT('',(0.,0.,-75.));
#301 = VECTOR('',#302,1.);
#302 = DIRECTION('',(0.,-0.,1.));
#303 = PCURVE('',#197,#304);
#304 = DEFINITIONAL_REPRESENTATION('',(#305),#308);
#305 = B_SPLINE_CURVE_WITH_KNOTS('',1,(#306,#307),.UNSPECIFIED.,.F.,.F.,
  (2,2),(40.5,109.5),.PIECEWISE_BEZIER_KNOTS.);
#306 = CARTESIAN_POINT('',(115.5,10.));
#307 = CARTESIAN_POINT('',(184.5,10.));
#308 = ( GEOMETRIC_REPRESENTATION_CONTEXT(2) 
PARAMETRIC_REPRESENTATION_CONTEXT() REPRESENTATION_CONTEXT('2D SPACE',''
  ) );
#309 = PCURVE('',#256,#310);
#310 = DEFINITIONAL_REPRESENTATION('',(#311),#314);
#311 = B_SPLINE_CURVE_WITH_KNOTS('',1,(#312,#313),.UNSPECIFIED.,.F.,.F.,
  (2,2),(40.5,109.5),.PIECEWISE_BEZIER_KNOTS.);
#312 = CARTESIAN_POINT('',(-34.5,0.));
#313 = CARTESIAN_POINT('',(34.5,0.));
#314 = ( GEOMETRIC_REPRESENTATION_CONTEXT(2) 
PARAMETRIC_REPRESENTATION_CONTEXT() REPRESENTATION_CONTEXT('2D SPACE',''
  ) );
#315 = ORIENTED_EDGE('',*,*,#316,.T.);
#316 = EDGE_CURVE('',#296,#317,#319,.T.);
#317 = VERTEX_POINT('',#318);
#318 = CARTESIAN_POINT('',(4.,-3.980102097229E-15,-32.5));
#319 = SURFACE_CURVE('',#320,(#324,#330),.PCURVE_S1.);
#320 = LINE('',#321,#322);
#321 = CARTESIAN_POINT('',(-0.1,0.,-32.5));
#322 = VECTOR('',#323,1.);
#323 = DIRECTION('',(1.,0.,0.));
#324 = PCURVE('',#197,#325);
#325 = DEFINITIONAL_REPRESENTATION('',(#326),#329);
#326 = B_SPLINE_CURVE_WITH_KNOTS('',1,(#327,#328),.UNSPECIFIED.,.F.,.F.,
  (2,2),(9.99994E-02,4.1000006),.PIECEWISE_BEZIER_KNOTS.);
#327 = CARTESIAN_POINT('',(117.5,9.9999994));
#328 = CARTESIAN_POINT('',(117.5,14.0000006));
#329 = ( GEOMETRIC_REPRESENTATION_CONTEXT(2) 
PARAMETRIC_REPRESENTATION_CONTEXT() REPRESENTATION_CONTEXT('2D SPACE',''
  ) );
#330 = PCURVE('',#331,#336);
#331 = CYLINDRICAL_SURFACE('',#332,32.5);
#332 = AXIS2_PLACEMENT_3D('',#333,#334,#335);
#333 = CARTESIAN_POINT('',(-0.1,0.,0.));
#334 = DIRECTION('',(1.,0.,0.));
#335 = DIRECTION('',(-0.,0.,1.));
#336 = DEFINITIONAL_REPRESENTATION('',(#337),#340);
#337 = B_SPLINE_CURVE_WITH_KNOTS('',1,(#338,#339),.UNSPECIFIED.,.F.,.F.,
  (2,2),(9.99994E-02,4.1000006),.PIECEWISE_BEZIER_KNOTS.);
#338 = CARTESIAN_POINT('',(3.14159265359,9.99994E-02));
#339 = CARTESIAN_POINT('',(3.14159265359,4.1000006));
#340 = ( GEOMETRIC_REPRESENTATION_CONTEXT(2) 
PARAMETRIC_REPRESENTATION_CONTEXT() REPRESENTATION_CONTEXT('2D SPACE',''
  ) );
#341 = ORIENTED_EDGE('',*,*,#342,.T.);
#342 = EDGE_CURVE('',#317,#343,#345,.T.);
#343 = VERTEX_POINT('',#344);
#344 = CARTESIAN_POINT('',(4.,-3.673940397442E-15,-30.));
#345 = SURFACE_CURVE('',#346,(#350,#356),.PCURVE_S1.);
#346 = LINE('',#347,#348);
#347 = CARTESIAN_POINT('',(4.,0.,-75.));
#348 = VECTOR('',#349,1.);
#349 = DIRECTION('',(0.,-0.,1.));
#350 = PCURVE('',#197,#351);
#351 = DEFINITIONAL_REPRESENTATION('',(#352),#355);
#352 = B_SPLINE_CURVE_WITH_KNOTS('',1,(#353,#354),.UNSPECIFIED.,.F.,.F.,
  (2,2),(42.5,107.5),.PIECEWISE_BEZIER_KNOTS.);
#353 = CARTESIAN_POINT('',(117.5,14.));
#354 = CARTESIAN_POINT('',(182.5,14.));
#355 = ( GEOMETRIC_REPRESENTATION_CONTEXT(2) 
PARAMETRIC_REPRESENTATION_CONTEXT() REPRESENTATION_CONTEXT('2D SPACE',''
  ) );
#356 = PCURVE('',#357,#362);
#357 = PLANE('',#358);
#358 = AXIS2_PLACEMENT_3D('',#359,#360,#361);
#359 = CARTESIAN_POINT('',(4.,0.,0.));
#360 = DIRECTION('',(1.,0.,0.));
#361 = DIRECTION('',(-0.,0.,1.));
#362 = DEFINITIONAL_REPRESENTATION('',(#363),#366);
#363 = B_SPLINE_CURVE_WITH_KNOTS('',1,(#364,#365),.UNSPECIFIED.,.F.,.F.,
  (2,2),(42.5,107.5),.PIECEWISE_BEZIER_KNOTS.);
#364 = CARTESIAN_POINT('',(-32.5,0.));
#365 = CARTESIAN_POINT('',(32.5,0.));
#366 = ( GEOMETRIC_REPRESENTATION_CONTEXT(2) 
PARAMETRIC_REPRESENTATION_CONTEXT() REPRESENTATION_CONTEXT('2D SPACE',''
  ) );
#367 = ORIENTED_EDGE('',*,*,#368,.F.);
#368 = EDGE_CURVE('',#369,#343,#371,.T.);
#369 = VERTEX_POINT('',#370);
#370 = CARTESIAN_POINT('',(0.,-3.673940397442E-15,-30.));
#371 = SURFACE_CURVE('',#372,(#376,#382),.PCURVE_S1.);
#372 = LINE('',#373,#374);
#373 = CARTESIAN_POINT('',(-0.11,0.,-30.));
#374 = VECTOR('',#375,1.);
#375 = DIRECTION('',(1.,0.,0.));
#376 = PCURVE('',#197,#377);
#377 = DEFINITIONAL_REPRESENTATION('',(#378),#381);
#378 = B_SPLINE_CURVE_WITH_KNOTS('',1,(#379,#380),.UNSPECIFIED.,.F.,.F.,
  (2,2),(0.1099994,4.1100006),.PIECEWISE_BEZIER_KNOTS.);
#379 = CARTESIAN_POINT('',(120.,9.9999994));
#380 = CARTESIAN_POINT('',(120.,14.0000006));
#381 = ( GEOMETRIC_REPRESENTATION_CONTEXT(2) 
PARAMETRIC_REPRESENTATION_CONTEXT() REPRESENTATION_CONTEXT('2D SPACE',''
  ) );
#382 = PCURVE('',#383,#388);
#383 = CYLINDRICAL_SURFACE('',#384,30.);
#384 = AXIS2_PLACEMENT_3D('',#385,#386,#387);
#385 = CARTESIAN_POINT('',(-0.11,0.,0.));
#386 = DIRECTION('',(1.,0.,0.));
#387 = DIRECTION('',(-0.,0.,1.));
#388 = DEFINITIONAL_REPRESENTATION('',(#389),#392);
#389 = B_SPLINE_CURVE_WITH_KNOTS('',1,(#390,#391),.UNSPECIFIED.,.F.,.F.,
  (2,2),(0.1099994,4.1100006),.PIECEWISE_BEZIER_KNOTS.);
#390 = CARTESIAN_POINT('',(3.14159265359,0.1099994));
#391 = CARTESIAN_POINT('',(3.14159265359,4.1100006));
#392 = ( GEOMETRIC_REPRESENTATION_CONTEXT(2) 
PARAMETRIC_REPRESENTATION_CONTEXT() REPRESENTATION_CONTEXT('2D SPACE',''
  ) );
#393 = ORIENTED_EDGE('',*,*,#394,.T.);
#394 = EDGE_CURVE('',#369,#395,#397,.T.);
#395 = VERTEX_POINT('',#396);
#396 = CARTESIAN_POINT('',(0.,-3.429011037613E-15,-28.));
#397 = SURFACE_CURVE('',#398,(#402,#408),.PCURVE_S1.);
#398 = LINE('',#399,#400);
#399 = CARTESIAN_POINT('',(0.,0.,-75.));
#400 = VECTOR('',#401,1.);
#401 = DIRECTION('',(0.,-0.,1.));
#402 = PCURVE('',#197,#403);
#403 = DEFINITIONAL_REPRESENTATION('',(#404),#407);
#404 = B_SPLINE_CURVE_WITH_KNOTS('',1,(#405,#406),.UNSPECIFIED.,.F.,.F.,
  (2,2),(45.,105.),.PIECEWISE_BEZIER_KNOTS.);
#405 = CARTESIAN_POINT('',(120.,10.));
#406 = CARTESIAN_POINT('',(180.,10.));
#407 = ( GEOMETRIC_REPRESENTATION_CONTEXT(2) 
PARAMETRIC_REPRESENTATION_CONTEXT() REPRESENTATION_CONTEXT('2D SPACE',''
  ) );
#408 = PCURVE('',#409,#414);
#409 = PLANE('',#410);
#410 = AXIS2_PLACEMENT_3D('',#411,#412,#413);
#411 = CARTESIAN_POINT('',(0.,0.,0.));
#412 = DIRECTION('',(1.,0.,0.));
#413 = DIRECTION('',(-0.,0.,1.));
#414 = DEFINITIONAL_REPRESENTATION('',(#415),#418);
#415 = B_SPLINE_CURVE_WITH_KNOTS('',1,(#416,#417),.UNSPECIFIED.,.F.,.F.,
  (2,2),(45.,105.),.PIECEWISE_BEZIER_KNOTS.);
#416 = CARTESIAN_POINT('',(-30.,0.));
#417 = CARTESIAN_POINT('',(30.,0.));
#418 = ( GEOMETRIC_REPRESENTATION_CONTEXT(2) 
PARAMETRIC_REPRESENTATION_CONTEXT() REPRESENTATION_CONTEXT('2D SPACE',''
  ) );
#419 = ORIENTED_EDGE('',*,*,#420,.T.);
#420 = EDGE_CURVE('',#395,#421,#423,.T.);
#421 = VERTEX_POINT('',#422);
#422 = CARTESIAN_POINT('',(3.,-3.429011037613E-15,-28.));
#423 = SURFACE_CURVE('',#424,(#428,#434),.PCURVE_S1.);
#424 = LINE('',#425,#426);
#425 = CARTESIAN_POINT('',(-0.1,0.,-28.));
#426 = VECTOR('',#427,1.);
#427 = DIRECTION('',(1.,0.,0.));
#428 = PCURVE('',#197,#429);
#429 = DEFINITIONAL_REPRESENTATION('',(#430),#433);
#430 = B_SPLINE_CURVE_WITH_KNOTS('',1,(#431,#432),.UNSPECIFIED.,.F.,.F.,
  (2,2),(9.99994E-02,3.1000006),.PIECEWISE_BEZIER_KNOTS.);
#431 = CARTESIAN_POINT('',(122.,9.9999994));
#432 = CARTESIAN_POINT('',(122.,13.0000006));
#433 = ( GEOMETRIC_REPRESENTATION_CONTEXT(2) 
PARAMETRIC_REPRESENTATION_CONTEXT() REPRESENTATION_CONTEXT('2D SPACE',''
  ) );
#434 = PCURVE('',#435,#440);
#435 = CYLINDRICAL_SURFACE('',#436,28.);
#436 = AXIS2_PLACEMENT_3D('',#437,#438,#439);
#437 = CARTESIAN_POINT('',(-0.1,0.,0.));
#438 = DIRECTION('',(1.,0.,0.));
#439 = DIRECTION('',(-0.,0.,1.));
#440 = DEFINITIONAL_REPRESENTATION('',(#441),#444);
#441 = B_SPLINE_CURVE_WITH_KNOTS('',1,(#442,#443),.UNSPECIFIED.,.F.,.F.,
  (2,2),(9.99994E-02,3.1000006),.PIECEWISE_BEZIER_KNOTS.);
#442 = CARTESIAN_POINT('',(3.14159265359,9.99994E-02));
#443 = CARTESIAN_POINT('',(3.14159265359,3.1000006));
#444 = ( GEOMETRIC_REPRESENTATION_CONTEXT(2) 
PARAMETRIC_REPRESENTATION_CONTEXT() REPRESENTATION_CONTEXT('2D SPACE',''
  ) );
#445 = ORIENTED_EDGE('',*,*,#446,.T.);
#446 = EDGE_CURVE('',#421,#447,#449,.T.);
#447 = VERTEX_POINT('',#448);
#448 = CARTESIAN_POINT('',(3.,-2.449293598295E-15,-20.));
#449 = SURFACE_CURVE('',#450,(#454,#460),.PCURVE_S1.);
#450 = LINE('',#451,#452);
#451 = CARTESIAN_POINT('',(3.,0.,-75.));
#452 = VECTOR('',#453,1.);
#453 = DIRECTION('',(0.,-0.,1.));
#454 = PCURVE('',#197,#455);
#455 = DEFINITIONAL_REPRESENTATION('',(#456),#459);
#456 = B_SPLINE_CURVE_WITH_KNOTS('',1,(#457,#458),.UNSPECIFIED.,.F.,.F.,
  (2,2),(47.,103.),.PIECEWISE_BEZIER_KNOTS.);
#457 = CARTESIAN_POINT('',(122.,13.));
#458 = CARTESIAN_POINT('',(178.,13.));
#459 = ( GEOMETRIC_REPRESENTATION_CONTEXT(2) 
PARAMETRIC_REPRESENTATION_CONTEXT() REPRESENTATION_CONTEXT('2D SPACE',''
  ) );
#460 = PCURVE('',#461,#466);
#461 = PLANE('',#462);
#462 = AXIS2_PLACEMENT_3D('',#463,#464,#465);
#463 = CARTESIAN_POINT('',(3.,0.,0.));
#464 = DIRECTION('',(1.,0.,0.));
#465 = DIRECTION('',(-0.,0.,1.));
#466 = DEFINITIONAL_REPRESENTATION('',(#467),#470);
#467 = B_SPLINE_CURVE_WITH_KNOTS('',1,(#468,#469),.UNSPECIFIED.,.F.,.F.,
  (2,2),(47.,103.),.PIECEWISE_BEZIER_KNOTS.);
#468 = CARTESIAN_POINT('',(-28.,0.));
#469 = CARTESIAN_POINT('',(28.,0.));
#470 = ( GEOMETRIC_REPRESENTATION_CONTEXT(2) 
PARAMETRIC_REPRESENTATION_CONTEXT() REPRESENTATION_CONTEXT('2D SPACE',''
  ) );
#471 = ORIENTED_EDGE('',*,*,#472,.T.);
#472 = EDGE_CURVE('',#447,#473,#475,.T.);
#473 = VERTEX_POINT('',#474);
#474 = CARTESIAN_POINT('',(9.,-2.449293598295E-15,-20.));
#475 = SURFACE_CURVE('',#476,(#480,#486),.PCURVE_S1.);
#476 = LINE('',#477,#478);
#477 = CARTESIAN_POINT('',(3.,0.,-20.));
#478 = VECTOR('',#479,1.);
#479 = DIRECTION('',(1.,0.,0.));
#480 = PCURVE('',#197,#481);
#481 = DEFINITIONAL_REPRESENTATION('',(#482),#485);
#482 = B_SPLINE_CURVE_WITH_KNOTS('',1,(#483,#484),.UNSPECIFIED.,.F.,.F.,
  (2,2),(-5.999999999062E-07,6.0000006),.PIECEWISE_BEZIER_KNOTS.);
#483 = CARTESIAN_POINT('',(130.,12.9999994));
#484 = CARTESIAN_POINT('',(130.,19.0000006));
#485 = ( GEOMETRIC_REPRESENTATION_CONTEXT(2) 
PARAMETRIC_REPRESENTATION_CONTEXT() REPRESENTATION_CONTEXT('2D SPACE',''
  ) );
#486 = PCURVE('',#487,#492);
#487 = CYLINDRICAL_SURFACE('',#488,20.);
#488 = AXIS2_PLACEMENT_3D('',#489,#490,#491);
#489 = CARTESIAN_POINT('',(3.,0.,0.));
#490 = DIRECTION('',(1.,0.,0.));
#491 = DIRECTION('',(-0.,0.,1.));
#492 = DEFINITIONAL_REPRESENTATION('',(#493),#496);
#493 = B_SPLINE_CURVE_WITH_KNOTS('',1,(#494,#495),.UNSPECIFIED.,.F.,.F.,
  (2,2),(-5.999999999062E-07,6.0000006),.PIECEWISE_BEZIER_KNOTS.);
#494 = CARTESIAN_POINT('',(3.14159265359,-5.999999999062E-07));
#495 = CARTESIAN_POINT('',(3.14159265359,6.0000006));
#496 = ( GEOMETRIC_REPRESENTATION_CONTEXT(2) 
PARAMETRIC_REPRESENTATION_CONTEXT() REPRESENTATION_CONTEXT('2D SPACE',''
  ) );
#497 = ORIENTED_EDGE('',*,*,#498,.T.);
#498 = EDGE_CURVE('',#473,#499,#501,.T.);
#499 = VERTEX_POINT('',#500);
#500 = CARTESIAN_POINT('',(9.,-1.347111479062E-15,-11.));
#501 = SURFACE_CURVE('',#502,(#506,#512),.PCURVE_S1.);
#502 = LINE('',#503,#504);
#503 = CARTESIAN_POINT('',(9.,0.,-75.));
#504 = VECTOR('',#505,1.);
#505 = DIRECTION('',(0.,-0.,1.));
#506 = PCURVE('',#197,#507);
#507 = DEFINITIONAL_REPRESENTATION('',(#508),#511);
#508 = B_SPLINE_CURVE_WITH_KNOTS('',1,(#509,#510),.UNSPECIFIED.,.F.,.F.,
  (2,2),(55.,95.),.PIECEWISE_BEZIER_KNOTS.);
#509 = CARTESIAN_POINT('',(130.,19.));
#510 = CARTESIAN_POINT('',(170.,19.));
#511 = ( GEOMETRIC_REPRESENTATION_CONTEXT(2) 
PARAMETRIC_REPRESENTATION_CONTEXT() REPRESENTATION_CONTEXT('2D SPACE',''
  ) );
#512 = PCURVE('',#513,#518);
#513 = PLANE('',#514);
#514 = AXIS2_PLACEMENT_3D('',#515,#516,#517);
#515 = CARTESIAN_POINT('',(9.,0.,0.));
#516 = DIRECTION('',(1.,0.,0.));
#517 = DIRECTION('',(-0.,0.,1.));
#518 = DEFINITIONAL_REPRESENTATION('',(#519),#522);
#519 = B_SPLINE_CURVE_WITH_KNOTS('',1,(#520,#521),.UNSPECIFIED.,.F.,.F.,
  (2,2),(55.,95.),.PIECEWISE_BEZIER_KNOTS.);
#520 = CARTESIAN_POINT('',(-20.,0.));
#521 = CARTESIAN_POINT('',(20.,0.));
#522 = ( GEOMETRIC_REPRESENTATION_CONTEXT(2) 
PARAMETRIC_REPRESENTATION_CONTEXT() REPRESENTATION_CONTEXT('2D SPACE',''
  ) );
#523 = ORIENTED_EDGE('',*,*,#524,.T.);
#524 = EDGE_CURVE('',#499,#525,#527,.T.);
#525 = VERTEX_POINT('',#526);
#526 = CARTESIAN_POINT('',(43.,-1.347111479062E-15,-11.));
#527 = SURFACE_CURVE('',#528,(#532,#538),.PCURVE_S1.);
#528 = LINE('',#529,#530);
#529 = CARTESIAN_POINT('',(9.,0.,-11.));
#530 = VECTOR('',#531,1.);
#531 = DIRECTION('',(1.,0.,0.));
#532 = PCURVE('',#197,#533);
#533 = DEFINITIONAL_REPRESENTATION('',(#534),#537);
#534 = B_SPLINE_CURVE_WITH_KNOTS('',1,(#535,#536),.UNSPECIFIED.,.F.,.F.,
  (2,2),(-5.999999999062E-07,34.0000006),.PIECEWISE_BEZIER_KNOTS.);
#535 = CARTESIAN_POINT('',(139.,18.9999994));
#536 = CARTESIAN_POINT('',(139.,53.0000006));
#537 = ( GEOMETRIC_REPRESENTATION_CONTEXT(2) 
PARAMETRIC_REPRESENTATION_CONTEXT() REPRESENTATION_CONTEXT('2D SPACE',''
  ) );
#538 = PCURVE('',#539,#544);
#539 = CYLINDRICAL_SURFACE('',#540,11.);
#540 = AXIS2_PLACEMENT_3D('',#541,#542,#543);
#541 = CARTESIAN_POINT('',(9.,0.,0.));
#542 = DIRECTION('',(1.,0.,0.));
#543 = DIRECTION('',(-0.,0.,1.));
#544 = DEFINITIONAL_REPRESENTATION('',(#545),#548);
#545 = B_SPLINE_CURVE_WITH_KNOTS('',1,(#546,#547),.UNSPECIFIED.,.F.,.F.,
  (2,2),(-5.999999999062E-07,34.0000006),.PIECEWISE_BEZIER_KNOTS.);
#546 = CARTESIAN_POINT('',(3.14159265359,-5.999999999062E-07));
#547 = CARTESIAN_POINT('',(3.14159265359,34.0000006));
#548 = ( GEOMETRIC_REPRESENTATION_CONTEXT(2) 
PARAMETRIC_REPRESENTATION_CONTEXT() REPRESENTATION_CONTEXT('2D SPACE',''
  ) );
#549 = ORIENTED_EDGE('',*,*,#550,.F.);
#550 = EDGE_CURVE('',#551,#525,#553,.T.);
#551 = VERTEX_POINT('',#552);
#552 = CARTESIAN_POINT('',(43.,-3.673940397442E-15,-30.));
#553 = SURFACE_CURVE('',#554,(#558,#564),.PCURVE_S1.);
#554 = LINE('',#555,#556);
#555 = CARTESIAN_POINT('',(43.,0.,-75.));
#556 = VECTOR('',#557,1.);
#557 = DIRECTION('',(0.,-0.,1.));
#558 = PCURVE('',#197,#559);
#559 = DEFINITIONAL_REPRESENTATION('',(#560),#563);
#560 = B_SPLINE_CURVE_WITH_KNOTS('',1,(#561,#562),.UNSPECIFIED.,.F.,.F.,
  (2,2),(45.,105.),.PIECEWISE_BEZIER_KNOTS.);
#561 = CARTESIAN_POINT('',(120.,53.));
#562 = CARTESIAN_POINT('',(180.,53.));
#563 = ( GEOMETRIC_REPRESENTATION_CONTEXT(2) 
PARAMETRIC_REPRESENTATION_CONTEXT() REPRESENTATION_CONTEXT('2D SPACE',''
  ) );
#564 = PCURVE('',#565,#570);
#565 = PLANE('',#566);
#566 = AXIS2_PLACEMENT_3D('',#567,#568,#569);
#567 = CARTESIAN_POINT('',(43.,0.,0.));
#568 = DIRECTION('',(1.,0.,0.));
#569 = DIRECTION('',(-0.,0.,1.));
#570 = DEFINITIONAL_REPRESENTATION('',(#571),#574);
#571 = B_SPLINE_CURVE_WITH_KNOTS('',1,(#572,#573),.UNSPECIFIED.,.F.,.F.,
  (2,2),(45.,105.),.PIECEWISE_BEZIER_KNOTS.);
#572 = CARTESIAN_POINT('',(-30.,0.));
#573 = CARTESIAN_POINT('',(30.,0.));
#574 = ( GEOMETRIC_REPRESENTATION_CONTEXT(2) 
PARAMETRIC_REPRESENTATION_CONTEXT() REPRESENTATION_CONTEXT('2D SPACE',''
  ) );
#575 = ORIENTED_EDGE('',*,*,#576,.F.);
#576 = EDGE_CURVE('',#577,#551,#579,.T.);
#577 = VERTEX_POINT('',#578);
#578 = CARTESIAN_POINT('',(35.,-3.673940397442E-15,-30.));
#579 = SURFACE_CURVE('',#580,(#584,#590),.PCURVE_S1.);
#580 = LINE('',#581,#582);
#581 = CARTESIAN_POINT('',(35.,0.,-30.));
#582 = VECTOR('',#583,1.);
#583 = DIRECTION('',(1.,0.,0.));
#584 = PCURVE('',#197,#585);
#585 = DEFINITIONAL_REPRESENTATION('',(#586),#589);
#586 = B_SPLINE_CURVE_WITH_KNOTS('',1,(#587,#588),.UNSPECIFIED.,.F.,.F.,
  (2,2),(-5.999999999062E-07,8.0000006),.PIECEWISE_BEZIER_KNOTS.);
#587 = CARTESIAN_POINT('',(120.,44.9999994));
#588 = CARTESIAN_POINT('',(120.,53.0000006));
#589 = ( GEOMETRIC_REPRESENTATION_CONTEXT(2) 
PARAMETRIC_REPRESENTATION_CONTEXT() REPRESENTATION_CONTEXT('2D SPACE',''
  ) );
#590 = PCURVE('',#591,#596);
#591 = CYLINDRICAL_SURFACE('',#592,30.);
#592 = AXIS2_PLACEMENT_3D('',#593,#594,#595);
#593 = CARTESIAN_POINT('',(35.,0.,0.));
#594 = DIRECTION('',(1.,0.,0.));
#595 = DIRECTION('',(-0.,0.,1.));
#596 = DEFINITIONAL_REPRESENTATION('',(#597),#600);
#597 = B_SPLINE_CURVE_WITH_KNOTS('',1,(#598,#599),.UNSPECIFIED.,.F.,.F.,
  (2,2),(-5.999999999062E-07,8.0000006),.PIECEWISE_BEZIER_KNOTS.);
#598 = CARTESIAN_POINT('',(3.14159265359,-5.999999999062E-07));
#599 = CARTESIAN_POINT('',(3.14159265359,8.0000006));
#600 = ( GEOMETRIC_REPRESENTATION_CONTEXT(2) 
PARAMETRIC_REPRESENTATION_CONTEXT() REPRESENTATION_CONTEXT('2D SPACE',''
  ) );
#601 = ORIENTED_EDGE('',*,*,#602,.F.);
#602 = EDGE_CURVE('',#156,#577,#603,.T.);
#603 = SURFACE_CURVE('',#604,(#608,#614),.PCURVE_S1.);
#604 = LINE('',#605,#606);
#605 = CARTESIAN_POINT('',(35.,0.,-75.));
#606 = VECTOR('',#607,1.);
#607 = DIRECTION('',(0.,-0.,1.));
#608 = PCURVE('',#197,#609);
#609 = DEFINITIONAL_REPRESENTATION('',(#610),#613);
#610 = B_SPLINE_CURVE_WITH_KNOTS('',1,(#611,#612),.UNSPECIFIED.,.F.,.F.,
  (2,2),(40.,110.),.PIECEWISE_BEZIER_KNOTS.);
#611 = CARTESIAN_POINT('',(115.,45.));
#612 = CARTESIAN_POINT('',(185.,45.));
#613 = ( GEOMETRIC_REPRESENTATION_CONTEXT(2) 
PARAMETRIC_REPRESENTATION_CONTEXT() REPRESENTATION_CONTEXT('2D SPACE',''
  ) );
#614 = PCURVE('',#172,#615);
#615 = DEFINITIONAL_REPRESENTATION('',(#616),#619);
#616 = B_SPLINE_CURVE_WITH_KNOTS('',1,(#617,#618),.UNSPECIFIED.,.F.,.F.,
  (2,2),(40.,110.),.PIECEWISE_BEZIER_KNOTS.);
#617 = CARTESIAN_POINT('',(-35.,0.));
#618 = CARTESIAN_POINT('',(35.,0.));
#619 = ( GEOMETRIC_REPRESENTATION_CONTEXT(2) 
PARAMETRIC_REPRESENTATION_CONTEXT() REPRESENTATION_CONTEXT('2D SPACE',''
  ) );
#620 = FACE_BOUND('',#621,.F.);
#621 = EDGE_LOOP('',(#622,#650,#676,#702));
#622 = ORIENTED_EDGE('',*,*,#623,.F.);
#623 = EDGE_CURVE('',#624,#626,#628,.T.);
#624 = VERTEX_POINT('',#625);
#625 = CARTESIAN_POINT('',(6.,-3.796405077357E-15,-31.));
#626 = VERTEX_POINT('',#627);
#627 = CARTESIAN_POINT('',(6.,-2.694222958124E-15,-22.));
#628 = SURFACE_CURVE('',#629,(#633,#639),.PCURVE_S1.);
#629 = LINE('',#630,#631);
#630 = CARTESIAN_POINT('',(6.,0.,-75.));
#631 = VECTOR('',#632,1.);
#632 = DIRECTION('',(0.,-0.,1.));
#633 = PCURVE('',#197,#634);
#634 = DEFINITIONAL_REPRESENTATION('',(#635),#638);
#635 = B_SPLINE_CURVE_WITH_KNOTS('',1,(#636,#637),.UNSPECIFIED.,.F.,.F.,
  (2,2),(44.,106.),.PIECEWISE_BEZIER_KNOTS.);
#636 = CARTESIAN_POINT('',(119.,16.));
#637 = CARTESIAN_POINT('',(181.,16.));
#638 = ( GEOMETRIC_REPRESENTATION_CONTEXT(2) 
PARAMETRIC_REPRESENTATION_CONTEXT() REPRESENTATION_CONTEXT('2D SPACE',''
  ) );
#639 = PCURVE('',#640,#645);
#640 = PLANE('',#641);
#641 = AXIS2_PLACEMENT_3D('',#642,#643,#644);
#642 = CARTESIAN_POINT('',(6.,0.,0.));
#643 = DIRECTION('',(1.,0.,0.));
#644 = DIRECTION('',(-0.,0.,1.));
#645 = DEFINITIONAL_REPRESENTATION('',(#646),#649);
#646 = B_SPLINE_CURVE_WITH_KNOTS('',1,(#647,#648),.UNSPECIFIED.,.F.,.F.,
  (2,2),(44.,106.),.PIECEWISE_BEZIER_KNOTS.);
#647 = CARTESIAN_POINT('',(-31.,0.));
#648 = CARTESIAN_POINT('',(31.,0.));
#649 = ( GEOMETRIC_REPRESENTATION_CONTEXT(2) 
PARAMETRIC_REPRESENTATION_CONTEXT() REPRESENTATION_CONTEXT('2D SPACE',''
  ) );
#650 = ORIENTED_EDGE('',*,*,#651,.T.);
#651 = EDGE_CURVE('',#624,#652,#654,.T.);
#652 = VERTEX_POINT('',#653);
#653 = CARTESIAN_POINT('',(30.,-3.796405077357E-15,-31.));
#654 = SURFACE_CURVE('',#655,(#659,#665),.PCURVE_S1.);
#655 = LINE('',#656,#657);
#656 = CARTESIAN_POINT('',(6.,0.,-31.));
#657 = VECTOR('',#658,1.);
#658 = DIRECTION('',(1.,0.,0.));
#659 = PCURVE('',#197,#660);
#660 = DEFINITIONAL_REPRESENTATION('',(#661),#664);
#661 = B_SPLINE_CURVE_WITH_KNOTS('',1,(#662,#663),.UNSPECIFIED.,.F.,.F.,
  (2,2),(-5.999999999062E-07,24.0000006),.PIECEWISE_BEZIER_KNOTS.);
#662 = CARTESIAN_POINT('',(119.,15.9999994));
#663 = CARTESIAN_POINT('',(119.,40.0000006));
#664 = ( GEOMETRIC_REPRESENTATION_CONTEXT(2) 
PARAMETRIC_REPRESENTATION_CONTEXT() REPRESENTATION_CONTEXT('2D SPACE',''
  ) );
#665 = PCURVE('',#666,#671);
#666 = CYLINDRICAL_SURFACE('',#667,31.);
#667 = AXIS2_PLACEMENT_3D('',#668,#669,#670);
#668 = CARTESIAN_POINT('',(6.,0.,0.));
#669 = DIRECTION('',(1.,0.,0.));
#670 = DIRECTION('',(-0.,0.,1.));
#671 = DEFINITIONAL_REPRESENTATION('',(#672),#675);
#672 = B_SPLINE_CURVE_WITH_KNOTS('',1,(#673,#674),.UNSPECIFIED.,.F.,.F.,
  (2,2),(-5.999999999062E-07,24.0000006),.PIECEWISE_BEZIER_KNOTS.);
#673 = CARTESIAN_POINT('',(3.14159265359,-5.999999999062E-07));
#674 = CARTESIAN_POINT('',(3.14159265359,24.0000006));
#675 = ( GEOMETRIC_REPRESENTATION_CONTEXT(2) 
PARAMETRIC_REPRESENTATION_CONTEXT() REPRESENTATION_CONTEXT('2D SPACE',''
  ) );
#676 = ORIENTED_EDGE('',*,*,#677,.T.);
#677 = EDGE_CURVE('',#652,#678,#680,.T.);
#678 = VERTEX_POINT('',#679);
#679 = CARTESIAN_POINT('',(30.,-2.694222958124E-15,-22.));
#680 = SURFACE_CURVE('',#681,(#685,#691),.PCURVE_S1.);
#681 = LINE('',#682,#683);
#682 = CARTESIAN_POINT('',(30.,0.,-75.));
#683 = VECTOR('',#684,1.);
#684 = DIRECTION('',(0.,-0.,1.));
#685 = PCURVE('',#197,#686);
#686 = DEFINITIONAL_REPRESENTATION('',(#687),#690);
#687 = B_SPLINE_CURVE_WITH_KNOTS('',1,(#688,#689),.UNSPECIFIED.,.F.,.F.,
  (2,2),(44.,106.),.PIECEWISE_BEZIER_KNOTS.);
#688 = CARTESIAN_POINT('',(119.,40.));
#689 = CARTESIAN_POINT('',(181.,40.));
#690 = ( GEOMETRIC_REPRESENTATION_CONTEXT(2) 
PARAMETRIC_REPRESENTATION_CONTEXT() REPRESENTATION_CONTEXT('2D SPACE',''
  ) );
#691 = PCURVE('',#692,#697);
#692 = PLANE('',#693);
#693 = AXIS2_PLACEMENT_3D('',#694,#695,#696);
#694 = CARTESIAN_POINT('',(30.,0.,0.));
#695 = DIRECTION('',(1.,0.,0.));
#696 = DIRECTION('',(-0.,0.,1.));
#697 = DEFINITIONAL_REPRESENTATION('',(#698),#701);
#698 = B_SPLINE_CURVE_WITH_KNOTS('',1,(#699,#700),.UNSPECIFIED.,.F.,.F.,
  (2,2),(44.,106.),.PIECEWISE_BEZIER_KNOTS.);
#699 = CARTESIAN_POINT('',(-31.,0.));
#700 = CARTESIAN_POINT('',(31.,0.));
#701 = ( GEOMETRIC_REPRESENTATION_CONTEXT(2) 
PARAMETRIC_REPRESENTATION_CONTEXT() REPRESENTATION_CONTEXT('2D SPACE',''
  ) );
#702 = ORIENTED_EDGE('',*,*,#703,.F.);
#703 = EDGE_CURVE('',#626,#678,#704,.T.);
#704 = SURFACE_CURVE('',#705,(#709,#715),.PCURVE_S1.);
#705 = LINE('',#706,#707);
#706 = CARTESIAN_POINT('',(5.99,0.,-22.));
#707 = VECTOR('',#708,1.);
#708 = DIRECTION('',(1.,0.,0.));
#709 = PCURVE('',#197,#710);
#710 = DEFINITIONAL_REPRESENTATION('',(#711),#714);
#711 = B_SPLINE_CURVE_WITH_KNOTS('',1,(#712,#713),.UNSPECIFIED.,.F.,.F.,
  (2,2),(9.9994E-03,24.0100006),.PIECEWISE_BEZIER_KNOTS.);
#712 = CARTESIAN_POINT('',(128.,15.9999994));
#713 = CARTESIAN_POINT('',(128.,40.0000006));
#714 = ( GEOMETRIC_REPRESENTATION_CONTEXT(2) 
PARAMETRIC_REPRESENTATION_CONTEXT() REPRESENTATION_CONTEXT('2D SPACE',''
  ) );
#715 = PCURVE('',#716,#721);
#716 = CYLINDRICAL_SURFACE('',#717,22.);
#717 = AXIS2_PLACEMENT_3D('',#718,#719,#720);
#718 = CARTESIAN_POINT('',(5.99,0.,0.));
#719 = DIRECTION('',(1.,0.,0.));
#720 = DIRECTION('',(-0.,0.,1.));
#721 = DEFINITIONAL_REPRESENTATION('',(#722),#725);
#722 = B_SPLINE_CURVE_WITH_KNOTS('',1,(#723,#724),.UNSPECIFIED.,.F.,.F.,
  (2,2),(9.9994E-03,24.0100006),.PIECEWISE_BEZIER_KNOTS.);
#723 = CARTESIAN_POINT('',(3.14159265359,9.9994E-03));
#724 = CARTESIAN_POINT('',(3.14159265359,24.0100006));
#725 = ( GEOMETRIC_REPRESENTATION_CONTEXT(2) 
PARAMETRIC_REPRESENTATION_CONTEXT() REPRESENTATION_CONTEXT('2D SPACE',''
  ) );
#726 = ADVANCED_FACE('',(#727),#172,.T.);
#727 = FACE_BOUND('',#728,.T.);
#728 = EDGE_LOOP('',(#729,#730,#751,#773));
#729 = ORIENTED_EDGE('',*,*,#155,.T.);
#730 = ORIENTED_EDGE('',*,*,#731,.F.);
#731 = EDGE_CURVE('',#732,#128,#734,.T.);
#732 = VERTEX_POINT('',#733);
#733 = CARTESIAN_POINT('',(35.,7.347880794884E-15,30.));
#734 = SURFACE_CURVE('',#735,(#739,#745),.PCURVE_S1.);
#735 = LINE('',#736,#737);
#736 = CARTESIAN_POINT('',(35.,0.,-75.));
#737 = VECTOR('',#738,1.);
#738 = DIRECTION('',(0.,-0.,1.));
#739 = PCURVE('',#172,#740);
#740 = DEFINITIONAL_REPRESENTATION('',(#741),#744);
#741 = B_SPLINE_CURVE_WITH_KNOTS('',1,(#742,#743),.UNSPECIFIED.,.F.,.F.,
  (2,2),(40.,110.),.PIECEWISE_BEZIER_KNOTS.);
#742 = CARTESIAN_POINT('',(-35.,0.));
#743 = CARTESIAN_POINT('',(35.,0.));
#744 = ( GEOMETRIC_REPRESENTATION_CONTEXT(2) 
PARAMETRIC_REPRESENTATION_CONTEXT() REPRESENTATION_CONTEXT('2D SPACE',''
  ) );
#745 = PCURVE('',#143,#746);
#746 = DEFINITIONAL_REPRESENTATION('',(#747),#750);
#747 = B_SPLINE_CURVE_WITH_KNOTS('',1,(#748,#749),.UNSPECIFIED.,.F.,.F.,
  (2,2),(40.,110.),.PIECEWISE_BEZIER_KNOTS.);
#748 = CARTESIAN_POINT('',(115.,45.));
#749 = CARTESIAN_POINT('',(185.,45.));
#750 = ( GEOMETRIC_REPRESENTATION_CONTEXT(2) 
PARAMETRIC_REPRESENTATION_CONTEXT() REPRESENTATION_CONTEXT('2D SPACE',''
  ) );
#751 = ORIENTED_EDGE('',*,*,#752,.F.);
#752 = EDGE_CURVE('',#577,#732,#753,.T.);
#753 = SURFACE_CURVE('',#754,(#759,#766),.PCURVE_S1.);
#754 = CIRCLE('',#755,30.);
#755 = AXIS2_PLACEMENT_3D('',#756,#757,#758);
#756 = CARTESIAN_POINT('',(35.,0.,0.));
#757 = DIRECTION('',(1.,0.,0.));
#758 = DIRECTION('',(-0.,0.,1.));
#759 = PCURVE('',#172,#760);
#760 = DEFINITIONAL_REPRESENTATION('',(#761),#765);
#761 = CIRCLE('',#762,30.);
#762 = AXIS2_PLACEMENT_2D('',#763,#764);
#763 = CARTESIAN_POINT('',(0.,0.));
#764 = DIRECTION('',(1.,0.));
#765 = ( GEOMETRIC_REPRESENTATION_CONTEXT(2) 
PARAMETRIC_REPRESENTATION_CONTEXT() REPRESENTATION_CONTEXT('2D SPACE',''
  ) );
#766 = PCURVE('',#591,#767);
#767 = DEFINITIONAL_REPRESENTATION('',(#768),#772);
#768 = LINE('',#769,#770);
#769 = CARTESIAN_POINT('',(0.,0.));
#770 = VECTOR('',#771,1.);
#771 = DIRECTION('',(1.,0.));
#772 = ( GEOMETRIC_REPRESENTATION_CONTEXT(2) 
PARAMETRIC_REPRESENTATION_CONTEXT() REPRESENTATION_CONTEXT('2D SPACE',''
  ) );
#773 = ORIENTED_EDGE('',*,*,#602,.F.);
#774 = ADVANCED_FACE('',(#775,#1042),#143,.F.);
#775 = FACE_BOUND('',#776,.F.);
#776 = EDGE_LOOP('',(#777,#778,#779,#780,#803,#824,#847,#868,#891,#912,
    #935,#956,#979,#1000,#1023));
#777 = ORIENTED_EDGE('',*,*,#212,.F.);
#778 = ORIENTED_EDGE('',*,*,#127,.T.);
#779 = ORIENTED_EDGE('',*,*,#731,.F.);
#780 = ORIENTED_EDGE('',*,*,#781,.T.);
#781 = EDGE_CURVE('',#732,#782,#784,.T.);
#782 = VERTEX_POINT('',#783);
#783 = CARTESIAN_POINT('',(43.,7.347880794884E-15,30.));
#784 = SURFACE_CURVE('',#785,(#789,#796),.PCURVE_S1.);
#785 = LINE('',#786,#787);
#786 = CARTESIAN_POINT('',(35.,7.347880794884E-15,30.));
#787 = VECTOR('',#788,1.);
#788 = DIRECTION('',(1.,0.,0.));
#789 = PCURVE('',#143,#790);
#790 = DEFINITIONAL_REPRESENTATION('',(#791),#795);
#791 = LINE('',#792,#793);
#792 = CARTESIAN_POINT('',(180.,45.));
#793 = VECTOR('',#794,1.);
#794 = DIRECTION('',(0.,1.));
#795 = ( GEOMETRIC_REPRESENTATION_CONTEXT(2) 
PARAMETRIC_REPRESENTATION_CONTEXT() REPRESENTATION_CONTEXT('2D SPACE',''
  ) );
#796 = PCURVE('',#591,#797);
#797 = DEFINITIONAL_REPRESENTATION('',(#798),#802);
#798 = LINE('',#799,#800);
#799 = CARTESIAN_POINT('',(6.28318530718,-0.));
#800 = VECTOR('',#801,1.);
#801 = DIRECTION('',(0.,1.));
#802 = ( GEOMETRIC_REPRESENTATION_CONTEXT(2) 
PARAMETRIC_REPRESENTATION_CONTEXT() REPRESENTATION_CONTEXT('2D SPACE',''
  ) );
#803 = ORIENTED_EDGE('',*,*,#804,.F.);
#804 = EDGE_CURVE('',#805,#782,#807,.T.);
#805 = VERTEX_POINT('',#806);
#806 = CARTESIAN_POINT('',(43.,2.694222958124E-15,11.));
#807 = SURFACE_CURVE('',#808,(#812,#818),.PCURVE_S1.);
#808 = LINE('',#809,#810);
#809 = CARTESIAN_POINT('',(43.,0.,-75.));
#810 = VECTOR('',#811,1.);
#811 = DIRECTION('',(0.,-0.,1.));
#812 = PCURVE('',#143,#813);
#813 = DEFINITIONAL_REPRESENTATION('',(#814),#817);
#814 = B_SPLINE_CURVE_WITH_KNOTS('',1,(#815,#816),.UNSPECIFIED.,.F.,.F.,
  (2,2),(45.,105.),.PIECEWISE_BEZIER_KNOTS.);
#815 = CARTESIAN_POINT('',(120.,53.));
#816 = CARTESIAN_POINT('',(180.,53.));
#817 = ( GEOMETRIC_REPRESENTATION_CONTEXT(2) 
PARAMETRIC_REPRESENTATION_CONTEXT() REPRESENTATION_CONTEXT('2D SPACE',''
  ) );
#818 = PCURVE('',#565,#819);
#819 = DEFINITIONAL_REPRESENTATION('',(#820),#823);
#820 = B_SPLINE_CURVE_WITH_KNOTS('',1,(#821,#822),.UNSPECIFIED.,.F.,.F.,
  (2,2),(45.,105.),.PIECEWISE_BEZIER_KNOTS.);
#821 = CARTESIAN_POINT('',(-30.,0.));
#822 = CARTESIAN_POINT('',(30.,0.));
#823 = ( GEOMETRIC_REPRESENTATION_CONTEXT(2) 
PARAMETRIC_REPRESENTATION_CONTEXT() REPRESENTATION_CONTEXT('2D SPACE',''
  ) );
#824 = ORIENTED_EDGE('',*,*,#825,.F.);
#825 = EDGE_CURVE('',#826,#805,#828,.T.);
#826 = VERTEX_POINT('',#827);
#827 = CARTESIAN_POINT('',(9.,2.694222958124E-15,11.));
#828 = SURFACE_CURVE('',#829,(#833,#840),.PCURVE_S1.);
#829 = LINE('',#830,#831);
#830 = CARTESIAN_POINT('',(9.,2.694222958124E-15,11.));
#831 = VECTOR('',#832,1.);
#832 = DIRECTION('',(1.,0.,0.));
#833 = PCURVE('',#143,#834);
#834 = DEFINITIONAL_REPRESENTATION('',(#835),#839);
#835 = LINE('',#836,#837);
#836 = CARTESIAN_POINT('',(161.,19.));
#837 = VECTOR('',#838,1.);
#838 = DIRECTION('',(0.,1.));
#839 = ( GEOMETRIC_REPRESENTATION_CONTEXT(2) 
PARAMETRIC_REPRESENTATION_CONTEXT() REPRESENTATION_CONTEXT('2D SPACE',''
  ) );
#840 = PCURVE('',#539,#841);
#841 = DEFINITIONAL_REPRESENTATION('',(#842),#846);
#842 = LINE('',#843,#844);
#843 = CARTESIAN_POINT('',(6.28318530718,-0.));
#844 = VECTOR('',#845,1.);
#845 = DIRECTION('',(0.,1.));
#846 = ( GEOMETRIC_REPRESENTATION_CONTEXT(2) 
PARAMETRIC_REPRESENTATION_CONTEXT() REPRESENTATION_CONTEXT('2D SPACE',''
  ) );
#847 = ORIENTED_EDGE('',*,*,#848,.T.);
#848 = EDGE_CURVE('',#826,#849,#851,.T.);
#849 = VERTEX_POINT('',#850);
#850 = CARTESIAN_POINT('',(9.,4.898587196589E-15,20.));
#851 = SURFACE_CURVE('',#852,(#856,#862),.PCURVE_S1.);
#852 = LINE('',#853,#854);
#853 = CARTESIAN_POINT('',(9.,0.,-75.));
#854 = VECTOR('',#855,1.);
#855 = DIRECTION('',(0.,-0.,1.));
#856 = PCURVE('',#143,#857);
#857 = DEFINITIONAL_REPRESENTATION('',(#858),#861);
#858 = B_SPLINE_CURVE_WITH_KNOTS('',1,(#859,#860),.UNSPECIFIED.,.F.,.F.,
  (2,2),(55.,95.),.PIECEWISE_BEZIER_KNOTS.);
#859 = CARTESIAN_POINT('',(130.,19.));
#860 = CARTESIAN_POINT('',(170.,19.));
#861 = ( GEOMETRIC_REPRESENTATION_CONTEXT(2) 
PARAMETRIC_REPRESENTATION_CONTEXT() REPRESENTATION_CONTEXT('2D SPACE',''
  ) );
#862 = PCURVE('',#513,#863);
#863 = DEFINITIONAL_REPRESENTATION('',(#864),#867);
#864 = B_SPLINE_CURVE_WITH_KNOTS('',1,(#865,#866),.UNSPECIFIED.,.F.,.F.,
  (2,2),(55.,95.),.PIECEWISE_BEZIER_KNOTS.);
#865 = CARTESIAN_POINT('',(-20.,0.));
#866 = CARTESIAN_POINT('',(20.,0.));
#867 = ( GEOMETRIC_REPRESENTATION_CONTEXT(2) 
PARAMETRIC_REPRESENTATION_CONTEXT() REPRESENTATION_CONTEXT('2D SPACE',''
  ) );
#868 = ORIENTED_EDGE('',*,*,#869,.F.);
#869 = EDGE_CURVE('',#870,#849,#872,.T.);
#870 = VERTEX_POINT('',#871);
#871 = CARTESIAN_POINT('',(3.,4.898587196589E-15,20.));
#872 = SURFACE_CURVE('',#873,(#877,#884),.PCURVE_S1.);
#873 = LINE('',#874,#875);
#874 = CARTESIAN_POINT('',(3.,4.898587196589E-15,20.));
#875 = VECTOR('',#876,1.);
#876 = DIRECTION('',(1.,0.,0.));
#877 = PCURVE('',#143,#878);
#878 = DEFINITIONAL_REPRESENTATION('',(#879),#883);
#879 = LINE('',#880,#881);
#880 = CARTESIAN_POINT('',(170.,13.));
#881 = VECTOR('',#882,1.);
#882 = DIRECTION('',(0.,1.));
#883 = ( GEOMETRIC_REPRESENTATION_CONTEXT(2) 
PARAMETRIC_REPRESENTATION_CONTEXT() REPRESENTATION_CONTEXT('2D SPACE',''
  ) );
#884 = PCURVE('',#487,#885);
#885 = DEFINITIONAL_REPRESENTATION('',(#886),#890);
#886 = LINE('',#887,#888);
#887 = CARTESIAN_POINT('',(6.28318530718,-0.));
#888 = VECTOR('',#889,1.);
#889 = DIRECTION('',(0.,1.));
#890 = ( GEOMETRIC_REPRESENTATION_CONTEXT(2) 
PARAMETRIC_REPRESENTATION_CONTEXT() REPRESENTATION_CONTEXT('2D SPACE',''
  ) );
#891 = ORIENTED_EDGE('',*,*,#892,.T.);
#892 = EDGE_CURVE('',#870,#893,#895,.T.);
#893 = VERTEX_POINT('',#894);
#894 = CARTESIAN_POINT('',(3.,6.858022075225E-15,28.));
#895 = SURFACE_CURVE('',#896,(#900,#906),.PCURVE_S1.);
#896 = LINE('',#897,#898);
#897 = CARTESIAN_POINT('',(3.,0.,-75.));
#898 = VECTOR('',#899,1.);
#899 = DIRECTION('',(0.,-0.,1.));
#900 = PCURVE('',#143,#901);
#901 = DEFINITIONAL_REPRESENTATION('',(#902),#905);
#902 = B_SPLINE_CURVE_WITH_KNOTS('',1,(#903,#904),.UNSPECIFIED.,.F.,.F.,
  (2,2),(47.,103.),.PIECEWISE_BEZIER_KNOTS.);
#903 = CARTESIAN_POINT('',(122.,13.));
#904 = CARTESIAN_POINT('',(178.,13.));
#905 = ( GEOMETRIC_REPRESENTATION_CONTEXT(2) 
PARAMETRIC_REPRESENTATION_CONTEXT() REPRESENTATION_CONTEXT('2D SPACE',''
  ) );
#906 = PCURVE('',#461,#907);
#907 = DEFINITIONAL_REPRESENTATION('',(#908),#911);
#908 = B_SPLINE_CURVE_WITH_KNOTS('',1,(#909,#910),.UNSPECIFIED.,.F.,.F.,
  (2,2),(47.,103.),.PIECEWISE_BEZIER_KNOTS.);
#909 = CARTESIAN_POINT('',(-28.,0.));
#910 = CARTESIAN_POINT('',(28.,0.));
#911 = ( GEOMETRIC_REPRESENTATION_CONTEXT(2) 
PARAMETRIC_REPRESENTATION_CONTEXT() REPRESENTATION_CONTEXT('2D SPACE',''
  ) );
#912 = ORIENTED_EDGE('',*,*,#913,.F.);
#913 = EDGE_CURVE('',#914,#893,#916,.T.);
#914 = VERTEX_POINT('',#915);
#915 = CARTESIAN_POINT('',(0.,6.858022075225E-15,28.));
#916 = SURFACE_CURVE('',#917,(#921,#928),.PCURVE_S1.);
#917 = LINE('',#918,#919);
#918 = CARTESIAN_POINT('',(-0.1,6.858022075225E-15,28.));
#919 = VECTOR('',#920,1.);
#920 = DIRECTION('',(1.,0.,0.));
#921 = PCURVE('',#143,#922);
#922 = DEFINITIONAL_REPRESENTATION('',(#923),#927);
#923 = LINE('',#924,#925);
#924 = CARTESIAN_POINT('',(178.,9.9));
#925 = VECTOR('',#926,1.);
#926 = DIRECTION('',(0.,1.));
#927 = ( GEOMETRIC_REPRESENTATION_CONTEXT(2) 
PARAMETRIC_REPRESENTATION_CONTEXT() REPRESENTATION_CONTEXT('2D SPACE',''
  ) );
#928 = PCURVE('',#435,#929);
#929 = DEFINITIONAL_REPRESENTATION('',(#930),#934);
#930 = LINE('',#931,#932);
#931 = CARTESIAN_POINT('',(6.28318530718,-0.));
#932 = VECTOR('',#933,1.);
#933 = DIRECTION('',(0.,1.));
#934 = ( GEOMETRIC_REPRESENTATION_CONTEXT(2) 
PARAMETRIC_REPRESENTATION_CONTEXT() REPRESENTATION_CONTEXT('2D SPACE',''
  ) );
#935 = ORIENTED_EDGE('',*,*,#936,.T.);
#936 = EDGE_CURVE('',#914,#937,#939,.T.);
#937 = VERTEX_POINT('',#938);
#938 = CARTESIAN_POINT('',(0.,7.347880794884E-15,30.));
#939 = SURFACE_CURVE('',#940,(#944,#950),.PCURVE_S1.);
#940 = LINE('',#941,#942);
#941 = CARTESIAN_POINT('',(0.,0.,-75.));
#942 = VECTOR('',#943,1.);
#943 = DIRECTION('',(0.,-0.,1.));
#944 = PCURVE('',#143,#945);
#945 = DEFINITIONAL_REPRESENTATION('',(#946),#949);
#946 = B_SPLINE_CURVE_WITH_KNOTS('',1,(#947,#948),.UNSPECIFIED.,.F.,.F.,
  (2,2),(45.,105.),.PIECEWISE_BEZIER_KNOTS.);
#947 = CARTESIAN_POINT('',(120.,10.));
#948 = CARTESIAN_POINT('',(180.,10.));
#949 = ( GEOMETRIC_REPRESENTATION_CONTEXT(2) 
PARAMETRIC_REPRESENTATION_CONTEXT() REPRESENTATION_CONTEXT('2D SPACE',''
  ) );
#950 = PCURVE('',#409,#951);
#951 = DEFINITIONAL_REPRESENTATION('',(#952),#955);
#952 = B_SPLINE_CURVE_WITH_KNOTS('',1,(#953,#954),.UNSPECIFIED.,.F.,.F.,
  (2,2),(45.,105.),.PIECEWISE_BEZIER_KNOTS.);
#953 = CARTESIAN_POINT('',(-30.,0.));
#954 = CARTESIAN_POINT('',(30.,0.));
#955 = ( GEOMETRIC_REPRESENTATION_CONTEXT(2) 
PARAMETRIC_REPRESENTATION_CONTEXT() REPRESENTATION_CONTEXT('2D SPACE',''
  ) );
#956 = ORIENTED_EDGE('',*,*,#957,.T.);
#957 = EDGE_CURVE('',#937,#958,#960,.T.);
#958 = VERTEX_POINT('',#959);
#959 = CARTESIAN_POINT('',(4.,7.347880794884E-15,30.));
#960 = SURFACE_CURVE('',#961,(#965,#972),.PCURVE_S1.);
#961 = LINE('',#962,#963);
#962 = CARTESIAN_POINT('',(-0.11,7.347880794884E-15,30.));
#963 = VECTOR('',#964,1.);
#964 = DIRECTION('',(1.,0.,0.));
#965 = PCURVE('',#143,#966);
#966 = DEFINITIONAL_REPRESENTATION('',(#967),#971);
#967 = LINE('',#968,#969);
#968 = CARTESIAN_POINT('',(180.,9.89));
#969 = VECTOR('',#970,1.);
#970 = DIRECTION('',(0.,1.));
#971 = ( GEOMETRIC_REPRESENTATION_CONTEXT(2) 
PARAMETRIC_REPRESENTATION_CONTEXT() REPRESENTATION_CONTEXT('2D SPACE',''
  ) );
#972 = PCURVE('',#383,#973);
#973 = DEFINITIONAL_REPRESENTATION('',(#974),#978);
#974 = LINE('',#975,#976);
#975 = CARTESIAN_POINT('',(6.28318530718,-0.));
#976 = VECTOR('',#977,1.);
#977 = DIRECTION('',(0.,1.));
#978 = ( GEOMETRIC_REPRESENTATION_CONTEXT(2) 
PARAMETRIC_REPRESENTATION_CONTEXT() REPRESENTATION_CONTEXT('2D SPACE',''
  ) );
#979 = ORIENTED_EDGE('',*,*,#980,.T.);
#980 = EDGE_CURVE('',#958,#981,#983,.T.);
#981 = VERTEX_POINT('',#982);
#982 = CARTESIAN_POINT('',(4.,7.960204194458E-15,32.5));
#983 = SURFACE_CURVE('',#984,(#988,#994),.PCURVE_S1.);
#984 = LINE('',#985,#986);
#985 = CARTESIAN_POINT('',(4.,0.,-75.));
#986 = VECTOR('',#987,1.);
#987 = DIRECTION('',(0.,-0.,1.));
#988 = PCURVE('',#143,#989);
#989 = DEFINITIONAL_REPRESENTATION('',(#990),#993);
#990 = B_SPLINE_CURVE_WITH_KNOTS('',1,(#991,#992),.UNSPECIFIED.,.F.,.F.,
  (2,2),(42.5,107.5),.PIECEWISE_BEZIER_KNOTS.);
#991 = CARTESIAN_POINT('',(117.5,14.));
#992 = CARTESIAN_POINT('',(182.5,14.));
#993 = ( GEOMETRIC_REPRESENTATION_CONTEXT(2) 
PARAMETRIC_REPRESENTATION_CONTEXT() REPRESENTATION_CONTEXT('2D SPACE',''
  ) );
#994 = PCURVE('',#357,#995);
#995 = DEFINITIONAL_REPRESENTATION('',(#996),#999);
#996 = B_SPLINE_CURVE_WITH_KNOTS('',1,(#997,#998),.UNSPECIFIED.,.F.,.F.,
  (2,2),(42.5,107.5),.PIECEWISE_BEZIER_KNOTS.);
#997 = CARTESIAN_POINT('',(-32.5,0.));
#998 = CARTESIAN_POINT('',(32.5,0.));
#999 = ( GEOMETRIC_REPRESENTATION_CONTEXT(2) 
PARAMETRIC_REPRESENTATION_CONTEXT() REPRESENTATION_CONTEXT('2D SPACE',''
  ) );
#1000 = ORIENTED_EDGE('',*,*,#1001,.F.);
#1001 = EDGE_CURVE('',#1002,#981,#1004,.T.);
#1002 = VERTEX_POINT('',#1003);
#1003 = CARTESIAN_POINT('',(0.,7.960204194458E-15,32.5));
#1004 = SURFACE_CURVE('',#1005,(#1009,#1016),.PCURVE_S1.);
#1005 = LINE('',#1006,#1007);
#1006 = CARTESIAN_POINT('',(-0.1,7.960204194458E-15,32.5));
#1007 = VECTOR('',#1008,1.);
#1008 = DIRECTION('',(1.,0.,0.));
#1009 = PCURVE('',#143,#1010);
#1010 = DEFINITIONAL_REPRESENTATION('',(#1011),#1015);
#1011 = LINE('',#1012,#1013);
#1012 = CARTESIAN_POINT('',(182.5,9.9));
#1013 = VECTOR('',#1014,1.);
#1014 = DIRECTION('',(0.,1.));
#1015 = ( GEOMETRIC_REPRESENTATION_CONTEXT(2) 
PARAMETRIC_REPRESENTATION_CONTEXT() REPRESENTATION_CONTEXT('2D SPACE',''
  ) );
#1016 = PCURVE('',#331,#1017);
#1017 = DEFINITIONAL_REPRESENTATION('',(#1018),#1022);
#1018 = LINE('',#1019,#1020);
#1019 = CARTESIAN_POINT('',(6.28318530718,-0.));
#1020 = VECTOR('',#1021,1.);
#1021 = DIRECTION('',(0.,1.));
#1022 = ( GEOMETRIC_REPRESENTATION_CONTEXT(2) 
PARAMETRIC_REPRESENTATION_CONTEXT() REPRESENTATION_CONTEXT('2D SPACE',''
  ) );
#1023 = ORIENTED_EDGE('',*,*,#1024,.T.);
#1024 = EDGE_CURVE('',#1002,#213,#1025,.T.);
#1025 = SURFACE_CURVE('',#1026,(#1030,#1036),.PCURVE_S1.);
#1026 = LINE('',#1027,#1028);
#1027 = CARTESIAN_POINT('',(0.,0.,-75.));
#1028 = VECTOR('',#1029,1.);
#1029 = DIRECTION('',(0.,-0.,1.));
#1030 = PCURVE('',#143,#1031);
#1031 = DEFINITIONAL_REPRESENTATION('',(#1032),#1035);
#1032 = B_SPLINE_CURVE_WITH_KNOTS('',1,(#1033,#1034),.UNSPECIFIED.,.F.,
  .F.,(2,2),(40.5,109.5),.PIECEWISE_BEZIER_KNOTS.);
#1033 = CARTESIAN_POINT('',(115.5,10.));
#1034 = CARTESIAN_POINT('',(184.5,10.));
#1035 = ( GEOMETRIC_REPRESENTATION_CONTEXT(2) 
PARAMETRIC_REPRESENTATION_CONTEXT() REPRESENTATION_CONTEXT('2D SPACE',''
  ) );
#1036 = PCURVE('',#256,#1037);
#1037 = DEFINITIONAL_REPRESENTATION('',(#1038),#1041);
#1038 = B_SPLINE_CURVE_WITH_KNOTS('',1,(#1039,#1040),.UNSPECIFIED.,.F.,
  .F.,(2,2),(40.5,109.5),.PIECEWISE_BEZIER_KNOTS.);
#1039 = CARTESIAN_POINT('',(-34.5,0.));
#1040 = CARTESIAN_POINT('',(34.5,0.));
#1041 = ( GEOMETRIC_REPRESENTATION_CONTEXT(2) 
PARAMETRIC_REPRESENTATION_CONTEXT() REPRESENTATION_CONTEXT('2D SPACE',''
  ) );
#1042 = FACE_BOUND('',#1043,.F.);
#1043 = EDGE_LOOP('',(#1044,#1067,#1090,#1111));
#1044 = ORIENTED_EDGE('',*,*,#1045,.T.);
#1045 = EDGE_CURVE('',#1046,#1048,#1050,.T.);
#1046 = VERTEX_POINT('',#1047);
#1047 = CARTESIAN_POINT('',(30.,5.388445916248E-15,22.));
#1048 = VERTEX_POINT('',#1049);
#1049 = CARTESIAN_POINT('',(30.,7.592810154714E-15,31.));
#1050 = SURFACE_CURVE('',#1051,(#1055,#1061),.PCURVE_S1.);
#1051 = LINE('',#1052,#1053);
#1052 = CARTESIAN_POINT('',(30.,0.,-75.));
#1053 = VECTOR('',#1054,1.);
#1054 = DIRECTION('',(0.,-0.,1.));
#1055 = PCURVE('',#143,#1056);
#1056 = DEFINITIONAL_REPRESENTATION('',(#1057),#1060);
#1057 = B_SPLINE_CURVE_WITH_KNOTS('',1,(#1058,#1059),.UNSPECIFIED.,.F.,
  .F.,(2,2),(44.,106.),.PIECEWISE_BEZIER_KNOTS.);
#1058 = CARTESIAN_POINT('',(119.,40.));
#1059 = CARTESIAN_POINT('',(181.,40.));
#1060 = ( GEOMETRIC_REPRESENTATION_CONTEXT(2) 
PARAMETRIC_REPRESENTATION_CONTEXT() REPRESENTATION_CONTEXT('2D SPACE',''
  ) );
#1061 = PCURVE('',#692,#1062);
#1062 = DEFINITIONAL_REPRESENTATION('',(#1063),#1066);
#1063 = B_SPLINE_CURVE_WITH_KNOTS('',1,(#1064,#1065),.UNSPECIFIED.,.F.,
  .F.,(2,2),(44.,106.),.PIECEWISE_BEZIER_KNOTS.);
#1064 = CARTESIAN_POINT('',(-31.,0.));
#1065 = CARTESIAN_POINT('',(31.,0.));
#1066 = ( GEOMETRIC_REPRESENTATION_CONTEXT(2) 
PARAMETRIC_REPRESENTATION_CONTEXT() REPRESENTATION_CONTEXT('2D SPACE',''
  ) );
#1067 = ORIENTED_EDGE('',*,*,#1068,.F.);
#1068 = EDGE_CURVE('',#1069,#1048,#1071,.T.);
#1069 = VERTEX_POINT('',#1070);
#1070 = CARTESIAN_POINT('',(6.,7.592810154714E-15,31.));
#1071 = SURFACE_CURVE('',#1072,(#1076,#1083),.PCURVE_S1.);
#1072 = LINE('',#1073,#1074);
#1073 = CARTESIAN_POINT('',(6.,7.592810154714E-15,31.));
#1074 = VECTOR('',#1075,1.);
#1075 = DIRECTION('',(1.,0.,0.));
#1076 = PCURVE('',#143,#1077);
#1077 = DEFINITIONAL_REPRESENTATION('',(#1078),#1082);
#1078 = LINE('',#1079,#1080);
#1079 = CARTESIAN_POINT('',(181.,16.));
#1080 = VECTOR('',#1081,1.);
#1081 = DIRECTION('',(0.,1.));
#1082 = ( GEOMETRIC_REPRESENTATION_CONTEXT(2) 
PARAMETRIC_REPRESENTATION_CONTEXT() REPRESENTATION_CONTEXT('2D SPACE',''
  ) );
#1083 = PCURVE('',#666,#1084);
#1084 = DEFINITIONAL_REPRESENTATION('',(#1085),#1089);
#1085 = LINE('',#1086,#1087);
#1086 = CARTESIAN_POINT('',(6.28318530718,-0.));
#1087 = VECTOR('',#1088,1.);
#1088 = DIRECTION('',(0.,1.));
#1089 = ( GEOMETRIC_REPRESENTATION_CONTEXT(2) 
PARAMETRIC_REPRESENTATION_CONTEXT() REPRESENTATION_CONTEXT('2D SPACE',''
  ) );
#1090 = ORIENTED_EDGE('',*,*,#1091,.F.);
#1091 = EDGE_CURVE('',#1092,#1069,#1094,.T.);
#1092 = VERTEX_POINT('',#1093);
#1093 = CARTESIAN_POINT('',(6.,5.388445916248E-15,22.));
#1094 = SURFACE_CURVE('',#1095,(#1099,#1105),.PCURVE_S1.);
#1095 = LINE('',#1096,#1097);
#1096 = CARTESIAN_POINT('',(6.,0.,-75.));
#1097 = VECTOR('',#1098,1.);
#1098 = DIRECTION('',(0.,-0.,1.));
#1099 = PCURVE('',#143,#1100);
#1100 = DEFINITIONAL_REPRESENTATION('',(#1101),#1104);
#1101 = B_SPLINE_CURVE_WITH_KNOTS('',1,(#1102,#1103),.UNSPECIFIED.,.F.,
  .F.,(2,2),(44.,106.),.PIECEWISE_BEZIER_KNOTS.);
#1102 = CARTESIAN_POINT('',(119.,16.));
#1103 = CARTESIAN_POINT('',(181.,16.));
#1104 = ( GEOMETRIC_REPRESENTATION_CONTEXT(2) 
PARAMETRIC_REPRESENTATION_CONTEXT() REPRESENTATION_CONTEXT('2D SPACE',''
  ) );
#1105 = PCURVE('',#640,#1106);
#1106 = DEFINITIONAL_REPRESENTATION('',(#1107),#1110);
#1107 = B_SPLINE_CURVE_WITH_KNOTS('',1,(#1108,#1109),.UNSPECIFIED.,.F.,
  .F.,(2,2),(44.,106.),.PIECEWISE_BEZIER_KNOTS.);
#1108 = CARTESIAN_POINT('',(-31.,0.));
#1109 = CARTESIAN_POINT('',(31.,0.));
#1110 = ( GEOMETRIC_REPRESENTATION_CONTEXT(2) 
PARAMETRIC_REPRESENTATION_CONTEXT() REPRESENTATION_CONTEXT('2D SPACE',''
  ) );
#1111 = ORIENTED_EDGE('',*,*,#1112,.T.);
#1112 = EDGE_CURVE('',#1092,#1046,#1113,.T.);
#1113 = SURFACE_CURVE('',#1114,(#1118,#1125),.PCURVE_S1.);
#1114 = LINE('',#1115,#1116);
#1115 = CARTESIAN_POINT('',(5.99,5.388445916248E-15,22.));
#1116 = VECTOR('',#1117,1.);
#1117 = DIRECTION('',(1.,0.,0.));
#1118 = PCURVE('',#143,#1119);
#1119 = DEFINITIONAL_REPRESENTATION('',(#1120),#1124);
#1120 = LINE('',#1121,#1122);
#1121 = CARTESIAN_POINT('',(172.,15.99));
#1122 = VECTOR('',#1123,1.);
#1123 = DIRECTION('',(0.,1.));
#1124 = ( GEOMETRIC_REPRESENTATION_CONTEXT(2) 
PARAMETRIC_REPRESENTATION_CONTEXT() REPRESENTATION_CONTEXT('2D SPACE',''
  ) );
#1125 = PCURVE('',#716,#1126);
#1126 = DEFINITIONAL_REPRESENTATION('',(#1127),#1131);
#1127 = LINE('',#1128,#1129);
#1128 = CARTESIAN_POINT('',(6.28318530718,-0.));
#1129 = VECTOR('',#1130,1.);
#1130 = DIRECTION('',(0.,1.));
#1131 = ( GEOMETRIC_REPRESENTATION_CONTEXT(2) 
PARAMETRIC_REPRESENTATION_CONTEXT() REPRESENTATION_CONTEXT('2D SPACE',''
  ) );
#1132 = ADVANCED_FACE('',(#1133),#256,.F.);
#1133 = FACE_BOUND('',#1134,.F.);
#1134 = EDGE_LOOP('',(#1135,#1136,#1137,#1159));
#1135 = ORIENTED_EDGE('',*,*,#239,.T.);
#1136 = ORIENTED_EDGE('',*,*,#1024,.F.);
#1137 = ORIENTED_EDGE('',*,*,#1138,.F.);
#1138 = EDGE_CURVE('',#296,#1002,#1139,.T.);
#1139 = SURFACE_CURVE('',#1140,(#1145,#1152),.PCURVE_S1.);
#1140 = CIRCLE('',#1141,32.5);
#1141 = AXIS2_PLACEMENT_3D('',#1142,#1143,#1144);
#1142 = CARTESIAN_POINT('',(0.,0.,0.));
#1143 = DIRECTION('',(1.,0.,0.));
#1144 = DIRECTION('',(-0.,0.,1.));
#1145 = PCURVE('',#256,#1146);
#1146 = DEFINITIONAL_REPRESENTATION('',(#1147),#1151);
#1147 = CIRCLE('',#1148,32.5);
#1148 = AXIS2_PLACEMENT_2D('',#1149,#1150);
#1149 = CARTESIAN_POINT('',(0.,0.));
#1150 = DIRECTION('',(1.,0.));
#1151 = ( GEOMETRIC_REPRESENTATION_CONTEXT(2) 
PARAMETRIC_REPRESENTATION_CONTEXT() REPRESENTATION_CONTEXT('2D SPACE',''
  ) );
#1152 = PCURVE('',#331,#1153);
#1153 = DEFINITIONAL_REPRESENTATION('',(#1154),#1158);
#1154 = LINE('',#1155,#1156);
#1155 = CARTESIAN_POINT('',(0.,0.1));
#1156 = VECTOR('',#1157,1.);
#1157 = DIRECTION('',(1.,0.));
#1158 = ( GEOMETRIC_REPRESENTATION_CONTEXT(2) 
PARAMETRIC_REPRESENTATION_CONTEXT() REPRESENTATION_CONTEXT('2D SPACE',''
  ) );
#1159 = ORIENTED_EDGE('',*,*,#295,.F.);
#1160 = ADVANCED_FACE('',(#1161),#591,.T.);
#1161 = FACE_BOUND('',#1162,.T.);
#1162 = EDGE_LOOP('',(#1163,#1164,#1186,#1187));
#1163 = ORIENTED_EDGE('',*,*,#781,.T.);
#1164 = ORIENTED_EDGE('',*,*,#1165,.F.);
#1165 = EDGE_CURVE('',#551,#782,#1166,.T.);
#1166 = SURFACE_CURVE('',#1167,(#1172,#1179),.PCURVE_S1.);
#1167 = CIRCLE('',#1168,30.);
#1168 = AXIS2_PLACEMENT_3D('',#1169,#1170,#1171);
#1169 = CARTESIAN_POINT('',(43.,0.,0.));
#1170 = DIRECTION('',(1.,0.,0.));
#1171 = DIRECTION('',(-0.,0.,1.));
#1172 = PCURVE('',#591,#1173);
#1173 = DEFINITIONAL_REPRESENTATION('',(#1174),#1178);
#1174 = LINE('',#1175,#1176);
#1175 = CARTESIAN_POINT('',(0.,8.));
#1176 = VECTOR('',#1177,1.);
#1177 = DIRECTION('',(1.,0.));
#1178 = ( GEOMETRIC_REPRESENTATION_CONTEXT(2) 
PARAMETRIC_REPRESENTATION_CONTEXT() REPRESENTATION_CONTEXT('2D SPACE',''
  ) );
#1179 = PCURVE('',#565,#1180);
#1180 = DEFINITIONAL_REPRESENTATION('',(#1181),#1185);
#1181 = CIRCLE('',#1182,30.);
#1182 = AXIS2_PLACEMENT_2D('',#1183,#1184);
#1183 = CARTESIAN_POINT('',(0.,0.));
#1184 = DIRECTION('',(1.,0.));
#1185 = ( GEOMETRIC_REPRESENTATION_CONTEXT(2) 
PARAMETRIC_REPRESENTATION_CONTEXT() REPRESENTATION_CONTEXT('2D SPACE',''
  ) );
#1186 = ORIENTED_EDGE('',*,*,#576,.F.);
#1187 = ORIENTED_EDGE('',*,*,#752,.T.);
#1188 = ADVANCED_FACE('',(#1189,#1216),#565,.T.);
#1189 = FACE_BOUND('',#1190,.T.);
#1190 = EDGE_LOOP('',(#1191,#1192,#1193,#1215));
#1191 = ORIENTED_EDGE('',*,*,#1165,.T.);
#1192 = ORIENTED_EDGE('',*,*,#804,.F.);
#1193 = ORIENTED_EDGE('',*,*,#1194,.F.);
#1194 = EDGE_CURVE('',#525,#805,#1195,.T.);
#1195 = SURFACE_CURVE('',#1196,(#1201,#1208),.PCURVE_S1.);
#1196 = CIRCLE('',#1197,11.);
#1197 = AXIS2_PLACEMENT_3D('',#1198,#1199,#1200);
#1198 = CARTESIAN_POINT('',(43.,0.,0.));
#1199 = DIRECTION('',(1.,0.,0.));
#1200 = DIRECTION('',(-0.,0.,1.));
#1201 = PCURVE('',#565,#1202);
#1202 = DEFINITIONAL_REPRESENTATION('',(#1203),#1207);
#1203 = CIRCLE('',#1204,11.);
#1204 = AXIS2_PLACEMENT_2D('',#1205,#1206);
#1205 = CARTESIAN_POINT('',(0.,0.));
#1206 = DIRECTION('',(1.,0.));
#1207 = ( GEOMETRIC_REPRESENTATION_CONTEXT(2) 
PARAMETRIC_REPRESENTATION_CONTEXT() REPRESENTATION_CONTEXT('2D SPACE',''
  ) );
#1208 = PCURVE('',#539,#1209);
#1209 = DEFINITIONAL_REPRESENTATION('',(#1210),#1214);
#1210 = LINE('',#1211,#1212);
#1211 = CARTESIAN_POINT('',(0.,34.));
#1212 = VECTOR('',#1213,1.);
#1213 = DIRECTION('',(1.,0.));
#1214 = ( GEOMETRIC_REPRESENTATION_CONTEXT(2) 
PARAMETRIC_REPRESENTATION_CONTEXT() REPRESENTATION_CONTEXT('2D SPACE',''
  ) );
#1215 = ORIENTED_EDGE('',*,*,#550,.F.);
#1216 = FACE_BOUND('',#1217,.T.);
#1217 = EDGE_LOOP('',(#1218));
#1218 = ORIENTED_EDGE('',*,*,#1219,.F.);
#1219 = EDGE_CURVE('',#1220,#1220,#1222,.T.);
#1220 = VERTEX_POINT('',#1221);
#1221 = CARTESIAN_POINT('',(43.,25.,2.));
#1222 = SURFACE_CURVE('',#1223,(#1228,#1235),.PCURVE_S1.);
#1223 = CIRCLE('',#1224,2.);
#1224 = AXIS2_PLACEMENT_3D('',#1225,#1226,#1227);
#1225 = CARTESIAN_POINT('',(43.,25.,0.));
#1226 = DIRECTION('',(1.,0.,0.));
#1227 = DIRECTION('',(-0.,0.,1.));
#1228 = PCURVE('',#565,#1229);
#1229 = DEFINITIONAL_REPRESENTATION('',(#1230),#1234);
#1230 = CIRCLE('',#1231,2.);
#1231 = AXIS2_PLACEMENT_2D('',#1232,#1233);
#1232 = CARTESIAN_POINT('',(0.,-25.));
#1233 = DIRECTION('',(1.,0.));
#1234 = ( GEOMETRIC_REPRESENTATION_CONTEXT(2) 
PARAMETRIC_REPRESENTATION_CONTEXT() REPRESENTATION_CONTEXT('2D SPACE',''
  ) );
#1235 = PCURVE('',#1236,#1241);
#1236 = CYLINDRICAL_SURFACE('',#1237,2.);
#1237 = AXIS2_PLACEMENT_3D('',#1238,#1239,#1240);
#1238 = CARTESIAN_POINT('',(37.,25.,0.));
#1239 = DIRECTION('',(1.,0.,0.));
#1240 = DIRECTION('',(-0.,0.,1.));
#1241 = DEFINITIONAL_REPRESENTATION('',(#1242),#1246);
#1242 = LINE('',#1243,#1244);
#1243 = CARTESIAN_POINT('',(0.,6.));
#1244 = VECTOR('',#1245,1.);
#1245 = DIRECTION('',(1.,0.));
#1246 = ( GEOMETRIC_REPRESENTATION_CONTEXT(2) 
PARAMETRIC_REPRESENTATION_CONTEXT() REPRESENTATION_CONTEXT('2D SPACE',''
  ) );
#1247 = ADVANCED_FACE('',(#1248),#539,.F.);
#1248 = FACE_BOUND('',#1249,.F.);
#1249 = EDGE_LOOP('',(#1250,#1251,#1252,#1253));
#1250 = ORIENTED_EDGE('',*,*,#825,.T.);
#1251 = ORIENTED_EDGE('',*,*,#1194,.F.);
#1252 = ORIENTED_EDGE('',*,*,#524,.F.);
#1253 = ORIENTED_EDGE('',*,*,#1254,.T.);
#1254 = EDGE_CURVE('',#499,#826,#1255,.T.);
#1255 = SURFACE_CURVE('',#1256,(#1261,#1268),.PCURVE_S1.);
#1256 = CIRCLE('',#1257,11.);
#1257 = AXIS2_PLACEMENT_3D('',#1258,#1259,#1260);
#1258 = CARTESIAN_POINT('',(9.,0.,0.));
#1259 = DIRECTION('',(1.,0.,0.));
#1260 = DIRECTION('',(-0.,0.,1.));
#1261 = PCURVE('',#539,#1262);
#1262 = DEFINITIONAL_REPRESENTATION('',(#1263),#1267);
#1263 = LINE('',#1264,#1265);
#1264 = CARTESIAN_POINT('',(0.,0.));
#1265 = VECTOR('',#1266,1.);
#1266 = DIRECTION('',(1.,0.));
#1267 = ( GEOMETRIC_REPRESENTATION_CONTEXT(2) 
PARAMETRIC_REPRESENTATION_CONTEXT() REPRESENTATION_CONTEXT('2D SPACE',''
  ) );
#1268 = PCURVE('',#513,#1269);
#1269 = DEFINITIONAL_REPRESENTATION('',(#1270),#1274);
#1270 = CIRCLE('',#1271,11.);
#1271 = AXIS2_PLACEMENT_2D('',#1272,#1273);
#1272 = CARTESIAN_POINT('',(0.,0.));
#1273 = DIRECTION('',(1.,0.));
#1274 = ( GEOMETRIC_REPRESENTATION_CONTEXT(2) 
PARAMETRIC_REPRESENTATION_CONTEXT() REPRESENTATION_CONTEXT('2D SPACE',''
  ) );
#1275 = ADVANCED_FACE('',(#1276),#513,.F.);
#1276 = FACE_BOUND('',#1277,.F.);
#1277 = EDGE_LOOP('',(#1278,#1300,#1301,#1302));
#1278 = ORIENTED_EDGE('',*,*,#1279,.T.);
#1279 = EDGE_CURVE('',#473,#849,#1280,.T.);
#1280 = SURFACE_CURVE('',#1281,(#1286,#1293),.PCURVE_S1.);
#1281 = CIRCLE('',#1282,20.);
#1282 = AXIS2_PLACEMENT_3D('',#1283,#1284,#1285);
#1283 = CARTESIAN_POINT('',(9.,0.,0.));
#1284 = DIRECTION('',(1.,0.,0.));
#1285 = DIRECTION('',(-0.,0.,1.));
#1286 = PCURVE('',#513,#1287);
#1287 = DEFINITIONAL_REPRESENTATION('',(#1288),#1292);
#1288 = CIRCLE('',#1289,20.);
#1289 = AXIS2_PLACEMENT_2D('',#1290,#1291);
#1290 = CARTESIAN_POINT('',(0.,0.));
#1291 = DIRECTION('',(1.,0.));
#1292 = ( GEOMETRIC_REPRESENTATION_CONTEXT(2) 
PARAMETRIC_REPRESENTATION_CONTEXT() REPRESENTATION_CONTEXT('2D SPACE',''
  ) );
#1293 = PCURVE('',#487,#1294);
#1294 = DEFINITIONAL_REPRESENTATION('',(#1295),#1299);
#1295 = LINE('',#1296,#1297);
#1296 = CARTESIAN_POINT('',(0.,6.));
#1297 = VECTOR('',#1298,1.);
#1298 = DIRECTION('',(1.,0.));
#1299 = ( GEOMETRIC_REPRESENTATION_CONTEXT(2) 
PARAMETRIC_REPRESENTATION_CONTEXT() REPRESENTATION_CONTEXT('2D SPACE',''
  ) );
#1300 = ORIENTED_EDGE('',*,*,#848,.F.);
#1301 = ORIENTED_EDGE('',*,*,#1254,.F.);
#1302 = ORIENTED_EDGE('',*,*,#498,.F.);
#1303 = ADVANCED_FACE('',(#1304),#487,.F.);
#1304 = FACE_BOUND('',#1305,.F.);
#1305 = EDGE_LOOP('',(#1306,#1307,#1308,#1309));
#1306 = ORIENTED_EDGE('',*,*,#869,.T.);
#1307 = ORIENTED_EDGE('',*,*,#1279,.F.);
#1308 = ORIENTED_EDGE('',*,*,#472,.F.);
#1309 = ORIENTED_EDGE('',*,*,#1310,.T.);
#1310 = EDGE_CURVE('',#447,#870,#1311,.T.);
#1311 = SURFACE_CURVE('',#1312,(#1317,#1324),.PCURVE_S1.);
#1312 = CIRCLE('',#1313,20.);
#1313 = AXIS2_PLACEMENT_3D('',#1314,#1315,#1316);
#1314 = CARTESIAN_POINT('',(3.,0.,0.));
#1315 = DIRECTION('',(1.,0.,0.));
#1316 = DIRECTION('',(-0.,0.,1.));
#1317 = PCURVE('',#487,#1318);
#1318 = DEFINITIONAL_REPRESENTATION('',(#1319),#1323);
#1319 = LINE('',#1320,#1321);
#1320 = CARTESIAN_POINT('',(0.,0.));
#1321 = VECTOR('',#1322,1.);
#1322 = DIRECTION('',(1.,0.));
#1323 = ( GEOMETRIC_REPRESENTATION_CONTEXT(2) 
PARAMETRIC_REPRESENTATION_CONTEXT() REPRESENTATION_CONTEXT('2D SPACE',''
  ) );
#1324 = PCURVE('',#461,#1325);
#1325 = DEFINITIONAL_REPRESENTATION('',(#1326),#1330);
#1326 = CIRCLE('',#1327,20.);
#1327 = AXIS2_PLACEMENT_2D('',#1328,#1329);
#1328 = CARTESIAN_POINT('',(0.,0.));
#1329 = DIRECTION('',(1.,0.));
#1330 = ( GEOMETRIC_REPRESENTATION_CONTEXT(2) 
PARAMETRIC_REPRESENTATION_CONTEXT() REPRESENTATION_CONTEXT('2D SPACE',''
  ) );
#1331 = ADVANCED_FACE('',(#1332),#461,.F.);
#1332 = FACE_BOUND('',#1333,.F.);
#1333 = EDGE_LOOP('',(#1334,#1356,#1357,#1358));
#1334 = ORIENTED_EDGE('',*,*,#1335,.T.);
#1335 = EDGE_CURVE('',#421,#893,#1336,.T.);
#1336 = SURFACE_CURVE('',#1337,(#1342,#1349),.PCURVE_S1.);
#1337 = CIRCLE('',#1338,28.);
#1338 = AXIS2_PLACEMENT_3D('',#1339,#1340,#1341);
#1339 = CARTESIAN_POINT('',(3.,0.,0.));
#1340 = DIRECTION('',(1.,0.,0.));
#1341 = DIRECTION('',(-0.,0.,1.));
#1342 = PCURVE('',#461,#1343);
#1343 = DEFINITIONAL_REPRESENTATION('',(#1344),#1348);
#1344 = CIRCLE('',#1345,28.);
#1345 = AXIS2_PLACEMENT_2D('',#1346,#1347);
#1346 = CARTESIAN_POINT('',(0.,0.));
#1347 = DIRECTION('',(1.,0.));
#1348 = ( GEOMETRIC_REPRESENTATION_CONTEXT(2) 
PARAMETRIC_REPRESENTATION_CONTEXT() REPRESENTATION_CONTEXT('2D SPACE',''
  ) );
#1349 = PCURVE('',#435,#1350);
#1350 = DEFINITIONAL_REPRESENTATION('',(#1351),#1355);
#1351 = LINE('',#1352,#1353);
#1352 = CARTESIAN_POINT('',(0.,3.1));
#1353 = VECTOR('',#1354,1.);
#1354 = DIRECTION('',(1.,0.));
#1355 = ( GEOMETRIC_REPRESENTATION_CONTEXT(2) 
PARAMETRIC_REPRESENTATION_CONTEXT() REPRESENTATION_CONTEXT('2D SPACE',''
  ) );
#1356 = ORIENTED_EDGE('',*,*,#892,.F.);
#1357 = ORIENTED_EDGE('',*,*,#1310,.F.);
#1358 = ORIENTED_EDGE('',*,*,#446,.F.);
#1359 = ADVANCED_FACE('',(#1360),#435,.F.);
#1360 = FACE_BOUND('',#1361,.F.);
#1361 = EDGE_LOOP('',(#1362,#1384,#1385,#1386));
#1362 = ORIENTED_EDGE('',*,*,#1363,.T.);
#1363 = EDGE_CURVE('',#395,#914,#1364,.T.);
#1364 = SURFACE_CURVE('',#1365,(#1370,#1377),.PCURVE_S1.);
#1365 = CIRCLE('',#1366,28.);
#1366 = AXIS2_PLACEMENT_3D('',#1367,#1368,#1369);
#1367 = CARTESIAN_POINT('',(0.,0.,0.));
#1368 = DIRECTION('',(1.,0.,0.));
#1369 = DIRECTION('',(-0.,0.,1.));
#1370 = PCURVE('',#435,#1371);
#1371 = DEFINITIONAL_REPRESENTATION('',(#1372),#1376);
#1372 = LINE('',#1373,#1374);
#1373 = CARTESIAN_POINT('',(0.,0.1));
#1374 = VECTOR('',#1375,1.);
#1375 = DIRECTION('',(1.,0.));
#1376 = ( GEOMETRIC_REPRESENTATION_CONTEXT(2) 
PARAMETRIC_REPRESENTATION_CONTEXT() REPRESENTATION_CONTEXT('2D SPACE',''
  ) );
#1377 = PCURVE('',#409,#1378);
#1378 = DEFINITIONAL_REPRESENTATION('',(#1379),#1383);
#1379 = CIRCLE('',#1380,28.);
#1380 = AXIS2_PLACEMENT_2D('',#1381,#1382);
#1381 = CARTESIAN_POINT('',(0.,0.));
#1382 = DIRECTION('',(1.,0.));
#1383 = ( GEOMETRIC_REPRESENTATION_CONTEXT(2) 
PARAMETRIC_REPRESENTATION_CONTEXT() REPRESENTATION_CONTEXT('2D SPACE',''
  ) );
#1384 = ORIENTED_EDGE('',*,*,#913,.T.);
#1385 = ORIENTED_EDGE('',*,*,#1335,.F.);
#1386 = ORIENTED_EDGE('',*,*,#420,.F.);
#1387 = ADVANCED_FACE('',(#1388),#409,.F.);
#1388 = FACE_BOUND('',#1389,.F.);
#1389 = EDGE_LOOP('',(#1390,#1412,#1413,#1414));
#1390 = ORIENTED_EDGE('',*,*,#1391,.T.);
#1391 = EDGE_CURVE('',#369,#937,#1392,.T.);
#1392 = SURFACE_CURVE('',#1393,(#1398,#1405),.PCURVE_S1.);
#1393 = CIRCLE('',#1394,30.);
#1394 = AXIS2_PLACEMENT_3D('',#1395,#1396,#1397);
#1395 = CARTESIAN_POINT('',(0.,0.,0.));
#1396 = DIRECTION('',(1.,0.,0.));
#1397 = DIRECTION('',(-0.,0.,1.));
#1398 = PCURVE('',#409,#1399);
#1399 = DEFINITIONAL_REPRESENTATION('',(#1400),#1404);
#1400 = CIRCLE('',#1401,30.);
#1401 = AXIS2_PLACEMENT_2D('',#1402,#1403);
#1402 = CARTESIAN_POINT('',(0.,0.));
#1403 = DIRECTION('',(1.,0.));
#1404 = ( GEOMETRIC_REPRESENTATION_CONTEXT(2) 
PARAMETRIC_REPRESENTATION_CONTEXT() REPRESENTATION_CONTEXT('2D SPACE',''
  ) );
#1405 = PCURVE('',#383,#1406);
#1406 = DEFINITIONAL_REPRESENTATION('',(#1407),#1411);
#1407 = LINE('',#1408,#1409);
#1408 = CARTESIAN_POINT('',(0.,0.11));
#1409 = VECTOR('',#1410,1.);
#1410 = DIRECTION('',(1.,0.));
#1411 = ( GEOMETRIC_REPRESENTATION_CONTEXT(2) 
PARAMETRIC_REPRESENTATION_CONTEXT() REPRESENTATION_CONTEXT('2D SPACE',''
  ) );
#1412 = ORIENTED_EDGE('',*,*,#936,.F.);
#1413 = ORIENTED_EDGE('',*,*,#1363,.F.);
#1414 = ORIENTED_EDGE('',*,*,#394,.F.);
#1415 = ADVANCED_FACE('',(#1416),#383,.T.);
#1416 = FACE_BOUND('',#1417,.T.);
#1417 = EDGE_LOOP('',(#1418,#1419,#1420,#1442));
#1418 = ORIENTED_EDGE('',*,*,#1391,.T.);
#1419 = ORIENTED_EDGE('',*,*,#957,.T.);
#1420 = ORIENTED_EDGE('',*,*,#1421,.F.);
#1421 = EDGE_CURVE('',#343,#958,#1422,.T.);
#1422 = SURFACE_CURVE('',#1423,(#1428,#1435),.PCURVE_S1.);
#1423 = CIRCLE('',#1424,30.);
#1424 = AXIS2_PLACEMENT_3D('',#1425,#1426,#1427);
#1425 = CARTESIAN_POINT('',(4.,0.,0.));
#1426 = DIRECTION('',(1.,0.,0.));
#1427 = DIRECTION('',(-0.,0.,1.));
#1428 = PCURVE('',#383,#1429);
#1429 = DEFINITIONAL_REPRESENTATION('',(#1430),#1434);
#1430 = LINE('',#1431,#1432);
#1431 = CARTESIAN_POINT('',(0.,4.11));
#1432 = VECTOR('',#1433,1.);
#1433 = DIRECTION('',(1.,0.));
#1434 = ( GEOMETRIC_REPRESENTATION_CONTEXT(2) 
PARAMETRIC_REPRESENTATION_CONTEXT() REPRESENTATION_CONTEXT('2D SPACE',''
  ) );
#1435 = PCURVE('',#357,#1436);
#1436 = DEFINITIONAL_REPRESENTATION('',(#1437),#1441);
#1437 = CIRCLE('',#1438,30.);
#1438 = AXIS2_PLACEMENT_2D('',#1439,#1440);
#1439 = CARTESIAN_POINT('',(0.,0.));
#1440 = DIRECTION('',(1.,0.));
#1441 = ( GEOMETRIC_REPRESENTATION_CONTEXT(2) 
PARAMETRIC_REPRESENTATION_CONTEXT() REPRESENTATION_CONTEXT('2D SPACE',''
  ) );
#1442 = ORIENTED_EDGE('',*,*,#368,.F.);
#1443 = ADVANCED_FACE('',(#1444),#357,.F.);
#1444 = FACE_BOUND('',#1445,.F.);
#1445 = EDGE_LOOP('',(#1446,#1468,#1469,#1470));
#1446 = ORIENTED_EDGE('',*,*,#1447,.T.);
#1447 = EDGE_CURVE('',#317,#981,#1448,.T.);
#1448 = SURFACE_CURVE('',#1449,(#1454,#1461),.PCURVE_S1.);
#1449 = CIRCLE('',#1450,32.5);
#1450 = AXIS2_PLACEMENT_3D('',#1451,#1452,#1453);
#1451 = CARTESIAN_POINT('',(4.,0.,0.));
#1452 = DIRECTION('',(1.,0.,0.));
#1453 = DIRECTION('',(-0.,0.,1.));
#1454 = PCURVE('',#357,#1455);
#1455 = DEFINITIONAL_REPRESENTATION('',(#1456),#1460);
#1456 = CIRCLE('',#1457,32.5);
#1457 = AXIS2_PLACEMENT_2D('',#1458,#1459);
#1458 = CARTESIAN_POINT('',(0.,0.));
#1459 = DIRECTION('',(1.,0.));
#1460 = ( GEOMETRIC_REPRESENTATION_CONTEXT(2) 
PARAMETRIC_REPRESENTATION_CONTEXT() REPRESENTATION_CONTEXT('2D SPACE',''
  ) );
#1461 = PCURVE('',#331,#1462);
#1462 = DEFINITIONAL_REPRESENTATION('',(#1463),#1467);
#1463 = LINE('',#1464,#1465);
#1464 = CARTESIAN_POINT('',(0.,4.1));
#1465 = VECTOR('',#1466,1.);
#1466 = DIRECTION('',(1.,0.));
#1467 = ( GEOMETRIC_REPRESENTATION_CONTEXT(2) 
PARAMETRIC_REPRESENTATION_CONTEXT() REPRESENTATION_CONTEXT('2D SPACE',''
  ) );
#1468 = ORIENTED_EDGE('',*,*,#980,.F.);
#1469 = ORIENTED_EDGE('',*,*,#1421,.F.);
#1470 = ORIENTED_EDGE('',*,*,#342,.F.);
#1471 = ADVANCED_FACE('',(#1472),#331,.F.);
#1472 = FACE_BOUND('',#1473,.F.);
#1473 = EDGE_LOOP('',(#1474,#1475,#1476,#1477));
#1474 = ORIENTED_EDGE('',*,*,#1138,.T.);
#1475 = ORIENTED_EDGE('',*,*,#1001,.T.);
#1476 = ORIENTED_EDGE('',*,*,#1447,.F.);
#1477 = ORIENTED_EDGE('',*,*,#316,.F.);
#1478 = ADVANCED_FACE('',(#1479),#640,.T.);
#1479 = FACE_BOUND('',#1480,.T.);
#1480 = EDGE_LOOP('',(#1481,#1503,#1504,#1526));
#1481 = ORIENTED_EDGE('',*,*,#1482,.T.);
#1482 = EDGE_CURVE('',#624,#1069,#1483,.T.);
#1483 = SURFACE_CURVE('',#1484,(#1489,#1496),.PCURVE_S1.);
#1484 = CIRCLE('',#1485,31.);
#1485 = AXIS2_PLACEMENT_3D('',#1486,#1487,#1488);
#1486 = CARTESIAN_POINT('',(6.,0.,0.));
#1487 = DIRECTION('',(1.,0.,0.));
#1488 = DIRECTION('',(-0.,0.,1.));
#1489 = PCURVE('',#640,#1490);
#1490 = DEFINITIONAL_REPRESENTATION('',(#1491),#1495);
#1491 = CIRCLE('',#1492,31.);
#1492 = AXIS2_PLACEMENT_2D('',#1493,#1494);
#1493 = CARTESIAN_POINT('',(0.,0.));
#1494 = DIRECTION('',(1.,0.));
#1495 = ( GEOMETRIC_REPRESENTATION_CONTEXT(2) 
PARAMETRIC_REPRESENTATION_CONTEXT() REPRESENTATION_CONTEXT('2D SPACE',''
  ) );
#1496 = PCURVE('',#666,#1497);
#1497 = DEFINITIONAL_REPRESENTATION('',(#1498),#1502);
#1498 = LINE('',#1499,#1500);
#1499 = CARTESIAN_POINT('',(0.,0.));
#1500 = VECTOR('',#1501,1.);
#1501 = DIRECTION('',(1.,0.));
#1502 = ( GEOMETRIC_REPRESENTATION_CONTEXT(2) 
PARAMETRIC_REPRESENTATION_CONTEXT() REPRESENTATION_CONTEXT('2D SPACE',''
  ) );
#1503 = ORIENTED_EDGE('',*,*,#1091,.F.);
#1504 = ORIENTED_EDGE('',*,*,#1505,.F.);
#1505 = EDGE_CURVE('',#626,#1092,#1506,.T.);
#1506 = SURFACE_CURVE('',#1507,(#1512,#1519),.PCURVE_S1.);
#1507 = CIRCLE('',#1508,22.);
#1508 = AXIS2_PLACEMENT_3D('',#1509,#1510,#1511);
#1509 = CARTESIAN_POINT('',(6.,0.,0.));
#1510 = DIRECTION('',(1.,0.,0.));
#1511 = DIRECTION('',(-0.,0.,1.));
#1512 = PCURVE('',#640,#1513);
#1513 = DEFINITIONAL_REPRESENTATION('',(#1514),#1518);
#1514 = CIRCLE('',#1515,22.);
#1515 = AXIS2_PLACEMENT_2D('',#1516,#1517);
#1516 = CARTESIAN_POINT('',(0.,0.));
#1517 = DIRECTION('',(1.,0.));
#1518 = ( GEOMETRIC_REPRESENTATION_CONTEXT(2) 
PARAMETRIC_REPRESENTATION_CONTEXT() REPRESENTATION_CONTEXT('2D SPACE',''
  ) );
#1519 = PCURVE('',#716,#1520);
#1520 = DEFINITIONAL_REPRESENTATION('',(#1521),#1525);
#1521 = LINE('',#1522,#1523);
#1522 = CARTESIAN_POINT('',(0.,1.E-02));
#1523 = VECTOR('',#1524,1.);
#1524 = DIRECTION('',(1.,0.));
#1525 = ( GEOMETRIC_REPRESENTATION_CONTEXT(2) 
PARAMETRIC_REPRESENTATION_CONTEXT() REPRESENTATION_CONTEXT('2D SPACE',''
  ) );
#1526 = ORIENTED_EDGE('',*,*,#623,.F.);
#1527 = ADVANCED_FACE('',(#1528),#716,.T.);
#1528 = FACE_BOUND('',#1529,.T.);
#1529 = EDGE_LOOP('',(#1530,#1531,#1553,#1554));
#1530 = ORIENTED_EDGE('',*,*,#1112,.T.);
#1531 = ORIENTED_EDGE('',*,*,#1532,.F.);
#1532 = EDGE_CURVE('',#678,#1046,#1533,.T.);
#1533 = SURFACE_CURVE('',#1534,(#1539,#1546),.PCURVE_S1.);
#1534 = CIRCLE('',#1535,22.);
#1535 = AXIS2_PLACEMENT_3D('',#1536,#1537,#1538);
#1536 = CARTESIAN_POINT('',(30.,0.,0.));
#1537 = DIRECTION('',(1.,0.,0.));
#1538 = DIRECTION('',(-0.,0.,1.));
#1539 = PCURVE('',#716,#1540);
#1540 = DEFINITIONAL_REPRESENTATION('',(#1541),#1545);
#1541 = LINE('',#1542,#1543);
#1542 = CARTESIAN_POINT('',(0.,24.01));
#1543 = VECTOR('',#1544,1.);
#1544 = DIRECTION('',(1.,0.));
#1545 = ( GEOMETRIC_REPRESENTATION_CONTEXT(2) 
PARAMETRIC_REPRESENTATION_CONTEXT() REPRESENTATION_CONTEXT('2D SPACE',''
  ) );
#1546 = PCURVE('',#692,#1547);
#1547 = DEFINITIONAL_REPRESENTATION('',(#1548),#1552);
#1548 = CIRCLE('',#1549,22.);
#1549 = AXIS2_PLACEMENT_2D('',#1550,#1551);
#1550 = CARTESIAN_POINT('',(0.,0.));
#1551 = DIRECTION('',(1.,0.));
#1552 = ( GEOMETRIC_REPRESENTATION_CONTEXT(2) 
PARAMETRIC_REPRESENTATION_CONTEXT() REPRESENTATION_CONTEXT('2D SPACE',''
  ) );
#1553 = ORIENTED_EDGE('',*,*,#703,.F.);
#1554 = ORIENTED_EDGE('',*,*,#1505,.T.);
#1555 = ADVANCED_FACE('',(#1556),#692,.F.);
#1556 = FACE_BOUND('',#1557,.F.);
#1557 = EDGE_LOOP('',(#1558,#1580,#1581,#1582));
#1558 = ORIENTED_EDGE('',*,*,#1559,.T.);
#1559 = EDGE_CURVE('',#652,#1048,#1560,.T.);
#1560 = SURFACE_CURVE('',#1561,(#1566,#1573),.PCURVE_S1.);
#1561 = CIRCLE('',#1562,31.);
#1562 = AXIS2_PLACEMENT_3D('',#1563,#1564,#1565);
#1563 = CARTESIAN_POINT('',(30.,0.,0.));
#1564 = DIRECTION('',(1.,0.,0.));
#1565 = DIRECTION('',(-0.,0.,1.));
#1566 = PCURVE('',#692,#1567);
#1567 = DEFINITIONAL_REPRESENTATION('',(#1568),#1572);
#1568 = CIRCLE('',#1569,31.);
#1569 = AXIS2_PLACEMENT_2D('',#1570,#1571);
#1570 = CARTESIAN_POINT('',(0.,0.));
#1571 = DIRECTION('',(1.,0.));
#1572 = ( GEOMETRIC_REPRESENTATION_CONTEXT(2) 
PARAMETRIC_REPRESENTATION_CONTEXT() REPRESENTATION_CONTEXT('2D SPACE',''
  ) );
#1573 = PCURVE('',#666,#1574);
#1574 = DEFINITIONAL_REPRESENTATION('',(#1575),#1579);
#1575 = LINE('',#1576,#1577);
#1576 = CARTESIAN_POINT('',(0.,24.));
#1577 = VECTOR('',#1578,1.);
#1578 = DIRECTION('',(1.,0.));
#1579 = ( GEOMETRIC_REPRESENTATION_CONTEXT(2) 
PARAMETRIC_REPRESENTATION_CONTEXT() REPRESENTATION_CONTEXT('2D SPACE',''
  ) );
#1580 = ORIENTED_EDGE('',*,*,#1045,.F.);
#1581 = ORIENTED_EDGE('',*,*,#1532,.F.);
#1582 = ORIENTED_EDGE('',*,*,#677,.F.);
#1583 = ADVANCED_FACE('',(#1584),#666,.F.);
#1584 = FACE_BOUND('',#1585,.F.);
#1585 = EDGE_LOOP('',(#1586,#1587,#1588,#1589));
#1586 = ORIENTED_EDGE('',*,*,#1068,.T.);
#1587 = ORIENTED_EDGE('',*,*,#1559,.F.);
#1588 = ORIENTED_EDGE('',*,*,#651,.F.);
#1589 = ORIENTED_EDGE('',*,*,#1482,.T.);
#1590 = ADVANCED_FACE('',(#1591),#1236,.F.);
#1591 = FACE_BOUND('',#1592,.F.);
#1592 = EDGE_LOOP('',(#1593,#1594,#1617,#1644));
#1593 = ORIENTED_EDGE('',*,*,#1219,.F.);
#1594 = ORIENTED_EDGE('',*,*,#1595,.F.);
#1595 = EDGE_CURVE('',#1596,#1220,#1598,.T.);
#1596 = VERTEX_POINT('',#1597);
#1597 = CARTESIAN_POINT('',(37.,25.,2.));
#1598 = SEAM_CURVE('',#1599,(#1603,#1610),.PCURVE_S1.);
#1599 = LINE('',#1600,#1601);
#1600 = CARTESIAN_POINT('',(37.,25.,2.));
#1601 = VECTOR('',#1602,1.);
#1602 = DIRECTION('',(1.,0.,0.));
#1603 = PCURVE('',#1236,#1604);
#1604 = DEFINITIONAL_REPRESENTATION('',(#1605),#1609);
#1605 = LINE('',#1606,#1607);
#1606 = CARTESIAN_POINT('',(6.28318530718,-0.));
#1607 = VECTOR('',#1608,1.);
#1608 = DIRECTION('',(0.,1.));
#1609 = ( GEOMETRIC_REPRESENTATION_CONTEXT(2) 
PARAMETRIC_REPRESENTATION_CONTEXT() REPRESENTATION_CONTEXT('2D SPACE',''
  ) );
#1610 = PCURVE('',#1236,#1611);
#1611 = DEFINITIONAL_REPRESENTATION('',(#1612),#1616);
#1612 = LINE('',#1613,#1614);
#1613 = CARTESIAN_POINT('',(0.,-0.));
#1614 = VECTOR('',#1615,1.);
#1615 = DIRECTION('',(0.,1.));
#1616 = ( GEOMETRIC_REPRESENTATION_CONTEXT(2) 
PARAMETRIC_REPRESENTATION_CONTEXT() REPRESENTATION_CONTEXT('2D SPACE',''
  ) );
#1617 = ORIENTED_EDGE('',*,*,#1618,.T.);
#1618 = EDGE_CURVE('',#1596,#1596,#1619,.T.);
#1619 = SURFACE_CURVE('',#1620,(#1625,#1632),.PCURVE_S1.);
#1620 = CIRCLE('',#1621,2.);
#1621 = AXIS2_PLACEMENT_3D('',#1622,#1623,#1624);
#1622 = CARTESIAN_POINT('',(37.,25.,0.));
#1623 = DIRECTION('',(1.,0.,0.));
#1624 = DIRECTION('',(-0.,0.,1.));
#1625 = PCURVE('',#1236,#1626);
#1626 = DEFINITIONAL_REPRESENTATION('',(#1627),#1631);
#1627 = LINE('',#1628,#1629);
#1628 = CARTESIAN_POINT('',(0.,0.));
#1629 = VECTOR('',#1630,1.);
#1630 = DIRECTION('',(1.,0.));
#1631 = ( GEOMETRIC_REPRESENTATION_CONTEXT(2) 
PARAMETRIC_REPRESENTATION_CONTEXT() REPRESENTATION_CONTEXT('2D SPACE',''
  ) );
#1632 = PCURVE('',#1633,#1638);
#1633 = PLANE('',#1634);
#1634 = AXIS2_PLACEMENT_3D('',#1635,#1636,#1637);
#1635 = CARTESIAN_POINT('',(37.,25.,0.));
#1636 = DIRECTION('',(1.,0.,0.));
#1637 = DIRECTION('',(-0.,0.,1.));
#1638 = DEFINITIONAL_REPRESENTATION('',(#1639),#1643);
#1639 = CIRCLE('',#1640,2.);
#1640 = AXIS2_PLACEMENT_2D('',#1641,#1642);
#1641 = CARTESIAN_POINT('',(0.,0.));
#1642 = DIRECTION('',(1.,0.));
#1643 = ( GEOMETRIC_REPRESENTATION_CONTEXT(2) 
PARAMETRIC_REPRESENTATION_CONTEXT() REPRESENTATION_CONTEXT('2D SPACE',''
  ) );
#1644 = ORIENTED_EDGE('',*,*,#1595,.T.);
#1645 = ADVANCED_FACE('',(#1646),#1633,.T.);
#1646 = FACE_BOUND('',#1647,.F.);
#1647 = EDGE_LOOP('',(#1648));
#1648 = ORIENTED_EDGE('',*,*,#1618,.F.);
#1649 = ( GEOMETRIC_REPRESENTATION_CONTEXT(3) 
GLOBAL_UNCERTAINTY_ASSIGNED_CONTEXT((#1653)) 
GLOBAL_UNIT_ASSIGNED_CONTEXT((#1650,#1651,#1652)) REPRESENTATION_CONTEXT
('Context #1','3D Context with UNIT and UNCERTAINTY') );
#1650 = ( LENGTH_UNIT() NAMED_UNIT(*) SI_UNIT(.MILLI.,.METRE.) );
#1651 = ( NAMED_UNIT(*) PLANE_ANGLE_UNIT() SI_UNIT($,.RADIAN.) );
#1652 = ( NAMED_UNIT(*) SI_UNIT($,.STERADIAN.) SOLID_ANGLE_UNIT() );
#1653 = UNCERTAINTY_MEASURE_WITH_UNIT(LENGTH_MEASURE(1.E-07),#1650,
  'distance_accuracy_value','confusion accuracy');
#1654 = CONTEXT_DEPENDENT_SHAPE_REPRESENTATION(#1655,#1657);
#1655 = ( REPRESENTATION_RELATIONSHIP('','',#84,#10) 
REPRESENTATION_RELATIONSHIP_WITH_TRANSFORMATION(#1656) 
SHAPE_REPRESENTATION_RELATIONSHIP() );
#1656 = ITEM_DEFINED_TRANSFORMATION('','',#11,#15);
#1657 = PRODUCT_DEFINITION_SHAPE('Placement','Placement of an item',
  #1658);
#1658 = NEXT_ASSEMBLY_USAGE_OCCURRENCE('15','01_Nose_cap','',#5,#79,$);
#1659 = PRODUCT_RELATED_PRODUCT_CATEGORY('part',$,(#81));
#1660 = SHAPE_DEFINITION_REPRESENTATION(#1661,#1667);
#1661 = PRODUCT_DEFINITION_SHAPE('','',#1662);
#1662 = PRODUCT_DEFINITION('design','',#1663,#1666);
#1663 = PRODUCT_DEFINITION_FORMATION('','',#1664);
#1664 = PRODUCT('02_Main_body','02_Main_body','',(#1665));
#1665 = PRODUCT_CONTEXT('',#2,'mechanical');
#1666 = PRODUCT_DEFINITION_CONTEXT('part definition',#2,'design');
#1667 = ADVANCED_BREP_SHAPE_REPRESENTATION('',(#11,#1668),#3259);
#1668 = MANIFOLD_SOLID_BREP('',#1669);
#1669 = CLOSED_SHELL('',(#1670,#1928,#2001,#2202,#2250,#2409,#2486,#2541
    ,#2596,#2629,#2657,#2684,#2712,#2903,#2962,#2990,#3023,#3099,#3148,
    #3198,#3225,#3252));
#1670 = ADVANCED_FACE('',(#1671,#1790),#1686,.T.);
#1671 = FACE_BOUND('',#1672,.T.);
#1672 = EDGE_LOOP('',(#1673,#1709,#1737,#1766));
#1673 = ORIENTED_EDGE('',*,*,#1674,.T.);
#1674 = EDGE_CURVE('',#1675,#1677,#1679,.T.);
#1675 = VERTEX_POINT('',#1676);
#1676 = CARTESIAN_POINT('',(35.,-4.286263797016E-15,-35.));
#1677 = VERTEX_POINT('',#1678);
#1678 = CARTESIAN_POINT('',(35.,8.572527594031E-15,35.));
#1679 = SURFACE_CURVE('',#1680,(#1685,#1697),.PCURVE_S1.);
#1680 = CIRCLE('',#1681,35.);
#1681 = AXIS2_PLACEMENT_3D('',#1682,#1683,#1684);
#1682 = CARTESIAN_POINT('',(35.,0.,0.));
#1683 = DIRECTION('',(1.,0.,0.));
#1684 = DIRECTION('',(-0.,0.,1.));
#1685 = PCURVE('',#1686,#1691);
#1686 = CONICAL_SURFACE('',#1687,35.,9.966865249116E-02);
#1687 = AXIS2_PLACEMENT_3D('',#1688,#1689,#1690);
#1688 = CARTESIAN_POINT('',(35.,0.,0.));
#1689 = DIRECTION('',(-1.,-0.,-0.));
#1690 = DIRECTION('',(-0.,0.,1.));
#1691 = DEFINITIONAL_REPRESENTATION('',(#1692),#1696);
#1692 = LINE('',#1693,#1694);
#1693 = CARTESIAN_POINT('',(-0.,-0.));
#1694 = VECTOR('',#1695,1.);
#1695 = DIRECTION('',(-1.,-0.));
#1696 = ( GEOMETRIC_REPRESENTATION_CONTEXT(2) 
PARAMETRIC_REPRESENTATION_CONTEXT() REPRESENTATION_CONTEXT('2D SPACE',''
  ) );
#1697 = PCURVE('',#1698,#1703);
#1698 = PLANE('',#1699);
#1699 = AXIS2_PLACEMENT_3D('',#1700,#1701,#1702);
#1700 = CARTESIAN_POINT('',(35.,0.,0.));
#1701 = DIRECTION('',(1.,0.,0.));
#1702 = DIRECTION('',(-0.,0.,1.));
#1703 = DEFINITIONAL_REPRESENTATION('',(#1704),#1708);
#1704 = CIRCLE('',#1705,35.);
#1705 = AXIS2_PLACEMENT_2D('',#1706,#1707);
#1706 = CARTESIAN_POINT('',(0.,0.));
#1707 = DIRECTION('',(1.,0.));
#1708 = ( GEOMETRIC_REPRESENTATION_CONTEXT(2) 
PARAMETRIC_REPRESENTATION_CONTEXT() REPRESENTATION_CONTEXT('2D SPACE',''
  ) );
#1709 = ORIENTED_EDGE('',*,*,#1710,.T.);
#1710 = EDGE_CURVE('',#1677,#1711,#1713,.T.);
#1711 = VERTEX_POINT('',#1712);
#1712 = CARTESIAN_POINT('',(135.,6.123233995737E-15,25.));
#1713 = SURFACE_CURVE('',#1714,(#1718,#1725),.PCURVE_S1.);
#1714 = LINE('',#1715,#1716);
#1715 = CARTESIAN_POINT('',(35.,8.572527594031E-15,35.));
#1716 = VECTOR('',#1717,1.);
#1717 = DIRECTION('',(0.99503719021,-2.437138220046E-17,
    -9.9503719021E-02));
#1718 = PCURVE('',#1686,#1719);
#1719 = DEFINITIONAL_REPRESENTATION('',(#1720),#1724);
#1720 = LINE('',#1721,#1722);
#1721 = CARTESIAN_POINT('',(-6.28318530718,0.));
#1722 = VECTOR('',#1723,1.);
#1723 = DIRECTION('',(-0.,-1.));
#1724 = ( GEOMETRIC_REPRESENTATION_CONTEXT(2) 
PARAMETRIC_REPRESENTATION_CONTEXT() REPRESENTATION_CONTEXT('2D SPACE',''
  ) );
#1725 = PCURVE('',#1726,#1731);
#1726 = PLANE('',#1727);
#1727 = AXIS2_PLACEMENT_3D('',#1728,#1729,#1730);
#1728 = CARTESIAN_POINT('',(-10.,0.,-150.));
#1729 = DIRECTION('',(-0.,1.,0.));
#1730 = DIRECTION('',(0.,0.,1.));
#1731 = DEFINITIONAL_REPRESENTATION('',(#1732),#1736);
#1732 = LINE('',#1733,#1734);
#1733 = CARTESIAN_POINT('',(185.,45.));
#1734 = VECTOR('',#1735,1.);
#1735 = DIRECTION('',(-9.9503719021E-02,0.99503719021));
#1736 = ( GEOMETRIC_REPRESENTATION_CONTEXT(2) 
PARAMETRIC_REPRESENTATION_CONTEXT() REPRESENTATION_CONTEXT('2D SPACE',''
  ) );
#1737 = ORIENTED_EDGE('',*,*,#1738,.F.);
#1738 = EDGE_CURVE('',#1739,#1711,#1741,.T.);
#1739 = VERTEX_POINT('',#1740);
#1740 = CARTESIAN_POINT('',(135.,-3.061616997868E-15,-25.));
#1741 = SURFACE_CURVE('',#1742,(#1747,#1754),.PCURVE_S1.);
#1742 = CIRCLE('',#1743,25.);
#1743 = AXIS2_PLACEMENT_3D('',#1744,#1745,#1746);
#1744 = CARTESIAN_POINT('',(135.,0.,0.));
#1745 = DIRECTION('',(1.,0.,0.));
#1746 = DIRECTION('',(-0.,0.,1.));
#1747 = PCURVE('',#1686,#1748);
#1748 = DEFINITIONAL_REPRESENTATION('',(#1749),#1753);
#1749 = LINE('',#1750,#1751);
#1750 = CARTESIAN_POINT('',(-0.,-100.));
#1751 = VECTOR('',#1752,1.);
#1752 = DIRECTION('',(-1.,-0.));
#1753 = ( GEOMETRIC_REPRESENTATION_CONTEXT(2) 
PARAMETRIC_REPRESENTATION_CONTEXT() REPRESENTATION_CONTEXT('2D SPACE',''
  ) );
#1754 = PCURVE('',#1755,#1760);
#1755 = PLANE('',#1756);
#1756 = AXIS2_PLACEMENT_3D('',#1757,#1758,#1759);
#1757 = CARTESIAN_POINT('',(135.,0.,0.));
#1758 = DIRECTION('',(1.,0.,0.));
#1759 = DIRECTION('',(-0.,0.,1.));
#1760 = DEFINITIONAL_REPRESENTATION('',(#1761),#1765);
#1761 = CIRCLE('',#1762,25.);
#1762 = AXIS2_PLACEMENT_2D('',#1763,#1764);
#1763 = CARTESIAN_POINT('',(0.,0.));
#1764 = DIRECTION('',(1.,0.));
#1765 = ( GEOMETRIC_REPRESENTATION_CONTEXT(2) 
PARAMETRIC_REPRESENTATION_CONTEXT() REPRESENTATION_CONTEXT('2D SPACE',''
  ) );
#1766 = ORIENTED_EDGE('',*,*,#1767,.T.);
#1767 = EDGE_CURVE('',#1739,#1675,#1768,.T.);
#1768 = SURFACE_CURVE('',#1769,(#1773,#1779),.PCURVE_S1.);
#1769 = LINE('',#1770,#1771);
#1770 = CARTESIAN_POINT('',(385.,0.,0.));
#1771 = VECTOR('',#1772,1.);
#1772 = DIRECTION('',(-0.99503719021,-0.,-9.9503719021E-02));
#1773 = PCURVE('',#1686,#1774);
#1774 = DEFINITIONAL_REPRESENTATION('',(#1775),#1778);
#1775 = B_SPLINE_CURVE_WITH_KNOTS('',1,(#1776,#1777),.UNSPECIFIED.,.F.,
  .F.,(2,2),(251.24689052802,351.74564673923),.PIECEWISE_BEZIER_KNOTS.);
#1776 = CARTESIAN_POINT('',(-3.14159265359,-100.));
#1777 = CARTESIAN_POINT('',(-3.14159265359,5.656131578519E-14));
#1778 = ( GEOMETRIC_REPRESENTATION_CONTEXT(2) 
PARAMETRIC_REPRESENTATION_CONTEXT() REPRESENTATION_CONTEXT('2D SPACE',''
  ) );
#1779 = PCURVE('',#1780,#1785);
#1780 = PLANE('',#1781);
#1781 = AXIS2_PLACEMENT_3D('',#1782,#1783,#1784);
#1782 = CARTESIAN_POINT('',(-10.,0.,-150.));
#1783 = DIRECTION('',(-0.,1.,0.));
#1784 = DIRECTION('',(0.,0.,1.));
#1785 = DEFINITIONAL_REPRESENTATION('',(#1786),#1789);
#1786 = B_SPLINE_CURVE_WITH_KNOTS('',1,(#1787,#1788),.UNSPECIFIED.,.F.,
  .F.,(2,2),(251.24689052802,351.74564673923),.PIECEWISE_BEZIER_KNOTS.);
#1787 = CARTESIAN_POINT('',(125.,145.));
#1788 = CARTESIAN_POINT('',(115.,45.));
#1789 = ( GEOMETRIC_REPRESENTATION_CONTEXT(2) 
PARAMETRIC_REPRESENTATION_CONTEXT() REPRESENTATION_CONTEXT('2D SPACE',''
  ) );
#1790 = FACE_BOUND('',#1791,.T.);
#1791 = EDGE_LOOP('',(#1792,#1828,#1862,#1896));
#1792 = ORIENTED_EDGE('',*,*,#1793,.T.);
#1793 = EDGE_CURVE('',#1794,#1796,#1798,.T.);
#1794 = VERTEX_POINT('',#1795);
#1795 = CARTESIAN_POINT('',(75.,24.959967948697,-18.38477631085));
#1796 = VERTEX_POINT('',#1797);
#1797 = CARTESIAN_POINT('',(93.38477631085,29.161522368915,
    7.105427357601E-15));
#1798 = SURFACE_CURVE('',#1799,(#1804,#1816),.PCURVE_S1.);
#1799 = ELLIPSE('',#1800,41.657192357137,29.308432731287);
#1800 = AXIS2_PLACEMENT_3D('',#1801,#1802,#1803);
#1801 = CARTESIAN_POINT('',(90.439167990758,0.,-2.945608320092));
#1802 = DIRECTION('',(0.707106781187,0.,-0.707106781187));
#1803 = DIRECTION('',(-0.707106781187,-0.,-0.707106781187));
#1804 = PCURVE('',#1686,#1805);
#1805 = DEFINITIONAL_REPRESENTATION('',(#1806),#1815);
#1806 = B_SPLINE_CURVE_WITH_KNOTS('',7,(#1807,#1808,#1809,#1810,#1811,
    #1812,#1813,#1814),.UNSPECIFIED.,.F.,.F.,(8,8),(0.943996260648,
    1.73393316701),.PIECEWISE_BEZIER_KNOTS.);
#1807 = CARTESIAN_POINT('',(-4.006754465063,-38.16152236891));
#1808 = CARTESIAN_POINT('',(-4.112815841351,-40.85371027603));
#1809 = CARTESIAN_POINT('',(-4.219945481984,-43.80259480593));
#1810 = CARTESIAN_POINT('',(-4.328291459352,-46.95217805309));
#1811 = CARTESIAN_POINT('',(-4.437980670662,-50.23845508348));
#1812 = CARTESIAN_POINT('',(-4.549111031742,-53.59231768629));
#1813 = CARTESIAN_POINT('',(-4.661740038342,-56.94332473947));
#1814 = CARTESIAN_POINT('',(-4.775876243427,-60.22325394193));
#1815 = ( GEOMETRIC_REPRESENTATION_CONTEXT(2) 
PARAMETRIC_REPRESENTATION_CONTEXT() REPRESENTATION_CONTEXT('2D SPACE',''
  ) );
#1816 = PCURVE('',#1817,#1822);
#1817 = PLANE('',#1818);
#1818 = AXIS2_PLACEMENT_3D('',#1819,#1820,#1821);
#1819 = CARTESIAN_POINT('',(75.,0.,-18.38477631085));
#1820 = DIRECTION('',(0.707106781187,0.,-0.707106781187));
#1821 = DIRECTION('',(0.707106781187,0.,0.707106781187));
#1822 = DEFINITIONAL_REPRESENTATION('',(#1823),#1827);
#1823 = ELLIPSE('',#1824,41.657192357137,29.308432731287);
#1824 = AXIS2_PLACEMENT_2D('',#1825,#1826);
#1825 = CARTESIAN_POINT('',(21.834280764286,0.));
#1826 = DIRECTION('',(-1.,0.));
#1827 = ( GEOMETRIC_REPRESENTATION_CONTEXT(2) 
PARAMETRIC_REPRESENTATION_CONTEXT() REPRESENTATION_CONTEXT('2D SPACE',''
  ) );
#1828 = ORIENTED_EDGE('',*,*,#1829,.T.);
#1829 = EDGE_CURVE('',#1796,#1830,#1832,.T.);
#1830 = VERTEX_POINT('',#1831);
#1831 = CARTESIAN_POINT('',(75.,24.959967948697,18.38477631085));
#1832 = SURFACE_CURVE('',#1833,(#1838,#1850),.PCURVE_S1.);
#1833 = ELLIPSE('',#1834,41.657192357137,29.308432731287);
#1834 = AXIS2_PLACEMENT_3D('',#1835,#1836,#1837);
#1835 = CARTESIAN_POINT('',(90.439167990758,0.,2.945608320092));
#1836 = DIRECTION('',(0.707106781187,0.,0.707106781187));
#1837 = DIRECTION('',(-0.707106781187,-0.,0.707106781187));
#1838 = PCURVE('',#1686,#1839);
#1839 = DEFINITIONAL_REPRESENTATION('',(#1840),#1849);
#1840 = B_SPLINE_CURVE_WITH_KNOTS('',7,(#1841,#1842,#1843,#1844,#1845,
    #1846,#1847,#1848),.UNSPECIFIED.,.F.,.F.,(8,8),(4.54925214017,
    5.339189046531),.PIECEWISE_BEZIER_KNOTS.);
#1841 = CARTESIAN_POINT('',(-4.648901717342,-60.22325394193));
#1842 = CARTESIAN_POINT('',(-4.763037922428,-56.94332473947));
#1843 = CARTESIAN_POINT('',(-4.875666929029,-53.59231768628));
#1844 = CARTESIAN_POINT('',(-4.986797290105,-50.23845508348));
#1845 = CARTESIAN_POINT('',(-5.096486501419,-46.95217805308));
#1846 = CARTESIAN_POINT('',(-5.204832478783,-43.80259480594));
#1847 = CARTESIAN_POINT('',(-5.311962119418,-40.85371027603));
#1848 = CARTESIAN_POINT('',(-5.418023495707,-38.16152236891));
#1849 = ( GEOMETRIC_REPRESENTATION_CONTEXT(2) 
PARAMETRIC_REPRESENTATION_CONTEXT() REPRESENTATION_CONTEXT('2D SPACE',''
  ) );
#1850 = PCURVE('',#1851,#1856);
#1851 = PLANE('',#1852);
#1852 = AXIS2_PLACEMENT_3D('',#1853,#1854,#1855);
#1853 = CARTESIAN_POINT('',(75.,0.,18.38477631085));
#1854 = DIRECTION('',(0.707106781187,0.,0.707106781187));
#1855 = DIRECTION('',(0.707106781187,0.,-0.707106781187));
#1856 = DEFINITIONAL_REPRESENTATION('',(#1857),#1861);
#1857 = ELLIPSE('',#1858,41.657192357137,29.308432731287);
#1858 = AXIS2_PLACEMENT_2D('',#1859,#1860);
#1859 = CARTESIAN_POINT('',(21.834280764286,0.));
#1860 = DIRECTION('',(-1.,0.));
#1861 = ( GEOMETRIC_REPRESENTATION_CONTEXT(2) 
PARAMETRIC_REPRESENTATION_CONTEXT() REPRESENTATION_CONTEXT('2D SPACE',''
  ) );
#1862 = ORIENTED_EDGE('',*,*,#1863,.F.);
#1863 = EDGE_CURVE('',#1864,#1830,#1866,.T.);
#1864 = VERTEX_POINT('',#1865);
#1865 = CARTESIAN_POINT('',(56.61522368915,32.838477631085,
    -7.105427357601E-15));
#1866 = SURFACE_CURVE('',#1867,(#1872,#1884),.PCURVE_S1.);
#1867 = ELLIPSE('',#1868,46.909717609663,33.003911814784);
#1868 = AXIS2_PLACEMENT_3D('',#1869,#1870,#1871);
#1869 = CARTESIAN_POINT('',(53.298205746616,0.,-3.317017942534));
#1870 = DIRECTION('',(0.707106781187,0.,-0.707106781187));
#1871 = DIRECTION('',(-0.707106781187,-0.,-0.707106781187));
#1872 = PCURVE('',#1686,#1873);
#1873 = DEFINITIONAL_REPRESENTATION('',(#1874),#1883);
#1874 = B_SPLINE_CURVE_WITH_KNOTS('',7,(#1875,#1876,#1877,#1878,#1879,
    #1880,#1881,#1882),.UNSPECIFIED.,.F.,.F.,(8,8),(1.615385484526,
    2.359842747447),.PIECEWISE_BEZIER_KNOTS.);
#1875 = CARTESIAN_POINT('',(-4.656686400856,-19.77674605806));
#1876 = CARTESIAN_POINT('',(-4.762978136013,-23.30092277969));
#1877 = CARTESIAN_POINT('',(-4.870593287409,-26.80558918026));
#1878 = CARTESIAN_POINT('',(-4.979562606197,-30.22564037202));
#1879 = CARTESIAN_POINT('',(-5.089881412628,-33.4965104217));
#1880 = CARTESIAN_POINT('',(-5.201502756306,-36.5571855757));
#1881 = CARTESIAN_POINT('',(-5.314332350181,-39.35314603153));
#1882 = CARTESIAN_POINT('',(-5.428233665247,-41.83847763108));
#1883 = ( GEOMETRIC_REPRESENTATION_CONTEXT(2) 
PARAMETRIC_REPRESENTATION_CONTEXT() REPRESENTATION_CONTEXT('2D SPACE',''
  ) );
#1884 = PCURVE('',#1885,#1890);
#1885 = PLANE('',#1886);
#1886 = AXIS2_PLACEMENT_3D('',#1887,#1888,#1889);
#1887 = CARTESIAN_POINT('',(56.61522368915,0.,-7.105427357601E-15));
#1888 = DIRECTION('',(0.707106781187,0.,-0.707106781187));
#1889 = DIRECTION('',(0.707106781187,0.,0.707106781187));
#1890 = DEFINITIONAL_REPRESENTATION('',(#1891),#1895);
#1891 = ELLIPSE('',#1892,46.909717609663,33.003911814784);
#1892 = AXIS2_PLACEMENT_2D('',#1893,#1894);
#1893 = CARTESIAN_POINT('',(-4.690971760966,0.));
#1894 = DIRECTION('',(-1.,0.));
#1895 = ( GEOMETRIC_REPRESENTATION_CONTEXT(2) 
PARAMETRIC_REPRESENTATION_CONTEXT() REPRESENTATION_CONTEXT('2D SPACE',''
  ) );
#1896 = ORIENTED_EDGE('',*,*,#1897,.F.);
#1897 = EDGE_CURVE('',#1794,#1864,#1898,.T.);
#1898 = SURFACE_CURVE('',#1899,(#1904,#1916),.PCURVE_S1.);
#1899 = ELLIPSE('',#1900,46.909717609663,33.003911814784);
#1900 = AXIS2_PLACEMENT_3D('',#1901,#1902,#1903);
#1901 = CARTESIAN_POINT('',(53.298205746616,0.,3.317017942534));
#1902 = DIRECTION('',(0.707106781187,0.,0.707106781187));
#1903 = DIRECTION('',(-0.707106781187,-0.,0.707106781187));
#1904 = PCURVE('',#1686,#1905);
#1905 = DEFINITIONAL_REPRESENTATION('',(#1906),#1915);
#1906 = B_SPLINE_CURVE_WITH_KNOTS('',7,(#1907,#1908,#1909,#1910,#1911,
    #1912,#1913,#1914),.UNSPECIFIED.,.F.,.F.,(8,8),(3.923342559732,
    4.667799822654),.PIECEWISE_BEZIER_KNOTS.);
#1907 = CARTESIAN_POINT('',(-3.996544295522,-41.83847763108));
#1908 = CARTESIAN_POINT('',(-4.110445610588,-39.35314603153));
#1909 = CARTESIAN_POINT('',(-4.223275204464,-36.55718557569));
#1910 = CARTESIAN_POINT('',(-4.33489654814,-33.49651042171));
#1911 = CARTESIAN_POINT('',(-4.445215354574,-30.22564037201));
#1912 = CARTESIAN_POINT('',(-4.554184673359,-26.80558918027));
#1913 = CARTESIAN_POINT('',(-4.661799824757,-23.30092277969));
#1914 = CARTESIAN_POINT('',(-4.768091559913,-19.77674605806));
#1915 = ( GEOMETRIC_REPRESENTATION_CONTEXT(2) 
PARAMETRIC_REPRESENTATION_CONTEXT() REPRESENTATION_CONTEXT('2D SPACE',''
  ) );
#1916 = PCURVE('',#1917,#1922);
#1917 = PLANE('',#1918);
#1918 = AXIS2_PLACEMENT_3D('',#1919,#1920,#1921);
#1919 = CARTESIAN_POINT('',(56.61522368915,0.,-7.105427357601E-15));
#1920 = DIRECTION('',(0.707106781187,0.,0.707106781187));
#1921 = DIRECTION('',(0.707106781187,0.,-0.707106781187));
#1922 = DEFINITIONAL_REPRESENTATION('',(#1923),#1927);
#1923 = ELLIPSE('',#1924,46.909717609663,33.003911814784);
#1924 = AXIS2_PLACEMENT_2D('',#1925,#1926);
#1925 = CARTESIAN_POINT('',(-4.690971760966,0.));
#1926 = DIRECTION('',(-1.,0.));
#1927 = ( GEOMETRIC_REPRESENTATION_CONTEXT(2) 
PARAMETRIC_REPRESENTATION_CONTEXT() REPRESENTATION_CONTEXT('2D SPACE',''
  ) );
#1928 = ADVANCED_FACE('',(#1929),#1698,.F.);
#1929 = FACE_BOUND('',#1930,.F.);
#1930 = EDGE_LOOP('',(#1931,#1932,#1953,#1982));
#1931 = ORIENTED_EDGE('',*,*,#1674,.T.);
#1932 = ORIENTED_EDGE('',*,*,#1933,.F.);
#1933 = EDGE_CURVE('',#1934,#1677,#1936,.T.);
#1934 = VERTEX_POINT('',#1935);
#1935 = CARTESIAN_POINT('',(35.,7.39686666685E-15,30.2));
#1936 = SURFACE_CURVE('',#1937,(#1941,#1947),.PCURVE_S1.);
#1937 = LINE('',#1938,#1939);
#1938 = CARTESIAN_POINT('',(35.,0.,-75.));
#1939 = VECTOR('',#1940,1.);
#1940 = DIRECTION('',(0.,-0.,1.));
#1941 = PCURVE('',#1698,#1942);
#1942 = DEFINITIONAL_REPRESENTATION('',(#1943),#1946);
#1943 = B_SPLINE_CURVE_WITH_KNOTS('',1,(#1944,#1945),.UNSPECIFIED.,.F.,
  .F.,(2,2),(40.,110.),.PIECEWISE_BEZIER_KNOTS.);
#1944 = CARTESIAN_POINT('',(-35.,0.));
#1945 = CARTESIAN_POINT('',(35.,0.));
#1946 = ( GEOMETRIC_REPRESENTATION_CONTEXT(2) 
PARAMETRIC_REPRESENTATION_CONTEXT() REPRESENTATION_CONTEXT('2D SPACE',''
  ) );
#1947 = PCURVE('',#1726,#1948);
#1948 = DEFINITIONAL_REPRESENTATION('',(#1949),#1952);
#1949 = B_SPLINE_CURVE_WITH_KNOTS('',1,(#1950,#1951),.UNSPECIFIED.,.F.,
  .F.,(2,2),(40.,110.),.PIECEWISE_BEZIER_KNOTS.);
#1950 = CARTESIAN_POINT('',(115.,45.));
#1951 = CARTESIAN_POINT('',(185.,45.));
#1952 = ( GEOMETRIC_REPRESENTATION_CONTEXT(2) 
PARAMETRIC_REPRESENTATION_CONTEXT() REPRESENTATION_CONTEXT('2D SPACE',''
  ) );
#1953 = ORIENTED_EDGE('',*,*,#1954,.F.);
#1954 = EDGE_CURVE('',#1955,#1934,#1957,.T.);
#1955 = VERTEX_POINT('',#1956);
#1956 = CARTESIAN_POINT('',(35.,-3.698433333425E-15,-30.2));
#1957 = SURFACE_CURVE('',#1958,(#1963,#1970),.PCURVE_S1.);
#1958 = CIRCLE('',#1959,30.2);
#1959 = AXIS2_PLACEMENT_3D('',#1960,#1961,#1962);
#1960 = CARTESIAN_POINT('',(35.,0.,0.));
#1961 = DIRECTION('',(1.,0.,0.));
#1962 = DIRECTION('',(-0.,0.,1.));
#1963 = PCURVE('',#1698,#1964);
#1964 = DEFINITIONAL_REPRESENTATION('',(#1965),#1969);
#1965 = CIRCLE('',#1966,30.2);
#1966 = AXIS2_PLACEMENT_2D('',#1967,#1968);
#1967 = CARTESIAN_POINT('',(0.,0.));
#1968 = DIRECTION('',(1.,0.));
#1969 = ( GEOMETRIC_REPRESENTATION_CONTEXT(2) 
PARAMETRIC_REPRESENTATION_CONTEXT() REPRESENTATION_CONTEXT('2D SPACE',''
  ) );
#1970 = PCURVE('',#1971,#1976);
#1971 = CYLINDRICAL_SURFACE('',#1972,30.2);
#1972 = AXIS2_PLACEMENT_3D('',#1973,#1974,#1975);
#1973 = CARTESIAN_POINT('',(34.9,0.,0.));
#1974 = DIRECTION('',(1.,0.,0.));
#1975 = DIRECTION('',(-0.,0.,1.));
#1976 = DEFINITIONAL_REPRESENTATION('',(#1977),#1981);
#1977 = LINE('',#1978,#1979);
#1978 = CARTESIAN_POINT('',(0.,0.1));
#1979 = VECTOR('',#1980,1.);
#1980 = DIRECTION('',(1.,0.));
#1981 = ( GEOMETRIC_REPRESENTATION_CONTEXT(2) 
PARAMETRIC_REPRESENTATION_CONTEXT() REPRESENTATION_CONTEXT('2D SPACE',''
  ) );
#1982 = ORIENTED_EDGE('',*,*,#1983,.F.);
#1983 = EDGE_CURVE('',#1675,#1955,#1984,.T.);
#1984 = SURFACE_CURVE('',#1985,(#1989,#1995),.PCURVE_S1.);
#1985 = LINE('',#1986,#1987);
#1986 = CARTESIAN_POINT('',(35.,0.,-75.));
#1987 = VECTOR('',#1988,1.);
#1988 = DIRECTION('',(0.,-0.,1.));
#1989 = PCURVE('',#1698,#1990);
#1990 = DEFINITIONAL_REPRESENTATION('',(#1991),#1994);
#1991 = B_SPLINE_CURVE_WITH_KNOTS('',1,(#1992,#1993),.UNSPECIFIED.,.F.,
  .F.,(2,2),(40.,110.),.PIECEWISE_BEZIER_KNOTS.);
#1992 = CARTESIAN_POINT('',(-35.,0.));
#1993 = CARTESIAN_POINT('',(35.,0.));
#1994 = ( GEOMETRIC_REPRESENTATION_CONTEXT(2) 
PARAMETRIC_REPRESENTATION_CONTEXT() REPRESENTATION_CONTEXT('2D SPACE',''
  ) );
#1995 = PCURVE('',#1780,#1996);
#1996 = DEFINITIONAL_REPRESENTATION('',(#1997),#2000);
#1997 = B_SPLINE_CURVE_WITH_KNOTS('',1,(#1998,#1999),.UNSPECIFIED.,.F.,
  .F.,(2,2),(40.,110.),.PIECEWISE_BEZIER_KNOTS.);
#1998 = CARTESIAN_POINT('',(115.,45.));
#1999 = CARTESIAN_POINT('',(185.,45.));
#2000 = ( GEOMETRIC_REPRESENTATION_CONTEXT(2) 
PARAMETRIC_REPRESENTATION_CONTEXT() REPRESENTATION_CONTEXT('2D SPACE',''
  ) );
#2001 = ADVANCED_FACE('',(#2002),#1780,.F.);
#2002 = FACE_BOUND('',#2003,.F.);
#2003 = EDGE_LOOP('',(#2004,#2025,#2026,#2027,#2048,#2074,#2100,#2126,
    #2152,#2178));
#2004 = ORIENTED_EDGE('',*,*,#2005,.F.);
#2005 = EDGE_CURVE('',#1739,#2006,#2008,.T.);
#2006 = VERTEX_POINT('',#2007);
#2007 = CARTESIAN_POINT('',(135.,-2.779948234064E-15,-22.7));
#2008 = SURFACE_CURVE('',#2009,(#2013,#2019),.PCURVE_S1.);
#2009 = LINE('',#2010,#2011);
#2010 = CARTESIAN_POINT('',(135.,0.,-75.));
#2011 = VECTOR('',#2012,1.);
#2012 = DIRECTION('',(0.,-0.,1.));
#2013 = PCURVE('',#1780,#2014);
#2014 = DEFINITIONAL_REPRESENTATION('',(#2015),#2018);
#2015 = B_SPLINE_CURVE_WITH_KNOTS('',1,(#2016,#2017),.UNSPECIFIED.,.F.,
  .F.,(2,2),(50.,100.),.PIECEWISE_BEZIER_KNOTS.);
#2016 = CARTESIAN_POINT('',(125.,145.));
#2017 = CARTESIAN_POINT('',(175.,145.));
#2018 = ( GEOMETRIC_REPRESENTATION_CONTEXT(2) 
PARAMETRIC_REPRESENTATION_CONTEXT() REPRESENTATION_CONTEXT('2D SPACE',''
  ) );
#2019 = PCURVE('',#1755,#2020);
#2020 = DEFINITIONAL_REPRESENTATION('',(#2021),#2024);
#2021 = B_SPLINE_CURVE_WITH_KNOTS('',1,(#2022,#2023),.UNSPECIFIED.,.F.,
  .F.,(2,2),(50.,100.),.PIECEWISE_BEZIER_KNOTS.);
#2022 = CARTESIAN_POINT('',(-25.,0.));
#2023 = CARTESIAN_POINT('',(25.,0.));
#2024 = ( GEOMETRIC_REPRESENTATION_CONTEXT(2) 
PARAMETRIC_REPRESENTATION_CONTEXT() REPRESENTATION_CONTEXT('2D SPACE',''
  ) );
#2025 = ORIENTED_EDGE('',*,*,#1767,.T.);
#2026 = ORIENTED_EDGE('',*,*,#1983,.T.);
#2027 = ORIENTED_EDGE('',*,*,#2028,.T.);
#2028 = EDGE_CURVE('',#1955,#2029,#2031,.T.);
#2029 = VERTEX_POINT('',#2030);
#2030 = CARTESIAN_POINT('',(43.,-3.698433333425E-15,-30.2));
#2031 = SURFACE_CURVE('',#2032,(#2036,#2042),.PCURVE_S1.);
#2032 = LINE('',#2033,#2034);
#2033 = CARTESIAN_POINT('',(34.9,0.,-30.2));
#2034 = VECTOR('',#2035,1.);
#2035 = DIRECTION('',(1.,0.,0.));
#2036 = PCURVE('',#1780,#2037);
#2037 = DEFINITIONAL_REPRESENTATION('',(#2038),#2041);
#2038 = B_SPLINE_CURVE_WITH_KNOTS('',1,(#2039,#2040),.UNSPECIFIED.,.F.,
  .F.,(2,2),(9.99994E-02,8.1000006),.PIECEWISE_BEZIER_KNOTS.);
#2039 = CARTESIAN_POINT('',(119.8,44.9999994));
#2040 = CARTESIAN_POINT('',(119.8,53.0000006));
#2041 = ( GEOMETRIC_REPRESENTATION_CONTEXT(2) 
PARAMETRIC_REPRESENTATION_CONTEXT() REPRESENTATION_CONTEXT('2D SPACE',''
  ) );
#2042 = PCURVE('',#1971,#2043);
#2043 = DEFINITIONAL_REPRESENTATION('',(#2044),#2047);
#2044 = B_SPLINE_CURVE_WITH_KNOTS('',1,(#2045,#2046),.UNSPECIFIED.,.F.,
  .F.,(2,2),(9.99994E-02,8.1000006),.PIECEWISE_BEZIER_KNOTS.);
#2045 = CARTESIAN_POINT('',(3.14159265359,9.99994E-02));
#2046 = CARTESIAN_POINT('',(3.14159265359,8.1000006));
#2047 = ( GEOMETRIC_REPRESENTATION_CONTEXT(2) 
PARAMETRIC_REPRESENTATION_CONTEXT() REPRESENTATION_CONTEXT('2D SPACE',''
  ) );
#2048 = ORIENTED_EDGE('',*,*,#2049,.T.);
#2049 = EDGE_CURVE('',#2029,#2050,#2052,.T.);
#2050 = VERTEX_POINT('',#2051);
#2051 = CARTESIAN_POINT('',(43.,-2.571758278209E-15,-21.));
#2052 = SURFACE_CURVE('',#2053,(#2057,#2063),.PCURVE_S1.);
#2053 = LINE('',#2054,#2055);
#2054 = CARTESIAN_POINT('',(43.,0.,-115.));
#2055 = VECTOR('',#2056,1.);
#2056 = DIRECTION('',(0.,0.,1.));
#2057 = PCURVE('',#1780,#2058);
#2058 = DEFINITIONAL_REPRESENTATION('',(#2059),#2062);
#2059 = B_SPLINE_CURVE_WITH_KNOTS('',1,(#2060,#2061),.UNSPECIFIED.,.F.,
  .F.,(2,2),(84.8,145.2),.PIECEWISE_BEZIER_KNOTS.);
#2060 = CARTESIAN_POINT('',(119.8,53.));
#2061 = CARTESIAN_POINT('',(180.2,53.));
#2062 = ( GEOMETRIC_REPRESENTATION_CONTEXT(2) 
PARAMETRIC_REPRESENTATION_CONTEXT() REPRESENTATION_CONTEXT('2D SPACE',''
  ) );
#2063 = PCURVE('',#2064,#2069);
#2064 = PLANE('',#2065);
#2065 = AXIS2_PLACEMENT_3D('',#2066,#2067,#2068);
#2066 = CARTESIAN_POINT('',(43.,-80.,-80.));
#2067 = DIRECTION('',(1.,0.,-0.));
#2068 = DIRECTION('',(0.,0.,1.));
#2069 = DEFINITIONAL_REPRESENTATION('',(#2070),#2073);
#2070 = B_SPLINE_CURVE_WITH_KNOTS('',1,(#2071,#2072),.UNSPECIFIED.,.F.,
  .F.,(2,2),(84.8,145.2),.PIECEWISE_BEZIER_KNOTS.);
#2071 = CARTESIAN_POINT('',(49.8,-80.));
#2072 = CARTESIAN_POINT('',(110.2,-80.));
#2073 = ( GEOMETRIC_REPRESENTATION_CONTEXT(2) 
PARAMETRIC_REPRESENTATION_CONTEXT() REPRESENTATION_CONTEXT('2D SPACE',''
  ) );
#2074 = ORIENTED_EDGE('',*,*,#2075,.T.);
#2075 = EDGE_CURVE('',#2050,#2076,#2078,.T.);
#2076 = VERTEX_POINT('',#2077);
#2077 = CARTESIAN_POINT('',(46.,-2.571758278209E-15,-21.));
#2078 = SURFACE_CURVE('',#2079,(#2083,#2089),.PCURVE_S1.);
#2079 = LINE('',#2080,#2081);
#2080 = CARTESIAN_POINT('',(42.9,0.,-21.));
#2081 = VECTOR('',#2082,1.);
#2082 = DIRECTION('',(1.,0.,0.));
#2083 = PCURVE('',#1780,#2084);
#2084 = DEFINITIONAL_REPRESENTATION('',(#2085),#2088);
#2085 = B_SPLINE_CURVE_WITH_KNOTS('',1,(#2086,#2087),.UNSPECIFIED.,.F.,
  .F.,(2,2),(9.99994E-02,3.1000006),.PIECEWISE_BEZIER_KNOTS.);
#2086 = CARTESIAN_POINT('',(129.,52.9999994));
#2087 = CARTESIAN_POINT('',(129.,56.0000006));
#2088 = ( GEOMETRIC_REPRESENTATION_CONTEXT(2) 
PARAMETRIC_REPRESENTATION_CONTEXT() REPRESENTATION_CONTEXT('2D SPACE',''
  ) );
#2089 = PCURVE('',#2090,#2095);
#2090 = CYLINDRICAL_SURFACE('',#2091,21.);
#2091 = AXIS2_PLACEMENT_3D('',#2092,#2093,#2094);
#2092 = CARTESIAN_POINT('',(42.9,0.,0.));
#2093 = DIRECTION('',(1.,0.,0.));
#2094 = DIRECTION('',(-0.,0.,1.));
#2095 = DEFINITIONAL_REPRESENTATION('',(#2096),#2099);
#2096 = B_SPLINE_CURVE_WITH_KNOTS('',1,(#2097,#2098),.UNSPECIFIED.,.F.,
  .F.,(2,2),(9.99994E-02,3.1000006),.PIECEWISE_BEZIER_KNOTS.);
#2097 = CARTESIAN_POINT('',(3.14159265359,9.99994E-02));
#2098 = CARTESIAN_POINT('',(3.14159265359,3.1000006));
#2099 = ( GEOMETRIC_REPRESENTATION_CONTEXT(2) 
PARAMETRIC_REPRESENTATION_CONTEXT() REPRESENTATION_CONTEXT('2D SPACE',''
  ) );
#2100 = ORIENTED_EDGE('',*,*,#2101,.F.);
#2101 = EDGE_CURVE('',#2102,#2076,#2104,.T.);
#2102 = VERTEX_POINT('',#2103);
#2103 = CARTESIAN_POINT('',(46.,-3.843863948829E-15,-31.38753109472));
#2104 = SURFACE_CURVE('',#2105,(#2109,#2115),.PCURVE_S1.);
#2105 = LINE('',#2106,#2107);
#2106 = CARTESIAN_POINT('',(46.,0.,-115.));
#2107 = VECTOR('',#2108,1.);
#2108 = DIRECTION('',(0.,0.,1.));
#2109 = PCURVE('',#1780,#2110);
#2110 = DEFINITIONAL_REPRESENTATION('',(#2111),#2114);
#2111 = B_SPLINE_CURVE_WITH_KNOTS('',1,(#2112,#2113),.UNSPECIFIED.,.F.,
  .F.,(2,2),(83.61246890528,146.38753109472),.PIECEWISE_BEZIER_KNOTS.);
#2112 = CARTESIAN_POINT('',(118.61246890528,56.));
#2113 = CARTESIAN_POINT('',(181.38753109472,56.));
#2114 = ( GEOMETRIC_REPRESENTATION_CONTEXT(2) 
PARAMETRIC_REPRESENTATION_CONTEXT() REPRESENTATION_CONTEXT('2D SPACE',''
  ) );
#2115 = PCURVE('',#2116,#2121);
#2116 = PLANE('',#2117);
#2117 = AXIS2_PLACEMENT_3D('',#2118,#2119,#2120);
#2118 = CARTESIAN_POINT('',(46.,-80.,-80.));
#2119 = DIRECTION('',(1.,0.,-0.));
#2120 = DIRECTION('',(0.,0.,1.));
#2121 = DEFINITIONAL_REPRESENTATION('',(#2122),#2125);
#2122 = B_SPLINE_CURVE_WITH_KNOTS('',1,(#2123,#2124),.UNSPECIFIED.,.F.,
  .F.,(2,2),(83.61246890528,146.38753109472),.PIECEWISE_BEZIER_KNOTS.);
#2123 = CARTESIAN_POINT('',(48.61246890528,-80.));
#2124 = CARTESIAN_POINT('',(111.38753109472,-80.));
#2125 = ( GEOMETRIC_REPRESENTATION_CONTEXT(2) 
PARAMETRIC_REPRESENTATION_CONTEXT() REPRESENTATION_CONTEXT('2D SPACE',''
  ) );
#2126 = ORIENTED_EDGE('',*,*,#2127,.F.);
#2127 = EDGE_CURVE('',#2128,#2102,#2130,.T.);
#2128 = VERTEX_POINT('',#2129);
#2129 = CARTESIAN_POINT('',(127.,-2.851900041519E-15,-23.28753109472));
#2130 = SURFACE_CURVE('',#2131,(#2135,#2141),.PCURVE_S1.);
#2131 = LINE('',#2132,#2133);
#2132 = CARTESIAN_POINT('',(359.87531094719,0.,0.));
#2133 = VECTOR('',#2134,1.);
#2134 = DIRECTION('',(-0.99503719021,-0.,-9.9503719021E-02));
#2135 = PCURVE('',#1780,#2136);
#2136 = DEFINITIONAL_REPRESENTATION('',(#2137),#2140);
#2137 = B_SPLINE_CURVE_WITH_KNOTS('',1,(#2138,#2139),.UNSPECIFIED.,.F.,
  .F.,(2,2),(234.03679102491,315.44078355599),.PIECEWISE_BEZIER_KNOTS.);
#2138 = CARTESIAN_POINT('',(126.71246890528,137.));
#2139 = CARTESIAN_POINT('',(118.61246890528,56.));
#2140 = ( GEOMETRIC_REPRESENTATION_CONTEXT(2) 
PARAMETRIC_REPRESENTATION_CONTEXT() REPRESENTATION_CONTEXT('2D SPACE',''
  ) );
#2141 = PCURVE('',#2142,#2147);
#2142 = CONICAL_SURFACE('',#2143,32.48753109472,9.966865249116E-02);
#2143 = AXIS2_PLACEMENT_3D('',#2144,#2145,#2146);
#2144 = CARTESIAN_POINT('',(35.,0.,0.));
#2145 = DIRECTION('',(-1.,-0.,-0.));
#2146 = DIRECTION('',(-0.,0.,1.));
#2147 = DEFINITIONAL_REPRESENTATION('',(#2148),#2151);
#2148 = B_SPLINE_CURVE_WITH_KNOTS('',1,(#2149,#2150),.UNSPECIFIED.,.F.,
  .F.,(2,2),(234.03679102491,315.44078355599),.PIECEWISE_BEZIER_KNOTS.);
#2149 = CARTESIAN_POINT('',(-3.14159265359,-92.));
#2150 = CARTESIAN_POINT('',(-3.14159265359,-11.));
#2151 = ( GEOMETRIC_REPRESENTATION_CONTEXT(2) 
PARAMETRIC_REPRESENTATION_CONTEXT() REPRESENTATION_CONTEXT('2D SPACE',''
  ) );
#2152 = ORIENTED_EDGE('',*,*,#2153,.T.);
#2153 = EDGE_CURVE('',#2128,#2154,#2156,.T.);
#2154 = VERTEX_POINT('',#2155);
#2155 = CARTESIAN_POINT('',(127.,-2.779948234064E-15,-22.7));
#2156 = SURFACE_CURVE('',#2157,(#2161,#2167),.PCURVE_S1.);
#2157 = LINE('',#2158,#2159);
#2158 = CARTESIAN_POINT('',(127.,0.,-115.));
#2159 = VECTOR('',#2160,1.);
#2160 = DIRECTION('',(0.,0.,1.));
#2161 = PCURVE('',#1780,#2162);
#2162 = DEFINITIONAL_REPRESENTATION('',(#2163),#2166);
#2163 = B_SPLINE_CURVE_WITH_KNOTS('',1,(#2164,#2165),.UNSPECIFIED.,.F.,
  .F.,(2,2),(91.71246890528,138.28753109472),.PIECEWISE_BEZIER_KNOTS.);
#2164 = CARTESIAN_POINT('',(126.71246890528,137.));
#2165 = CARTESIAN_POINT('',(173.28753109472,137.));
#2166 = ( GEOMETRIC_REPRESENTATION_CONTEXT(2) 
PARAMETRIC_REPRESENTATION_CONTEXT() REPRESENTATION_CONTEXT('2D SPACE',''
  ) );
#2167 = PCURVE('',#2168,#2173);
#2168 = PLANE('',#2169);
#2169 = AXIS2_PLACEMENT_3D('',#2170,#2171,#2172);
#2170 = CARTESIAN_POINT('',(127.,-80.,-80.));
#2171 = DIRECTION('',(1.,0.,-0.));
#2172 = DIRECTION('',(0.,0.,1.));
#2173 = DEFINITIONAL_REPRESENTATION('',(#2174),#2177);
#2174 = B_SPLINE_CURVE_WITH_KNOTS('',1,(#2175,#2176),.UNSPECIFIED.,.F.,
  .F.,(2,2),(91.71246890528,138.28753109472),.PIECEWISE_BEZIER_KNOTS.);
#2175 = CARTESIAN_POINT('',(56.71246890528,-80.));
#2176 = CARTESIAN_POINT('',(103.28753109472,-80.));
#2177 = ( GEOMETRIC_REPRESENTATION_CONTEXT(2) 
PARAMETRIC_REPRESENTATION_CONTEXT() REPRESENTATION_CONTEXT('2D SPACE',''
  ) );
#2178 = ORIENTED_EDGE('',*,*,#2179,.T.);
#2179 = EDGE_CURVE('',#2154,#2006,#2180,.T.);
#2180 = SURFACE_CURVE('',#2181,(#2185,#2191),.PCURVE_S1.);
#2181 = LINE('',#2182,#2183);
#2182 = CARTESIAN_POINT('',(127.,0.,-22.7));
#2183 = VECTOR('',#2184,1.);
#2184 = DIRECTION('',(1.,0.,0.));
#2185 = PCURVE('',#1780,#2186);
#2186 = DEFINITIONAL_REPRESENTATION('',(#2187),#2190);
#2187 = B_SPLINE_CURVE_WITH_KNOTS('',1,(#2188,#2189),.UNSPECIFIED.,.F.,
  .F.,(2,2),(-6.000000070117E-07,8.0000006),.PIECEWISE_BEZIER_KNOTS.);
#2188 = CARTESIAN_POINT('',(127.3,136.9999994));
#2189 = CARTESIAN_POINT('',(127.3,145.0000006));
#2190 = ( GEOMETRIC_REPRESENTATION_CONTEXT(2) 
PARAMETRIC_REPRESENTATION_CONTEXT() REPRESENTATION_CONTEXT('2D SPACE',''
  ) );
#2191 = PCURVE('',#2192,#2197);
#2192 = CYLINDRICAL_SURFACE('',#2193,22.7);
#2193 = AXIS2_PLACEMENT_3D('',#2194,#2195,#2196);
#2194 = CARTESIAN_POINT('',(127.,0.,0.));
#2195 = DIRECTION('',(1.,0.,0.));
#2196 = DIRECTION('',(-0.,0.,1.));
#2197 = DEFINITIONAL_REPRESENTATION('',(#2198),#2201);
#2198 = B_SPLINE_CURVE_WITH_KNOTS('',1,(#2199,#2200),.UNSPECIFIED.,.F.,
  .F.,(2,2),(-6.000000070117E-07,8.0000006),.PIECEWISE_BEZIER_KNOTS.);
#2199 = CARTESIAN_POINT('',(3.14159265359,-6.000000070117E-07));
#2200 = CARTESIAN_POINT('',(3.14159265359,8.0000006));
#2201 = ( GEOMETRIC_REPRESENTATION_CONTEXT(2) 
PARAMETRIC_REPRESENTATION_CONTEXT() REPRESENTATION_CONTEXT('2D SPACE',''
  ) );
#2202 = ADVANCED_FACE('',(#2203),#1755,.T.);
#2203 = FACE_BOUND('',#2204,.T.);
#2204 = EDGE_LOOP('',(#2205,#2206,#2227,#2249));
#2205 = ORIENTED_EDGE('',*,*,#1738,.T.);
#2206 = ORIENTED_EDGE('',*,*,#2207,.F.);
#2207 = EDGE_CURVE('',#2208,#1711,#2210,.T.);
#2208 = VERTEX_POINT('',#2209);
#2209 = CARTESIAN_POINT('',(135.,5.559896468129E-15,22.7));
#2210 = SURFACE_CURVE('',#2211,(#2215,#2221),.PCURVE_S1.);
#2211 = LINE('',#2212,#2213);
#2212 = CARTESIAN_POINT('',(135.,0.,-75.));
#2213 = VECTOR('',#2214,1.);
#2214 = DIRECTION('',(0.,-0.,1.));
#2215 = PCURVE('',#1755,#2216);
#2216 = DEFINITIONAL_REPRESENTATION('',(#2217),#2220);
#2217 = B_SPLINE_CURVE_WITH_KNOTS('',1,(#2218,#2219),.UNSPECIFIED.,.F.,
  .F.,(2,2),(50.,100.),.PIECEWISE_BEZIER_KNOTS.);
#2218 = CARTESIAN_POINT('',(-25.,0.));
#2219 = CARTESIAN_POINT('',(25.,0.));
#2220 = ( GEOMETRIC_REPRESENTATION_CONTEXT(2) 
PARAMETRIC_REPRESENTATION_CONTEXT() REPRESENTATION_CONTEXT('2D SPACE',''
  ) );
#2221 = PCURVE('',#1726,#2222);
#2222 = DEFINITIONAL_REPRESENTATION('',(#2223),#2226);
#2223 = B_SPLINE_CURVE_WITH_KNOTS('',1,(#2224,#2225),.UNSPECIFIED.,.F.,
  .F.,(2,2),(50.,100.),.PIECEWISE_BEZIER_KNOTS.);
#2224 = CARTESIAN_POINT('',(125.,145.));
#2225 = CARTESIAN_POINT('',(175.,145.));
#2226 = ( GEOMETRIC_REPRESENTATION_CONTEXT(2) 
PARAMETRIC_REPRESENTATION_CONTEXT() REPRESENTATION_CONTEXT('2D SPACE',''
  ) );
#2227 = ORIENTED_EDGE('',*,*,#2228,.F.);
#2228 = EDGE_CURVE('',#2006,#2208,#2229,.T.);
#2229 = SURFACE_CURVE('',#2230,(#2235,#2242),.PCURVE_S1.);
#2230 = CIRCLE('',#2231,22.7);
#2231 = AXIS2_PLACEMENT_3D('',#2232,#2233,#2234);
#2232 = CARTESIAN_POINT('',(135.,0.,0.));
#2233 = DIRECTION('',(1.,0.,0.));
#2234 = DIRECTION('',(-0.,0.,1.));
#2235 = PCURVE('',#1755,#2236);
#2236 = DEFINITIONAL_REPRESENTATION('',(#2237),#2241);
#2237 = CIRCLE('',#2238,22.7);
#2238 = AXIS2_PLACEMENT_2D('',#2239,#2240);
#2239 = CARTESIAN_POINT('',(0.,0.));
#2240 = DIRECTION('',(1.,0.));
#2241 = ( GEOMETRIC_REPRESENTATION_CONTEXT(2) 
PARAMETRIC_REPRESENTATION_CONTEXT() REPRESENTATION_CONTEXT('2D SPACE',''
  ) );
#2242 = PCURVE('',#2192,#2243);
#2243 = DEFINITIONAL_REPRESENTATION('',(#2244),#2248);
#2244 = LINE('',#2245,#2246);
#2245 = CARTESIAN_POINT('',(0.,8.));
#2246 = VECTOR('',#2247,1.);
#2247 = DIRECTION('',(1.,0.));
#2248 = ( GEOMETRIC_REPRESENTATION_CONTEXT(2) 
PARAMETRIC_REPRESENTATION_CONTEXT() REPRESENTATION_CONTEXT('2D SPACE',''
  ) );
#2249 = ORIENTED_EDGE('',*,*,#2005,.F.);
#2250 = ADVANCED_FACE('',(#2251),#1726,.F.);
#2251 = FACE_BOUND('',#2252,.F.);
#2252 = EDGE_LOOP('',(#2253,#2254,#2255,#2256,#2279,#2300,#2323,#2344,
    #2367,#2388));
#2253 = ORIENTED_EDGE('',*,*,#1933,.T.);
#2254 = ORIENTED_EDGE('',*,*,#1710,.T.);
#2255 = ORIENTED_EDGE('',*,*,#2207,.F.);
#2256 = ORIENTED_EDGE('',*,*,#2257,.F.);
#2257 = EDGE_CURVE('',#2258,#2208,#2260,.T.);
#2258 = VERTEX_POINT('',#2259);
#2259 = CARTESIAN_POINT('',(127.,5.559896468129E-15,22.7));
#2260 = SURFACE_CURVE('',#2261,(#2265,#2272),.PCURVE_S1.);
#2261 = LINE('',#2262,#2263);
#2262 = CARTESIAN_POINT('',(127.,5.559896468129E-15,22.7));
#2263 = VECTOR('',#2264,1.);
#2264 = DIRECTION('',(1.,0.,0.));
#2265 = PCURVE('',#1726,#2266);
#2266 = DEFINITIONAL_REPRESENTATION('',(#2267),#2271);
#2267 = LINE('',#2268,#2269);
#2268 = CARTESIAN_POINT('',(172.7,137.));
#2269 = VECTOR('',#2270,1.);
#2270 = DIRECTION('',(0.,1.));
#2271 = ( GEOMETRIC_REPRESENTATION_CONTEXT(2) 
PARAMETRIC_REPRESENTATION_CONTEXT() REPRESENTATION_CONTEXT('2D SPACE',''
  ) );
#2272 = PCURVE('',#2192,#2273);
#2273 = DEFINITIONAL_REPRESENTATION('',(#2274),#2278);
#2274 = LINE('',#2275,#2276);
#2275 = CARTESIAN_POINT('',(6.28318530718,0.));
#2276 = VECTOR('',#2277,1.);
#2277 = DIRECTION('',(0.,1.));
#2278 = ( GEOMETRIC_REPRESENTATION_CONTEXT(2) 
PARAMETRIC_REPRESENTATION_CONTEXT() REPRESENTATION_CONTEXT('2D SPACE',''
  ) );
#2279 = ORIENTED_EDGE('',*,*,#2280,.T.);
#2280 = EDGE_CURVE('',#2258,#2281,#2283,.T.);
#2281 = VERTEX_POINT('',#2282);
#2282 = CARTESIAN_POINT('',(127.,5.703800083039E-15,23.28753109472));
#2283 = SURFACE_CURVE('',#2284,(#2288,#2294),.PCURVE_S1.);
#2284 = LINE('',#2285,#2286);
#2285 = CARTESIAN_POINT('',(127.,0.,-115.));
#2286 = VECTOR('',#2287,1.);
#2287 = DIRECTION('',(0.,0.,1.));
#2288 = PCURVE('',#1726,#2289);
#2289 = DEFINITIONAL_REPRESENTATION('',(#2290),#2293);
#2290 = B_SPLINE_CURVE_WITH_KNOTS('',1,(#2291,#2292),.UNSPECIFIED.,.F.,
  .F.,(2,2),(91.71246890528,138.28753109472),.PIECEWISE_BEZIER_KNOTS.);
#2291 = CARTESIAN_POINT('',(126.71246890528,137.));
#2292 = CARTESIAN_POINT('',(173.28753109472,137.));
#2293 = ( GEOMETRIC_REPRESENTATION_CONTEXT(2) 
PARAMETRIC_REPRESENTATION_CONTEXT() REPRESENTATION_CONTEXT('2D SPACE',''
  ) );
#2294 = PCURVE('',#2168,#2295);
#2295 = DEFINITIONAL_REPRESENTATION('',(#2296),#2299);
#2296 = B_SPLINE_CURVE_WITH_KNOTS('',1,(#2297,#2298),.UNSPECIFIED.,.F.,
  .F.,(2,2),(91.71246890528,138.28753109472),.PIECEWISE_BEZIER_KNOTS.);
#2297 = CARTESIAN_POINT('',(56.71246890528,-80.));
#2298 = CARTESIAN_POINT('',(103.28753109472,-80.));
#2299 = ( GEOMETRIC_REPRESENTATION_CONTEXT(2) 
PARAMETRIC_REPRESENTATION_CONTEXT() REPRESENTATION_CONTEXT('2D SPACE',''
  ) );
#2300 = ORIENTED_EDGE('',*,*,#2301,.F.);
#2301 = EDGE_CURVE('',#2302,#2281,#2304,.T.);
#2302 = VERTEX_POINT('',#2303);
#2303 = CARTESIAN_POINT('',(46.,7.687727897657E-15,31.38753109472));
#2304 = SURFACE_CURVE('',#2305,(#2309,#2316),.PCURVE_S1.);
#2305 = LINE('',#2306,#2307);
#2306 = CARTESIAN_POINT('',(35.,7.95715019347E-15,32.48753109472));
#2307 = VECTOR('',#2308,1.);
#2308 = DIRECTION('',(0.99503719021,-2.437138220046E-17,
    -9.9503719021E-02));
#2309 = PCURVE('',#1726,#2310);
#2310 = DEFINITIONAL_REPRESENTATION('',(#2311),#2315);
#2311 = LINE('',#2312,#2313);
#2312 = CARTESIAN_POINT('',(182.48753109472,45.));
#2313 = VECTOR('',#2314,1.);
#2314 = DIRECTION('',(-9.9503719021E-02,0.99503719021));
#2315 = ( GEOMETRIC_REPRESENTATION_CONTEXT(2) 
PARAMETRIC_REPRESENTATION_CONTEXT() REPRESENTATION_CONTEXT('2D SPACE',''
  ) );
#2316 = PCURVE('',#2142,#2317);
#2317 = DEFINITIONAL_REPRESENTATION('',(#2318),#2322);
#2318 = LINE('',#2319,#2320);
#2319 = CARTESIAN_POINT('',(-6.28318530718,0.));
#2320 = VECTOR('',#2321,1.);
#2321 = DIRECTION('',(-0.,-1.));
#2322 = ( GEOMETRIC_REPRESENTATION_CONTEXT(2) 
PARAMETRIC_REPRESENTATION_CONTEXT() REPRESENTATION_CONTEXT('2D SPACE',''
  ) );
#2323 = ORIENTED_EDGE('',*,*,#2324,.F.);
#2324 = EDGE_CURVE('',#2325,#2302,#2327,.T.);
#2325 = VERTEX_POINT('',#2326);
#2326 = CARTESIAN_POINT('',(46.,5.143516556419E-15,21.));
#2327 = SURFACE_CURVE('',#2328,(#2332,#2338),.PCURVE_S1.);
#2328 = LINE('',#2329,#2330);
#2329 = CARTESIAN_POINT('',(46.,0.,-115.));
#2330 = VECTOR('',#2331,1.);
#2331 = DIRECTION('',(0.,0.,1.));
#2332 = PCURVE('',#1726,#2333);
#2333 = DEFINITIONAL_REPRESENTATION('',(#2334),#2337);
#2334 = B_SPLINE_CURVE_WITH_KNOTS('',1,(#2335,#2336),.UNSPECIFIED.,.F.,
  .F.,(2,2),(83.61246890528,146.38753109472),.PIECEWISE_BEZIER_KNOTS.);
#2335 = CARTESIAN_POINT('',(118.61246890528,56.));
#2336 = CARTESIAN_POINT('',(181.38753109472,56.));
#2337 = ( GEOMETRIC_REPRESENTATION_CONTEXT(2) 
PARAMETRIC_REPRESENTATION_CONTEXT() REPRESENTATION_CONTEXT('2D SPACE',''
  ) );
#2338 = PCURVE('',#2116,#2339);
#2339 = DEFINITIONAL_REPRESENTATION('',(#2340),#2343);
#2340 = B_SPLINE_CURVE_WITH_KNOTS('',1,(#2341,#2342),.UNSPECIFIED.,.F.,
  .F.,(2,2),(83.61246890528,146.38753109472),.PIECEWISE_BEZIER_KNOTS.);
#2341 = CARTESIAN_POINT('',(48.61246890528,-80.));
#2342 = CARTESIAN_POINT('',(111.38753109472,-80.));
#2343 = ( GEOMETRIC_REPRESENTATION_CONTEXT(2) 
PARAMETRIC_REPRESENTATION_CONTEXT() REPRESENTATION_CONTEXT('2D SPACE',''
  ) );
#2344 = ORIENTED_EDGE('',*,*,#2345,.F.);
#2345 = EDGE_CURVE('',#2346,#2325,#2348,.T.);
#2346 = VERTEX_POINT('',#2347);
#2347 = CARTESIAN_POINT('',(43.,5.143516556419E-15,21.));
#2348 = SURFACE_CURVE('',#2349,(#2353,#2360),.PCURVE_S1.);
#2349 = LINE('',#2350,#2351);
#2350 = CARTESIAN_POINT('',(42.9,5.143516556419E-15,21.));
#2351 = VECTOR('',#2352,1.);
#2352 = DIRECTION('',(1.,0.,0.));
#2353 = PCURVE('',#1726,#2354);
#2354 = DEFINITIONAL_REPRESENTATION('',(#2355),#2359);
#2355 = LINE('',#2356,#2357);
#2356 = CARTESIAN_POINT('',(171.,52.9));
#2357 = VECTOR('',#2358,1.);
#2358 = DIRECTION('',(0.,1.));
#2359 = ( GEOMETRIC_REPRESENTATION_CONTEXT(2) 
PARAMETRIC_REPRESENTATION_CONTEXT() REPRESENTATION_CONTEXT('2D SPACE',''
  ) );
#2360 = PCURVE('',#2090,#2361);
#2361 = DEFINITIONAL_REPRESENTATION('',(#2362),#2366);
#2362 = LINE('',#2363,#2364);
#2363 = CARTESIAN_POINT('',(6.28318530718,-0.));
#2364 = VECTOR('',#2365,1.);
#2365 = DIRECTION('',(0.,1.));
#2366 = ( GEOMETRIC_REPRESENTATION_CONTEXT(2) 
PARAMETRIC_REPRESENTATION_CONTEXT() REPRESENTATION_CONTEXT('2D SPACE',''
  ) );
#2367 = ORIENTED_EDGE('',*,*,#2368,.T.);
#2368 = EDGE_CURVE('',#2346,#2369,#2371,.T.);
#2369 = VERTEX_POINT('',#2370);
#2370 = CARTESIAN_POINT('',(43.,7.39686666685E-15,30.2));
#2371 = SURFACE_CURVE('',#2372,(#2376,#2382),.PCURVE_S1.);
#2372 = LINE('',#2373,#2374);
#2373 = CARTESIAN_POINT('',(43.,0.,-115.));
#2374 = VECTOR('',#2375,1.);
#2375 = DIRECTION('',(0.,0.,1.));
#2376 = PCURVE('',#1726,#2377);
#2377 = DEFINITIONAL_REPRESENTATION('',(#2378),#2381);
#2378 = B_SPLINE_CURVE_WITH_KNOTS('',1,(#2379,#2380),.UNSPECIFIED.,.F.,
  .F.,(2,2),(84.8,145.2),.PIECEWISE_BEZIER_KNOTS.);
#2379 = CARTESIAN_POINT('',(119.8,53.));
#2380 = CARTESIAN_POINT('',(180.2,53.));
#2381 = ( GEOMETRIC_REPRESENTATION_CONTEXT(2) 
PARAMETRIC_REPRESENTATION_CONTEXT() REPRESENTATION_CONTEXT('2D SPACE',''
  ) );
#2382 = PCURVE('',#2064,#2383);
#2383 = DEFINITIONAL_REPRESENTATION('',(#2384),#2387);
#2384 = B_SPLINE_CURVE_WITH_KNOTS('',1,(#2385,#2386),.UNSPECIFIED.,.F.,
  .F.,(2,2),(84.8,145.2),.PIECEWISE_BEZIER_KNOTS.);
#2385 = CARTESIAN_POINT('',(49.8,-80.));
#2386 = CARTESIAN_POINT('',(110.2,-80.));
#2387 = ( GEOMETRIC_REPRESENTATION_CONTEXT(2) 
PARAMETRIC_REPRESENTATION_CONTEXT() REPRESENTATION_CONTEXT('2D SPACE',''
  ) );
#2388 = ORIENTED_EDGE('',*,*,#2389,.F.);
#2389 = EDGE_CURVE('',#1934,#2369,#2390,.T.);
#2390 = SURFACE_CURVE('',#2391,(#2395,#2402),.PCURVE_S1.);
#2391 = LINE('',#2392,#2393);
#2392 = CARTESIAN_POINT('',(34.9,7.39686666685E-15,30.2));
#2393 = VECTOR('',#2394,1.);
#2394 = DIRECTION('',(1.,0.,0.));
#2395 = PCURVE('',#1726,#2396);
#2396 = DEFINITIONAL_REPRESENTATION('',(#2397),#2401);
#2397 = LINE('',#2398,#2399);
#2398 = CARTESIAN_POINT('',(180.2,44.9));
#2399 = VECTOR('',#2400,1.);
#2400 = DIRECTION('',(0.,1.));
#2401 = ( GEOMETRIC_REPRESENTATION_CONTEXT(2) 
PARAMETRIC_REPRESENTATION_CONTEXT() REPRESENTATION_CONTEXT('2D SPACE',''
  ) );
#2402 = PCURVE('',#1971,#2403);
#2403 = DEFINITIONAL_REPRESENTATION('',(#2404),#2408);
#2404 = LINE('',#2405,#2406);
#2405 = CARTESIAN_POINT('',(6.28318530718,-0.));
#2406 = VECTOR('',#2407,1.);
#2407 = DIRECTION('',(0.,1.));
#2408 = ( GEOMETRIC_REPRESENTATION_CONTEXT(2) 
PARAMETRIC_REPRESENTATION_CONTEXT() REPRESENTATION_CONTEXT('2D SPACE',''
  ) );
#2409 = ADVANCED_FACE('',(#2410),#1817,.F.);
#2410 = FACE_BOUND('',#2411,.F.);
#2411 = EDGE_LOOP('',(#2412,#2435,#2464,#2485));
#2412 = ORIENTED_EDGE('',*,*,#2413,.F.);
#2413 = EDGE_CURVE('',#2414,#1796,#2416,.T.);
#2414 = VERTEX_POINT('',#2415);
#2415 = CARTESIAN_POINT('',(93.38477631085,26.649053463635,
    7.105427357601E-15));
#2416 = SURFACE_CURVE('',#2417,(#2421,#2428),.PCURVE_S1.);
#2417 = LINE('',#2418,#2419);
#2418 = CARTESIAN_POINT('',(93.38477631085,0.,7.105427357601E-15));
#2419 = VECTOR('',#2420,1.);
#2420 = DIRECTION('',(0.,1.,0.));
#2421 = PCURVE('',#1817,#2422);
#2422 = DEFINITIONAL_REPRESENTATION('',(#2423),#2427);
#2423 = LINE('',#2424,#2425);
#2424 = CARTESIAN_POINT('',(26.,0.));
#2425 = VECTOR('',#2426,1.);
#2426 = DIRECTION('',(0.,-1.));
#2427 = ( GEOMETRIC_REPRESENTATION_CONTEXT(2) 
PARAMETRIC_REPRESENTATION_CONTEXT() REPRESENTATION_CONTEXT('2D SPACE',''
  ) );
#2428 = PCURVE('',#1851,#2429);
#2429 = DEFINITIONAL_REPRESENTATION('',(#2430),#2434);
#2430 = LINE('',#2431,#2432);
#2431 = CARTESIAN_POINT('',(26.,0.));
#2432 = VECTOR('',#2433,1.);
#2433 = DIRECTION('',(0.,1.));
#2434 = ( GEOMETRIC_REPRESENTATION_CONTEXT(2) 
PARAMETRIC_REPRESENTATION_CONTEXT() REPRESENTATION_CONTEXT('2D SPACE',''
  ) );
#2435 = ORIENTED_EDGE('',*,*,#2436,.F.);
#2436 = EDGE_CURVE('',#2437,#2414,#2439,.T.);
#2437 = VERTEX_POINT('',#2438);
#2438 = CARTESIAN_POINT('',(75.,21.760961097172,-18.38477631085));
#2439 = SURFACE_CURVE('',#2440,(#2445,#2452),.PCURVE_S1.);
#2440 = ELLIPSE('',#2441,38.068134174422,26.783306471817);
#2441 = AXIS2_PLACEMENT_3D('',#2442,#2443,#2444);
#2442 = CARTESIAN_POINT('',(90.692952728665,0.,-2.691823582185));
#2443 = DIRECTION('',(0.707106781187,0.,-0.707106781187));
#2444 = DIRECTION('',(-0.707106781187,-0.,-0.707106781187));
#2445 = PCURVE('',#1817,#2446);
#2446 = DEFINITIONAL_REPRESENTATION('',(#2447),#2451);
#2447 = ELLIPSE('',#2448,38.068134174422,26.783306471817);
#2448 = AXIS2_PLACEMENT_2D('',#2449,#2450);
#2449 = CARTESIAN_POINT('',(22.193186582558,0.));
#2450 = DIRECTION('',(-1.,0.));
#2451 = ( GEOMETRIC_REPRESENTATION_CONTEXT(2) 
PARAMETRIC_REPRESENTATION_CONTEXT() REPRESENTATION_CONTEXT('2D SPACE',''
  ) );
#2452 = PCURVE('',#2142,#2453);
#2453 = DEFINITIONAL_REPRESENTATION('',(#2454),#2463);
#2454 = B_SPLINE_CURVE_WITH_KNOTS('',7,(#2455,#2456,#2457,#2458,#2459,
    #2460,#2461,#2462),.UNSPECIFIED.,.F.,.F.,(8,8),(0.861520358268,
    1.739899713667),.PIECEWISE_BEZIER_KNOTS.);
#2455 = CARTESIAN_POINT('',(-3.929477279231,-38.16152236891));
#2456 = CARTESIAN_POINT('',(-4.046696732475,-40.72469136079));
#2457 = CARTESIAN_POINT('',(-4.16513875418,-43.60991713164));
#2458 = CARTESIAN_POINT('',(-4.285018328238,-46.75127831569));
#2459 = CARTESIAN_POINT('',(-4.406521797693,-50.07043408178));
#2460 = CARTESIAN_POINT('',(-4.529794619152,-53.48084269761));
#2461 = CARTESIAN_POINT('',(-4.654921683797,-56.89365964943));
#2462 = CARTESIAN_POINT('',(-4.781912699528,-60.22325394193));
#2463 = ( GEOMETRIC_REPRESENTATION_CONTEXT(2) 
PARAMETRIC_REPRESENTATION_CONTEXT() REPRESENTATION_CONTEXT('2D SPACE',''
  ) );
#2464 = ORIENTED_EDGE('',*,*,#2465,.T.);
#2465 = EDGE_CURVE('',#2437,#1794,#2466,.T.);
#2466 = SURFACE_CURVE('',#2467,(#2471,#2478),.PCURVE_S1.);
#2467 = LINE('',#2468,#2469);
#2468 = CARTESIAN_POINT('',(75.,0.,-18.38477631085));
#2469 = VECTOR('',#2470,1.);
#2470 = DIRECTION('',(0.,1.,0.));
#2471 = PCURVE('',#1817,#2472);
#2472 = DEFINITIONAL_REPRESENTATION('',(#2473),#2477);
#2473 = LINE('',#2474,#2475);
#2474 = CARTESIAN_POINT('',(0.,0.));
#2475 = VECTOR('',#2476,1.);
#2476 = DIRECTION('',(0.,-1.));
#2477 = ( GEOMETRIC_REPRESENTATION_CONTEXT(2) 
PARAMETRIC_REPRESENTATION_CONTEXT() REPRESENTATION_CONTEXT('2D SPACE',''
  ) );
#2478 = PCURVE('',#1917,#2479);
#2479 = DEFINITIONAL_REPRESENTATION('',(#2480),#2484);
#2480 = LINE('',#2481,#2482);
#2481 = CARTESIAN_POINT('',(26.,0.));
#2482 = VECTOR('',#2483,1.);
#2483 = DIRECTION('',(0.,1.));
#2484 = ( GEOMETRIC_REPRESENTATION_CONTEXT(2) 
PARAMETRIC_REPRESENTATION_CONTEXT() REPRESENTATION_CONTEXT('2D SPACE',''
  ) );
#2485 = ORIENTED_EDGE('',*,*,#1793,.T.);
#2486 = ADVANCED_FACE('',(#2487),#1917,.T.);
#2487 = FACE_BOUND('',#2488,.T.);
#2488 = EDGE_LOOP('',(#2489,#2512,#2539,#2540));
#2489 = ORIENTED_EDGE('',*,*,#2490,.F.);
#2490 = EDGE_CURVE('',#2491,#1864,#2493,.T.);
#2491 = VERTEX_POINT('',#2492);
#2492 = CARTESIAN_POINT('',(56.61522368915,30.326008725805,
    -7.105427357601E-15));
#2493 = SURFACE_CURVE('',#2494,(#2498,#2505),.PCURVE_S1.);
#2494 = LINE('',#2495,#2496);
#2495 = CARTESIAN_POINT('',(56.61522368915,0.,-7.105427357601E-15));
#2496 = VECTOR('',#2497,1.);
#2497 = DIRECTION('',(0.,1.,0.));
#2498 = PCURVE('',#1917,#2499);
#2499 = DEFINITIONAL_REPRESENTATION('',(#2500),#2504);
#2500 = LINE('',#2501,#2502);
#2501 = CARTESIAN_POINT('',(0.,0.));
#2502 = VECTOR('',#2503,1.);
#2503 = DIRECTION('',(0.,1.));
#2504 = ( GEOMETRIC_REPRESENTATION_CONTEXT(2) 
PARAMETRIC_REPRESENTATION_CONTEXT() REPRESENTATION_CONTEXT('2D SPACE',''
  ) );
#2505 = PCURVE('',#1885,#2506);
#2506 = DEFINITIONAL_REPRESENTATION('',(#2507),#2511);
#2507 = LINE('',#2508,#2509);
#2508 = CARTESIAN_POINT('',(0.,0.));
#2509 = VECTOR('',#2510,1.);
#2510 = DIRECTION('',(0.,-1.));
#2511 = ( GEOMETRIC_REPRESENTATION_CONTEXT(2) 
PARAMETRIC_REPRESENTATION_CONTEXT() REPRESENTATION_CONTEXT('2D SPACE',''
  ) );
#2512 = ORIENTED_EDGE('',*,*,#2513,.F.);
#2513 = EDGE_CURVE('',#2437,#2491,#2514,.T.);
#2514 = SURFACE_CURVE('',#2515,(#2520,#2527),.PCURVE_S1.);
#2515 = ELLIPSE('',#2516,43.320659426947,30.478785555315);
#2516 = AXIS2_PLACEMENT_3D('',#2517,#2518,#2519);
#2517 = CARTESIAN_POINT('',(53.551990484523,0.,3.063233204627));
#2518 = DIRECTION('',(0.707106781187,0.,0.707106781187));
#2519 = DIRECTION('',(-0.707106781187,-0.,0.707106781187));
#2520 = PCURVE('',#1917,#2521);
#2521 = DEFINITIONAL_REPRESENTATION('',(#2522),#2526);
#2522 = ELLIPSE('',#2523,43.320659426947,30.478785555315);
#2523 = AXIS2_PLACEMENT_2D('',#2524,#2525);
#2524 = CARTESIAN_POINT('',(-4.332065942695,0.));
#2525 = DIRECTION('',(-1.,0.));
#2526 = ( GEOMETRIC_REPRESENTATION_CONTEXT(2) 
PARAMETRIC_REPRESENTATION_CONTEXT() REPRESENTATION_CONTEXT('2D SPACE',''
  ) );
#2527 = PCURVE('',#2142,#2528);
#2528 = DEFINITIONAL_REPRESENTATION('',(#2529),#2538);
#2529 = B_SPLINE_CURVE_WITH_KNOTS('',7,(#2530,#2531,#2532,#2533,#2534,
    #2535,#2536,#2537),.UNSPECIFIED.,.F.,.F.,(8,8),(3.84877871732,
    4.672395873704),.PIECEWISE_BEZIER_KNOTS.);
#2530 = CARTESIAN_POINT('',(-3.916466046743,-41.83847763108));
#2531 = CARTESIAN_POINT('',(-4.043167631304,-39.4968469048));
#2532 = CARTESIAN_POINT('',(-4.168646275589,-36.77911422573));
#2533 = CARTESIAN_POINT('',(-4.292694625685,-33.73822833795));
#2534 = CARTESIAN_POINT('',(-4.415165923263,-30.43988955381));
#2535 = CARTESIAN_POINT('',(-4.535985802304,-26.95957638211));
#2536 = CARTESIAN_POINT('',(-4.655144218735,-23.3780518305));
#2537 = CARTESIAN_POINT('',(-4.772683989147,-19.77674605806));
#2538 = ( GEOMETRIC_REPRESENTATION_CONTEXT(2) 
PARAMETRIC_REPRESENTATION_CONTEXT() REPRESENTATION_CONTEXT('2D SPACE',''
  ) );
#2539 = ORIENTED_EDGE('',*,*,#2465,.T.);
#2540 = ORIENTED_EDGE('',*,*,#1897,.T.);
#2541 = ADVANCED_FACE('',(#2542),#1851,.F.);
#2542 = FACE_BOUND('',#2543,.F.);
#2543 = EDGE_LOOP('',(#2544,#2567,#2594,#2595));
#2544 = ORIENTED_EDGE('',*,*,#2545,.F.);
#2545 = EDGE_CURVE('',#2546,#1830,#2548,.T.);
#2546 = VERTEX_POINT('',#2547);
#2547 = CARTESIAN_POINT('',(75.,21.760961097172,18.38477631085));
#2548 = SURFACE_CURVE('',#2549,(#2553,#2560),.PCURVE_S1.);
#2549 = LINE('',#2550,#2551);
#2550 = CARTESIAN_POINT('',(75.,0.,18.38477631085));
#2551 = VECTOR('',#2552,1.);
#2552 = DIRECTION('',(0.,1.,0.));
#2553 = PCURVE('',#1851,#2554);
#2554 = DEFINITIONAL_REPRESENTATION('',(#2555),#2559);
#2555 = LINE('',#2556,#2557);
#2556 = CARTESIAN_POINT('',(0.,0.));
#2557 = VECTOR('',#2558,1.);
#2558 = DIRECTION('',(0.,1.));
#2559 = ( GEOMETRIC_REPRESENTATION_CONTEXT(2) 
PARAMETRIC_REPRESENTATION_CONTEXT() REPRESENTATION_CONTEXT('2D SPACE',''
  ) );
#2560 = PCURVE('',#1885,#2561);
#2561 = DEFINITIONAL_REPRESENTATION('',(#2562),#2566);
#2562 = LINE('',#2563,#2564);
#2563 = CARTESIAN_POINT('',(26.,0.));
#2564 = VECTOR('',#2565,1.);
#2565 = DIRECTION('',(0.,-1.));
#2566 = ( GEOMETRIC_REPRESENTATION_CONTEXT(2) 
PARAMETRIC_REPRESENTATION_CONTEXT() REPRESENTATION_CONTEXT('2D SPACE',''
  ) );
#2567 = ORIENTED_EDGE('',*,*,#2568,.F.);
#2568 = EDGE_CURVE('',#2414,#2546,#2569,.T.);
#2569 = SURFACE_CURVE('',#2570,(#2575,#2582),.PCURVE_S1.);
#2570 = ELLIPSE('',#2571,38.068134174422,26.783306471817);
#2571 = AXIS2_PLACEMENT_3D('',#2572,#2573,#2574);
#2572 = CARTESIAN_POINT('',(90.692952728665,0.,2.691823582185));
#2573 = DIRECTION('',(0.707106781187,0.,0.707106781187));
#2574 = DIRECTION('',(-0.707106781187,-0.,0.707106781187));
#2575 = PCURVE('',#1851,#2576);
#2576 = DEFINITIONAL_REPRESENTATION('',(#2577),#2581);
#2577 = ELLIPSE('',#2578,38.068134174422,26.783306471817);
#2578 = AXIS2_PLACEMENT_2D('',#2579,#2580);
#2579 = CARTESIAN_POINT('',(22.193186582558,0.));
#2580 = DIRECTION('',(-1.,0.));
#2581 = ( GEOMETRIC_REPRESENTATION_CONTEXT(2) 
PARAMETRIC_REPRESENTATION_CONTEXT() REPRESENTATION_CONTEXT('2D SPACE',''
  ) );
#2582 = PCURVE('',#2142,#2583);
#2583 = DEFINITIONAL_REPRESENTATION('',(#2584),#2593);
#2584 = B_SPLINE_CURVE_WITH_KNOTS('',7,(#2585,#2586,#2587,#2588,#2589,
    #2590,#2591,#2592),.UNSPECIFIED.,.F.,.F.,(8,8),(4.543285593512,
    5.421664948911),.PIECEWISE_BEZIER_KNOTS.);
#2585 = CARTESIAN_POINT('',(-4.642865261241,-60.22325394193));
#2586 = CARTESIAN_POINT('',(-4.769856276973,-56.89365964943));
#2587 = CARTESIAN_POINT('',(-4.894983341616,-53.48084269761));
#2588 = CARTESIAN_POINT('',(-5.01825616308,-50.0704340818));
#2589 = CARTESIAN_POINT('',(-5.139759632529,-46.75127831569));
#2590 = CARTESIAN_POINT('',(-5.259639206589,-43.60991713164));
#2591 = CARTESIAN_POINT('',(-5.378081228295,-40.72469136079));
#2592 = CARTESIAN_POINT('',(-5.495300681538,-38.16152236891));
#2593 = ( GEOMETRIC_REPRESENTATION_CONTEXT(2) 
PARAMETRIC_REPRESENTATION_CONTEXT() REPRESENTATION_CONTEXT('2D SPACE',''
  ) );
#2594 = ORIENTED_EDGE('',*,*,#2413,.T.);
#2595 = ORIENTED_EDGE('',*,*,#1829,.T.);
#2596 = ADVANCED_FACE('',(#2597),#1885,.T.);
#2597 = FACE_BOUND('',#2598,.T.);
#2598 = EDGE_LOOP('',(#2599,#2600,#2627,#2628));
#2599 = ORIENTED_EDGE('',*,*,#2545,.F.);
#2600 = ORIENTED_EDGE('',*,*,#2601,.F.);
#2601 = EDGE_CURVE('',#2491,#2546,#2602,.T.);
#2602 = SURFACE_CURVE('',#2603,(#2608,#2615),.PCURVE_S1.);
#2603 = ELLIPSE('',#2604,43.320659426947,30.478785555315);
#2604 = AXIS2_PLACEMENT_3D('',#2605,#2606,#2607);
#2605 = CARTESIAN_POINT('',(53.551990484523,0.,-3.063233204627));
#2606 = DIRECTION('',(0.707106781187,0.,-0.707106781187));
#2607 = DIRECTION('',(-0.707106781187,-0.,-0.707106781187));
#2608 = PCURVE('',#1885,#2609);
#2609 = DEFINITIONAL_REPRESENTATION('',(#2610),#2614);
#2610 = ELLIPSE('',#2611,43.320659426947,30.478785555315);
#2611 = AXIS2_PLACEMENT_2D('',#2612,#2613);
#2612 = CARTESIAN_POINT('',(-4.332065942695,0.));
#2613 = DIRECTION('',(-1.,0.));
#2614 = ( GEOMETRIC_REPRESENTATION_CONTEXT(2) 
PARAMETRIC_REPRESENTATION_CONTEXT() REPRESENTATION_CONTEXT('2D SPACE',''
  ) );
#2615 = PCURVE('',#2142,#2616);
#2616 = DEFINITIONAL_REPRESENTATION('',(#2617),#2626);
#2617 = B_SPLINE_CURVE_WITH_KNOTS('',7,(#2618,#2619,#2620,#2621,#2622,
    #2623,#2624,#2625),.UNSPECIFIED.,.F.,.F.,(8,8),(1.610789433476,
    2.43440658986),.PIECEWISE_BEZIER_KNOTS.);
#2618 = CARTESIAN_POINT('',(-4.652093971623,-19.77674605806));
#2619 = CARTESIAN_POINT('',(-4.769633742035,-23.3780518305));
#2620 = CARTESIAN_POINT('',(-4.888792158464,-26.95957638211));
#2621 = CARTESIAN_POINT('',(-5.009612037509,-30.43988955383));
#2622 = CARTESIAN_POINT('',(-5.132083335083,-33.73822833793));
#2623 = CARTESIAN_POINT('',(-5.256131685181,-36.77911422573));
#2624 = CARTESIAN_POINT('',(-5.381610329466,-39.4968469048));
#2625 = CARTESIAN_POINT('',(-5.508311914026,-41.83847763108));
#2626 = ( GEOMETRIC_REPRESENTATION_CONTEXT(2) 
PARAMETRIC_REPRESENTATION_CONTEXT() REPRESENTATION_CONTEXT('2D SPACE',''
  ) );
#2627 = ORIENTED_EDGE('',*,*,#2490,.T.);
#2628 = ORIENTED_EDGE('',*,*,#1863,.T.);
#2629 = ADVANCED_FACE('',(#2630),#1971,.F.);
#2630 = FACE_BOUND('',#2631,.F.);
#2631 = EDGE_LOOP('',(#2632,#2633,#2655,#2656));
#2632 = ORIENTED_EDGE('',*,*,#2389,.T.);
#2633 = ORIENTED_EDGE('',*,*,#2634,.F.);
#2634 = EDGE_CURVE('',#2029,#2369,#2635,.T.);
#2635 = SURFACE_CURVE('',#2636,(#2641,#2648),.PCURVE_S1.);
#2636 = CIRCLE('',#2637,30.2);
#2637 = AXIS2_PLACEMENT_3D('',#2638,#2639,#2640);
#2638 = CARTESIAN_POINT('',(43.,0.,0.));
#2639 = DIRECTION('',(1.,0.,0.));
#2640 = DIRECTION('',(-0.,0.,1.));
#2641 = PCURVE('',#1971,#2642);
#2642 = DEFINITIONAL_REPRESENTATION('',(#2643),#2647);
#2643 = LINE('',#2644,#2645);
#2644 = CARTESIAN_POINT('',(0.,8.1));
#2645 = VECTOR('',#2646,1.);
#2646 = DIRECTION('',(1.,0.));
#2647 = ( GEOMETRIC_REPRESENTATION_CONTEXT(2) 
PARAMETRIC_REPRESENTATION_CONTEXT() REPRESENTATION_CONTEXT('2D SPACE',''
  ) );
#2648 = PCURVE('',#2064,#2649);
#2649 = DEFINITIONAL_REPRESENTATION('',(#2650),#2654);
#2650 = CIRCLE('',#2651,30.2);
#2651 = AXIS2_PLACEMENT_2D('',#2652,#2653);
#2652 = CARTESIAN_POINT('',(80.,-80.));
#2653 = DIRECTION('',(1.,0.));
#2654 = ( GEOMETRIC_REPRESENTATION_CONTEXT(2) 
PARAMETRIC_REPRESENTATION_CONTEXT() REPRESENTATION_CONTEXT('2D SPACE',''
  ) );
#2655 = ORIENTED_EDGE('',*,*,#2028,.F.);
#2656 = ORIENTED_EDGE('',*,*,#1954,.T.);
#2657 = ADVANCED_FACE('',(#2658),#2192,.F.);
#2658 = FACE_BOUND('',#2659,.F.);
#2659 = EDGE_LOOP('',(#2660,#2661,#2662,#2663));
#2660 = ORIENTED_EDGE('',*,*,#2257,.T.);
#2661 = ORIENTED_EDGE('',*,*,#2228,.F.);
#2662 = ORIENTED_EDGE('',*,*,#2179,.F.);
#2663 = ORIENTED_EDGE('',*,*,#2664,.T.);
#2664 = EDGE_CURVE('',#2154,#2258,#2665,.T.);
#2665 = SURFACE_CURVE('',#2666,(#2671,#2677),.PCURVE_S1.);
#2666 = CIRCLE('',#2667,22.7);
#2667 = AXIS2_PLACEMENT_3D('',#2668,#2669,#2670);
#2668 = CARTESIAN_POINT('',(127.,0.,0.));
#2669 = DIRECTION('',(1.,0.,0.));
#2670 = DIRECTION('',(-0.,0.,1.));
#2671 = PCURVE('',#2192,#2672);
#2672 = DEFINITIONAL_REPRESENTATION('',(#2673),#2676);
#2673 = B_SPLINE_CURVE_WITH_KNOTS('',1,(#2674,#2675),.UNSPECIFIED.,.F.,
  .F.,(2,2),(0.,6.28318530718),.PIECEWISE_BEZIER_KNOTS.);
#2674 = CARTESIAN_POINT('',(0.,0.));
#2675 = CARTESIAN_POINT('',(6.28318530718,0.));
#2676 = ( GEOMETRIC_REPRESENTATION_CONTEXT(2) 
PARAMETRIC_REPRESENTATION_CONTEXT() REPRESENTATION_CONTEXT('2D SPACE',''
  ) );
#2677 = PCURVE('',#2168,#2678);
#2678 = DEFINITIONAL_REPRESENTATION('',(#2679),#2683);
#2679 = CIRCLE('',#2680,22.7);
#2680 = AXIS2_PLACEMENT_2D('',#2681,#2682);
#2681 = CARTESIAN_POINT('',(80.,-80.));
#2682 = DIRECTION('',(1.,0.));
#2683 = ( GEOMETRIC_REPRESENTATION_CONTEXT(2) 
PARAMETRIC_REPRESENTATION_CONTEXT() REPRESENTATION_CONTEXT('2D SPACE',''
  ) );
#2684 = ADVANCED_FACE('',(#2685),#2168,.F.);
#2685 = FACE_BOUND('',#2686,.F.);
#2686 = EDGE_LOOP('',(#2687,#2709,#2710,#2711));
#2687 = ORIENTED_EDGE('',*,*,#2688,.T.);
#2688 = EDGE_CURVE('',#2128,#2281,#2689,.T.);
#2689 = SURFACE_CURVE('',#2690,(#2695,#2702),.PCURVE_S1.);
#2690 = CIRCLE('',#2691,23.28753109472);
#2691 = AXIS2_PLACEMENT_3D('',#2692,#2693,#2694);
#2692 = CARTESIAN_POINT('',(127.,0.,0.));
#2693 = DIRECTION('',(1.,0.,0.));
#2694 = DIRECTION('',(-0.,0.,1.));
#2695 = PCURVE('',#2168,#2696);
#2696 = DEFINITIONAL_REPRESENTATION('',(#2697),#2701);
#2697 = CIRCLE('',#2698,23.28753109472);
#2698 = AXIS2_PLACEMENT_2D('',#2699,#2700);
#2699 = CARTESIAN_POINT('',(80.,-80.));
#2700 = DIRECTION('',(1.,0.));
#2701 = ( GEOMETRIC_REPRESENTATION_CONTEXT(2) 
PARAMETRIC_REPRESENTATION_CONTEXT() REPRESENTATION_CONTEXT('2D SPACE',''
  ) );
#2702 = PCURVE('',#2142,#2703);
#2703 = DEFINITIONAL_REPRESENTATION('',(#2704),#2708);
#2704 = LINE('',#2705,#2706);
#2705 = CARTESIAN_POINT('',(-0.,-92.));
#2706 = VECTOR('',#2707,1.);
#2707 = DIRECTION('',(-1.,-0.));
#2708 = ( GEOMETRIC_REPRESENTATION_CONTEXT(2) 
PARAMETRIC_REPRESENTATION_CONTEXT() REPRESENTATION_CONTEXT('2D SPACE',''
  ) );
#2709 = ORIENTED_EDGE('',*,*,#2280,.F.);
#2710 = ORIENTED_EDGE('',*,*,#2664,.F.);
#2711 = ORIENTED_EDGE('',*,*,#2153,.F.);
#2712 = ADVANCED_FACE('',(#2713,#2740,#2897),#2142,.F.);
#2713 = FACE_BOUND('',#2714,.F.);
#2714 = EDGE_LOOP('',(#2715,#2737,#2738,#2739));
#2715 = ORIENTED_EDGE('',*,*,#2716,.T.);
#2716 = EDGE_CURVE('',#2102,#2302,#2717,.T.);
#2717 = SURFACE_CURVE('',#2718,(#2723,#2730),.PCURVE_S1.);
#2718 = CIRCLE('',#2719,31.38753109472);
#2719 = AXIS2_PLACEMENT_3D('',#2720,#2721,#2722);
#2720 = CARTESIAN_POINT('',(46.,0.,0.));
#2721 = DIRECTION('',(1.,0.,0.));
#2722 = DIRECTION('',(-0.,0.,1.));
#2723 = PCURVE('',#2142,#2724);
#2724 = DEFINITIONAL_REPRESENTATION('',(#2725),#2729);
#2725 = LINE('',#2726,#2727);
#2726 = CARTESIAN_POINT('',(-0.,-11.));
#2727 = VECTOR('',#2728,1.);
#2728 = DIRECTION('',(-1.,-0.));
#2729 = ( GEOMETRIC_REPRESENTATION_CONTEXT(2) 
PARAMETRIC_REPRESENTATION_CONTEXT() REPRESENTATION_CONTEXT('2D SPACE',''
  ) );
#2730 = PCURVE('',#2116,#2731);
#2731 = DEFINITIONAL_REPRESENTATION('',(#2732),#2736);
#2732 = CIRCLE('',#2733,31.38753109472);
#2733 = AXIS2_PLACEMENT_2D('',#2734,#2735);
#2734 = CARTESIAN_POINT('',(80.,-80.));
#2735 = DIRECTION('',(1.,0.));
#2736 = ( GEOMETRIC_REPRESENTATION_CONTEXT(2) 
PARAMETRIC_REPRESENTATION_CONTEXT() REPRESENTATION_CONTEXT('2D SPACE',''
  ) );
#2737 = ORIENTED_EDGE('',*,*,#2301,.T.);
#2738 = ORIENTED_EDGE('',*,*,#2688,.F.);
#2739 = ORIENTED_EDGE('',*,*,#2127,.T.);
#2740 = FACE_BOUND('',#2741,.F.);
#2741 = EDGE_LOOP('',(#2742,#2773,#2806,#2839,#2871));
#2742 = ORIENTED_EDGE('',*,*,#2743,.F.);
#2743 = EDGE_CURVE('',#2744,#2746,#2748,.T.);
#2744 = VERTEX_POINT('',#2745);
#2745 = CARTESIAN_POINT('',(47.,17.,-26.2661303203));
#2746 = VERTEX_POINT('',#2747);
#2747 = CARTESIAN_POINT('',(47.,21.,-23.19287826042));
#2748 = SURFACE_CURVE('',#2749,(#2754,#2761),.PCURVE_S1.);
#2749 = CIRCLE('',#2750,31.28753109472);
#2750 = AXIS2_PLACEMENT_3D('',#2751,#2752,#2753);
#2751 = CARTESIAN_POINT('',(47.,0.,0.));
#2752 = DIRECTION('',(1.,0.,0.));
#2753 = DIRECTION('',(-0.,0.,1.));
#2754 = PCURVE('',#2142,#2755);
#2755 = DEFINITIONAL_REPRESENTATION('',(#2756),#2760);
#2756 = LINE('',#2757,#2758);
#2757 = CARTESIAN_POINT('',(-0.,-12.));
#2758 = VECTOR('',#2759,1.);
#2759 = DIRECTION('',(-1.,-0.));
#2760 = ( GEOMETRIC_REPRESENTATION_CONTEXT(2) 
PARAMETRIC_REPRESENTATION_CONTEXT() REPRESENTATION_CONTEXT('2D SPACE',''
  ) );
#2761 = PCURVE('',#2762,#2767);
#2762 = PLANE('',#2763);
#2763 = AXIS2_PLACEMENT_3D('',#2764,#2765,#2766);
#2764 = CARTESIAN_POINT('',(47.,17.,-35.));
#2765 = DIRECTION('',(1.,0.,-0.));
#2766 = DIRECTION('',(0.,0.,1.));
#2767 = DEFINITIONAL_REPRESENTATION('',(#2768),#2772);
#2768 = CIRCLE('',#2769,31.28753109472);
#2769 = AXIS2_PLACEMENT_2D('',#2770,#2771);
#2770 = CARTESIAN_POINT('',(35.,17.));
#2771 = DIRECTION('',(1.,0.));
#2772 = ( GEOMETRIC_REPRESENTATION_CONTEXT(2) 
PARAMETRIC_REPRESENTATION_CONTEXT() REPRESENTATION_CONTEXT('2D SPACE',''
  ) );
#2773 = ORIENTED_EDGE('',*,*,#2774,.T.);
#2774 = EDGE_CURVE('',#2744,#2775,#2777,.T.);
#2775 = VERTEX_POINT('',#2776);
#2776 = CARTESIAN_POINT('',(95.,17.,-20.31229439265));
#2777 = SURFACE_CURVE('',#2778,(#2783,#2794),.PCURVE_S1.);
#2778 = HYPERBOLA('',#2779,170.,17.);
#2779 = AXIS2_PLACEMENT_3D('',#2780,#2781,#2782);
#2780 = CARTESIAN_POINT('',(359.87531094719,17.,0.));
#2781 = DIRECTION('',(0.,1.,0.));
#2782 = DIRECTION('',(-1.,0.,-0.));
#2783 = PCURVE('',#2142,#2784);
#2784 = DEFINITIONAL_REPRESENTATION('',(#2785),#2793);
#2785 = B_SPLINE_CURVE_WITH_KNOTS('',6,(#2786,#2787,#2788,#2789,#2790,
    #2791,#2792),.UNSPECIFIED.,.F.,.F.,(7,7),(-1.223302991886,
    -0.988661714381),.PIECEWISE_BEZIER_KNOTS.);
#2786 = CARTESIAN_POINT('',(-3.713951367303,-11.));
#2787 = CARTESIAN_POINT('',(-3.735132292649,-21.31841600998));
#2788 = CARTESIAN_POINT('',(-3.757148786736,-31.06080252396));
#2789 = CARTESIAN_POINT('',(-3.780024946448,-40.25556427369));
#2790 = CARTESIAN_POINT('',(-3.80378196246,-48.92846349949));
#2791 = CARTESIAN_POINT('',(-3.828436592697,-57.10287915362));
#2792 = CARTESIAN_POINT('',(-3.853999071139,-64.8));
#2793 = ( GEOMETRIC_REPRESENTATION_CONTEXT(2) 
PARAMETRIC_REPRESENTATION_CONTEXT() REPRESENTATION_CONTEXT('2D SPACE',''
  ) );
#2794 = PCURVE('',#2795,#2800);
#2795 = PLANE('',#2796);
#2796 = AXIS2_PLACEMENT_3D('',#2797,#2798,#2799);
#2797 = CARTESIAN_POINT('',(47.,17.,-35.));
#2798 = DIRECTION('',(-0.,1.,0.));
#2799 = DIRECTION('',(0.,0.,1.));
#2800 = DEFINITIONAL_REPRESENTATION('',(#2801),#2805);
#2801 = HYPERBOLA('',#2802,170.,17.);
#2802 = AXIS2_PLACEMENT_2D('',#2803,#2804);
#2803 = CARTESIAN_POINT('',(35.,312.87531094719));
#2804 = DIRECTION('',(0.,-1.));
#2805 = ( GEOMETRIC_REPRESENTATION_CONTEXT(2) 
PARAMETRIC_REPRESENTATION_CONTEXT() REPRESENTATION_CONTEXT('2D SPACE',''
  ) );
#2806 = ORIENTED_EDGE('',*,*,#2807,.F.);
#2807 = EDGE_CURVE('',#2808,#2775,#2810,.T.);
#2808 = VERTEX_POINT('',#2809);
#2809 = CARTESIAN_POINT('',(95.,21.,-16.14277867945));
#2810 = SURFACE_CURVE('',#2811,(#2816,#2823),.PCURVE_S1.);
#2811 = CIRCLE('',#2812,26.48753109472);
#2812 = AXIS2_PLACEMENT_3D('',#2813,#2814,#2815);
#2813 = CARTESIAN_POINT('',(95.,0.,0.));
#2814 = DIRECTION('',(-1.,0.,0.));
#2815 = DIRECTION('',(0.,0.792825874367,-0.60944822006));
#2816 = PCURVE('',#2142,#2817);
#2817 = DEFINITIONAL_REPRESENTATION('',(#2818),#2822);
#2818 = LINE('',#2819,#2820);
#2819 = CARTESIAN_POINT('',(-4.057024541895,-60.));
#2820 = VECTOR('',#2821,1.);
#2821 = DIRECTION('',(1.,-0.));
#2822 = ( GEOMETRIC_REPRESENTATION_CONTEXT(2) 
PARAMETRIC_REPRESENTATION_CONTEXT() REPRESENTATION_CONTEXT('2D SPACE',''
  ) );
#2823 = PCURVE('',#2824,#2829);
#2824 = PLANE('',#2825);
#2825 = AXIS2_PLACEMENT_3D('',#2826,#2827,#2828);
#2826 = CARTESIAN_POINT('',(95.,17.,-17.));
#2827 = DIRECTION('',(1.,0.,-0.));
#2828 = DIRECTION('',(0.,0.,1.));
#2829 = DEFINITIONAL_REPRESENTATION('',(#2830),#2838);
#2830 = ( BOUNDED_CURVE() B_SPLINE_CURVE(2,(#2831,#2832,#2833,#2834,
#2835,#2836,#2837),.UNSPECIFIED.,.T.,.F.) B_SPLINE_CURVE_WITH_KNOTS((1,2
    ,2,2,2,1),(-2.094395102393,0.,2.094395102393,4.188790204786,
6.28318530718,8.377580409573),.UNSPECIFIED.) CURVE() 
GEOMETRIC_REPRESENTATION_ITEM() RATIONAL_B_SPLINE_CURVE((1.,0.5,1.,0.5,
1.,0.5,1.)) REPRESENTATION_ITEM('') );
#2831 = CARTESIAN_POINT('',(0.857221320549,-4.));
#2832 = CARTESIAN_POINT('',(-35.51584563839,23.960112848149));
#2833 = CARTESIAN_POINT('',(6.884855860252,41.480056424075));
#2834 = CARTESIAN_POINT('',(49.285557358903,59.));
#2835 = CARTESIAN_POINT('',(43.257922819199,13.519943575925));
#2836 = CARTESIAN_POINT('',(37.230288279495,-31.96011284814));
#2837 = CARTESIAN_POINT('',(0.857221320549,-4.));
#2838 = ( GEOMETRIC_REPRESENTATION_CONTEXT(2) 
PARAMETRIC_REPRESENTATION_CONTEXT() REPRESENTATION_CONTEXT('2D SPACE',''
  ) );
#2839 = ORIENTED_EDGE('',*,*,#2840,.F.);
#2840 = EDGE_CURVE('',#2841,#2808,#2843,.T.);
#2841 = VERTEX_POINT('',#2842);
#2842 = CARTESIAN_POINT('',(89.690189225072,21.,-17.));
#2843 = SURFACE_CURVE('',#2844,(#2849,#2859),.PCURVE_S1.);
#2844 = HYPERBOLA('',#2845,210.,21.);
#2845 = AXIS2_PLACEMENT_3D('',#2846,#2847,#2848);
#2846 = CARTESIAN_POINT('',(359.87531094719,21.,0.));
#2847 = DIRECTION('',(0.,1.,0.));
#2848 = DIRECTION('',(-1.,0.,-0.));
#2849 = PCURVE('',#2142,#2850);
#2850 = DEFINITIONAL_REPRESENTATION('',(#2851),#2858);
#2851 = B_SPLINE_CURVE_WITH_KNOTS('',5,(#2852,#2853,#2854,#2855,#2856,
    #2857),.UNSPECIFIED.,.F.,.F.,(6,6),(-0.751152594883,-0.677550237157)
  ,.PIECEWISE_BEZIER_KNOTS.);
#2852 = CARTESIAN_POINT('',(-4.023297702986,-52.79260293362));
#2853 = CARTESIAN_POINT('',(-4.034659318162,-55.33924451095));
#2854 = CARTESIAN_POINT('',(-4.046153861468,-57.81218831079));
#2855 = CARTESIAN_POINT('',(-4.057780351216,-60.21258398626));
#2856 = CARTESIAN_POINT('',(-4.06953749609,-62.54151468796));
#2857 = CARTESIAN_POINT('',(-4.081423664805,-64.8));
#2858 = ( GEOMETRIC_REPRESENTATION_CONTEXT(2) 
PARAMETRIC_REPRESENTATION_CONTEXT() REPRESENTATION_CONTEXT('2D SPACE',''
  ) );
#2859 = PCURVE('',#2860,#2865);
#2860 = PLANE('',#2861);
#2861 = AXIS2_PLACEMENT_3D('',#2862,#2863,#2864);
#2862 = CARTESIAN_POINT('',(47.,21.,-35.));
#2863 = DIRECTION('',(-0.,1.,0.));
#2864 = DIRECTION('',(0.,0.,1.));
#2865 = DEFINITIONAL_REPRESENTATION('',(#2866),#2870);
#2866 = HYPERBOLA('',#2867,210.,21.);
#2867 = AXIS2_PLACEMENT_2D('',#2868,#2869);
#2868 = CARTESIAN_POINT('',(35.,312.87531094719));
#2869 = DIRECTION('',(0.,-1.));
#2870 = ( GEOMETRIC_REPRESENTATION_CONTEXT(2) 
PARAMETRIC_REPRESENTATION_CONTEXT() REPRESENTATION_CONTEXT('2D SPACE',''
  ) );
#2871 = ORIENTED_EDGE('',*,*,#2872,.F.);
#2872 = EDGE_CURVE('',#2746,#2841,#2873,.T.);
#2873 = SURFACE_CURVE('',#2874,(#2879,#2890),.PCURVE_S1.);
#2874 = HYPERBOLA('',#2875,210.,21.);
#2875 = AXIS2_PLACEMENT_3D('',#2876,#2877,#2878);
#2876 = CARTESIAN_POINT('',(359.87531094719,21.,0.));
#2877 = DIRECTION('',(0.,1.,0.));
#2878 = DIRECTION('',(-1.,0.,-0.));
#2879 = PCURVE('',#2142,#2880);
#2880 = DEFINITIONAL_REPRESENTATION('',(#2881),#2889);
#2881 = B_SPLINE_CURVE_WITH_KNOTS('',6,(#2882,#2883,#2884,#2885,#2886,
    #2887,#2888),.UNSPECIFIED.,.F.,.F.,(7,7),(-0.957617926144,
    -0.704594427534),.PIECEWISE_BEZIER_KNOTS.);
#2882 = CARTESIAN_POINT('',(-3.874529865147,-11.));
#2883 = CARTESIAN_POINT('',(-3.902744325292,-20.83738662898));
#2884 = CARTESIAN_POINT('',(-3.932019934326,-30.00495403907));
#2885 = CARTESIAN_POINT('',(-3.962366137784,-38.5341920313));
#2886 = CARTESIAN_POINT('',(-3.993782896919,-46.45301739236));
#2887 = CARTESIAN_POINT('',(-4.026257430418,-53.78610778746));
#2888 = CARTESIAN_POINT('',(-4.059761578512,-60.55513105503));
#2889 = ( GEOMETRIC_REPRESENTATION_CONTEXT(2) 
PARAMETRIC_REPRESENTATION_CONTEXT() REPRESENTATION_CONTEXT('2D SPACE',''
  ) );
#2890 = PCURVE('',#2860,#2891);
#2891 = DEFINITIONAL_REPRESENTATION('',(#2892),#2896);
#2892 = HYPERBOLA('',#2893,210.,21.);
#2893 = AXIS2_PLACEMENT_2D('',#2894,#2895);
#2894 = CARTESIAN_POINT('',(35.,312.87531094719));
#2895 = DIRECTION('',(0.,-1.));
#2896 = ( GEOMETRIC_REPRESENTATION_CONTEXT(2) 
PARAMETRIC_REPRESENTATION_CONTEXT() REPRESENTATION_CONTEXT('2D SPACE',''
  ) );
#2897 = FACE_BOUND('',#2898,.F.);
#2898 = EDGE_LOOP('',(#2899,#2900,#2901,#2902));
#2899 = ORIENTED_EDGE('',*,*,#2601,.F.);
#2900 = ORIENTED_EDGE('',*,*,#2513,.F.);
#2901 = ORIENTED_EDGE('',*,*,#2436,.T.);
#2902 = ORIENTED_EDGE('',*,*,#2568,.T.);
#2903 = ADVANCED_FACE('',(#2904,#2931),#2116,.T.);
#2904 = FACE_BOUND('',#2905,.T.);
#2905 = EDGE_LOOP('',(#2906,#2907,#2908,#2930));
#2906 = ORIENTED_EDGE('',*,*,#2716,.T.);
#2907 = ORIENTED_EDGE('',*,*,#2324,.F.);
#2908 = ORIENTED_EDGE('',*,*,#2909,.F.);
#2909 = EDGE_CURVE('',#2076,#2325,#2910,.T.);
#2910 = SURFACE_CURVE('',#2911,(#2916,#2923),.PCURVE_S1.);
#2911 = CIRCLE('',#2912,21.);
#2912 = AXIS2_PLACEMENT_3D('',#2913,#2914,#2915);
#2913 = CARTESIAN_POINT('',(46.,0.,0.));
#2914 = DIRECTION('',(1.,0.,0.));
#2915 = DIRECTION('',(-0.,0.,1.));
#2916 = PCURVE('',#2116,#2917);
#2917 = DEFINITIONAL_REPRESENTATION('',(#2918),#2922);
#2918 = CIRCLE('',#2919,21.);
#2919 = AXIS2_PLACEMENT_2D('',#2920,#2921);
#2920 = CARTESIAN_POINT('',(80.,-80.));
#2921 = DIRECTION('',(1.,0.));
#2922 = ( GEOMETRIC_REPRESENTATION_CONTEXT(2) 
PARAMETRIC_REPRESENTATION_CONTEXT() REPRESENTATION_CONTEXT('2D SPACE',''
  ) );
#2923 = PCURVE('',#2090,#2924);
#2924 = DEFINITIONAL_REPRESENTATION('',(#2925),#2929);
#2925 = LINE('',#2926,#2927);
#2926 = CARTESIAN_POINT('',(0.,3.1));
#2927 = VECTOR('',#2928,1.);
#2928 = DIRECTION('',(1.,0.));
#2929 = ( GEOMETRIC_REPRESENTATION_CONTEXT(2) 
PARAMETRIC_REPRESENTATION_CONTEXT() REPRESENTATION_CONTEXT('2D SPACE',''
  ) );
#2930 = ORIENTED_EDGE('',*,*,#2101,.F.);
#2931 = FACE_BOUND('',#2932,.T.);
#2932 = EDGE_LOOP('',(#2933));
#2933 = ORIENTED_EDGE('',*,*,#2934,.F.);
#2934 = EDGE_CURVE('',#2935,#2935,#2937,.T.);
#2935 = VERTEX_POINT('',#2936);
#2936 = CARTESIAN_POINT('',(46.,25.,1.7));
#2937 = SURFACE_CURVE('',#2938,(#2943,#2950),.PCURVE_S1.);
#2938 = CIRCLE('',#2939,1.7);
#2939 = AXIS2_PLACEMENT_3D('',#2940,#2941,#2942);
#2940 = CARTESIAN_POINT('',(46.,25.,0.));
#2941 = DIRECTION('',(1.,0.,0.));
#2942 = DIRECTION('',(-0.,0.,1.));
#2943 = PCURVE('',#2116,#2944);
#2944 = DEFINITIONAL_REPRESENTATION('',(#2945),#2949);
#2945 = CIRCLE('',#2946,1.7);
#2946 = AXIS2_PLACEMENT_2D('',#2947,#2948);
#2947 = CARTESIAN_POINT('',(80.,-105.));
#2948 = DIRECTION('',(1.,0.));
#2949 = ( GEOMETRIC_REPRESENTATION_CONTEXT(2) 
PARAMETRIC_REPRESENTATION_CONTEXT() REPRESENTATION_CONTEXT('2D SPACE',''
  ) );
#2950 = PCURVE('',#2951,#2956);
#2951 = CYLINDRICAL_SURFACE('',#2952,1.7);
#2952 = AXIS2_PLACEMENT_3D('',#2953,#2954,#2955);
#2953 = CARTESIAN_POINT('',(42.99,25.,0.));
#2954 = DIRECTION('',(1.,0.,0.));
#2955 = DIRECTION('',(-0.,0.,1.));
#2956 = DEFINITIONAL_REPRESENTATION('',(#2957),#2961);
#2957 = LINE('',#2958,#2959);
#2958 = CARTESIAN_POINT('',(0.,3.01));
#2959 = VECTOR('',#2960,1.);
#2960 = DIRECTION('',(1.,0.));
#2961 = ( GEOMETRIC_REPRESENTATION_CONTEXT(2) 
PARAMETRIC_REPRESENTATION_CONTEXT() REPRESENTATION_CONTEXT('2D SPACE',''
  ) );
#2962 = ADVANCED_FACE('',(#2963),#2090,.F.);
#2963 = FACE_BOUND('',#2964,.F.);
#2964 = EDGE_LOOP('',(#2965,#2966,#2967,#2968));
#2965 = ORIENTED_EDGE('',*,*,#2345,.T.);
#2966 = ORIENTED_EDGE('',*,*,#2909,.F.);
#2967 = ORIENTED_EDGE('',*,*,#2075,.F.);
#2968 = ORIENTED_EDGE('',*,*,#2969,.T.);
#2969 = EDGE_CURVE('',#2050,#2346,#2970,.T.);
#2970 = SURFACE_CURVE('',#2971,(#2976,#2983),.PCURVE_S1.);
#2971 = CIRCLE('',#2972,21.);
#2972 = AXIS2_PLACEMENT_3D('',#2973,#2974,#2975);
#2973 = CARTESIAN_POINT('',(43.,0.,0.));
#2974 = DIRECTION('',(1.,0.,0.));
#2975 = DIRECTION('',(-0.,0.,1.));
#2976 = PCURVE('',#2090,#2977);
#2977 = DEFINITIONAL_REPRESENTATION('',(#2978),#2982);
#2978 = LINE('',#2979,#2980);
#2979 = CARTESIAN_POINT('',(0.,0.1));
#2980 = VECTOR('',#2981,1.);
#2981 = DIRECTION('',(1.,0.));
#2982 = ( GEOMETRIC_REPRESENTATION_CONTEXT(2) 
PARAMETRIC_REPRESENTATION_CONTEXT() REPRESENTATION_CONTEXT('2D SPACE',''
  ) );
#2983 = PCURVE('',#2064,#2984);
#2984 = DEFINITIONAL_REPRESENTATION('',(#2985),#2989);
#2985 = CIRCLE('',#2986,21.);
#2986 = AXIS2_PLACEMENT_2D('',#2987,#2988);
#2987 = CARTESIAN_POINT('',(80.,-80.));
#2988 = DIRECTION('',(1.,0.));
#2989 = ( GEOMETRIC_REPRESENTATION_CONTEXT(2) 
PARAMETRIC_REPRESENTATION_CONTEXT() REPRESENTATION_CONTEXT('2D SPACE',''
  ) );
#2990 = ADVANCED_FACE('',(#2991,#2997),#2064,.F.);
#2991 = FACE_BOUND('',#2992,.F.);
#2992 = EDGE_LOOP('',(#2993,#2994,#2995,#2996));
#2993 = ORIENTED_EDGE('',*,*,#2634,.T.);
#2994 = ORIENTED_EDGE('',*,*,#2368,.F.);
#2995 = ORIENTED_EDGE('',*,*,#2969,.F.);
#2996 = ORIENTED_EDGE('',*,*,#2049,.F.);
#2997 = FACE_BOUND('',#2998,.F.);
#2998 = EDGE_LOOP('',(#2999));
#2999 = ORIENTED_EDGE('',*,*,#3000,.F.);
#3000 = EDGE_CURVE('',#3001,#3001,#3003,.T.);
#3001 = VERTEX_POINT('',#3002);
#3002 = CARTESIAN_POINT('',(43.,25.,1.7));
#3003 = SURFACE_CURVE('',#3004,(#3009,#3016),.PCURVE_S1.);
#3004 = CIRCLE('',#3005,1.7);
#3005 = AXIS2_PLACEMENT_3D('',#3006,#3007,#3008);
#3006 = CARTESIAN_POINT('',(43.,25.,0.));
#3007 = DIRECTION('',(1.,0.,0.));
#3008 = DIRECTION('',(-0.,0.,1.));
#3009 = PCURVE('',#2064,#3010);
#3010 = DEFINITIONAL_REPRESENTATION('',(#3011),#3015);
#3011 = CIRCLE('',#3012,1.7);
#3012 = AXIS2_PLACEMENT_2D('',#3013,#3014);
#3013 = CARTESIAN_POINT('',(80.,-105.));
#3014 = DIRECTION('',(1.,0.));
#3015 = ( GEOMETRIC_REPRESENTATION_CONTEXT(2) 
PARAMETRIC_REPRESENTATION_CONTEXT() REPRESENTATION_CONTEXT('2D SPACE',''
  ) );
#3016 = PCURVE('',#2951,#3017);
#3017 = DEFINITIONAL_REPRESENTATION('',(#3018),#3022);
#3018 = LINE('',#3019,#3020);
#3019 = CARTESIAN_POINT('',(0.,9.999999999998E-03));
#3020 = VECTOR('',#3021,1.);
#3021 = DIRECTION('',(1.,0.));
#3022 = ( GEOMETRIC_REPRESENTATION_CONTEXT(2) 
PARAMETRIC_REPRESENTATION_CONTEXT() REPRESENTATION_CONTEXT('2D SPACE',''
  ) );
#3023 = ADVANCED_FACE('',(#3024),#2762,.F.);
#3024 = FACE_BOUND('',#3025,.F.);
#3025 = EDGE_LOOP('',(#3026,#3049,#3050,#3073));
#3026 = ORIENTED_EDGE('',*,*,#3027,.F.);
#3027 = EDGE_CURVE('',#2744,#3028,#3030,.T.);
#3028 = VERTEX_POINT('',#3029);
#3029 = CARTESIAN_POINT('',(47.,17.,-14.));
#3030 = SURFACE_CURVE('',#3031,(#3035,#3042),.PCURVE_S1.);
#3031 = LINE('',#3032,#3033);
#3032 = CARTESIAN_POINT('',(47.,17.,-26.2661303203));
#3033 = VECTOR('',#3034,1.);
#3034 = DIRECTION('',(0.,0.,1.));
#3035 = PCURVE('',#2762,#3036);
#3036 = DEFINITIONAL_REPRESENTATION('',(#3037),#3041);
#3037 = LINE('',#3038,#3039);
#3038 = CARTESIAN_POINT('',(8.733869679699,0.));
#3039 = VECTOR('',#3040,1.);
#3040 = DIRECTION('',(1.,0.));
#3041 = ( GEOMETRIC_REPRESENTATION_CONTEXT(2) 
PARAMETRIC_REPRESENTATION_CONTEXT() REPRESENTATION_CONTEXT('2D SPACE',''
  ) );
#3042 = PCURVE('',#2795,#3043);
#3043 = DEFINITIONAL_REPRESENTATION('',(#3044),#3048);
#3044 = LINE('',#3045,#3046);
#3045 = CARTESIAN_POINT('',(8.733869679699,0.));
#3046 = VECTOR('',#3047,1.);
#3047 = DIRECTION('',(1.,0.));
#3048 = ( GEOMETRIC_REPRESENTATION_CONTEXT(2) 
PARAMETRIC_REPRESENTATION_CONTEXT() REPRESENTATION_CONTEXT('2D SPACE',''
  ) );
#3049 = ORIENTED_EDGE('',*,*,#2743,.T.);
#3050 = ORIENTED_EDGE('',*,*,#3051,.F.);
#3051 = EDGE_CURVE('',#3052,#2746,#3054,.T.);
#3052 = VERTEX_POINT('',#3053);
#3053 = CARTESIAN_POINT('',(47.,21.,-14.));
#3054 = SURFACE_CURVE('',#3055,(#3059,#3066),.PCURVE_S1.);
#3055 = LINE('',#3056,#3057);
#3056 = CARTESIAN_POINT('',(47.,21.,-14.));
#3057 = VECTOR('',#3058,1.);
#3058 = DIRECTION('',(0.,0.,-1.));
#3059 = PCURVE('',#2762,#3060);
#3060 = DEFINITIONAL_REPRESENTATION('',(#3061),#3065);
#3061 = LINE('',#3062,#3063);
#3062 = CARTESIAN_POINT('',(21.,-4.));
#3063 = VECTOR('',#3064,1.);
#3064 = DIRECTION('',(-1.,0.));
#3065 = ( GEOMETRIC_REPRESENTATION_CONTEXT(2) 
PARAMETRIC_REPRESENTATION_CONTEXT() REPRESENTATION_CONTEXT('2D SPACE',''
  ) );
#3066 = PCURVE('',#2860,#3067);
#3067 = DEFINITIONAL_REPRESENTATION('',(#3068),#3072);
#3068 = LINE('',#3069,#3070);
#3069 = CARTESIAN_POINT('',(21.,0.));
#3070 = VECTOR('',#3071,1.);
#3071 = DIRECTION('',(-1.,0.));
#3072 = ( GEOMETRIC_REPRESENTATION_CONTEXT(2) 
PARAMETRIC_REPRESENTATION_CONTEXT() REPRESENTATION_CONTEXT('2D SPACE',''
  ) );
#3073 = ORIENTED_EDGE('',*,*,#3074,.F.);
#3074 = EDGE_CURVE('',#3028,#3052,#3075,.T.);
#3075 = SURFACE_CURVE('',#3076,(#3080,#3087),.PCURVE_S1.);
#3076 = LINE('',#3077,#3078);
#3077 = CARTESIAN_POINT('',(47.,17.,-14.));
#3078 = VECTOR('',#3079,1.);
#3079 = DIRECTION('',(-0.,1.,0.));
#3080 = PCURVE('',#2762,#3081);
#3081 = DEFINITIONAL_REPRESENTATION('',(#3082),#3086);
#3082 = LINE('',#3083,#3084);
#3083 = CARTESIAN_POINT('',(21.,0.));
#3084 = VECTOR('',#3085,1.);
#3085 = DIRECTION('',(0.,-1.));
#3086 = ( GEOMETRIC_REPRESENTATION_CONTEXT(2) 
PARAMETRIC_REPRESENTATION_CONTEXT() REPRESENTATION_CONTEXT('2D SPACE',''
  ) );
#3087 = PCURVE('',#3088,#3093);
#3088 = PLANE('',#3089);
#3089 = AXIS2_PLACEMENT_3D('',#3090,#3091,#3092);
#3090 = CARTESIAN_POINT('',(47.,17.,-14.));
#3091 = DIRECTION('',(0.,0.,1.));
#3092 = DIRECTION('',(1.,0.,-0.));
#3093 = DEFINITIONAL_REPRESENTATION('',(#3094),#3098);
#3094 = LINE('',#3095,#3096);
#3095 = CARTESIAN_POINT('',(0.,0.));
#3096 = VECTOR('',#3097,1.);
#3097 = DIRECTION('',(0.,1.));
#3098 = ( GEOMETRIC_REPRESENTATION_CONTEXT(2) 
PARAMETRIC_REPRESENTATION_CONTEXT() REPRESENTATION_CONTEXT('2D SPACE',''
  ) );
#3099 = ADVANCED_FACE('',(#3100),#2795,.F.);
#3100 = FACE_BOUND('',#3101,.F.);
#3101 = EDGE_LOOP('',(#3102,#3103,#3104,#3127));
#3102 = ORIENTED_EDGE('',*,*,#2774,.F.);
#3103 = ORIENTED_EDGE('',*,*,#3027,.T.);
#3104 = ORIENTED_EDGE('',*,*,#3105,.T.);
#3105 = EDGE_CURVE('',#3028,#3106,#3108,.T.);
#3106 = VERTEX_POINT('',#3107);
#3107 = CARTESIAN_POINT('',(95.,17.,-14.));
#3108 = SURFACE_CURVE('',#3109,(#3113,#3120),.PCURVE_S1.);
#3109 = LINE('',#3110,#3111);
#3110 = CARTESIAN_POINT('',(47.,17.,-14.));
#3111 = VECTOR('',#3112,1.);
#3112 = DIRECTION('',(1.,0.,-0.));
#3113 = PCURVE('',#2795,#3114);
#3114 = DEFINITIONAL_REPRESENTATION('',(#3115),#3119);
#3115 = LINE('',#3116,#3117);
#3116 = CARTESIAN_POINT('',(21.,0.));
#3117 = VECTOR('',#3118,1.);
#3118 = DIRECTION('',(0.,1.));
#3119 = ( GEOMETRIC_REPRESENTATION_CONTEXT(2) 
PARAMETRIC_REPRESENTATION_CONTEXT() REPRESENTATION_CONTEXT('2D SPACE',''
  ) );
#3120 = PCURVE('',#3088,#3121);
#3121 = DEFINITIONAL_REPRESENTATION('',(#3122),#3126);
#3122 = LINE('',#3123,#3124);
#3123 = CARTESIAN_POINT('',(0.,0.));
#3124 = VECTOR('',#3125,1.);
#3125 = DIRECTION('',(1.,0.));
#3126 = ( GEOMETRIC_REPRESENTATION_CONTEXT(2) 
PARAMETRIC_REPRESENTATION_CONTEXT() REPRESENTATION_CONTEXT('2D SPACE',''
  ) );
#3127 = ORIENTED_EDGE('',*,*,#3128,.T.);
#3128 = EDGE_CURVE('',#3106,#2775,#3129,.T.);
#3129 = SURFACE_CURVE('',#3130,(#3134,#3141),.PCURVE_S1.);
#3130 = LINE('',#3131,#3132);
#3131 = CARTESIAN_POINT('',(95.,17.,-14.));
#3132 = VECTOR('',#3133,1.);
#3133 = DIRECTION('',(0.,0.,-1.));
#3134 = PCURVE('',#2795,#3135);
#3135 = DEFINITIONAL_REPRESENTATION('',(#3136),#3140);
#3136 = LINE('',#3137,#3138);
#3137 = CARTESIAN_POINT('',(21.,48.));
#3138 = VECTOR('',#3139,1.);
#3139 = DIRECTION('',(-1.,0.));
#3140 = ( GEOMETRIC_REPRESENTATION_CONTEXT(2) 
PARAMETRIC_REPRESENTATION_CONTEXT() REPRESENTATION_CONTEXT('2D SPACE',''
  ) );
#3141 = PCURVE('',#2824,#3142);
#3142 = DEFINITIONAL_REPRESENTATION('',(#3143),#3147);
#3143 = LINE('',#3144,#3145);
#3144 = CARTESIAN_POINT('',(3.,0.));
#3145 = VECTOR('',#3146,1.);
#3146 = DIRECTION('',(-1.,0.));
#3147 = ( GEOMETRIC_REPRESENTATION_CONTEXT(2) 
PARAMETRIC_REPRESENTATION_CONTEXT() REPRESENTATION_CONTEXT('2D SPACE',''
  ) );
#3148 = ADVANCED_FACE('',(#3149),#2860,.T.);
#3149 = FACE_BOUND('',#3150,.T.);
#3150 = EDGE_LOOP('',(#3151,#3152,#3175,#3196,#3197));
#3151 = ORIENTED_EDGE('',*,*,#3051,.F.);
#3152 = ORIENTED_EDGE('',*,*,#3153,.T.);
#3153 = EDGE_CURVE('',#3052,#3154,#3156,.T.);
#3154 = VERTEX_POINT('',#3155);
#3155 = CARTESIAN_POINT('',(95.,21.,-14.));
#3156 = SURFACE_CURVE('',#3157,(#3161,#3168),.PCURVE_S1.);
#3157 = LINE('',#3158,#3159);
#3158 = CARTESIAN_POINT('',(47.,21.,-14.));
#3159 = VECTOR('',#3160,1.);
#3160 = DIRECTION('',(1.,0.,-0.));
#3161 = PCURVE('',#2860,#3162);
#3162 = DEFINITIONAL_REPRESENTATION('',(#3163),#3167);
#3163 = LINE('',#3164,#3165);
#3164 = CARTESIAN_POINT('',(21.,0.));
#3165 = VECTOR('',#3166,1.);
#3166 = DIRECTION('',(0.,1.));
#3167 = ( GEOMETRIC_REPRESENTATION_CONTEXT(2) 
PARAMETRIC_REPRESENTATION_CONTEXT() REPRESENTATION_CONTEXT('2D SPACE',''
  ) );
#3168 = PCURVE('',#3088,#3169);
#3169 = DEFINITIONAL_REPRESENTATION('',(#3170),#3174);
#3170 = LINE('',#3171,#3172);
#3171 = CARTESIAN_POINT('',(0.,4.));
#3172 = VECTOR('',#3173,1.);
#3173 = DIRECTION('',(1.,0.));
#3174 = ( GEOMETRIC_REPRESENTATION_CONTEXT(2) 
PARAMETRIC_REPRESENTATION_CONTEXT() REPRESENTATION_CONTEXT('2D SPACE',''
  ) );
#3175 = ORIENTED_EDGE('',*,*,#3176,.F.);
#3176 = EDGE_CURVE('',#2808,#3154,#3177,.T.);
#3177 = SURFACE_CURVE('',#3178,(#3182,#3189),.PCURVE_S1.);
#3178 = LINE('',#3179,#3180);
#3179 = CARTESIAN_POINT('',(95.,21.,-17.));
#3180 = VECTOR('',#3181,1.);
#3181 = DIRECTION('',(0.,0.,1.));
#3182 = PCURVE('',#2860,#3183);
#3183 = DEFINITIONAL_REPRESENTATION('',(#3184),#3188);
#3184 = LINE('',#3185,#3186);
#3185 = CARTESIAN_POINT('',(18.,48.));
#3186 = VECTOR('',#3187,1.);
#3187 = DIRECTION('',(1.,0.));
#3188 = ( GEOMETRIC_REPRESENTATION_CONTEXT(2) 
PARAMETRIC_REPRESENTATION_CONTEXT() REPRESENTATION_CONTEXT('2D SPACE',''
  ) );
#3189 = PCURVE('',#2824,#3190);
#3190 = DEFINITIONAL_REPRESENTATION('',(#3191),#3195);
#3191 = LINE('',#3192,#3193);
#3192 = CARTESIAN_POINT('',(0.,-4.));
#3193 = VECTOR('',#3194,1.);
#3194 = DIRECTION('',(1.,0.));
#3195 = ( GEOMETRIC_REPRESENTATION_CONTEXT(2) 
PARAMETRIC_REPRESENTATION_CONTEXT() REPRESENTATION_CONTEXT('2D SPACE',''
  ) );
#3196 = ORIENTED_EDGE('',*,*,#2840,.F.);
#3197 = ORIENTED_EDGE('',*,*,#2872,.F.);
#3198 = ADVANCED_FACE('',(#3199),#2824,.T.);
#3199 = FACE_BOUND('',#3200,.T.);
#3200 = EDGE_LOOP('',(#3201,#3202,#3203,#3204));
#3201 = ORIENTED_EDGE('',*,*,#3128,.T.);
#3202 = ORIENTED_EDGE('',*,*,#2807,.F.);
#3203 = ORIENTED_EDGE('',*,*,#3176,.T.);
#3204 = ORIENTED_EDGE('',*,*,#3205,.F.);
#3205 = EDGE_CURVE('',#3106,#3154,#3206,.T.);
#3206 = SURFACE_CURVE('',#3207,(#3211,#3218),.PCURVE_S1.);
#3207 = LINE('',#3208,#3209);
#3208 = CARTESIAN_POINT('',(95.,17.,-14.));
#3209 = VECTOR('',#3210,1.);
#3210 = DIRECTION('',(-0.,1.,0.));
#3211 = PCURVE('',#2824,#3212);
#3212 = DEFINITIONAL_REPRESENTATION('',(#3213),#3217);
#3213 = LINE('',#3214,#3215);
#3214 = CARTESIAN_POINT('',(3.,0.));
#3215 = VECTOR('',#3216,1.);
#3216 = DIRECTION('',(0.,-1.));
#3217 = ( GEOMETRIC_REPRESENTATION_CONTEXT(2) 
PARAMETRIC_REPRESENTATION_CONTEXT() REPRESENTATION_CONTEXT('2D SPACE',''
  ) );
#3218 = PCURVE('',#3088,#3219);
#3219 = DEFINITIONAL_REPRESENTATION('',(#3220),#3224);
#3220 = LINE('',#3221,#3222);
#3221 = CARTESIAN_POINT('',(48.,0.));
#3222 = VECTOR('',#3223,1.);
#3223 = DIRECTION('',(0.,1.));
#3224 = ( GEOMETRIC_REPRESENTATION_CONTEXT(2) 
PARAMETRIC_REPRESENTATION_CONTEXT() REPRESENTATION_CONTEXT('2D SPACE',''
  ) );
#3225 = ADVANCED_FACE('',(#3226),#2951,.F.);
#3226 = FACE_BOUND('',#3227,.F.);
#3227 = EDGE_LOOP('',(#3228,#3229,#3250,#3251));
#3228 = ORIENTED_EDGE('',*,*,#2934,.F.);
#3229 = ORIENTED_EDGE('',*,*,#3230,.F.);
#3230 = EDGE_CURVE('',#3001,#2935,#3231,.T.);
#3231 = SEAM_CURVE('',#3232,(#3236,#3243),.PCURVE_S1.);
#3232 = LINE('',#3233,#3234);
#3233 = CARTESIAN_POINT('',(42.99,25.,1.7));
#3234 = VECTOR('',#3235,1.);
#3235 = DIRECTION('',(1.,0.,0.));
#3236 = PCURVE('',#2951,#3237);
#3237 = DEFINITIONAL_REPRESENTATION('',(#3238),#3242);
#3238 = LINE('',#3239,#3240);
#3239 = CARTESIAN_POINT('',(6.28318530718,-0.));
#3240 = VECTOR('',#3241,1.);
#3241 = DIRECTION('',(0.,1.));
#3242 = ( GEOMETRIC_REPRESENTATION_CONTEXT(2) 
PARAMETRIC_REPRESENTATION_CONTEXT() REPRESENTATION_CONTEXT('2D SPACE',''
  ) );
#3243 = PCURVE('',#2951,#3244);
#3244 = DEFINITIONAL_REPRESENTATION('',(#3245),#3249);
#3245 = LINE('',#3246,#3247);
#3246 = CARTESIAN_POINT('',(0.,-0.));
#3247 = VECTOR('',#3248,1.);
#3248 = DIRECTION('',(0.,1.));
#3249 = ( GEOMETRIC_REPRESENTATION_CONTEXT(2) 
PARAMETRIC_REPRESENTATION_CONTEXT() REPRESENTATION_CONTEXT('2D SPACE',''
  ) );
#3250 = ORIENTED_EDGE('',*,*,#3000,.T.);
#3251 = ORIENTED_EDGE('',*,*,#3230,.T.);
#3252 = ADVANCED_FACE('',(#3253),#3088,.T.);
#3253 = FACE_BOUND('',#3254,.T.);
#3254 = EDGE_LOOP('',(#3255,#3256,#3257,#3258));
#3255 = ORIENTED_EDGE('',*,*,#3074,.F.);
#3256 = ORIENTED_EDGE('',*,*,#3105,.T.);
#3257 = ORIENTED_EDGE('',*,*,#3205,.T.);
#3258 = ORIENTED_EDGE('',*,*,#3153,.F.);
#3259 = ( GEOMETRIC_REPRESENTATION_CONTEXT(3) 
GLOBAL_UNCERTAINTY_ASSIGNED_CONTEXT((#3263)) 
GLOBAL_UNIT_ASSIGNED_CONTEXT((#3260,#3261,#3262)) REPRESENTATION_CONTEXT
('Context #1','3D Context with UNIT and UNCERTAINTY') );
#3260 = ( LENGTH_UNIT() NAMED_UNIT(*) SI_UNIT(.MILLI.,.METRE.) );
#3261 = ( NAMED_UNIT(*) PLANE_ANGLE_UNIT() SI_UNIT($,.RADIAN.) );
#3262 = ( NAMED_UNIT(*) SI_UNIT($,.STERADIAN.) SOLID_ANGLE_UNIT() );
#3263 = UNCERTAINTY_MEASURE_WITH_UNIT(LENGTH_MEASURE(1.E-07),#3260,
  'distance_accuracy_value','confusion accuracy');
#3264 = CONTEXT_DEPENDENT_SHAPE_REPRESENTATION(#3265,#3267);
#3265 = ( REPRESENTATION_RELATIONSHIP('','',#1667,#10) 
REPRESENTATION_RELATIONSHIP_WITH_TRANSFORMATION(#3266) 
SHAPE_REPRESENTATION_RELATIONSHIP() );
#3266 = ITEM_DEFINED_TRANSFORMATION('','',#11,#19);
#3267 = PRODUCT_DEFINITION_SHAPE('Placement','Placement of an item',
  #3268);
#3268 = NEXT_ASSEMBLY_USAGE_OCCURRENCE('16','02_Main_body','',#5,#1662,$
  );
#3269 = PRODUCT_RELATED_PRODUCT_CATEGORY('part',$,(#1664));
#3270 = SHAPE_DEFINITION_REPRESENTATION(#3271,#3277);
#3271 = PRODUCT_DEFINITION_SHAPE('','',#3272);
#3272 = PRODUCT_DEFINITION('design','',#3273,#3276);
#3273 = PRODUCT_DEFINITION_FORMATION('','',#3274);
#3274 = PRODUCT('03_Tail_with_four_fins','03_Tail_with_four_fins','',(
    #3275));
#3275 = PRODUCT_CONTEXT('',#2,'mechanical');
#3276 = PRODUCT_DEFINITION_CONTEXT('part definition',#2,'design');
#3277 = ADVANCED_BREP_SHAPE_REPRESENTATION('',(#11,#3278),#7649);
#3278 = MANIFOLD_SOLID_BREP('',#3279);
#3279 = CLOSED_SHELL('',(#3280,#4845,#5079,#5127,#5375,#5403,#5431,#5438
    ,#5643,#5698,#5752,#5836,#5863,#5913,#5940,#6018,#6072,#6105,#6160,
    #6214,#6298,#6325,#6375,#6402,#6480,#6534,#6567,#6595,#6623,#6651,
    #6679,#6783,#6877,#6884,#6912,#6990,#7068,#7095,#7122,#7172,#7204,
    #7231,#7281,#7329,#7335,#7362,#7412,#7444,#7471,#7521,#7569,#7575,
    #7581,#7608,#7635,#7642));
#3280 = ADVANCED_FACE('',(#3281),#3295,.T.);
#3281 = FACE_BOUND('',#3282,.T.);
#3282 = EDGE_LOOP('',(#3283,#3318,#3347,#3426,#3459,#3545,#3606,#3640,
    #3701,#3787,#3820,#3899,#3923,#4002,#4035,#4121,#4182,#4216,#4277,
    #4363,#4396,#4475,#4499,#4525,#4586,#4618,#4679,#4700,#4735,#4762,
    #4797,#4818));
#3283 = ORIENTED_EDGE('',*,*,#3284,.F.);
#3284 = EDGE_CURVE('',#3285,#3287,#3289,.T.);
#3285 = VERTEX_POINT('',#3286);
#3286 = CARTESIAN_POINT('',(180.,3.673940397442E-15,15.));
#3287 = VERTEX_POINT('',#3288);
#3288 = CARTESIAN_POINT('',(135.,6.123233995737E-15,25.));
#3289 = SURFACE_CURVE('',#3290,(#3294,#3306),.PCURVE_S1.);
#3290 = LINE('',#3291,#3292);
#3291 = CARTESIAN_POINT('',(180.,3.673940397442E-15,15.));
#3292 = VECTOR('',#3293,1.);
#3293 = DIRECTION('',(-0.976187060184,5.313263816104E-17,0.216930457819)
  );
#3294 = PCURVE('',#3295,#3300);
#3295 = CONICAL_SURFACE('',#3296,25.,0.218668945874);
#3296 = AXIS2_PLACEMENT_3D('',#3297,#3298,#3299);
#3297 = CARTESIAN_POINT('',(135.,0.,0.));
#3298 = DIRECTION('',(-1.,-0.,-0.));
#3299 = DIRECTION('',(-0.,0.,1.));
#3300 = DEFINITIONAL_REPRESENTATION('',(#3301),#3305);
#3301 = LINE('',#3302,#3303);
#3302 = CARTESIAN_POINT('',(-6.28318530718,-45.));
#3303 = VECTOR('',#3304,1.);
#3304 = DIRECTION('',(0.,1.));
#3305 = ( GEOMETRIC_REPRESENTATION_CONTEXT(2) 
PARAMETRIC_REPRESENTATION_CONTEXT() REPRESENTATION_CONTEXT('2D SPACE',''
  ) );
#3306 = PCURVE('',#3307,#3312);
#3307 = PLANE('',#3308);
#3308 = AXIS2_PLACEMENT_3D('',#3309,#3310,#3311);
#3309 = CARTESIAN_POINT('',(-10.,0.,-150.));
#3310 = DIRECTION('',(-0.,1.,0.));
#3311 = DIRECTION('',(0.,0.,1.));
#3312 = DEFINITIONAL_REPRESENTATION('',(#3313),#3317);
#3313 = LINE('',#3314,#3315);
#3314 = CARTESIAN_POINT('',(165.,190.));
#3315 = VECTOR('',#3316,1.);
#3316 = DIRECTION('',(0.216930457819,-0.976187060184));
#3317 = ( GEOMETRIC_REPRESENTATION_CONTEXT(2) 
PARAMETRIC_REPRESENTATION_CONTEXT() REPRESENTATION_CONTEXT('2D SPACE',''
  ) );
#3318 = ORIENTED_EDGE('',*,*,#3319,.F.);
#3319 = EDGE_CURVE('',#3320,#3285,#3322,.T.);
#3320 = VERTEX_POINT('',#3321);
#3321 = CARTESIAN_POINT('',(180.,10.247154132964,10.95426091415));
#3322 = SURFACE_CURVE('',#3323,(#3328,#3335),.PCURVE_S1.);
#3323 = CIRCLE('',#3324,15.);
#3324 = AXIS2_PLACEMENT_3D('',#3325,#3326,#3327);
#3325 = CARTESIAN_POINT('',(180.,0.,0.));
#3326 = DIRECTION('',(1.,0.,0.));
#3327 = DIRECTION('',(-0.,0.,1.));
#3328 = PCURVE('',#3295,#3329);
#3329 = DEFINITIONAL_REPRESENTATION('',(#3330),#3334);
#3330 = LINE('',#3331,#3332);
#3331 = CARTESIAN_POINT('',(-0.,-45.));
#3332 = VECTOR('',#3333,1.);
#3333 = DIRECTION('',(-1.,-0.));
#3334 = ( GEOMETRIC_REPRESENTATION_CONTEXT(2) 
PARAMETRIC_REPRESENTATION_CONTEXT() REPRESENTATION_CONTEXT('2D SPACE',''
  ) );
#3335 = PCURVE('',#3336,#3341);
#3336 = PLANE('',#3337);
#3337 = AXIS2_PLACEMENT_3D('',#3338,#3339,#3340);
#3338 = CARTESIAN_POINT('',(180.,0.,0.));
#3339 = DIRECTION('',(1.,0.,0.));
#3340 = DIRECTION('',(-0.,0.,1.));
#3341 = DEFINITIONAL_REPRESENTATION('',(#3342),#3346);
#3342 = CIRCLE('',#3343,15.);
#3343 = AXIS2_PLACEMENT_2D('',#3344,#3345);
#3344 = CARTESIAN_POINT('',(0.,0.));
#3345 = DIRECTION('',(1.,0.));
#3346 = ( GEOMETRIC_REPRESENTATION_CONTEXT(2) 
PARAMETRIC_REPRESENTATION_CONTEXT() REPRESENTATION_CONTEXT('2D SPACE',''
  ) );
#3347 = ORIENTED_EDGE('',*,*,#3348,.F.);
#3348 = EDGE_CURVE('',#3349,#3320,#3351,.T.);
#3349 = VERTEX_POINT('',#3350);
#3350 = CARTESIAN_POINT('',(179.,9.650690102175,11.772010445735));
#3351 = SURFACE_CURVE('',#3352,(#3373,#3397),.PCURVE_S1.);
#3352 = B_SPLINE_CURVE_WITH_KNOTS('',7,(#3353,#3354,#3355,#3356,#3357,
    #3358,#3359,#3360,#3361,#3362,#3363,#3364,#3365,#3366,#3367,#3368,
    #3369,#3370,#3371,#3372),.UNSPECIFIED.,.F.,.F.,(8,6,6,8),(0.,
    0.609659804503,0.754727007427,1.),.UNSPECIFIED.);
#3353 = CARTESIAN_POINT('',(179.,9.650690102175,11.772010445735));
#3354 = CARTESIAN_POINT('',(179.12294830347,9.631276153944,
    11.752596497504));
#3355 = CARTESIAN_POINT('',(179.2458739318,9.625569876165,11.72195087061
    ));
#3356 = CARTESIAN_POINT('',(179.36732537371,9.633805561215,
    11.680315127429));
#3357 = CARTESIAN_POINT('',(179.4852363183,9.656751480873,
    11.627504623595));
#3358 = CARTESIAN_POINT('',(179.59673452253,9.695141106316,
    11.563415608108));
#3359 = CARTESIAN_POINT('',(179.69824429457,9.749379291755,
    11.48815525403));
#3360 = CARTESIAN_POINT('',(179.80588441363,9.836126398786,
    11.381882809509));
#3361 = CARTESIAN_POINT('',(179.82573053049,9.853681383287,
    11.360875555363));
#3362 = CARTESIAN_POINT('',(179.84466638686,9.872108010484,
    11.339305573707));
#3363 = CARTESIAN_POINT('',(179.862621169,9.891391118811,11.317196214813
    ));
#3364 = CARTESIAN_POINT('',(179.87952190913,9.911508643115,
    11.294577420193));
#3365 = CARTESIAN_POINT('',(179.89529543547,9.932430321564,
    11.271486705267));
#3366 = CARTESIAN_POINT('',(179.93451287451,9.990782236548,
    11.208209412322));
#3367 = CARTESIAN_POINT('',(179.95574218568,10.029652632219,
    11.167210236604));
#3368 = CARTESIAN_POINT('',(179.97318751139,10.070510188092,
    11.125225069292));
#3369 = CARTESIAN_POINT('',(179.9865277187,10.113071572699,
    11.082557112135));
#3370 = CARTESIAN_POINT('',(179.99551301695,10.156986655868,
    11.03956334391));
#3371 = CARTESIAN_POINT('',(180.,10.201839917378,10.9966500589));
#3372 = CARTESIAN_POINT('',(180.,10.247154132964,10.95426091415));
#3373 = PCURVE('',#3295,#3374);
#3374 = DEFINITIONAL_REPRESENTATION('',(#3375),#3396);
#3375 = B_SPLINE_CURVE_WITH_KNOTS('',7,(#3376,#3377,#3378,#3379,#3380,
    #3381,#3382,#3383,#3384,#3385,#3386,#3387,#3388,#3389,#3390,#3391,
    #3392,#3393,#3394,#3395),.UNSPECIFIED.,.F.,.F.,(8,6,6,8),(0.,
    0.609659804503,0.754727007427,1.),.UNSPECIFIED.);
#3376 = CARTESIAN_POINT('',(-5.596487464089,-44.));
#3377 = CARTESIAN_POINT('',(-5.596665195427,-44.12294830347));
#3378 = CARTESIAN_POINT('',(-5.595679486173,-44.2458739318));
#3379 = CARTESIAN_POINT('',(-5.593519724501,-44.36732537371));
#3380 = CARTESIAN_POINT('',(-5.590130261833,-44.4852363183));
#3381 = CARTESIAN_POINT('',(-5.585460340304,-44.59673452253));
#3382 = CARTESIAN_POINT('',(-5.579487145223,-44.69824429457));
#3383 = CARTESIAN_POINT('',(-5.570510349388,-44.80588441363));
#3384 = CARTESIAN_POINT('',(-5.568714130362,-44.82573053049));
#3385 = CARTESIAN_POINT('',(-5.566848376623,-44.84466638686));
#3386 = CARTESIAN_POINT('',(-5.564914878304,-44.862621169));
#3387 = CARTESIAN_POINT('',(-5.562916085919,-44.87952190913));
#3388 = CARTESIAN_POINT('',(-5.560855221613,-44.89529543547));
#3389 = CARTESIAN_POINT('',(-5.55515396753,-44.93451287451));
#3390 = CARTESIAN_POINT('',(-5.551403938928,-44.95574218568));
#3391 = CARTESIAN_POINT('',(-5.547508711853,-44.97318751139));
#3392 = CARTESIAN_POINT('',(-5.543496485899,-44.9865277187));
#3393 = CARTESIAN_POINT('',(-5.539401431858,-44.99551301695));
#3394 = CARTESIAN_POINT('',(-5.53526332789,-45.));
#3395 = CARTESIAN_POINT('',(-5.531126653043,-45.));
#3396 = ( GEOMETRIC_REPRESENTATION_CONTEXT(2) 
PARAMETRIC_REPRESENTATION_CONTEXT() REPRESENTATION_CONTEXT('2D SPACE',''
  ) );
#3397 = PCURVE('',#3398,#3403);
#3398 = CYLINDRICAL_SURFACE('',#3399,1.);
#3399 = AXIS2_PLACEMENT_3D('',#3400,#3401,#3402);
#3400 = CARTESIAN_POINT('',(179.,35.001785668734,35.708892449921));
#3401 = DIRECTION('',(0.,-0.707106781187,-0.707106781187));
#3402 = DIRECTION('',(0.,-0.707106781187,0.707106781187));
#3403 = DEFINITIONAL_REPRESENTATION('',(#3404),#3425);
#3404 = B_SPLINE_CURVE_WITH_KNOTS('',7,(#3405,#3406,#3407,#3408,#3409,
    #3410,#3411,#3412,#3413,#3414,#3415,#3416,#3417,#3418,#3419,#3420,
    #3421,#3422,#3423,#3424),.UNSPECIFIED.,.F.,.F.,(8,6,6,8),(0.,
    0.609659804503,0.754727007427,1.),.UNSPECIFIED.);
#3405 = CARTESIAN_POINT('',(0.,34.851863171244));
#3406 = CARTESIAN_POINT('',(-0.122948303475,34.879318640132));
#3407 = CARTESIAN_POINT('',(-0.245873613025,34.905023318435));
#3408 = CARTESIAN_POINT('',(-0.370361657894,34.928640726031));
#3409 = CARTESIAN_POINT('',(-0.497375235453,34.949758176019));
#3410 = CARTESIAN_POINT('',(-0.627838057585,34.967930388992));
#3411 = CARTESIAN_POINT('',(-0.762597786916,34.982795306992));
#3412 = CARTESIAN_POINT('',(-0.936421458701,34.996601805536));
#3413 = CARTESIAN_POINT('',(-0.970121599721,34.999042928813));
#3414 = CARTESIAN_POINT('',(-1.004115193734,35.001265616066));
#3415 = CARTESIAN_POINT('',(-1.038402938247,35.003264077007));
#3416 = CARTESIAN_POINT('',(-1.072981350711,35.005032742209));
#3417 = CARTESIAN_POINT('',(-1.107842109949,35.006566482611));
#3418 = CARTESIAN_POINT('',(-1.202366390613,35.010049250767));
#3419 = CARTESIAN_POINT('',(-1.262560281933,35.011554525574));
#3420 = CARTESIAN_POINT('',(-1.323439839869,35.012351867269));
#3421 = CARTESIAN_POINT('',(-1.384876668,35.012427225442));
#3422 = CARTESIAN_POINT('',(-1.446720478261,35.011775757398));
#3423 = CARTESIAN_POINT('',(-1.508780685969,35.010403986858));
#3424 = CARTESIAN_POINT('',(-1.570796326795,35.008335649435));
#3425 = ( GEOMETRIC_REPRESENTATION_CONTEXT(2) 
PARAMETRIC_REPRESENTATION_CONTEXT() REPRESENTATION_CONTEXT('2D SPACE',''
  ) );
#3426 = ORIENTED_EDGE('',*,*,#3427,.T.);
#3427 = EDGE_CURVE('',#3349,#3428,#3430,.T.);
#3428 = VERTEX_POINT('',#3429);
#3429 = CARTESIAN_POINT('',(137.27050163763,16.227728716463,
    18.349049060022));
#3430 = SURFACE_CURVE('',#3431,(#3436,#3447),.PCURVE_S1.);
#3431 = HYPERBOLA('',#3432,6.75,1.5);
#3432 = AXIS2_PLACEMENT_3D('',#3433,#3434,#3435);
#3433 = CARTESIAN_POINT('',(247.5,-1.06066017178,1.06066017178));
#3434 = DIRECTION('',(-0.,0.707106781187,-0.707106781187));
#3435 = DIRECTION('',(-1.,-0.,0.));
#3436 = PCURVE('',#3295,#3437);
#3437 = DEFINITIONAL_REPRESENTATION('',(#3438),#3446);
#3438 = B_SPLINE_CURVE_WITH_KNOTS('',6,(#3439,#3440,#3441,#3442,#3443,
    #3444,#3445),.UNSPECIFIED.,.F.,.F.,(7,7),(2.993222846126,
    3.48768601452),.PIECEWISE_BEZIER_KNOTS.);
#3439 = CARTESIAN_POINT('',(-5.597954564944,-45.));
#3440 = CARTESIAN_POINT('',(-5.589713512137,-39.46517279253));
#3441 = CARTESIAN_POINT('',(-5.582283353711,-33.38023377783));
#3442 = CARTESIAN_POINT('',(-5.575565359383,-26.67752648457));
#3443 = CARTESIAN_POINT('',(-5.569476333834,-19.27816306319));
#3444 = CARTESIAN_POINT('',(-5.563945298192,-11.08935729233));
#3445 = CARTESIAN_POINT('',(-5.558911170912,-2.));
#3446 = ( GEOMETRIC_REPRESENTATION_CONTEXT(2) 
PARAMETRIC_REPRESENTATION_CONTEXT() REPRESENTATION_CONTEXT('2D SPACE',''
  ) );
#3447 = PCURVE('',#3448,#3453);
#3448 = PLANE('',#3449);
#3449 = AXIS2_PLACEMENT_3D('',#3450,#3451,#3452);
#3450 = CARTESIAN_POINT('',(162.58480056418,21.06631722017,
    23.18763756373));
#3451 = DIRECTION('',(-0.,0.707106781187,-0.707106781187));
#3452 = DIRECTION('',(-1.,0.,0.));
#3453 = DEFINITIONAL_REPRESENTATION('',(#3454),#3458);
#3454 = ( BOUNDED_CURVE() B_SPLINE_CURVE(2,(#3455,#3456,#3457),
.UNSPECIFIED.,.F.,.F.) B_SPLINE_CURVE_WITH_KNOTS((3,3),(2.993222846126,
3.48768601452),.PIECEWISE_BEZIER_KNOTS.) CURVE() 
GEOMETRIC_REPRESENTATION_ITEM() RATIONAL_B_SPLINE_CURVE((1.,
1.030717715499,1.)) REPRESENTATION_ITEM('') );
#3455 = CARTESIAN_POINT('',(-17.41519943581,-16.36745996541));
#3456 = CARTESIAN_POINT('',(-1.14095385828,-12.73274169425));
#3457 = CARTESIAN_POINT('',(25.584800564187,-6.782573265166));
#3458 = ( GEOMETRIC_REPRESENTATION_CONTEXT(2) 
PARAMETRIC_REPRESENTATION_CONTEXT() REPRESENTATION_CONTEXT('2D SPACE',''
  ) );
#3459 = ORIENTED_EDGE('',*,*,#3460,.T.);
#3460 = EDGE_CURVE('',#3428,#3461,#3463,.T.);
#3461 = VERTEX_POINT('',#3462);
#3462 = CARTESIAN_POINT('',(136.30378147218,16.754386597037,
    18.162819494053));
#3463 = SURFACE_CURVE('',#3464,(#3482,#3511),.PCURVE_S1.);
#3464 = B_SPLINE_CURVE_WITH_KNOTS('',6,(#3465,#3466,#3467,#3468,#3469,
    #3470,#3471,#3472,#3473,#3474,#3475,#3476,#3477,#3478,#3479,#3480,
    #3481),.UNSPECIFIED.,.F.,.F.,(7,5,5,7),(0.,1.,3.026381957755,
    3.98995434464),.UNSPECIFIED.);
#3465 = CARTESIAN_POINT('',(137.27050163763,16.227728716463,
    18.349049060022));
#3466 = CARTESIAN_POINT('',(137.22515449367,16.23486773031,
    18.356188073869));
#3467 = CARTESIAN_POINT('',(137.1798246904,16.243438669484,
    18.362055540444));
#3468 = CARTESIAN_POINT('',(137.13457502167,16.25344044778,
    18.366633484984));
#3469 = CARTESIAN_POINT('',(137.08947207171,16.264877541671,
    18.369896436581));
#3470 = CARTESIAN_POINT('',(137.04458761231,16.277759866119,
    18.371810958318));
#3471 = CARTESIAN_POINT('',(136.90964846686,16.321166609674,
    18.37339744551));
#3472 = CARTESIAN_POINT('',(136.82058715159,16.356205125715,
    18.368749495837));
#3473 = CARTESIAN_POINT('',(136.73334042366,16.397366437138,
    18.358061751081));
#3474 = CARTESIAN_POINT('',(136.64879613538,16.444880223106,
    18.340793616029));
#3475 = CARTESIAN_POINT('',(136.56818892766,16.498901875282,
    18.316326414854));
#3476 = CARTESIAN_POINT('',(136.45764906868,16.588388070422,
    18.268421203831));
#3477 = CARTESIAN_POINT('',(136.42333102295,16.618710108994,
    18.251181751303));
#3478 = CARTESIAN_POINT('',(136.3905144591,16.65051723346,
    18.232063199442));
#3479 = CARTESIAN_POINT('',(136.35945026984,16.683784445345,
    18.210991771965));
#3480 = CARTESIAN_POINT('',(136.33043166859,16.718446863444,
    18.187915124039));
#3481 = CARTESIAN_POINT('',(136.30378147218,16.754386597037,
    18.162819494053));
#3482 = PCURVE('',#3295,#3483);
#3483 = DEFINITIONAL_REPRESENTATION('',(#3484),#3510);
#3484 = B_SPLINE_CURVE_WITH_KNOTS('',3,(#3485,#3486,#3487,#3488,#3489,
    #3490,#3491,#3492,#3493,#3494,#3495,#3496,#3497,#3498,#3499,#3500,
    #3501,#3502,#3503,#3504,#3505,#3506,#3507,#3508,#3509),
  .UNSPECIFIED.,.F.,.F.,(4,1,1,1,1,1,1,1,1,1,1,1,1,1,1,1,1,1,1,1,1,1,4),
  (0.,0.18136156112,0.36272312224,0.54408468336,0.72544624448,
    0.9068078056,1.08816936672,1.26953092784,1.45089248896,1.63225405008
    ,1.8136156112,1.99497717232,2.17633873344,2.35770029456,
    2.53906185568,2.7204234168,2.90178497792,3.08314653904,3.26450810016
    ,3.44586966128,3.6272312224,3.80859278352,3.98995434464),
  .QUASI_UNIFORM_KNOTS.);
#3485 = CARTESIAN_POINT('',(-5.559061356189,-2.270501637631));
#3486 = CARTESIAN_POINT('',(-5.559052189179,-2.254053322689));
#3487 = CARTESIAN_POINT('',(-5.559008195418,-2.221161860633));
#3488 = CARTESIAN_POINT('',(-5.55886477135,-2.171887754331));
#3489 = CARTESIAN_POINT('',(-5.558643517876,-2.122723630622));
#3490 = CARTESIAN_POINT('',(-5.558343835241,-2.073718791521));
#3491 = CARTESIAN_POINT('',(-5.557964995582,-2.024924828358));
#3492 = CARTESIAN_POINT('',(-5.557506094303,-1.976394181421));
#3493 = CARTESIAN_POINT('',(-5.556966269032,-1.928198166977));
#3494 = CARTESIAN_POINT('',(-5.556344277592,-1.880387165269));
#3495 = CARTESIAN_POINT('',(-5.555638756213,-1.833023717482));
#3496 = CARTESIAN_POINT('',(-5.554848216501,-1.786177790973));
#3497 = CARTESIAN_POINT('',(-5.553971072989,-1.739928203864));
#3498 = CARTESIAN_POINT('',(-5.55300565696,-1.694362500555));
#3499 = CARTESIAN_POINT('',(-5.551950226211,-1.649577285236));
#3500 = CARTESIAN_POINT('',(-5.550802976421,-1.605678693427));
#3501 = CARTESIAN_POINT('',(-5.549562021763,-1.562782273957));
#3502 = CARTESIAN_POINT('',(-5.548225468531,-1.521015511005));
#3503 = CARTESIAN_POINT('',(-5.54679111898,-1.480510794185));
#3504 = CARTESIAN_POINT('',(-5.545257752874,-1.441440459825));
#3505 = CARTESIAN_POINT('',(-5.543624127173,-1.403982580375));
#3506 = CARTESIAN_POINT('',(-5.541889502043,-1.36833532825));
#3507 = CARTESIAN_POINT('',(-5.540053798817,-1.334715764375));
#3508 = CARTESIAN_POINT('',(-5.538763378086,-1.313814891302));
#3509 = CARTESIAN_POINT('',(-5.538101646261,-1.303781472189));
#3510 = ( GEOMETRIC_REPRESENTATION_CONTEXT(2) 
PARAMETRIC_REPRESENTATION_CONTEXT() REPRESENTATION_CONTEXT('2D SPACE',''
  ) );
#3511 = PCURVE('',#3512,#3517);
#3512 = CYLINDRICAL_SURFACE('',#3513,1.);
#3513 = AXIS2_PLACEMENT_3D('',#3514,#3515,#3516);
#3514 = CARTESIAN_POINT('',(135.7273936525,15.778224850044,
    16.48533163123));
#3515 = DIRECTION('',(0.686220426896,0.514344984281,0.514344984281));
#3516 = DIRECTION('',(-0.727393652509,0.485231117247,0.485231117247));
#3517 = DEFINITIONAL_REPRESENTATION('',(#3518),#3544);
#3518 = B_SPLINE_CURVE_WITH_KNOTS('',3,(#3519,#3520,#3521,#3522,#3523,
    #3524,#3525,#3526,#3527,#3528,#3529,#3530,#3531,#3532,#3533,#3534,
    #3535,#3536,#3537,#3538,#3539,#3540,#3541,#3542,#3543),
  .UNSPECIFIED.,.F.,.F.,(4,1,1,1,1,1,1,1,1,1,1,1,1,1,1,1,1,1,1,1,1,1,4),
  (0.,0.18136156112,0.36272312224,0.54408468336,0.72544624448,
    0.9068078056,1.08816936672,1.26953092784,1.45089248896,1.63225405008
    ,1.8136156112,1.99497717232,2.17633873344,2.35770029456,
    2.53906185568,2.7204234168,2.90178497792,3.08314653904,3.26450810016
    ,3.44586966128,3.6272312224,3.80859278352,3.98995434464),
  .QUASI_UNIFORM_KNOTS.);
#3519 = CARTESIAN_POINT('',(1.570796326795,2.248705991021));
#3520 = CARTESIAN_POINT('',(1.556318838496,2.240082562415));
#3521 = CARTESIAN_POINT('',(1.527342352885,2.222866521564));
#3522 = CARTESIAN_POINT('',(1.48377095391,2.197159864901));
#3523 = CARTESIAN_POINT('',(1.440050814823,2.171595273474));
#3524 = CARTESIAN_POINT('',(1.396139607199,2.146198440116));
#3525 = CARTESIAN_POINT('',(1.35199465352,2.120996085473));
#3526 = CARTESIAN_POINT('',(1.307570644741,2.096015202159));
#3527 = CARTESIAN_POINT('',(1.26283580059,2.071292274197));
#3528 = CARTESIAN_POINT('',(1.21773442625,2.046852810269));
#3529 = CARTESIAN_POINT('',(1.172215932523,2.022728407312));
#3530 = CARTESIAN_POINT('',(1.126229885434,1.998954242471));
#3531 = CARTESIAN_POINT('',(1.079726518405,1.975569761834));
#3532 = CARTESIAN_POINT('',(1.032655802216,1.952618568919));
#3533 = CARTESIAN_POINT('',(0.98496679825,1.930148555239));
#3534 = CARTESIAN_POINT('',(0.936607064373,1.908212100734));
#3535 = CARTESIAN_POINT('',(0.887521072296,1.886865990517));
#3536 = CARTESIAN_POINT('',(0.837651795828,1.866172634418));
#3537 = CARTESIAN_POINT('',(0.786929649522,1.846196596893));
#3538 = CARTESIAN_POINT('',(0.735315406067,1.827021814322));
#3539 = CARTESIAN_POINT('',(0.682759712755,1.80873459812));
#3540 = CARTESIAN_POINT('',(0.629219400705,1.791430646347));
#3541 = CARTESIAN_POINT('',(0.574660509293,1.77521446953));
#3542 = CARTESIAN_POINT('',(0.537595183606,1.765205672466));
#3543 = CARTESIAN_POINT('',(0.518885278147,1.760420462528));
#3544 = ( GEOMETRIC_REPRESENTATION_CONTEXT(2) 
PARAMETRIC_REPRESENTATION_CONTEXT() REPRESENTATION_CONTEXT('2D SPACE',''
  ) );
#3545 = ORIENTED_EDGE('',*,*,#3546,.F.);
#3546 = EDGE_CURVE('',#3547,#3461,#3549,.T.);
#3547 = VERTEX_POINT('',#3548);
#3548 = CARTESIAN_POINT('',(136.16797227237,17.137014012936,
    17.844120794122));
#3549 = SURFACE_CURVE('',#3550,(#3565,#3583),.PCURVE_S1.);
#3550 = B_SPLINE_CURVE_WITH_KNOTS('',5,(#3551,#3552,#3553,#3554,#3555,
    #3556,#3557,#3558,#3559,#3560,#3561,#3562,#3563,#3564),
  .UNSPECIFIED.,.F.,.F.,(6,4,4,6),(0.,4.420132099736E-02,0.527259354954,
    1.),.UNSPECIFIED.);
#3551 = CARTESIAN_POINT('',(136.16797227237,17.137014012936,
    17.844120794122));
#3552 = CARTESIAN_POINT('',(136.1679047916,17.133606406546,
    17.847414158932));
#3553 = CARTESIAN_POINT('',(136.16786736064,17.130192900692,
    17.850702357715));
#3554 = CARTESIAN_POINT('',(136.16785999062,17.12677378484,
    17.853985108147));
#3555 = CARTESIAN_POINT('',(136.16788268276,17.12334935053,
    17.857262130039));
#3556 = CARTESIAN_POINT('',(136.16851186324,17.082440744628,
    17.89628072437));
#3557 = CARTESIAN_POINT('',(136.17267785038,17.044357853579,
    17.931314344116));
#3558 = CARTESIAN_POINT('',(136.18042260829,17.006066233012,
    17.965259388935));
#3559 = CARTESIAN_POINT('',(136.19158810457,16.96795456532,
    17.997808927977));
#3560 = CARTESIAN_POINT('',(136.21994820496,16.893592753015,
    18.058994924635));
#3561 = CARTESIAN_POINT('',(136.23701026519,16.857316859706,
    18.087702850278));
#3562 = CARTESIAN_POINT('',(136.25687456199,16.821860944908,
    18.114648700649));
#3563 = CARTESIAN_POINT('',(136.27923856028,16.787484503795,
    18.139708225871));
#3564 = CARTESIAN_POINT('',(136.30378147218,16.754386597037,
    18.162819494053));
#3565 = PCURVE('',#3295,#3566);
#3566 = DEFINITIONAL_REPRESENTATION('',(#3567),#3582);
#3567 = B_SPLINE_CURVE_WITH_KNOTS('',5,(#3568,#3569,#3570,#3571,#3572,
    #3573,#3574,#3575,#3576,#3577,#3578,#3579,#3580,#3581),
  .UNSPECIFIED.,.F.,.F.,(6,4,4,6),(0.,4.420132099736E-02,0.527259354954,
    1.),.UNSPECIFIED.);
#3568 = CARTESIAN_POINT('',(-5.517998337613,-1.167972272378));
#3569 = CARTESIAN_POINT('',(-5.518189884932,-1.167904791608));
#3570 = CARTESIAN_POINT('',(-5.518381459311,-1.167867360642));
#3571 = CARTESIAN_POINT('',(-5.51857304468,-1.167859990624));
#3572 = CARTESIAN_POINT('',(-5.518764624967,-1.167882682769));
#3573 = CARTESIAN_POINT('',(-5.521049654999,-1.168511863245));
#3574 = CARTESIAN_POINT('',(-5.523140800516,-1.172677850384));
#3575 = CARTESIAN_POINT('',(-5.525207975024,-1.180422608298));
#3576 = CARTESIAN_POINT('',(-5.527231597107,-1.191588104578));
#3577 = CARTESIAN_POINT('',(-5.531116928167,-1.219948204962));
#3578 = CARTESIAN_POINT('',(-5.532981347527,-1.237010265192));
#3579 = CARTESIAN_POINT('',(-5.534773674289,-1.256874561991));
#3580 = CARTESIAN_POINT('',(-5.536482958899,-1.279238560284));
#3581 = CARTESIAN_POINT('',(-5.538101646261,-1.303781472189));
#3582 = ( GEOMETRIC_REPRESENTATION_CONTEXT(2) 
PARAMETRIC_REPRESENTATION_CONTEXT() REPRESENTATION_CONTEXT('2D SPACE',''
  ) );
#3583 = PCURVE('',#3584,#3589);
#3584 = SPHERICAL_SURFACE('',#3585,1.);
#3585 = AXIS2_PLACEMENT_3D('',#3586,#3587,#3588);
#3586 = CARTESIAN_POINT('',(136.93543013382,16.683688285171,
    17.390795066358));
#3587 = DIRECTION('',(0.,0.707106781187,-0.707106781187));
#3588 = DIRECTION('',(-0.216930457819,-0.690268489963,-0.690268489963));
#3589 = DEFINITIONAL_REPRESENTATION('',(#3590),#3605);
#3590 = B_SPLINE_CURVE_WITH_KNOTS('',5,(#3591,#3592,#3593,#3594,#3595,
    #3596,#3597,#3598,#3599,#3600,#3601,#3602,#3603,#3604),
  .UNSPECIFIED.,.F.,.F.,(6,4,4,6),(0.,4.420132099736E-02,0.527259354954,
    1.),.UNSPECIFIED.);
#3591 = CARTESIAN_POINT('',(2.048057302664,7.105427357601E-15));
#3592 = CARTESIAN_POINT('',(2.047952044774,-4.738302175531E-03));
#3593 = CARTESIAN_POINT('',(2.047860046833,-9.477122941365E-03));
#3594 = CARTESIAN_POINT('',(2.047781305087,-1.421627972443E-02));
#3595 = CARTESIAN_POINT('',(2.047715819141,-1.895558999775E-02));
#3596 = CARTESIAN_POINT('',(2.047092822707,-7.548852466324E-02));
#3597 = CARTESIAN_POINT('',(2.048105649182,-0.127283555433));
#3598 = CARTESIAN_POINT('',(2.050706070141,-0.178825956026));
#3599 = CARTESIAN_POINT('',(2.054944902987,-0.229906102823));
#3600 = CARTESIAN_POINT('',(2.066795147831,-0.329645867295));
#3601 = CARTESIAN_POINT('',(2.074333052053,-0.378338414141));
#3602 = CARTESIAN_POINT('',(2.08365444612,-0.426212037072));
#3603 = CARTESIAN_POINT('',(2.094928013763,-0.473114727273));
#3604 = CARTESIAN_POINT('',(2.108407562811,-0.518885278146));
#3605 = ( GEOMETRIC_REPRESENTATION_CONTEXT(2) 
PARAMETRIC_REPRESENTATION_CONTEXT() REPRESENTATION_CONTEXT('2D SPACE',''
  ) );
#3606 = ORIENTED_EDGE('',*,*,#3607,.T.);
#3607 = EDGE_CURVE('',#3547,#3608,#3610,.T.);
#3608 = VERTEX_POINT('',#3609);
#3609 = CARTESIAN_POINT('',(136.16797227237,17.844120794122,
    17.137014012936));
#3610 = SURFACE_CURVE('',#3611,(#3617,#3626),.PCURVE_S1.);
#3611 = B_SPLINE_CURVE_WITH_KNOTS('',4,(#3612,#3613,#3614,#3615,#3616),
  .UNSPECIFIED.,.F.,.F.,(5,5),(0.,1.),.PIECEWISE_BEZIER_KNOTS.);
#3612 = CARTESIAN_POINT('',(136.16797226383,17.137013581438,
    17.844121211154));
#3613 = CARTESIAN_POINT('',(136.17153194838,17.316768344167,
    17.670392817102));
#3614 = CARTESIAN_POINT('',(136.17276504559,17.494577492953,
    17.494580304159));
#3615 = CARTESIAN_POINT('',(136.17153193531,17.670393454743,
    17.316767684407));
#3616 = CARTESIAN_POINT('',(136.16797226383,17.844121211153,
    17.137013581439));
#3617 = PCURVE('',#3295,#3618);
#3618 = DEFINITIONAL_REPRESENTATION('',(#3619),#3625);
#3619 = B_SPLINE_CURVE_WITH_KNOTS('',4,(#3620,#3621,#3622,#3623,#3624),
  .UNSPECIFIED.,.F.,.F.,(5,5),(0.,1.),.PIECEWISE_BEZIER_KNOTS.);
#3620 = CARTESIAN_POINT('',(-5.517998361868,-1.167972263831));
#3621 = CARTESIAN_POINT('',(-5.50789404278,-1.171531948381));
#3622 = CARTESIAN_POINT('',(-5.497787226042,-1.172765045599));
#3623 = CARTESIAN_POINT('',(-5.487680207698,-1.171531935316));
#3624 = CARTESIAN_POINT('',(-5.477575925697,-1.167972263831));
#3625 = ( GEOMETRIC_REPRESENTATION_CONTEXT(2) 
PARAMETRIC_REPRESENTATION_CONTEXT() REPRESENTATION_CONTEXT('2D SPACE',''
  ) );
#3626 = PCURVE('',#3627,#3632);
#3627 = CYLINDRICAL_SURFACE('',#3628,1.);
#3628 = AXIS2_PLACEMENT_3D('',#3629,#3630,#3631);
#3629 = CARTESIAN_POINT('',(136.93543013382,18.097901847545,
    15.976581503985));
#3630 = DIRECTION('',(0.,-0.707106781187,0.707106781187));
#3631 = DIRECTION('',(-0.727393652509,0.485231117247,0.485231117247));
#3632 = DEFINITIONAL_REPRESENTATION('',(#3633),#3639);
#3633 = B_SPLINE_CURVE_WITH_KNOTS('',4,(#3634,#3635,#3636,#3637,#3638),
  .UNSPECIFIED.,.F.,.F.,(5,5),(0.,1.),.PIECEWISE_BEZIER_KNOTS.);
#3634 = CARTESIAN_POINT('',(6.035027347625E-02,2.000000600001));
#3635 = CARTESIAN_POINT('',(5.47978043126E-02,1.750050262806));
#3636 = CARTESIAN_POINT('',(5.29236735251E-02,1.500001987822));
#3637 = CARTESIAN_POINT('',(5.479782469203E-02,1.249948819793));
#3638 = CARTESIAN_POINT('',(6.035027347625E-02,0.9999994));
#3639 = ( GEOMETRIC_REPRESENTATION_CONTEXT(2) 
PARAMETRIC_REPRESENTATION_CONTEXT() REPRESENTATION_CONTEXT('2D SPACE',''
  ) );
#3640 = ORIENTED_EDGE('',*,*,#3641,.F.);
#3641 = EDGE_CURVE('',#3642,#3608,#3644,.T.);
#3642 = VERTEX_POINT('',#3643);
#3643 = CARTESIAN_POINT('',(136.30378147218,18.162819494053,
    16.754386597037));
#3644 = SURFACE_CURVE('',#3645,(#3660,#3678),.PCURVE_S1.);
#3645 = B_SPLINE_CURVE_WITH_KNOTS('',5,(#3646,#3647,#3648,#3649,#3650,
    #3651,#3652,#3653,#3654,#3655,#3656,#3657,#3658,#3659),
  .UNSPECIFIED.,.F.,.F.,(6,4,4,6),(0.,0.510031983444,0.963279391802,1.),
  .UNSPECIFIED.);
#3646 = CARTESIAN_POINT('',(136.30378147218,18.162819494053,
    16.754386597037));
#3647 = CARTESIAN_POINT('',(136.27730254105,18.137885139032,
    16.790095366935));
#3648 = CARTESIAN_POINT('',(136.25335969676,18.110682853848,
    16.827292576038));
#3649 = CARTESIAN_POINT('',(136.23235580824,18.081290513991,
    16.865728139999));
#3650 = CARTESIAN_POINT('',(136.21466960234,18.049870604271,
    16.905069661838));
#3651 = CARTESIAN_POINT('',(136.18805636566,17.987222353345,
    16.980312804967));
#3652 = CARTESIAN_POINT('',(136.17837241345,17.956360154775,
    17.016112203841));
#3653 = CARTESIAN_POINT('',(136.17172438553,17.924314987504,
    17.052011894189));
#3654 = CARTESIAN_POINT('',(136.16823163106,17.891346276342,
    17.087689567343));
#3655 = CARTESIAN_POINT('',(136.16787248732,17.855042733178,
    17.125666641245));
#3656 = CARTESIAN_POINT('',(136.16786631553,17.852317919479,
    17.128509258872));
#3657 = CARTESIAN_POINT('',(136.167880891,17.849589217663,
    17.131348137837));
#3658 = CARTESIAN_POINT('',(136.16791621207,17.84685678859,
    17.134183111177));
#3659 = CARTESIAN_POINT('',(136.16797227237,17.844120794122,
    17.137014012936));
#3660 = PCURVE('',#3295,#3661);
#3661 = DEFINITIONAL_REPRESENTATION('',(#3662),#3677);
#3662 = B_SPLINE_CURVE_WITH_KNOTS('',5,(#3663,#3664,#3665,#3666,#3667,
    #3668,#3669,#3670,#3671,#3672,#3673,#3674,#3675,#3676),
  .UNSPECIFIED.,.F.,.F.,(6,4,4,6),(0.,0.510031983444,0.963279391802,1.),
  .UNSPECIFIED.);
#3663 = CARTESIAN_POINT('',(-5.457472641303,-1.303781472189));
#3664 = CARTESIAN_POINT('',(-5.459219015627,-1.277302541051));
#3665 = CARTESIAN_POINT('',(-5.461070856371,-1.253359696765));
#3666 = CARTESIAN_POINT('',(-5.463018669193,-1.232355808248));
#3667 = CARTESIAN_POINT('',(-5.465048345362,-1.214669602348));
#3668 = CARTESIAN_POINT('',(-5.468999756019,-1.188056365667));
#3669 = CARTESIAN_POINT('',(-5.470908476692,-1.178372413459));
#3670 = CARTESIAN_POINT('',(-5.472852617718,-1.17172438553));
#3671 = CARTESIAN_POINT('',(-5.474815806538,-1.168231631069));
#3672 = CARTESIAN_POINT('',(-5.476939355648,-1.167872487325));
#3673 = CARTESIAN_POINT('',(-5.477098513809,-1.167866315531));
#3674 = CARTESIAN_POINT('',(-5.477257671723,-1.167880891002));
#3675 = CARTESIAN_POINT('',(-5.477416820175,-1.167916212078));
#3676 = CARTESIAN_POINT('',(-5.477575949952,-1.167972272376));
#3677 = ( GEOMETRIC_REPRESENTATION_CONTEXT(2) 
PARAMETRIC_REPRESENTATION_CONTEXT() REPRESENTATION_CONTEXT('2D SPACE',''
  ) );
#3678 = PCURVE('',#3679,#3684);
#3679 = SPHERICAL_SURFACE('',#3680,1.);
#3680 = AXIS2_PLACEMENT_3D('',#3681,#3682,#3683);
#3681 = CARTESIAN_POINT('',(136.93543013382,17.390795066358,
    16.683688285171));
#3682 = DIRECTION('',(0.,-0.707106781187,0.707106781187));
#3683 = DIRECTION('',(-0.216930457819,-0.690268489963,-0.690268489963));
#3684 = DEFINITIONAL_REPRESENTATION('',(#3685),#3700);
#3685 = B_SPLINE_CURVE_WITH_KNOTS('',5,(#3686,#3687,#3688,#3689,#3690,
    #3691,#3692,#3693,#3694,#3695,#3696,#3697,#3698,#3699),
  .UNSPECIFIED.,.F.,.F.,(6,4,4,6),(0.,0.510031983444,0.963279391802,1.),
  .UNSPECIFIED.);
#3686 = CARTESIAN_POINT('',(-2.108407562811,-0.518885278146));
#3687 = CARTESIAN_POINT('',(-2.093864706104,-0.469504207579));
#3688 = CARTESIAN_POINT('',(-2.081889484042,-0.418804953409));
#3689 = CARTESIAN_POINT('',(-2.072163323621,-0.366990393831));
#3690 = CARTESIAN_POINT('',(-2.064482851289,-0.314250658638));
#3691 = CARTESIAN_POINT('',(-2.053610097835,-0.213333650045));
#3692 = CARTESIAN_POINT('',(-2.050013032447,-0.165298926907));
#3693 = CARTESIAN_POINT('',(-2.047850454146,-0.116889554839));
#3694 = CARTESIAN_POINT('',(-2.047084003831,-6.828179478634E-02));
#3695 = CARTESIAN_POINT('',(-2.047762428679,-1.574728907204E-02));
#3696 = CARTESIAN_POINT('',(-2.047822423021,-1.181013928089E-02));
#3697 = CARTESIAN_POINT('',(-2.047891566164,-7.873138060689E-03));
#3698 = CARTESIAN_POINT('',(-2.047969858659,-3.936390071839E-03));
#3699 = CARTESIAN_POINT('',(-2.048057302664,0.));
#3700 = ( GEOMETRIC_REPRESENTATION_CONTEXT(2) 
PARAMETRIC_REPRESENTATION_CONTEXT() REPRESENTATION_CONTEXT('2D SPACE',''
  ) );
#3701 = ORIENTED_EDGE('',*,*,#3702,.T.);
#3702 = EDGE_CURVE('',#3642,#3703,#3705,.T.);
#3703 = VERTEX_POINT('',#3704);
#3704 = CARTESIAN_POINT('',(137.27050163763,18.349049060022,
    16.227728716463));
#3705 = SURFACE_CURVE('',#3706,(#3724,#3753),.PCURVE_S1.);
#3706 = B_SPLINE_CURVE_WITH_KNOTS('',6,(#3707,#3708,#3709,#3710,#3711,
    #3712,#3713,#3714,#3715,#3716,#3717,#3718,#3719,#3720,#3721,#3722,
    #3723),.UNSPECIFIED.,.F.,.F.,(7,5,5,7),(2.535500839794E-06,
    0.322271651574,1.,1.334452419413),.UNSPECIFIED.);
#3707 = CARTESIAN_POINT('',(136.30378147218,18.162819494053,
    16.754386597037));
#3708 = CARTESIAN_POINT('',(136.33043166859,18.187915124039,
    16.718446863444));
#3709 = CARTESIAN_POINT('',(136.35945026984,18.210991771965,
    16.683784445345));
#3710 = CARTESIAN_POINT('',(136.3905144591,18.232063199442,
    16.65051723346));
#3711 = CARTESIAN_POINT('',(136.42333102295,18.251181751303,
    16.618710108994));
#3712 = CARTESIAN_POINT('',(136.45764906868,18.268421203831,
    16.588388070422));
#3713 = CARTESIAN_POINT('',(136.56818892766,18.316326414854,
    16.498901875281));
#3714 = CARTESIAN_POINT('',(136.64879613538,18.340793616029,
    16.444880223106));
#3715 = CARTESIAN_POINT('',(136.73334042366,18.358061751081,
    16.397366437138));
#3716 = CARTESIAN_POINT('',(136.82058715159,18.368749495837,
    16.356205125715));
#3717 = CARTESIAN_POINT('',(136.90964846686,18.37339744551,
    16.321166609674));
#3718 = CARTESIAN_POINT('',(137.04458761231,18.371810958318,
    16.277759866119));
#3719 = CARTESIAN_POINT('',(137.08947207171,18.369896436581,
    16.264877541671));
#3720 = CARTESIAN_POINT('',(137.13457502167,18.366633484984,
    16.25344044778));
#3721 = CARTESIAN_POINT('',(137.1798246904,18.362055540444,
    16.243438669484));
#3722 = CARTESIAN_POINT('',(137.22515449367,18.356188073869,
    16.23486773031));
#3723 = CARTESIAN_POINT('',(137.27050163763,18.349049060022,
    16.227728716463));
#3724 = PCURVE('',#3295,#3725);
#3725 = DEFINITIONAL_REPRESENTATION('',(#3726),#3752);
#3726 = B_SPLINE_CURVE_WITH_KNOTS('',3,(#3727,#3728,#3729,#3730,#3731,
    #3732,#3733,#3734,#3735,#3736,#3737,#3738,#3739,#3740,#3741,#3742,
    #3743,#3744,#3745,#3746,#3747,#3748,#3749,#3750,#3751),
  .UNSPECIFIED.,.F.,.F.,(4,1,1,1,1,1,1,1,1,1,1,1,1,1,1,1,1,1,1,1,1,1,4),
  (2.535500839794E-06,6.065934840595E-02,0.121316161311,0.181972974216,
    0.242629787121,0.303286600026,0.363943412932,0.424600225837,
    0.485257038742,0.545913851647,0.606570664552,0.667227477457,
    0.727884290362,0.788541103267,0.849197916172,0.909854729078,
    0.970511541983,1.031168354888,1.091825167793,1.152481980698,
    1.213138793603,1.273795606508,1.334452419413),
  .QUASI_UNIFORM_KNOTS.);
#3727 = CARTESIAN_POINT('',(-5.457472641303,-1.303781472189));
#3728 = CARTESIAN_POINT('',(-5.456810909478,-1.313814891302));
#3729 = CARTESIAN_POINT('',(-5.455520488748,-1.334715764375));
#3730 = CARTESIAN_POINT('',(-5.453684785521,-1.368335328251));
#3731 = CARTESIAN_POINT('',(-5.451950160391,-1.403982580375));
#3732 = CARTESIAN_POINT('',(-5.45031653469,-1.441440459825));
#3733 = CARTESIAN_POINT('',(-5.448783168584,-1.480510794185));
#3734 = CARTESIAN_POINT('',(-5.447348819033,-1.521015511005));
#3735 = CARTESIAN_POINT('',(-5.446012265801,-1.562782273957));
#3736 = CARTESIAN_POINT('',(-5.444771311143,-1.605678693427));
#3737 = CARTESIAN_POINT('',(-5.443624061353,-1.649577285236));
#3738 = CARTESIAN_POINT('',(-5.442568630604,-1.694362500555));
#3739 = CARTESIAN_POINT('',(-5.441603214575,-1.739928203864));
#3740 = CARTESIAN_POINT('',(-5.440726071063,-1.786177790973));
#3741 = CARTESIAN_POINT('',(-5.439935531351,-1.833023717482));
#3742 = CARTESIAN_POINT('',(-5.439230009972,-1.880387165269));
#3743 = CARTESIAN_POINT('',(-5.438608018532,-1.928198166977));
#3744 = CARTESIAN_POINT('',(-5.438068193261,-1.976394181421));
#3745 = CARTESIAN_POINT('',(-5.437609291983,-2.024924828358));
#3746 = CARTESIAN_POINT('',(-5.437230452323,-2.073718791521));
#3747 = CARTESIAN_POINT('',(-5.436930769689,-2.122723630622));
#3748 = CARTESIAN_POINT('',(-5.436709516215,-2.171887754331));
#3749 = CARTESIAN_POINT('',(-5.436566092147,-2.221161860633));
#3750 = CARTESIAN_POINT('',(-5.436522098385,-2.254053322689));
#3751 = CARTESIAN_POINT('',(-5.436512931375,-2.270501637631));
#3752 = ( GEOMETRIC_REPRESENTATION_CONTEXT(2) 
PARAMETRIC_REPRESENTATION_CONTEXT() REPRESENTATION_CONTEXT('2D SPACE',''
  ) );
#3753 = PCURVE('',#3754,#3759);
#3754 = CYLINDRICAL_SURFACE('',#3755,1.);
#3755 = AXIS2_PLACEMENT_3D('',#3756,#3757,#3758);
#3756 = CARTESIAN_POINT('',(135.7273936525,16.48533163123,
    15.778224850044));
#3757 = DIRECTION('',(0.686220426896,0.514344984281,0.514344984281));
#3758 = DIRECTION('',(-0.727393652509,0.485231117247,0.485231117247));
#3759 = DEFINITIONAL_REPRESENTATION('',(#3760),#3786);
#3760 = B_SPLINE_CURVE_WITH_KNOTS('',3,(#3761,#3762,#3763,#3764,#3765,
    #3766,#3767,#3768,#3769,#3770,#3771,#3772,#3773,#3774,#3775,#3776,
    #3777,#3778,#3779,#3780,#3781,#3782,#3783,#3784,#3785),
  .UNSPECIFIED.,.F.,.F.,(4,1,1,1,1,1,1,1,1,1,1,1,1,1,1,1,1,1,1,1,1,1,4),
  (2.535500839794E-06,6.065934840595E-02,0.121316161311,0.181972974216,
    0.242629787121,0.303286600026,0.363943412932,0.424600225837,
    0.485257038742,0.545913851647,0.606570664552,0.667227477457,
    0.727884290362,0.788541103267,0.849197916172,0.909854729078,
    0.970511541983,1.031168354888,1.091825167793,1.152481980698,
    1.213138793603,1.273795606508,1.334452419413),
  .QUASI_UNIFORM_KNOTS.);
#3761 = CARTESIAN_POINT('',(-0.518885278146,1.760420462527));
#3762 = CARTESIAN_POINT('',(-0.537595183606,1.765205672466));
#3763 = CARTESIAN_POINT('',(-0.574660509293,1.77521446953));
#3764 = CARTESIAN_POINT('',(-0.629219400705,1.791430646347));
#3765 = CARTESIAN_POINT('',(-0.682759712755,1.80873459812));
#3766 = CARTESIAN_POINT('',(-0.735315406067,1.827021814322));
#3767 = CARTESIAN_POINT('',(-0.786929649522,1.846196596893));
#3768 = CARTESIAN_POINT('',(-0.837651795829,1.866172634418));
#3769 = CARTESIAN_POINT('',(-0.887521072296,1.886865990517));
#3770 = CARTESIAN_POINT('',(-0.936607064373,1.908212100734));
#3771 = CARTESIAN_POINT('',(-0.98496679825,1.930148555239));
#3772 = CARTESIAN_POINT('',(-1.032655802216,1.952618568919));
#3773 = CARTESIAN_POINT('',(-1.079726518405,1.975569761834));
#3774 = CARTESIAN_POINT('',(-1.126229885434,1.998954242472));
#3775 = CARTESIAN_POINT('',(-1.172215932524,2.022728407312));
#3776 = CARTESIAN_POINT('',(-1.217734426251,2.046852810269));
#3777 = CARTESIAN_POINT('',(-1.26283580059,2.071292274197));
#3778 = CARTESIAN_POINT('',(-1.307570644741,2.096015202159));
#3779 = CARTESIAN_POINT('',(-1.35199465352,2.120996085473));
#3780 = CARTESIAN_POINT('',(-1.396139607199,2.146198440117));
#3781 = CARTESIAN_POINT('',(-1.440050814823,2.171595273474));
#3782 = CARTESIAN_POINT('',(-1.48377095391,2.197159864901));
#3783 = CARTESIAN_POINT('',(-1.527342352886,2.222866521564));
#3784 = CARTESIAN_POINT('',(-1.556318838497,2.240082562415));
#3785 = CARTESIAN_POINT('',(-1.570796326795,2.248705991021));
#3786 = ( GEOMETRIC_REPRESENTATION_CONTEXT(2) 
PARAMETRIC_REPRESENTATION_CONTEXT() REPRESENTATION_CONTEXT('2D SPACE',''
  ) );
#3787 = ORIENTED_EDGE('',*,*,#3788,.F.);
#3788 = EDGE_CURVE('',#3789,#3703,#3791,.T.);
#3789 = VERTEX_POINT('',#3790);
#3790 = CARTESIAN_POINT('',(179.,11.772010445735,9.650690102175));
#3791 = SURFACE_CURVE('',#3792,(#3797,#3808),.PCURVE_S1.);
#3792 = HYPERBOLA('',#3793,6.75,1.5);
#3793 = AXIS2_PLACEMENT_3D('',#3794,#3795,#3796);
#3794 = CARTESIAN_POINT('',(247.5,1.06066017178,-1.06066017178));
#3795 = DIRECTION('',(-0.,0.707106781187,-0.707106781187));
#3796 = DIRECTION('',(-1.,-0.,0.));
#3797 = PCURVE('',#3295,#3798);
#3798 = DEFINITIONAL_REPRESENTATION('',(#3799),#3807);
#3799 = B_SPLINE_CURVE_WITH_KNOTS('',6,(#3800,#3801,#3802,#3803,#3804,
    #3805,#3806),.UNSPECIFIED.,.F.,.F.,(7,7),(2.993222846126,
    3.48768601452),.PIECEWISE_BEZIER_KNOTS.);
#3800 = CARTESIAN_POINT('',(-5.397619722621,-45.));
#3801 = CARTESIAN_POINT('',(-5.405860775427,-39.46517279253));
#3802 = CARTESIAN_POINT('',(-5.413290933853,-33.38023377783));
#3803 = CARTESIAN_POINT('',(-5.420008928181,-26.67752648457));
#3804 = CARTESIAN_POINT('',(-5.426097953731,-19.27816306319));
#3805 = CARTESIAN_POINT('',(-5.431628989372,-11.08935729233));
#3806 = CARTESIAN_POINT('',(-5.436663116652,-2.));
#3807 = ( GEOMETRIC_REPRESENTATION_CONTEXT(2) 
PARAMETRIC_REPRESENTATION_CONTEXT() REPRESENTATION_CONTEXT('2D SPACE',''
  ) );
#3808 = PCURVE('',#3809,#3814);
#3809 = PLANE('',#3810);
#3810 = AXIS2_PLACEMENT_3D('',#3811,#3812,#3813);
#3811 = CARTESIAN_POINT('',(162.58480056418,23.18763756373,
    21.06631722017));
#3812 = DIRECTION('',(-0.,0.707106781187,-0.707106781187));
#3813 = DIRECTION('',(-1.,0.,0.));
#3814 = DEFINITIONAL_REPRESENTATION('',(#3815),#3819);
#3815 = ( BOUNDED_CURVE() B_SPLINE_CURVE(2,(#3816,#3817,#3818),
.UNSPECIFIED.,.F.,.F.) B_SPLINE_CURVE_WITH_KNOTS((3,3),(2.993222846126,
3.48768601452),.PIECEWISE_BEZIER_KNOTS.) CURVE() 
GEOMETRIC_REPRESENTATION_ITEM() RATIONAL_B_SPLINE_CURVE((1.,
1.030717715499,1.)) REPRESENTATION_ITEM('') );
#3816 = CARTESIAN_POINT('',(-17.41519943581,-16.36745996541));
#3817 = CARTESIAN_POINT('',(-1.14095385828,-12.73274169425));
#3818 = CARTESIAN_POINT('',(25.584800564187,-6.782573265166));
#3819 = ( GEOMETRIC_REPRESENTATION_CONTEXT(2) 
PARAMETRIC_REPRESENTATION_CONTEXT() REPRESENTATION_CONTEXT('2D SPACE',''
  ) );
#3820 = ORIENTED_EDGE('',*,*,#3821,.F.);
#3821 = EDGE_CURVE('',#3822,#3789,#3824,.T.);
#3822 = VERTEX_POINT('',#3823);
#3823 = CARTESIAN_POINT('',(180.,10.95426091415,10.247154132964));
#3824 = SURFACE_CURVE('',#3825,(#3846,#3870),.PCURVE_S1.);
#3825 = B_SPLINE_CURVE_WITH_KNOTS('',7,(#3826,#3827,#3828,#3829,#3830,
    #3831,#3832,#3833,#3834,#3835,#3836,#3837,#3838,#3839,#3840,#3841,
    #3842,#3843,#3844,#3845),.UNSPECIFIED.,.F.,.F.,(8,6,6,8),(0.,
    0.246203817813,0.391320275476,1.),.UNSPECIFIED.);
#3826 = CARTESIAN_POINT('',(180.,10.95426091415,10.247154132964));
#3827 = CARTESIAN_POINT('',(180.,10.996811994375,10.201666807516));
#3828 = CARTESIAN_POINT('',(179.99547866359,11.039890344689,
    10.156644909954));
#3829 = CARTESIAN_POINT('',(179.98642489501,11.083047471783,
    10.112570782909));
#3830 = CARTESIAN_POINT('',(179.97298442322,11.125873164983,
    10.069863817299));
#3831 = CARTESIAN_POINT('',(179.95541046154,11.168007154055,
    10.028877260633));
#3832 = CARTESIAN_POINT('',(179.93402835304,11.209143361491,
    9.98989700593));
#3833 = CARTESIAN_POINT('',(179.89458834529,11.272534654277,
    9.931478587381));
#3834 = CARTESIAN_POINT('',(179.87876535254,11.295614939933,
    9.910581007087));
#3835 = CARTESIAN_POINT('',(179.8618167739,11.318221716733,
    9.890489158611));
#3836 = CARTESIAN_POINT('',(179.8438158551,11.340317641473,
    9.871233106774));
#3837 = CARTESIAN_POINT('',(179.82483559538,11.361872932616,
    9.852834737586));
#3838 = CARTESIAN_POINT('',(179.80494680554,11.38286438564,
    9.835309052835));
#3839 = CARTESIAN_POINT('',(179.69726310636,11.488882561623,
    9.74885522534));
#3840 = CARTESIAN_POINT('',(179.59583645226,11.563931087945,
    9.694832716493));
#3841 = CARTESIAN_POINT('',(179.4844777909,11.627843944137,
    9.656604382786));
#3842 = CARTESIAN_POINT('',(179.36674018789,11.680515664974,
    9.633765969331));
#3843 = CARTESIAN_POINT('',(179.24547830581,11.722049790726,
    9.625587887979));
#3844 = CARTESIAN_POINT('',(179.12274870889,11.752628014155,
    9.631307670595));
#3845 = CARTESIAN_POINT('',(179.,11.772010445735,9.650690102175));
#3846 = PCURVE('',#3295,#3847);
#3847 = DEFINITIONAL_REPRESENTATION('',(#3848),#3869);
#3848 = B_SPLINE_CURVE_WITH_KNOTS('',7,(#3849,#3850,#3851,#3852,#3853,
    #3854,#3855,#3856,#3857,#3858,#3859,#3860,#3861,#3862,#3863,#3864,
    #3865,#3866,#3867,#3868),.UNSPECIFIED.,.F.,.F.,(8,6,6,8),(0.,
    0.246203817813,0.391320275476,1.),.UNSPECIFIED.);
#3849 = CARTESIAN_POINT('',(-5.464447634521,-45.));
#3850 = CARTESIAN_POINT('',(-5.460295156704,-45.));
#3851 = CARTESIAN_POINT('',(-5.456141325025,-44.99547866359));
#3852 = CARTESIAN_POINT('',(-5.452031099989,-44.98642489501));
#3853 = CARTESIAN_POINT('',(-5.448004638288,-44.97298442322));
#3854 = CARTESIAN_POINT('',(-5.444096420965,-44.95541046154));
#3855 = CARTESIAN_POINT('',(-5.440334907284,-44.93402835304));
#3856 = CARTESIAN_POINT('',(-5.434625418452,-44.89458834529));
#3857 = CARTESIAN_POINT('',(-5.432566260511,-44.87876535254));
#3858 = CARTESIAN_POINT('',(-5.430569326105,-44.8618167739));
#3859 = CARTESIAN_POINT('',(-5.428637819241,-44.8438158551));
#3860 = CARTESIAN_POINT('',(-5.426774173744,-44.82483559538));
#3861 = CARTESIAN_POINT('',(-5.424980164696,-44.80494680554));
#3862 = CARTESIAN_POINT('',(-5.416029422611,-44.69726310636));
#3863 = CARTESIAN_POINT('',(-5.410076406693,-44.59583645226));
#3864 = CARTESIAN_POINT('',(-5.405422265175,-44.4844777909));
#3865 = CARTESIAN_POINT('',(-5.402044164099,-44.36674018789));
#3866 = CARTESIAN_POINT('',(-5.399891598952,-44.24547830581));
#3867 = CARTESIAN_POINT('',(-5.398909380667,-44.12274870889));
#3868 = CARTESIAN_POINT('',(-5.399086823475,-44.));
#3869 = ( GEOMETRIC_REPRESENTATION_CONTEXT(2) 
PARAMETRIC_REPRESENTATION_CONTEXT() REPRESENTATION_CONTEXT('2D SPACE',''
  ) );
#3870 = PCURVE('',#3871,#3876);
#3871 = CYLINDRICAL_SURFACE('',#3872,1.);
#3872 = AXIS2_PLACEMENT_3D('',#3873,#3874,#3875);
#3873 = CARTESIAN_POINT('',(179.,35.708892449921,35.001785668734));
#3874 = DIRECTION('',(0.,-0.707106781187,-0.707106781187));
#3875 = DIRECTION('',(1.,0.,0.));
#3876 = DEFINITIONAL_REPRESENTATION('',(#3877),#3898);
#3877 = B_SPLINE_CURVE_WITH_KNOTS('',7,(#3878,#3879,#3880,#3881,#3882,
    #3883,#3884,#3885,#3886,#3887,#3888,#3889,#3890,#3891,#3892,#3893,
    #3894,#3895,#3896,#3897),.UNSPECIFIED.,.F.,.F.,(8,6,6,8),(0.,
    0.246203817813,0.391320275476,1.),.UNSPECIFIED.);
#3878 = CARTESIAN_POINT('',(-1.7763568394E-15,35.008335649435));
#3879 = CARTESIAN_POINT('',(-6.22525536555E-02,35.010411888344));
#3880 = CARTESIAN_POINT('',(-0.124548717687,35.011786183782));
#3881 = CARTESIAN_POINT('',(-0.186625004262,35.012434600666));
#3882 = CARTESIAN_POINT('',(-0.248289686842,35.012350647582));
#3883 = CARTESIAN_POINT('',(-0.309391646945,35.011539290347));
#3884 = CARTESIAN_POINT('',(-0.369801302669,35.010014801549));
#3885 = CARTESIAN_POINT('',(-0.464534174995,35.006498448455));
#3886 = CARTESIAN_POINT('',(-0.499395560159,35.004955042692));
#3887 = CARTESIAN_POINT('',(-0.533974102944,35.00317671982));
#3888 = CARTESIAN_POINT('',(-0.5682616117,35.001168626432));
#3889 = CARTESIAN_POINT('',(-0.602254719866,34.99893634551));
#3890 = CARTESIAN_POINT('',(-0.635954231179,34.996485677262));
#3891 = CARTESIAN_POINT('',(-0.809501098428,34.982651593777));
#3892 = CARTESIAN_POINT('',(-0.944008340946,34.967783954239));
#3893 = CARTESIAN_POINT('',(-1.074238016959,34.949622254218));
#3894 = CARTESIAN_POINT('',(-1.201034560604,34.928526920263));
#3895 = CARTESIAN_POINT('',(-1.325318350696,34.904940635074));
#3896 = CARTESIAN_POINT('',(-1.448047617896,34.879274068856));
#3897 = CARTESIAN_POINT('',(-1.570796326795,34.851863171244));
#3898 = ( GEOMETRIC_REPRESENTATION_CONTEXT(2) 
PARAMETRIC_REPRESENTATION_CONTEXT() REPRESENTATION_CONTEXT('2D SPACE',''
  ) );
#3899 = ORIENTED_EDGE('',*,*,#3900,.F.);
#3900 = EDGE_CURVE('',#3901,#3822,#3903,.T.);
#3901 = VERTEX_POINT('',#3902);
#3902 = CARTESIAN_POINT('',(180.,10.95426091415,-10.24715413296));
#3903 = SURFACE_CURVE('',#3904,(#3909,#3916),.PCURVE_S1.);
#3904 = CIRCLE('',#3905,15.);
#3905 = AXIS2_PLACEMENT_3D('',#3906,#3907,#3908);
#3906 = CARTESIAN_POINT('',(180.,0.,0.));
#3907 = DIRECTION('',(1.,0.,0.));
#3908 = DIRECTION('',(-0.,0.,1.));
#3909 = PCURVE('',#3295,#3910);
#3910 = DEFINITIONAL_REPRESENTATION('',(#3911),#3915);
#3911 = LINE('',#3912,#3913);
#3912 = CARTESIAN_POINT('',(-0.,-45.));
#3913 = VECTOR('',#3914,1.);
#3914 = DIRECTION('',(-1.,-0.));
#3915 = ( GEOMETRIC_REPRESENTATION_CONTEXT(2) 
PARAMETRIC_REPRESENTATION_CONTEXT() REPRESENTATION_CONTEXT('2D SPACE',''
  ) );
#3916 = PCURVE('',#3336,#3917);
#3917 = DEFINITIONAL_REPRESENTATION('',(#3918),#3922);
#3918 = CIRCLE('',#3919,15.);
#3919 = AXIS2_PLACEMENT_2D('',#3920,#3921);
#3920 = CARTESIAN_POINT('',(0.,0.));
#3921 = DIRECTION('',(1.,0.));
#3922 = ( GEOMETRIC_REPRESENTATION_CONTEXT(2) 
PARAMETRIC_REPRESENTATION_CONTEXT() REPRESENTATION_CONTEXT('2D SPACE',''
  ) );
#3923 = ORIENTED_EDGE('',*,*,#3924,.F.);
#3924 = EDGE_CURVE('',#3925,#3901,#3927,.T.);
#3925 = VERTEX_POINT('',#3926);
#3926 = CARTESIAN_POINT('',(179.,11.772010445735,-9.650690102175));
#3927 = SURFACE_CURVE('',#3928,(#3949,#3973),.PCURVE_S1.);
#3928 = B_SPLINE_CURVE_WITH_KNOTS('',7,(#3929,#3930,#3931,#3932,#3933,
    #3934,#3935,#3936,#3937,#3938,#3939,#3940,#3941,#3942,#3943,#3944,
    #3945,#3946,#3947,#3948),.UNSPECIFIED.,.F.,.F.,(8,6,6,8),(0.,
    0.609659804503,0.754727007427,1.),.UNSPECIFIED.);
#3929 = CARTESIAN_POINT('',(179.,11.772010445735,-9.650690102175));
#3930 = CARTESIAN_POINT('',(179.12294830347,11.752596497504,
    -9.631276153944));
#3931 = CARTESIAN_POINT('',(179.2458739318,11.72195087061,
    -9.625569876165));
#3932 = CARTESIAN_POINT('',(179.36732537371,11.680315127429,
    -9.633805561215));
#3933 = CARTESIAN_POINT('',(179.4852363183,11.627504623595,
    -9.656751480873));
#3934 = CARTESIAN_POINT('',(179.59673452253,11.563415608108,
    -9.695141106316));
#3935 = CARTESIAN_POINT('',(179.69824429457,11.48815525403,
    -9.749379291755));
#3936 = CARTESIAN_POINT('',(179.80588441363,11.381882809509,
    -9.836126398786));
#3937 = CARTESIAN_POINT('',(179.82573053049,11.360875555363,
    -9.853681383287));
#3938 = CARTESIAN_POINT('',(179.84466638686,11.339305573707,
    -9.872108010484));
#3939 = CARTESIAN_POINT('',(179.862621169,11.317196214813,
    -9.891391118811));
#3940 = CARTESIAN_POINT('',(179.87952190913,11.294577420193,
    -9.911508643115));
#3941 = CARTESIAN_POINT('',(179.89529543547,11.271486705267,
    -9.932430321564));
#3942 = CARTESIAN_POINT('',(179.93451287451,11.208209412323,
    -9.990782236548));
#3943 = CARTESIAN_POINT('',(179.95574218568,11.167210236604,
    -10.02965263221));
#3944 = CARTESIAN_POINT('',(179.97318751139,11.125225069292,
    -10.07051018809));
#3945 = CARTESIAN_POINT('',(179.9865277187,11.082557112135,
    -10.11307157269));
#3946 = CARTESIAN_POINT('',(179.99551301695,11.03956334391,
    -10.15698665586));
#3947 = CARTESIAN_POINT('',(180.,10.9966500589,-10.20183991737));
#3948 = CARTESIAN_POINT('',(180.,10.95426091415,-10.24715413296));
#3949 = PCURVE('',#3295,#3950);
#3950 = DEFINITIONAL_REPRESENTATION('',(#3951),#3972);
#3951 = B_SPLINE_CURVE_WITH_KNOTS('',7,(#3952,#3953,#3954,#3955,#3956,
    #3957,#3958,#3959,#3960,#3961,#3962,#3963,#3964,#3965,#3966,#3967,
    #3968,#3969,#3970,#3971),.UNSPECIFIED.,.F.,.F.,(8,6,6,8),(0.,
    0.609659804503,0.754727007427,1.),.UNSPECIFIED.);
#3952 = CARTESIAN_POINT('',(-4.025691137294,-44.));
#3953 = CARTESIAN_POINT('',(-4.025868868632,-44.12294830347));
#3954 = CARTESIAN_POINT('',(-4.024883159379,-44.2458739318));
#3955 = CARTESIAN_POINT('',(-4.022723397706,-44.36732537371));
#3956 = CARTESIAN_POINT('',(-4.019333935038,-44.4852363183));
#3957 = CARTESIAN_POINT('',(-4.014664013509,-44.59673452253));
#3958 = CARTESIAN_POINT('',(-4.008690818428,-44.69824429457));
#3959 = CARTESIAN_POINT('',(-3.999714022593,-44.80588441363));
#3960 = CARTESIAN_POINT('',(-3.997917803567,-44.82573053049));
#3961 = CARTESIAN_POINT('',(-3.996052049828,-44.84466638686));
#3962 = CARTESIAN_POINT('',(-3.994118551509,-44.862621169));
#3963 = CARTESIAN_POINT('',(-3.992119759124,-44.87952190913));
#3964 = CARTESIAN_POINT('',(-3.990058894818,-44.89529543547));
#3965 = CARTESIAN_POINT('',(-3.984357640735,-44.93451287451));
#3966 = CARTESIAN_POINT('',(-3.980607612134,-44.95574218568));
#3967 = CARTESIAN_POINT('',(-3.976712385058,-44.97318751139));
#3968 = CARTESIAN_POINT('',(-3.972700159104,-44.9865277187));
#3969 = CARTESIAN_POINT('',(-3.968605105063,-44.99551301695));
#3970 = CARTESIAN_POINT('',(-3.964467001095,-45.));
#3971 = CARTESIAN_POINT('',(-3.960330326249,-45.));
#3972 = ( GEOMETRIC_REPRESENTATION_CONTEXT(2) 
PARAMETRIC_REPRESENTATION_CONTEXT() REPRESENTATION_CONTEXT('2D SPACE',''
  ) );
#3973 = PCURVE('',#3974,#3979);
#3974 = CYLINDRICAL_SURFACE('',#3975,1.);
#3975 = AXIS2_PLACEMENT_3D('',#3976,#3977,#3978);
#3976 = CARTESIAN_POINT('',(179.,35.708892449921,-35.00178566873));
#3977 = DIRECTION('',(0.,-0.707106781187,0.707106781187));
#3978 = DIRECTION('',(0.,0.707106781187,0.707106781187));
#3979 = DEFINITIONAL_REPRESENTATION('',(#3980),#4001);
#3980 = B_SPLINE_CURVE_WITH_KNOTS('',7,(#3981,#3982,#3983,#3984,#3985,
    #3986,#3987,#3988,#3989,#3990,#3991,#3992,#3993,#3994,#3995,#3996,
    #3997,#3998,#3999,#4000),.UNSPECIFIED.,.F.,.F.,(8,6,6,8),(0.,
    0.609659804503,0.754727007427,1.),.UNSPECIFIED.);
#3981 = CARTESIAN_POINT('',(0.,34.851863171244));
#3982 = CARTESIAN_POINT('',(-0.122948303475,34.879318640132));
#3983 = CARTESIAN_POINT('',(-0.245873613025,34.905023318435));
#3984 = CARTESIAN_POINT('',(-0.370361657893,34.928640726031));
#3985 = CARTESIAN_POINT('',(-0.497375235453,34.949758176019));
#3986 = CARTESIAN_POINT('',(-0.627838057585,34.967930388992));
#3987 = CARTESIAN_POINT('',(-0.762597786916,34.982795306992));
#3988 = CARTESIAN_POINT('',(-0.936421458701,34.996601805536));
#3989 = CARTESIAN_POINT('',(-0.970121599721,34.999042928813));
#3990 = CARTESIAN_POINT('',(-1.004115193734,35.001265616066));
#3991 = CARTESIAN_POINT('',(-1.038402938247,35.003264077007));
#3992 = CARTESIAN_POINT('',(-1.072981350711,35.005032742209));
#3993 = CARTESIAN_POINT('',(-1.107842109949,35.006566482611));
#3994 = CARTESIAN_POINT('',(-1.202366390613,35.010049250767));
#3995 = CARTESIAN_POINT('',(-1.262560281934,35.011554525574));
#3996 = CARTESIAN_POINT('',(-1.323439839869,35.012351867269));
#3997 = CARTESIAN_POINT('',(-1.384876668,35.012427225442));
#3998 = CARTESIAN_POINT('',(-1.446720478261,35.011775757398));
#3999 = CARTESIAN_POINT('',(-1.508780685969,35.010403986858));
#4000 = CARTESIAN_POINT('',(-1.570796326795,35.008335649435));
#4001 = ( GEOMETRIC_REPRESENTATION_CONTEXT(2) 
PARAMETRIC_REPRESENTATION_CONTEXT() REPRESENTATION_CONTEXT('2D SPACE',''
  ) );
#4002 = ORIENTED_EDGE('',*,*,#4003,.T.);
#4003 = EDGE_CURVE('',#3925,#4004,#4006,.T.);
#4004 = VERTEX_POINT('',#4005);
#4005 = CARTESIAN_POINT('',(137.27050163763,18.349049060022,
    -16.22772871646));
#4006 = SURFACE_CURVE('',#4007,(#4012,#4023),.PCURVE_S1.);
#4007 = HYPERBOLA('',#4008,6.75,1.5);
#4008 = AXIS2_PLACEMENT_3D('',#4009,#4010,#4011);
#4009 = CARTESIAN_POINT('',(247.5,1.06066017178,1.06066017178));
#4010 = DIRECTION('',(-0.,-0.707106781187,-0.707106781187));
#4011 = DIRECTION('',(-1.,0.,0.));
#4012 = PCURVE('',#3295,#4013);
#4013 = DEFINITIONAL_REPRESENTATION('',(#4014),#4022);
#4014 = B_SPLINE_CURVE_WITH_KNOTS('',6,(#4015,#4016,#4017,#4018,#4019,
    #4020,#4021),.UNSPECIFIED.,.F.,.F.,(7,7),(2.993222846126,
    3.48768601452),.PIECEWISE_BEZIER_KNOTS.);
#4015 = CARTESIAN_POINT('',(-4.027158238149,-45.));
#4016 = CARTESIAN_POINT('',(-4.018917185342,-39.46517279253));
#4017 = CARTESIAN_POINT('',(-4.011487026917,-33.38023377783));
#4018 = CARTESIAN_POINT('',(-4.004769032588,-26.67752648457));
#4019 = CARTESIAN_POINT('',(-3.998680007039,-19.27816306319));
#4020 = CARTESIAN_POINT('',(-3.993148971397,-11.08935729233));
#4021 = CARTESIAN_POINT('',(-3.988114844117,-2.));
#4022 = ( GEOMETRIC_REPRESENTATION_CONTEXT(2) 
PARAMETRIC_REPRESENTATION_CONTEXT() REPRESENTATION_CONTEXT('2D SPACE',''
  ) );
#4023 = PCURVE('',#4024,#4029);
#4024 = PLANE('',#4025);
#4025 = AXIS2_PLACEMENT_3D('',#4026,#4027,#4028);
#4026 = CARTESIAN_POINT('',(162.58480056418,23.18763756373,
    -21.06631722017));
#4027 = DIRECTION('',(-0.,-0.707106781187,-0.707106781187));
#4028 = DIRECTION('',(-1.,0.,0.));
#4029 = DEFINITIONAL_REPRESENTATION('',(#4030),#4034);
#4030 = ( BOUNDED_CURVE() B_SPLINE_CURVE(2,(#4031,#4032,#4033),
.UNSPECIFIED.,.F.,.F.) B_SPLINE_CURVE_WITH_KNOTS((3,3),(2.993222846126,
3.48768601452),.PIECEWISE_BEZIER_KNOTS.) CURVE() 
GEOMETRIC_REPRESENTATION_ITEM() RATIONAL_B_SPLINE_CURVE((1.,
1.030717715499,1.)) REPRESENTATION_ITEM('') );
#4031 = CARTESIAN_POINT('',(-17.41519943581,-16.36745996541));
#4032 = CARTESIAN_POINT('',(-1.14095385828,-12.73274169425));
#4033 = CARTESIAN_POINT('',(25.584800564187,-6.782573265166));
#4034 = ( GEOMETRIC_REPRESENTATION_CONTEXT(2) 
PARAMETRIC_REPRESENTATION_CONTEXT() REPRESENTATION_CONTEXT('2D SPACE',''
  ) );
#4035 = ORIENTED_EDGE('',*,*,#4036,.T.);
#4036 = EDGE_CURVE('',#4004,#4037,#4039,.T.);
#4037 = VERTEX_POINT('',#4038);
#4038 = CARTESIAN_POINT('',(136.30378147218,18.162819494053,
    -16.75438659703));
#4039 = SURFACE_CURVE('',#4040,(#4058,#4087),.PCURVE_S1.);
#4040 = B_SPLINE_CURVE_WITH_KNOTS('',6,(#4041,#4042,#4043,#4044,#4045,
    #4046,#4047,#4048,#4049,#4050,#4051,#4052,#4053,#4054,#4055,#4056,
    #4057),.UNSPECIFIED.,.F.,.F.,(7,5,5,7),(0.,1.,3.026381957753,
    3.989954344638),.UNSPECIFIED.);
#4041 = CARTESIAN_POINT('',(137.27050163763,18.349049060022,
    -16.22772871646));
#4042 = CARTESIAN_POINT('',(137.22515449367,18.356188073869,
    -16.23486773031));
#4043 = CARTESIAN_POINT('',(137.1798246904,18.362055540444,
    -16.24343866948));
#4044 = CARTESIAN_POINT('',(137.13457502167,18.366633484984,
    -16.25344044778));
#4045 = CARTESIAN_POINT('',(137.08947207171,18.369896436581,
    -16.26487754167));
#4046 = CARTESIAN_POINT('',(137.04458761231,18.371810958318,
    -16.27775986611));
#4047 = CARTESIAN_POINT('',(136.90964846686,18.37339744551,
    -16.32116660967));
#4048 = CARTESIAN_POINT('',(136.82058715159,18.368749495837,
    -16.35620512571));
#4049 = CARTESIAN_POINT('',(136.73334042366,18.358061751081,
    -16.39736643713));
#4050 = CARTESIAN_POINT('',(136.64879613538,18.340793616029,
    -16.4448802231));
#4051 = CARTESIAN_POINT('',(136.56818892766,18.316326414854,
    -16.49890187528));
#4052 = CARTESIAN_POINT('',(136.45764906868,18.268421203831,
    -16.58838807042));
#4053 = CARTESIAN_POINT('',(136.42333102295,18.251181751303,
    -16.61871010899));
#4054 = CARTESIAN_POINT('',(136.3905144591,18.232063199442,
    -16.65051723346));
#4055 = CARTESIAN_POINT('',(136.35945026984,18.210991771965,
    -16.68378444534));
#4056 = CARTESIAN_POINT('',(136.33043166859,18.187915124039,
    -16.71844686344));
#4057 = CARTESIAN_POINT('',(136.30378147218,18.162819494053,
    -16.75438659703));
#4058 = PCURVE('',#3295,#4059);
#4059 = DEFINITIONAL_REPRESENTATION('',(#4060),#4086);
#4060 = B_SPLINE_CURVE_WITH_KNOTS('',3,(#4061,#4062,#4063,#4064,#4065,
    #4066,#4067,#4068,#4069,#4070,#4071,#4072,#4073,#4074,#4075,#4076,
    #4077,#4078,#4079,#4080,#4081,#4082,#4083,#4084,#4085),
  .UNSPECIFIED.,.F.,.F.,(4,1,1,1,1,1,1,1,1,1,1,1,1,1,1,1,1,1,1,1,1,1,4),
  (0.,0.18136156112,0.36272312224,0.54408468336,0.72544624448,
    0.9068078056,1.08816936672,1.269530927839,1.450892488959,
    1.632254050079,1.813615611199,1.994977172319,2.176338733439,
    2.357700294559,2.539061855679,2.720423416799,2.901784977919,
    3.083146539039,3.264508100159,3.445869661278,3.627231222398,
    3.808592783518,3.989954344638),.QUASI_UNIFORM_KNOTS.);
#4061 = CARTESIAN_POINT('',(-3.988265029394,-2.270501637631));
#4062 = CARTESIAN_POINT('',(-3.988255862384,-2.254053322689));
#4063 = CARTESIAN_POINT('',(-3.988211868623,-2.221161860633));
#4064 = CARTESIAN_POINT('',(-3.988068444555,-2.171887754331));
#4065 = CARTESIAN_POINT('',(-3.987847191081,-2.122723630622));
#4066 = CARTESIAN_POINT('',(-3.987547508446,-2.073718791521));
#4067 = CARTESIAN_POINT('',(-3.987168668787,-2.024924828358));
#4068 = CARTESIAN_POINT('',(-3.986709767508,-1.976394181421));
#4069 = CARTESIAN_POINT('',(-3.986169942237,-1.928198166977));
#4070 = CARTESIAN_POINT('',(-3.985547950797,-1.880387165269));
#4071 = CARTESIAN_POINT('',(-3.984842429418,-1.833023717482));
#4072 = CARTESIAN_POINT('',(-3.984051889706,-1.786177790973));
#4073 = CARTESIAN_POINT('',(-3.983174746194,-1.739928203864));
#4074 = CARTESIAN_POINT('',(-3.982209330166,-1.694362500555));
#4075 = CARTESIAN_POINT('',(-3.981153899416,-1.649577285236));
#4076 = CARTESIAN_POINT('',(-3.980006649626,-1.605678693427));
#4077 = CARTESIAN_POINT('',(-3.978765694968,-1.562782273957));
#4078 = CARTESIAN_POINT('',(-3.977429141736,-1.521015511005));
#4079 = CARTESIAN_POINT('',(-3.975994792185,-1.480510794185));
#4080 = CARTESIAN_POINT('',(-3.97446142608,-1.441440459825));
#4081 = CARTESIAN_POINT('',(-3.972827800378,-1.403982580375));
#4082 = CARTESIAN_POINT('',(-3.971093175248,-1.36833532825));
#4083 = CARTESIAN_POINT('',(-3.969257472022,-1.334715764375));
#4084 = CARTESIAN_POINT('',(-3.967967051291,-1.313814891302));
#4085 = CARTESIAN_POINT('',(-3.967305319467,-1.303781472189));
#4086 = ( GEOMETRIC_REPRESENTATION_CONTEXT(2) 
PARAMETRIC_REPRESENTATION_CONTEXT() REPRESENTATION_CONTEXT('2D SPACE',''
  ) );
#4087 = PCURVE('',#4088,#4093);
#4088 = CYLINDRICAL_SURFACE('',#4089,1.);
#4089 = AXIS2_PLACEMENT_3D('',#4090,#4091,#4092);
#4090 = CARTESIAN_POINT('',(135.7273936525,16.48533163123,
    -15.77822485004));
#4091 = DIRECTION('',(0.686220426896,0.514344984281,-0.514344984281));
#4092 = DIRECTION('',(-0.727393652509,0.485231117247,-0.485231117247));
#4093 = DEFINITIONAL_REPRESENTATION('',(#4094),#4120);
#4094 = B_SPLINE_CURVE_WITH_KNOTS('',3,(#4095,#4096,#4097,#4098,#4099,
    #4100,#4101,#4102,#4103,#4104,#4105,#4106,#4107,#4108,#4109,#4110,
    #4111,#4112,#4113,#4114,#4115,#4116,#4117,#4118,#4119),
  .UNSPECIFIED.,.F.,.F.,(4,1,1,1,1,1,1,1,1,1,1,1,1,1,1,1,1,1,1,1,1,1,4),
  (0.,0.18136156112,0.36272312224,0.54408468336,0.72544624448,
    0.9068078056,1.08816936672,1.269530927839,1.450892488959,
    1.632254050079,1.813615611199,1.994977172319,2.176338733439,
    2.357700294559,2.539061855679,2.720423416799,2.901784977919,
    3.083146539039,3.264508100159,3.445869661278,3.627231222398,
    3.808592783518,3.989954344638),.QUASI_UNIFORM_KNOTS.);
#4095 = CARTESIAN_POINT('',(1.570796326795,2.248705991021));
#4096 = CARTESIAN_POINT('',(1.556318838496,2.240082562415));
#4097 = CARTESIAN_POINT('',(1.527342352886,2.222866521564));
#4098 = CARTESIAN_POINT('',(1.48377095391,2.197159864901));
#4099 = CARTESIAN_POINT('',(1.440050814823,2.171595273474));
#4100 = CARTESIAN_POINT('',(1.396139607199,2.146198440117));
#4101 = CARTESIAN_POINT('',(1.35199465352,2.120996085473));
#4102 = CARTESIAN_POINT('',(1.307570644741,2.096015202159));
#4103 = CARTESIAN_POINT('',(1.26283580059,2.071292274197));
#4104 = CARTESIAN_POINT('',(1.217734426251,2.046852810269));
#4105 = CARTESIAN_POINT('',(1.172215932523,2.022728407312));
#4106 = CARTESIAN_POINT('',(1.126229885434,1.998954242472));
#4107 = CARTESIAN_POINT('',(1.079726518405,1.975569761834));
#4108 = CARTESIAN_POINT('',(1.032655802216,1.952618568919));
#4109 = CARTESIAN_POINT('',(0.98496679825,1.930148555239));
#4110 = CARTESIAN_POINT('',(0.936607064373,1.908212100734));
#4111 = CARTESIAN_POINT('',(0.887521072296,1.886865990517));
#4112 = CARTESIAN_POINT('',(0.837651795829,1.866172634418));
#4113 = CARTESIAN_POINT('',(0.786929649522,1.846196596893));
#4114 = CARTESIAN_POINT('',(0.735315406067,1.827021814322));
#4115 = CARTESIAN_POINT('',(0.682759712755,1.80873459812));
#4116 = CARTESIAN_POINT('',(0.629219400705,1.791430646347));
#4117 = CARTESIAN_POINT('',(0.574660509293,1.77521446953));
#4118 = CARTESIAN_POINT('',(0.537595183606,1.765205672466));
#4119 = CARTESIAN_POINT('',(0.518885278146,1.760420462527));
#4120 = ( GEOMETRIC_REPRESENTATION_CONTEXT(2) 
PARAMETRIC_REPRESENTATION_CONTEXT() REPRESENTATION_CONTEXT('2D SPACE',''
  ) );
#4121 = ORIENTED_EDGE('',*,*,#4122,.F.);
#4122 = EDGE_CURVE('',#4123,#4037,#4125,.T.);
#4123 = VERTEX_POINT('',#4124);
#4124 = CARTESIAN_POINT('',(136.16797227237,17.844120794122,
    -17.13701401293));
#4125 = SURFACE_CURVE('',#4126,(#4141,#4159),.PCURVE_S1.);
#4126 = B_SPLINE_CURVE_WITH_KNOTS('',5,(#4127,#4128,#4129,#4130,#4131,
    #4132,#4133,#4134,#4135,#4136,#4137,#4138,#4139,#4140),
  .UNSPECIFIED.,.F.,.F.,(6,4,4,6),(0.,3.962862503565E-02,0.524010413113,
    1.),.UNSPECIFIED.);
#4127 = CARTESIAN_POINT('',(136.16797227237,17.844120794122,
    -17.13701401293));
#4128 = CARTESIAN_POINT('',(136.16791177259,17.84707345512,
    -17.13395892883));
#4129 = CARTESIAN_POINT('',(136.16787542683,17.85002196366,
    -17.13089910275));
#4130 = CARTESIAN_POINT('',(136.16786324309,17.852966116308,
    -17.12783474328));
#4131 = CARTESIAN_POINT('',(136.16787522299,17.855905710985,
    -17.12476606036));
#4132 = CARTESIAN_POINT('',(136.16835308687,17.894713128937,
    -17.0841344057));
#4133 = CARTESIAN_POINT('',(136.17240433842,17.929878263525,
    -17.04595749727));
#4134 = CARTESIAN_POINT('',(136.18005701201,17.963957439966,
    -17.00756045581));
#4135 = CARTESIAN_POINT('',(136.19115383992,17.996639886685,
    -16.96933563903));
#4136 = CARTESIAN_POINT('',(136.21947998123,18.058205265844,
    -16.89459018045));
#4137 = CARTESIAN_POINT('',(136.23660106931,18.087147037617,
    -16.85804801328));
#4138 = CARTESIAN_POINT('',(136.25656728404,18.11430417786,
    -16.82233349187));
#4139 = CARTESIAN_POINT('',(136.27906990032,18.139549404231,
    -16.78771195405));
#4140 = CARTESIAN_POINT('',(136.30378147218,18.162819494053,
    -16.75438659703));
#4141 = PCURVE('',#3295,#4142);
#4142 = DEFINITIONAL_REPRESENTATION('',(#4143),#4158);
#4143 = B_SPLINE_CURVE_WITH_KNOTS('',5,(#4144,#4145,#4146,#4147,#4148,
    #4149,#4150,#4151,#4152,#4153,#4154,#4155,#4156,#4157),
  .UNSPECIFIED.,.F.,.F.,(6,4,4,6),(0.,3.962862503565E-02,0.524010413113,
    1.),.UNSPECIFIED.);
#4144 = CARTESIAN_POINT('',(-3.947202010818,-1.167972272376));
#4145 = CARTESIAN_POINT('',(-3.947373742263,-1.167911772599));
#4146 = CARTESIAN_POINT('',(-3.947545495459,-1.167875426831));
#4147 = CARTESIAN_POINT('',(-3.947717258824,-1.167863243092));
#4148 = CARTESIAN_POINT('',(-3.947889020779,-1.167875222999));
#4149 = CARTESIAN_POINT('',(-3.950160062068,-1.168353086874));
#4150 = CARTESIAN_POINT('',(-3.952257618518,-1.172404338429));
#4151 = CARTESIAN_POINT('',(-3.954331602894,-1.180057012018));
#4152 = CARTESIAN_POINT('',(-3.956362223485,-1.191153839921));
#4153 = CARTESIAN_POINT('',(-3.9602693295,-1.219479981236));
#4154 = CARTESIAN_POINT('',(-3.962148056327,-1.236601069315));
#4155 = CARTESIAN_POINT('',(-3.963953849952,-1.256567284042));
#4156 = CARTESIAN_POINT('',(-3.965675508414,-1.279069900326));
#4157 = CARTESIAN_POINT('',(-3.967305319467,-1.303781472189));
#4158 = ( GEOMETRIC_REPRESENTATION_CONTEXT(2) 
PARAMETRIC_REPRESENTATION_CONTEXT() REPRESENTATION_CONTEXT('2D SPACE',''
  ) );
#4159 = PCURVE('',#4160,#4165);
#4160 = SPHERICAL_SURFACE('',#4161,1.);
#4161 = AXIS2_PLACEMENT_3D('',#4162,#4163,#4164);
#4162 = CARTESIAN_POINT('',(136.93543013382,17.390795066358,
    -16.68368828517));
#4163 = DIRECTION('',(0.,-0.707106781187,-0.707106781187));
#4164 = DIRECTION('',(-0.216930457819,-0.690268489963,0.690268489963));
#4165 = DEFINITIONAL_REPRESENTATION('',(#4166),#4181);
#4166 = B_SPLINE_CURVE_WITH_KNOTS('',5,(#4167,#4168,#4169,#4170,#4171,
    #4172,#4173,#4174,#4175,#4176,#4177,#4178,#4179,#4180),
  .UNSPECIFIED.,.F.,.F.,(6,4,4,6),(0.,3.962862503565E-02,0.524010413113,
    1.),.UNSPECIFIED.);
#4167 = CARTESIAN_POINT('',(2.048057302664,7.105427357601E-15));
#4168 = CARTESIAN_POINT('',(2.047962933869,-4.248117302132E-03));
#4169 = CARTESIAN_POINT('',(2.047879223411,-8.496651439038E-03));
#4170 = CARTESIAN_POINT('',(2.047806168581,-1.274547085184E-02));
#4171 = CARTESIAN_POINT('',(2.047743768842,-1.69944439998E-02));
#4172 = CARTESIAN_POINT('',(2.047059569683,-7.317902805177E-02));
#4173 = CARTESIAN_POINT('',(2.048019297757,-0.125122886986));
#4174 = CARTESIAN_POINT('',(2.050574343128,-0.176818660804));
#4175 = CARTESIAN_POINT('',(2.054775086953,-0.228054679086));
#4176 = CARTESIAN_POINT('',(2.066588442784,-0.328307112611));
#4177 = CARTESIAN_POINT('',(2.074141148168,-0.377351264113));
#4178 = CARTESIAN_POINT('',(2.083499599486,-0.425567326558));
#4179 = CARTESIAN_POINT('',(2.094835381715,-0.472800190056));
#4180 = CARTESIAN_POINT('',(2.108407562811,-0.518885278146));
#4181 = ( GEOMETRIC_REPRESENTATION_CONTEXT(2) 
PARAMETRIC_REPRESENTATION_CONTEXT() REPRESENTATION_CONTEXT('2D SPACE',''
  ) );
#4182 = ORIENTED_EDGE('',*,*,#4183,.T.);
#4183 = EDGE_CURVE('',#4123,#4184,#4186,.T.);
#4184 = VERTEX_POINT('',#4185);
#4185 = CARTESIAN_POINT('',(136.16797227237,17.137014012936,
    -17.84412079412));
#4186 = SURFACE_CURVE('',#4187,(#4193,#4202),.PCURVE_S1.);
#4187 = B_SPLINE_CURVE_WITH_KNOTS('',4,(#4188,#4189,#4190,#4191,#4192),
  .UNSPECIFIED.,.F.,.F.,(5,5),(0.,1.),.PIECEWISE_BEZIER_KNOTS.);
#4188 = CARTESIAN_POINT('',(136.16797226383,17.844121211153,
    -17.13701358143));
#4189 = CARTESIAN_POINT('',(136.17153194838,17.670392817102,
    -17.31676834416));
#4190 = CARTESIAN_POINT('',(136.17276504559,17.494580304158,
    -17.49457749295));
#4191 = CARTESIAN_POINT('',(136.17153193531,17.316767684407,
    -17.67039345474));
#4192 = CARTESIAN_POINT('',(136.16797226383,17.137013581439,
    -17.84412121115));
#4193 = PCURVE('',#3295,#4194);
#4194 = DEFINITIONAL_REPRESENTATION('',(#4195),#4201);
#4195 = B_SPLINE_CURVE_WITH_KNOTS('',4,(#4196,#4197,#4198,#4199,#4200),
  .UNSPECIFIED.,.F.,.F.,(5,5),(0.,1.),.PIECEWISE_BEZIER_KNOTS.);
#4196 = CARTESIAN_POINT('',(-3.947202035073,-1.167972263831));
#4197 = CARTESIAN_POINT('',(-3.937097715985,-1.171531948381));
#4198 = CARTESIAN_POINT('',(-3.926990899247,-1.172765045599));
#4199 = CARTESIAN_POINT('',(-3.916883880904,-1.171531935316));
#4200 = CARTESIAN_POINT('',(-3.906779598902,-1.167972263831));
#4201 = ( GEOMETRIC_REPRESENTATION_CONTEXT(2) 
PARAMETRIC_REPRESENTATION_CONTEXT() REPRESENTATION_CONTEXT('2D SPACE',''
  ) );
#4202 = PCURVE('',#4203,#4208);
#4203 = CYLINDRICAL_SURFACE('',#4204,1.);
#4204 = AXIS2_PLACEMENT_3D('',#4205,#4206,#4207);
#4205 = CARTESIAN_POINT('',(136.93543013382,15.976581503985,
    -18.09790184754));
#4206 = DIRECTION('',(0.,0.707106781187,0.707106781187));
#4207 = DIRECTION('',(-0.727393652509,0.485231117247,-0.485231117247));
#4208 = DEFINITIONAL_REPRESENTATION('',(#4209),#4215);
#4209 = B_SPLINE_CURVE_WITH_KNOTS('',4,(#4210,#4211,#4212,#4213,#4214),
  .UNSPECIFIED.,.F.,.F.,(5,5),(0.,1.),.PIECEWISE_BEZIER_KNOTS.);
#4210 = CARTESIAN_POINT('',(6.03502734762E-02,2.000000599999));
#4211 = CARTESIAN_POINT('',(5.479780431259E-02,1.750050262805));
#4212 = CARTESIAN_POINT('',(5.292367352509E-02,1.500001987822));
#4213 = CARTESIAN_POINT('',(5.479782469203E-02,1.249948819792));
#4214 = CARTESIAN_POINT('',(6.035027347624E-02,0.9999994));
#4215 = ( GEOMETRIC_REPRESENTATION_CONTEXT(2) 
PARAMETRIC_REPRESENTATION_CONTEXT() REPRESENTATION_CONTEXT('2D SPACE',''
  ) );
#4216 = ORIENTED_EDGE('',*,*,#4217,.F.);
#4217 = EDGE_CURVE('',#4218,#4184,#4220,.T.);
#4218 = VERTEX_POINT('',#4219);
#4219 = CARTESIAN_POINT('',(136.30378147218,16.754386597037,
    -18.16281949405));
#4220 = SURFACE_CURVE('',#4221,(#4236,#4254),.PCURVE_S1.);
#4221 = B_SPLINE_CURVE_WITH_KNOTS('',5,(#4222,#4223,#4224,#4225,#4226,
    #4227,#4228,#4229,#4230,#4231,#4232,#4233,#4234,#4235),
  .UNSPECIFIED.,.F.,.F.,(6,4,4,6),(0.,0.508657397655,0.960677998452,1.),
  .UNSPECIFIED.);
#4222 = CARTESIAN_POINT('',(136.30378147219,16.754386597036,
    -18.16281949405));
#4223 = CARTESIAN_POINT('',(136.27737389556,16.789999140171,
    -18.13795233127));
#4224 = CARTESIAN_POINT('',(136.2534887623,16.827092100956,
    -18.11082945269));
#4225 = CARTESIAN_POINT('',(136.23252569009,16.865417417219,
    -18.08152810105));
#4226 = CARTESIAN_POINT('',(136.21486039649,16.904645611741,
    -18.05020921381));
#4227 = CARTESIAN_POINT('',(136.18824604995,16.97967544418,
    -17.98776569272));
#4228 = CARTESIAN_POINT('',(136.17854456268,17.015374676889,
    -17.95700575956));
#4229 = CARTESIAN_POINT('',(136.17186069001,17.051177343482,
    -17.92506650497));
#4230 = CARTESIAN_POINT('',(136.16831366617,17.086763923408,
    -17.89220472908));
#4231 = CARTESIAN_POINT('',(136.16787486098,17.124861012034,
    -17.85581475046));
#4232 = CARTESIAN_POINT('',(136.16786353017,17.127905857047,
    -17.85289779058));
#4233 = CARTESIAN_POINT('',(136.16787599059,17.130946442051,
    -17.84997634605));
#4234 = CARTESIAN_POINT('',(136.1679122406,17.133982561946,
    -17.84705061431));
#4235 = CARTESIAN_POINT('',(136.16797227237,17.137014012936,
    -17.84412079412));
#4236 = PCURVE('',#3295,#4237);
#4237 = DEFINITIONAL_REPRESENTATION('',(#4238),#4253);
#4238 = B_SPLINE_CURVE_WITH_KNOTS('',5,(#4239,#4240,#4241,#4242,#4243,
    #4244,#4245,#4246,#4247,#4248,#4249,#4250,#4251,#4252),
  .UNSPECIFIED.,.F.,.F.,(6,4,4,6),(0.,0.508657397655,0.960677998452,1.),
  .UNSPECIFIED.);
#4239 = CARTESIAN_POINT('',(-3.886676314508,-1.303781472191));
#4240 = CARTESIAN_POINT('',(-3.888417982763,-1.277373895565));
#4241 = CARTESIAN_POINT('',(-3.890264549262,-1.253488762302));
#4242 = CARTESIAN_POINT('',(-3.892206596548,-1.232525690095));
#4243 = CARTESIAN_POINT('',(-3.894230142817,-1.214860396491));
#4244 = CARTESIAN_POINT('',(-3.898169613524,-1.188246049958));
#4245 = CARTESIAN_POINT('',(-3.900072558512,-1.178544562689));
#4246 = CARTESIAN_POINT('',(-3.902010913933,-1.171860690014));
#4247 = CARTESIAN_POINT('',(-3.903968459025,-1.168313666171));
#4248 = CARTESIAN_POINT('',(-3.906097927969,-1.167874860985));
#4249 = CARTESIAN_POINT('',(-3.90626836126,-1.167863530178));
#4250 = CARTESIAN_POINT('',(-3.906438795765,-1.167875990593));
#4251 = CARTESIAN_POINT('',(-3.906609220169,-1.167912240605));
#4252 = CARTESIAN_POINT('',(-3.906779623157,-1.167972272376));
#4253 = ( GEOMETRIC_REPRESENTATION_CONTEXT(2) 
PARAMETRIC_REPRESENTATION_CONTEXT() REPRESENTATION_CONTEXT('2D SPACE',''
  ) );
#4254 = PCURVE('',#4255,#4260);
#4255 = SPHERICAL_SURFACE('',#4256,1.);
#4256 = AXIS2_PLACEMENT_3D('',#4257,#4258,#4259);
#4257 = CARTESIAN_POINT('',(136.93543013382,16.683688285171,
    -17.39079506635));
#4258 = DIRECTION('',(0.,0.707106781187,0.707106781187));
#4259 = DIRECTION('',(-0.216930457819,-0.690268489963,0.690268489963));
#4260 = DEFINITIONAL_REPRESENTATION('',(#4261),#4276);
#4261 = B_SPLINE_CURVE_WITH_KNOTS('',5,(#4262,#4263,#4264,#4265,#4266,
    #4267,#4268,#4269,#4270,#4271,#4272,#4273,#4274,#4275),
  .UNSPECIFIED.,.F.,.F.,(6,4,4,6),(0.,0.508657397655,0.960677998452,1.),
  .UNSPECIFIED.);
#4262 = CARTESIAN_POINT('',(-2.108407562812,-0.518885278147));
#4263 = CARTESIAN_POINT('',(-2.093903895694,-0.469637277989));
#4264 = CARTESIAN_POINT('',(-2.081954047931,-0.419078205507));
#4265 = CARTESIAN_POINT('',(-2.072242007721,-0.367409284038));
#4266 = CARTESIAN_POINT('',(-2.064565733237,-0.314819138591));
#4267 = CARTESIAN_POINT('',(-2.053683270961,-0.214188714694));
#4268 = CARTESIAN_POINT('',(-2.050074238081,-0.166290669656));
#4269 = CARTESIAN_POINT('',(-2.04789263846,-0.118017848861));
#4270 = CARTESIAN_POINT('',(-2.047100069032,-6.954498349157E-02));
#4271 = CARTESIAN_POINT('',(-2.047745703482,-1.686296950906E-02));
#4272 = CARTESIAN_POINT('',(-2.047807865877,-1.264686856463E-02));
#4273 = CARTESIAN_POINT('',(-2.047880519161,-8.430920982832E-03));
#4274 = CARTESIAN_POINT('',(-2.047963663874,-4.215255278368E-03));
#4275 = CARTESIAN_POINT('',(-2.048057302664,0.));
#4276 = ( GEOMETRIC_REPRESENTATION_CONTEXT(2) 
PARAMETRIC_REPRESENTATION_CONTEXT() REPRESENTATION_CONTEXT('2D SPACE',''
  ) );
#4277 = ORIENTED_EDGE('',*,*,#4278,.T.);
#4278 = EDGE_CURVE('',#4218,#4279,#4281,.T.);
#4279 = VERTEX_POINT('',#4280);
#4280 = CARTESIAN_POINT('',(137.27050163763,16.227728716463,
    -18.34904906002));
#4281 = SURFACE_CURVE('',#4282,(#4300,#4329),.PCURVE_S1.);
#4282 = B_SPLINE_CURVE_WITH_KNOTS('',6,(#4283,#4284,#4285,#4286,#4287,
    #4288,#4289,#4290,#4291,#4292,#4293,#4294,#4295,#4296,#4297,#4298,
    #4299),.UNSPECIFIED.,.F.,.F.,(7,5,5,7),(2.535500775715E-06,
    0.322271651574,1.,1.334452419413),.UNSPECIFIED.);
#4283 = CARTESIAN_POINT('',(136.30378147218,16.754386597037,
    -18.16281949405));
#4284 = CARTESIAN_POINT('',(136.33043166859,16.718446863444,
    -18.18791512403));
#4285 = CARTESIAN_POINT('',(136.35945026984,16.683784445345,
    -18.21099177196));
#4286 = CARTESIAN_POINT('',(136.3905144591,16.65051723346,
    -18.23206319944));
#4287 = CARTESIAN_POINT('',(136.42333102295,16.618710108993,
    -18.2511817513));
#4288 = CARTESIAN_POINT('',(136.45764906868,16.588388070422,
    -18.26842120383));
#4289 = CARTESIAN_POINT('',(136.56818892766,16.498901875281,
    -18.31632641485));
#4290 = CARTESIAN_POINT('',(136.64879613538,16.444880223106,
    -18.34079361602));
#4291 = CARTESIAN_POINT('',(136.73334042366,16.397366437139,
    -18.35806175108));
#4292 = CARTESIAN_POINT('',(136.82058715159,16.356205125715,
    -18.36874949583));
#4293 = CARTESIAN_POINT('',(136.90964846686,16.321166609674,
    -18.37339744551));
#4294 = CARTESIAN_POINT('',(137.04458761231,16.277759866119,
    -18.37181095831));
#4295 = CARTESIAN_POINT('',(137.08947207171,16.264877541671,
    -18.36989643658));
#4296 = CARTESIAN_POINT('',(137.13457502167,16.25344044778,
    -18.36663348498));
#4297 = CARTESIAN_POINT('',(137.1798246904,16.243438669484,
    -18.36205554044));
#4298 = CARTESIAN_POINT('',(137.22515449367,16.23486773031,
    -18.35618807386));
#4299 = CARTESIAN_POINT('',(137.27050163763,16.227728716463,
    -18.34904906002));
#4300 = PCURVE('',#3295,#4301);
#4301 = DEFINITIONAL_REPRESENTATION('',(#4302),#4328);
#4302 = B_SPLINE_CURVE_WITH_KNOTS('',3,(#4303,#4304,#4305,#4306,#4307,
    #4308,#4309,#4310,#4311,#4312,#4313,#4314,#4315,#4316,#4317,#4318,
    #4319,#4320,#4321,#4322,#4323,#4324,#4325,#4326,#4327),
  .UNSPECIFIED.,.F.,.F.,(4,1,1,1,1,1,1,1,1,1,1,1,1,1,1,1,1,1,1,1,1,1,4),
  (2.535500775715E-06,6.065934840589E-02,0.121316161311,0.181972974216,
    0.242629787121,0.303286600026,0.363943412931,0.424600225837,
    0.485257038742,0.545913851647,0.606570664552,0.667227477457,
    0.727884290362,0.788541103267,0.849197916172,0.909854729077,
    0.970511541983,1.031168354888,1.091825167793,1.152481980698,
    1.213138793603,1.273795606508,1.334452419413),
  .QUASI_UNIFORM_KNOTS.);
#4303 = CARTESIAN_POINT('',(-3.886676314508,-1.303781472189));
#4304 = CARTESIAN_POINT('',(-3.886014582683,-1.313814891302));
#4305 = CARTESIAN_POINT('',(-3.884724161953,-1.334715764375));
#4306 = CARTESIAN_POINT('',(-3.882888458726,-1.368335328251));
#4307 = CARTESIAN_POINT('',(-3.881153833597,-1.403982580375));
#4308 = CARTESIAN_POINT('',(-3.879520207895,-1.441440459825));
#4309 = CARTESIAN_POINT('',(-3.877986841789,-1.480510794185));
#4310 = CARTESIAN_POINT('',(-3.876552492238,-1.521015511005));
#4311 = CARTESIAN_POINT('',(-3.875215939006,-1.562782273957));
#4312 = CARTESIAN_POINT('',(-3.873974984348,-1.605678693427));
#4313 = CARTESIAN_POINT('',(-3.872827734558,-1.649577285236));
#4314 = CARTESIAN_POINT('',(-3.871772303809,-1.694362500555));
#4315 = CARTESIAN_POINT('',(-3.87080688778,-1.739928203864));
#4316 = CARTESIAN_POINT('',(-3.869929744268,-1.786177790973));
#4317 = CARTESIAN_POINT('',(-3.869139204556,-1.833023717482));
#4318 = CARTESIAN_POINT('',(-3.868433683177,-1.880387165269));
#4319 = CARTESIAN_POINT('',(-3.867811691738,-1.928198166977));
#4320 = CARTESIAN_POINT('',(-3.867271866466,-1.976394181421));
#4321 = CARTESIAN_POINT('',(-3.866812965188,-2.024924828358));
#4322 = CARTESIAN_POINT('',(-3.866434125528,-2.073718791521));
#4323 = CARTESIAN_POINT('',(-3.866134442894,-2.122723630622));
#4324 = CARTESIAN_POINT('',(-3.86591318942,-2.171887754331));
#4325 = CARTESIAN_POINT('',(-3.865769765352,-2.221161860633));
#4326 = CARTESIAN_POINT('',(-3.86572577159,-2.254053322689));
#4327 = CARTESIAN_POINT('',(-3.865716604581,-2.270501637631));
#4328 = ( GEOMETRIC_REPRESENTATION_CONTEXT(2) 
PARAMETRIC_REPRESENTATION_CONTEXT() REPRESENTATION_CONTEXT('2D SPACE',''
  ) );
#4329 = PCURVE('',#4330,#4335);
#4330 = CYLINDRICAL_SURFACE('',#4331,1.);
#4331 = AXIS2_PLACEMENT_3D('',#4332,#4333,#4334);
#4332 = CARTESIAN_POINT('',(135.7273936525,15.778224850044,
    -16.48533163123));
#4333 = DIRECTION('',(0.686220426896,0.514344984281,-0.514344984281));
#4334 = DIRECTION('',(-0.727393652509,0.485231117247,-0.485231117247));
#4335 = DEFINITIONAL_REPRESENTATION('',(#4336),#4362);
#4336 = B_SPLINE_CURVE_WITH_KNOTS('',3,(#4337,#4338,#4339,#4340,#4341,
    #4342,#4343,#4344,#4345,#4346,#4347,#4348,#4349,#4350,#4351,#4352,
    #4353,#4354,#4355,#4356,#4357,#4358,#4359,#4360,#4361),
  .UNSPECIFIED.,.F.,.F.,(4,1,1,1,1,1,1,1,1,1,1,1,1,1,1,1,1,1,1,1,1,1,4),
  (2.535500775715E-06,6.065934840589E-02,0.121316161311,0.181972974216,
    0.242629787121,0.303286600026,0.363943412931,0.424600225837,
    0.485257038742,0.545913851647,0.606570664552,0.667227477457,
    0.727884290362,0.788541103267,0.849197916172,0.909854729077,
    0.970511541983,1.031168354888,1.091825167793,1.152481980698,
    1.213138793603,1.273795606508,1.334452419413),
  .QUASI_UNIFORM_KNOTS.);
#4337 = CARTESIAN_POINT('',(-0.518885278146,1.760420462527));
#4338 = CARTESIAN_POINT('',(-0.537595183606,1.765205672466));
#4339 = CARTESIAN_POINT('',(-0.574660509293,1.77521446953));
#4340 = CARTESIAN_POINT('',(-0.629219400705,1.791430646347));
#4341 = CARTESIAN_POINT('',(-0.682759712755,1.808734598119));
#4342 = CARTESIAN_POINT('',(-0.735315406067,1.827021814322));
#4343 = CARTESIAN_POINT('',(-0.786929649522,1.846196596893));
#4344 = CARTESIAN_POINT('',(-0.837651795828,1.866172634418));
#4345 = CARTESIAN_POINT('',(-0.887521072296,1.886865990517));
#4346 = CARTESIAN_POINT('',(-0.936607064373,1.908212100734));
#4347 = CARTESIAN_POINT('',(-0.98496679825,1.930148555239));
#4348 = CARTESIAN_POINT('',(-1.032655802216,1.952618568919));
#4349 = CARTESIAN_POINT('',(-1.079726518405,1.975569761834));
#4350 = CARTESIAN_POINT('',(-1.126229885434,1.998954242472));
#4351 = CARTESIAN_POINT('',(-1.172215932523,2.022728407312));
#4352 = CARTESIAN_POINT('',(-1.217734426251,2.046852810269));
#4353 = CARTESIAN_POINT('',(-1.26283580059,2.071292274197));
#4354 = CARTESIAN_POINT('',(-1.307570644741,2.096015202159));
#4355 = CARTESIAN_POINT('',(-1.35199465352,2.120996085473));
#4356 = CARTESIAN_POINT('',(-1.396139607199,2.146198440117));
#4357 = CARTESIAN_POINT('',(-1.440050814823,2.171595273474));
#4358 = CARTESIAN_POINT('',(-1.48377095391,2.197159864901));
#4359 = CARTESIAN_POINT('',(-1.527342352886,2.222866521564));
#4360 = CARTESIAN_POINT('',(-1.556318838497,2.240082562415));
#4361 = CARTESIAN_POINT('',(-1.570796326795,2.248705991021));
#4362 = ( GEOMETRIC_REPRESENTATION_CONTEXT(2) 
PARAMETRIC_REPRESENTATION_CONTEXT() REPRESENTATION_CONTEXT('2D SPACE',''
  ) );
#4363 = ORIENTED_EDGE('',*,*,#4364,.F.);
#4364 = EDGE_CURVE('',#4365,#4279,#4367,.T.);
#4365 = VERTEX_POINT('',#4366);
#4366 = CARTESIAN_POINT('',(179.,9.650690102175,-11.77201044573));
#4367 = SURFACE_CURVE('',#4368,(#4373,#4384),.PCURVE_S1.);
#4368 = HYPERBOLA('',#4369,6.75,1.5);
#4369 = AXIS2_PLACEMENT_3D('',#4370,#4371,#4372);
#4370 = CARTESIAN_POINT('',(247.5,-1.06066017178,-1.06066017178));
#4371 = DIRECTION('',(-0.,-0.707106781187,-0.707106781187));
#4372 = DIRECTION('',(-1.,0.,0.));
#4373 = PCURVE('',#3295,#4374);
#4374 = DEFINITIONAL_REPRESENTATION('',(#4375),#4383);
#4375 = B_SPLINE_CURVE_WITH_KNOTS('',6,(#4376,#4377,#4378,#4379,#4380,
    #4381,#4382),.UNSPECIFIED.,.F.,.F.,(7,7),(2.993222846126,
    3.48768601452),.PIECEWISE_BEZIER_KNOTS.);
#4376 = CARTESIAN_POINT('',(-3.826823395826,-45.));
#4377 = CARTESIAN_POINT('',(-3.835064448632,-39.46517279253));
#4378 = CARTESIAN_POINT('',(-3.842494607058,-33.38023377783));
#4379 = CARTESIAN_POINT('',(-3.849212601386,-26.67752648457));
#4380 = CARTESIAN_POINT('',(-3.855301626936,-19.27816306319));
#4381 = CARTESIAN_POINT('',(-3.860832662577,-11.08935729233));
#4382 = CARTESIAN_POINT('',(-3.865866789857,-2.));
#4383 = ( GEOMETRIC_REPRESENTATION_CONTEXT(2) 
PARAMETRIC_REPRESENTATION_CONTEXT() REPRESENTATION_CONTEXT('2D SPACE',''
  ) );
#4384 = PCURVE('',#4385,#4390);
#4385 = PLANE('',#4386);
#4386 = AXIS2_PLACEMENT_3D('',#4387,#4388,#4389);
#4387 = CARTESIAN_POINT('',(162.58480056418,21.06631722017,
    -23.18763756373));
#4388 = DIRECTION('',(-0.,-0.707106781187,-0.707106781187));
#4389 = DIRECTION('',(-1.,0.,0.));
#4390 = DEFINITIONAL_REPRESENTATION('',(#4391),#4395);
#4391 = ( BOUNDED_CURVE() B_SPLINE_CURVE(2,(#4392,#4393,#4394),
.UNSPECIFIED.,.F.,.F.) B_SPLINE_CURVE_WITH_KNOTS((3,3),(2.993222846126,
3.48768601452),.PIECEWISE_BEZIER_KNOTS.) CURVE() 
GEOMETRIC_REPRESENTATION_ITEM() RATIONAL_B_SPLINE_CURVE((1.,
1.030717715499,1.)) REPRESENTATION_ITEM('') );
#4392 = CARTESIAN_POINT('',(-17.41519943581,-16.36745996541));
#4393 = CARTESIAN_POINT('',(-1.14095385828,-12.73274169425));
#4394 = CARTESIAN_POINT('',(25.584800564187,-6.782573265166));
#4395 = ( GEOMETRIC_REPRESENTATION_CONTEXT(2) 
PARAMETRIC_REPRESENTATION_CONTEXT() REPRESENTATION_CONTEXT('2D SPACE',''
  ) );
#4396 = ORIENTED_EDGE('',*,*,#4397,.F.);
#4397 = EDGE_CURVE('',#4398,#4365,#4400,.T.);
#4398 = VERTEX_POINT('',#4399);
#4399 = CARTESIAN_POINT('',(180.,10.247154132964,-10.95426091415));
#4400 = SURFACE_CURVE('',#4401,(#4422,#4446),.PCURVE_S1.);
#4401 = B_SPLINE_CURVE_WITH_KNOTS('',7,(#4402,#4403,#4404,#4405,#4406,
    #4407,#4408,#4409,#4410,#4411,#4412,#4413,#4414,#4415,#4416,#4417,
    #4418,#4419,#4420,#4421),.UNSPECIFIED.,.F.,.F.,(8,6,6,8),(0.,
    0.246203817813,0.391320275475,1.),.UNSPECIFIED.);
#4402 = CARTESIAN_POINT('',(180.,10.247154132964,-10.95426091415));
#4403 = CARTESIAN_POINT('',(180.,10.201666807516,-10.99681199437));
#4404 = CARTESIAN_POINT('',(179.99547866359,10.156644909954,
    -11.03989034468));
#4405 = CARTESIAN_POINT('',(179.98642489501,10.112570782909,
    -11.08304747178));
#4406 = CARTESIAN_POINT('',(179.97298442322,10.069863817299,
    -11.12587316498));
#4407 = CARTESIAN_POINT('',(179.95541046154,10.028877260633,
    -11.16800715405));
#4408 = CARTESIAN_POINT('',(179.93402835304,9.98989700593,
    -11.20914336149));
#4409 = CARTESIAN_POINT('',(179.89458834529,9.931478587381,
    -11.27253465427));
#4410 = CARTESIAN_POINT('',(179.87876535254,9.910581007087,
    -11.29561493993));
#4411 = CARTESIAN_POINT('',(179.8618167739,9.890489158611,
    -11.31822171673));
#4412 = CARTESIAN_POINT('',(179.8438158551,9.871233106774,
    -11.34031764147));
#4413 = CARTESIAN_POINT('',(179.82483559538,9.852834737586,
    -11.36187293261));
#4414 = CARTESIAN_POINT('',(179.80494680554,9.835309052835,
    -11.38286438564));
#4415 = CARTESIAN_POINT('',(179.69726310636,9.74885522534,
    -11.48888256162));
#4416 = CARTESIAN_POINT('',(179.59583645226,9.694832716493,
    -11.56393108794));
#4417 = CARTESIAN_POINT('',(179.4844777909,9.656604382785,
    -11.62784394413));
#4418 = CARTESIAN_POINT('',(179.36674018789,9.633765969331,
    -11.68051566497));
#4419 = CARTESIAN_POINT('',(179.24547830581,9.625587887979,
    -11.72204979072));
#4420 = CARTESIAN_POINT('',(179.12274870889,9.631307670595,
    -11.75262801415));
#4421 = CARTESIAN_POINT('',(179.,9.650690102175,-11.77201044573));
#4422 = PCURVE('',#3295,#4423);
#4423 = DEFINITIONAL_REPRESENTATION('',(#4424),#4445);
#4424 = B_SPLINE_CURVE_WITH_KNOTS('',7,(#4425,#4426,#4427,#4428,#4429,
    #4430,#4431,#4432,#4433,#4434,#4435,#4436,#4437,#4438,#4439,#4440,
    #4441,#4442,#4443,#4444),.UNSPECIFIED.,.F.,.F.,(8,6,6,8),(0.,
    0.246203817813,0.391320275475,1.),.UNSPECIFIED.);
#4425 = CARTESIAN_POINT('',(-3.893651307726,-45.));
#4426 = CARTESIAN_POINT('',(-3.889498829909,-45.));
#4427 = CARTESIAN_POINT('',(-3.88534499823,-44.99547866359));
#4428 = CARTESIAN_POINT('',(-3.881234773194,-44.98642489501));
#4429 = CARTESIAN_POINT('',(-3.877208311493,-44.97298442322));
#4430 = CARTESIAN_POINT('',(-3.87330009417,-44.95541046154));
#4431 = CARTESIAN_POINT('',(-3.86953858049,-44.93402835304));
#4432 = CARTESIAN_POINT('',(-3.863829091657,-44.89458834529));
#4433 = CARTESIAN_POINT('',(-3.861769933716,-44.87876535254));
#4434 = CARTESIAN_POINT('',(-3.85977299931,-44.8618167739));
#4435 = CARTESIAN_POINT('',(-3.857841492446,-44.8438158551));
#4436 = CARTESIAN_POINT('',(-3.855977846949,-44.82483559538));
#4437 = CARTESIAN_POINT('',(-3.854183837901,-44.80494680554));
#4438 = CARTESIAN_POINT('',(-3.845233095816,-44.69726310636));
#4439 = CARTESIAN_POINT('',(-3.839280079899,-44.59583645226));
#4440 = CARTESIAN_POINT('',(-3.83462593838,-44.4844777909));
#4441 = CARTESIAN_POINT('',(-3.831247837304,-44.36674018789));
#4442 = CARTESIAN_POINT('',(-3.829095272157,-44.24547830581));
#4443 = CARTESIAN_POINT('',(-3.828113053872,-44.12274870889));
#4444 = CARTESIAN_POINT('',(-3.82829049668,-44.));
#4445 = ( GEOMETRIC_REPRESENTATION_CONTEXT(2) 
PARAMETRIC_REPRESENTATION_CONTEXT() REPRESENTATION_CONTEXT('2D SPACE',''
  ) );
#4446 = PCURVE('',#4447,#4452);
#4447 = CYLINDRICAL_SURFACE('',#4448,1.);
#4448 = AXIS2_PLACEMENT_3D('',#4449,#4450,#4451);
#4449 = CARTESIAN_POINT('',(179.,35.001785668734,-35.70889244992));
#4450 = DIRECTION('',(0.,-0.707106781187,0.707106781187));
#4451 = DIRECTION('',(1.,0.,0.));
#4452 = DEFINITIONAL_REPRESENTATION('',(#4453),#4474);
#4453 = B_SPLINE_CURVE_WITH_KNOTS('',7,(#4454,#4455,#4456,#4457,#4458,
    #4459,#4460,#4461,#4462,#4463,#4464,#4465,#4466,#4467,#4468,#4469,
    #4470,#4471,#4472,#4473),.UNSPECIFIED.,.F.,.F.,(8,6,6,8),(0.,
    0.246203817813,0.391320275475,1.),.UNSPECIFIED.);
#4454 = CARTESIAN_POINT('',(-8.881784197001E-16,35.008335649435));
#4455 = CARTESIAN_POINT('',(-6.225255365553E-02,35.010411888344));
#4456 = CARTESIAN_POINT('',(-0.124548717687,35.011786183782));
#4457 = CARTESIAN_POINT('',(-0.186625004262,35.012434600666));
#4458 = CARTESIAN_POINT('',(-0.248289686842,35.012350647582));
#4459 = CARTESIAN_POINT('',(-0.309391646945,35.011539290347));
#4460 = CARTESIAN_POINT('',(-0.369801302669,35.010014801549));
#4461 = CARTESIAN_POINT('',(-0.464534174995,35.006498448455));
#4462 = CARTESIAN_POINT('',(-0.499395560159,35.004955042692));
#4463 = CARTESIAN_POINT('',(-0.533974102944,35.00317671982));
#4464 = CARTESIAN_POINT('',(-0.5682616117,35.001168626432));
#4465 = CARTESIAN_POINT('',(-0.602254719866,34.99893634551));
#4466 = CARTESIAN_POINT('',(-0.635954231179,34.996485677262));
#4467 = CARTESIAN_POINT('',(-0.809501098428,34.982651593777));
#4468 = CARTESIAN_POINT('',(-0.944008340946,34.967783954239));
#4469 = CARTESIAN_POINT('',(-1.07423801696,34.949622254218));
#4470 = CARTESIAN_POINT('',(-1.201034560604,34.928526920263));
#4471 = CARTESIAN_POINT('',(-1.325318350696,34.904940635074));
#4472 = CARTESIAN_POINT('',(-1.448047617896,34.879274068856));
#4473 = CARTESIAN_POINT('',(-1.570796326795,34.851863171244));
#4474 = ( GEOMETRIC_REPRESENTATION_CONTEXT(2) 
PARAMETRIC_REPRESENTATION_CONTEXT() REPRESENTATION_CONTEXT('2D SPACE',''
  ) );
#4475 = ORIENTED_EDGE('',*,*,#4476,.F.);
#4476 = EDGE_CURVE('',#4477,#4398,#4479,.T.);
#4477 = VERTEX_POINT('',#4478);
#4478 = CARTESIAN_POINT('',(180.,-1.836970198721E-15,-15.));
#4479 = SURFACE_CURVE('',#4480,(#4485,#4492),.PCURVE_S1.);
#4480 = CIRCLE('',#4481,15.);
#4481 = AXIS2_PLACEMENT_3D('',#4482,#4483,#4484);
#4482 = CARTESIAN_POINT('',(180.,0.,0.));
#4483 = DIRECTION('',(1.,0.,0.));
#4484 = DIRECTION('',(-0.,0.,1.));
#4485 = PCURVE('',#3295,#4486);
#4486 = DEFINITIONAL_REPRESENTATION('',(#4487),#4491);
#4487 = LINE('',#4488,#4489);
#4488 = CARTESIAN_POINT('',(-0.,-45.));
#4489 = VECTOR('',#4490,1.);
#4490 = DIRECTION('',(-1.,-0.));
#4491 = ( GEOMETRIC_REPRESENTATION_CONTEXT(2) 
PARAMETRIC_REPRESENTATION_CONTEXT() REPRESENTATION_CONTEXT('2D SPACE',''
  ) );
#4492 = PCURVE('',#3336,#4493);
#4493 = DEFINITIONAL_REPRESENTATION('',(#4494),#4498);
#4494 = CIRCLE('',#4495,15.);
#4495 = AXIS2_PLACEMENT_2D('',#4496,#4497);
#4496 = CARTESIAN_POINT('',(0.,0.));
#4497 = DIRECTION('',(1.,0.));
#4498 = ( GEOMETRIC_REPRESENTATION_CONTEXT(2) 
PARAMETRIC_REPRESENTATION_CONTEXT() REPRESENTATION_CONTEXT('2D SPACE',''
  ) );
#4499 = ORIENTED_EDGE('',*,*,#4500,.T.);
#4500 = EDGE_CURVE('',#4477,#4501,#4503,.T.);
#4501 = VERTEX_POINT('',#4502);
#4502 = CARTESIAN_POINT('',(179.61863694895,-2.775557561563E-17,
    -15.08474734467));
#4503 = SURFACE_CURVE('',#4504,(#4508,#4514),.PCURVE_S1.);
#4504 = LINE('',#4505,#4506);
#4505 = CARTESIAN_POINT('',(247.5,0.,0.));
#4506 = VECTOR('',#4507,1.);
#4507 = DIRECTION('',(-0.976187060184,-0.,-0.216930457819));
#4508 = PCURVE('',#3295,#4509);
#4509 = DEFINITIONAL_REPRESENTATION('',(#4510),#4513);
#4510 = B_SPLINE_CURVE_WITH_KNOTS('',1,(#4511,#4512),.UNSPECIFIED.,.F.,
  .F.,(2,2),(69.146583429697,115.24430571616),.PIECEWISE_BEZIER_KNOTS.);
#4511 = CARTESIAN_POINT('',(-3.14159265359,-45.));
#4512 = CARTESIAN_POINT('',(-3.14159265359,-1.387245248713E-14));
#4513 = ( GEOMETRIC_REPRESENTATION_CONTEXT(2) 
PARAMETRIC_REPRESENTATION_CONTEXT() REPRESENTATION_CONTEXT('2D SPACE',''
  ) );
#4514 = PCURVE('',#4515,#4520);
#4515 = PLANE('',#4516);
#4516 = AXIS2_PLACEMENT_3D('',#4517,#4518,#4519);
#4517 = CARTESIAN_POINT('',(-10.,0.,-150.));
#4518 = DIRECTION('',(-0.,1.,0.));
#4519 = DIRECTION('',(0.,0.,1.));
#4520 = DEFINITIONAL_REPRESENTATION('',(#4521),#4524);
#4521 = B_SPLINE_CURVE_WITH_KNOTS('',1,(#4522,#4523),.UNSPECIFIED.,.F.,
  .F.,(2,2),(69.146583429697,115.24430571616),.PIECEWISE_BEZIER_KNOTS.);
#4522 = CARTESIAN_POINT('',(135.,190.));
#4523 = CARTESIAN_POINT('',(125.,145.));
#4524 = ( GEOMETRIC_REPRESENTATION_CONTEXT(2) 
PARAMETRIC_REPRESENTATION_CONTEXT() REPRESENTATION_CONTEXT('2D SPACE',''
  ) );
#4525 = ORIENTED_EDGE('',*,*,#4526,.F.);
#4526 = EDGE_CURVE('',#4527,#4501,#4529,.T.);
#4527 = VERTEX_POINT('',#4528);
#4528 = CARTESIAN_POINT('',(179.58971658592,1.5,-15.01644217102));
#4529 = SURFACE_CURVE('',#4530,(#4545,#4563),.PCURVE_S1.);
#4530 = B_SPLINE_CURVE_WITH_KNOTS('',4,(#4531,#4532,#4533,#4534,#4535,
    #4536,#4537,#4538,#4539,#4540,#4541,#4542,#4543,#4544),
  .UNSPECIFIED.,.F.,.F.,(5,3,3,3,5),(0.,0.236178093856,0.49999999995,
    0.764765534627,1.),.UNSPECIFIED.);
#4531 = CARTESIAN_POINT('',(179.5897165623,1.5000006,-15.01644211636));
#4532 = CARTESIAN_POINT('',(179.59667655718,1.323217488414,
    -15.03254671509));
#4533 = CARTESIAN_POINT('',(179.60245892857,1.146266635959,
    -15.04613329564));
#4534 = CARTESIAN_POINT('',(179.60712173509,0.969190107028,
    -15.05718898145));
#4535 = CARTESIAN_POINT('',(179.61468741677,0.594127772828,
    -15.07522299295));
#4536 = CARTESIAN_POINT('',(179.61732043121,0.396120663292,
    -15.08157257738));
#4537 = CARTESIAN_POINT('',(179.61863694895,0.198060377244,
    -15.08474734467));
#4538 = CARTESIAN_POINT('',(179.61863694895,-0.198768792387,
    -15.08474734467));
#4539 = CARTESIAN_POINT('',(179.61731099657,-0.39753749214,
    -15.08154982612));
#4540 = CARTESIAN_POINT('',(179.61465911329,-0.596252444485,
    -15.07515473809));
#4541 = CARTESIAN_POINT('',(179.60706579208,-0.97131258135,
    -15.05705634403));
#4542 = CARTESIAN_POINT('',(179.6024127038,-1.14768061539,
    -15.04602468775));
#4543 = CARTESIAN_POINT('',(179.59664874914,-1.323923809566,
    -15.0324823706));
#4544 = CARTESIAN_POINT('',(179.5897165623,-1.5000006,-15.01644211636));
#4545 = PCURVE('',#3295,#4546);
#4546 = DEFINITIONAL_REPRESENTATION('',(#4547),#4562);
#4547 = B_SPLINE_CURVE_WITH_KNOTS('',4,(#4548,#4549,#4550,#4551,#4552,
    #4553,#4554,#4555,#4556,#4557,#4558,#4559,#4560,#4561),
  .UNSPECIFIED.,.F.,.F.,(5,3,3,3,5),(0.,0.236178093856,0.49999999995,
    0.764765534627,1.),.UNSPECIFIED.);
#4548 = CARTESIAN_POINT('',(-3.241152934479,-44.5897165623));
#4549 = CARTESIAN_POINT('',(-3.229390535768,-44.59667655718));
#4550 = CARTESIAN_POINT('',(-3.217630448262,-44.60245892857));
#4551 = CARTESIAN_POINT('',(-3.205872407208,-44.60712173509));
#4552 = CARTESIAN_POINT('',(-3.180983163168,-44.61468741677));
#4553 = CARTESIAN_POINT('',(-3.167852332848,-44.61732043121));
#4554 = CARTESIAN_POINT('',(-3.154722497446,-44.61863694895));
#4555 = CARTESIAN_POINT('',(-3.128415847386,-44.61863694895));
#4556 = CARTESIAN_POINT('',(-3.115239049776,-44.61731099657));
#4557 = CARTESIAN_POINT('',(-3.10206124633,-44.61465911329));
#4558 = CARTESIAN_POINT('',(-3.077171965249,-44.60706579208));
#4559 = CARTESIAN_POINT('',(-3.065460886176,-44.6024127038));
#4560 = CARTESIAN_POINT('',(-3.053747775797,-44.59664874914));
#4561 = CARTESIAN_POINT('',(-3.0420323727,-44.5897165623));
#4562 = ( GEOMETRIC_REPRESENTATION_CONTEXT(2) 
PARAMETRIC_REPRESENTATION_CONTEXT() REPRESENTATION_CONTEXT('2D SPACE',''
  ) );
#4563 = PCURVE('',#4564,#4569);
#4564 = CYLINDRICAL_SURFACE('',#4565,5.);
#4565 = AXIS2_PLACEMENT_3D('',#4566,#4567,#4568);
#4566 = CARTESIAN_POINT('',(175.,-1.5,-17.));
#4567 = DIRECTION('',(0.,1.,0.));
#4568 = DIRECTION('',(0.,-0.,1.));
#4569 = DEFINITIONAL_REPRESENTATION('',(#4570),#4585);
#4570 = B_SPLINE_CURVE_WITH_KNOTS('',4,(#4571,#4572,#4573,#4574,#4575,
    #4576,#4577,#4578,#4579,#4580,#4581,#4582,#4583,#4584),
  .UNSPECIFIED.,.F.,.F.,(5,3,3,3,5),(0.,0.236178093856,0.49999999995,
    0.764765534627,1.),.UNSPECIFIED.);
#4571 = CARTESIAN_POINT('',(1.162864647508,3.0000006));
#4572 = CARTESIAN_POINT('',(1.166373491358,2.823217488414));
#4573 = CARTESIAN_POINT('',(1.169326625406,2.646266635959));
#4574 = CARTESIAN_POINT('',(1.171726375438,2.469190107028));
#4575 = CARTESIAN_POINT('',(1.175637718482,2.094127772828));
#4576 = CARTESIAN_POINT('',(1.177012482656,1.896120663292));
#4577 = CARTESIAN_POINT('',(1.177699867612,1.698060377244));
#4578 = CARTESIAN_POINT('',(1.177699867612,1.301231207613));
#4579 = CARTESIAN_POINT('',(1.177007556621,1.10246250786));
#4580 = CARTESIAN_POINT('',(1.1756229405,0.903747555515));
#4581 = CARTESIAN_POINT('',(1.171697585002,0.52868741865));
#4582 = CARTESIAN_POINT('',(1.169303018551,0.35231938461));
#4583 = CARTESIAN_POINT('',(1.166359472085,0.176076190434));
#4584 = CARTESIAN_POINT('',(1.162864647508,-6.E-07));
#4585 = ( GEOMETRIC_REPRESENTATION_CONTEXT(2) 
PARAMETRIC_REPRESENTATION_CONTEXT() REPRESENTATION_CONTEXT('2D SPACE',''
  ) );
#4586 = ORIENTED_EDGE('',*,*,#4587,.F.);
#4587 = EDGE_CURVE('',#4588,#4527,#4590,.T.);
#4588 = VERTEX_POINT('',#4589);
#4589 = CARTESIAN_POINT('',(177.57794659413,1.5,-15.46566256717));
#4590 = SURFACE_CURVE('',#4591,(#4596,#4606),.PCURVE_S1.);
#4591 = HYPERBOLA('',#4592,6.75,1.5);
#4592 = AXIS2_PLACEMENT_3D('',#4593,#4594,#4595);
#4593 = CARTESIAN_POINT('',(247.5,1.5,0.));
#4594 = DIRECTION('',(0.,1.,0.));
#4595 = DIRECTION('',(-1.,0.,0.));
#4596 = PCURVE('',#3295,#4597);
#4597 = DEFINITIONAL_REPRESENTATION('',(#4598),#4605);
#4598 = B_SPLINE_CURVE_WITH_KNOTS('',5,(#4599,#4600,#4601,#4602,#4603,
    #4604),.UNSPECIFIED.,.F.,.F.,(6,6),(-3.144849701875,-2.993222846126)
  ,.PIECEWISE_BEZIER_KNOTS.);
#4599 = CARTESIAN_POINT('',(-3.227686231087,-34.));
#4600 = CARTESIAN_POINT('',(-3.230293826695,-36.3717246721));
#4601 = CARTESIAN_POINT('',(-3.232999901568,-38.65321086055));
#4602 = CARTESIAN_POINT('',(-3.23580937781,-40.8490023546));
#4603 = CARTESIAN_POINT('',(-3.238727537636,-42.96329797592));
#4604 = CARTESIAN_POINT('',(-3.241760074751,-45.));
#4605 = ( GEOMETRIC_REPRESENTATION_CONTEXT(2) 
PARAMETRIC_REPRESENTATION_CONTEXT() REPRESENTATION_CONTEXT('2D SPACE',''
  ) );
#4606 = PCURVE('',#4607,#4612);
#4607 = PLANE('',#4608);
#4608 = AXIS2_PLACEMENT_3D('',#4609,#4610,#4611);
#4609 = CARTESIAN_POINT('',(175.,1.5,-17.));
#4610 = DIRECTION('',(0.,1.,0.));
#4611 = DIRECTION('',(0.,-0.,1.));
#4612 = DEFINITIONAL_REPRESENTATION('',(#4613),#4617);
#4613 = ( BOUNDED_CURVE() B_SPLINE_CURVE(2,(#4614,#4615,#4616),
.UNSPECIFIED.,.F.,.F.) B_SPLINE_CURVE_WITH_KNOTS((3,3),(-3.144849701875,
-2.993222846126),.PIECEWISE_BEZIER_KNOTS.) CURVE() 
GEOMETRIC_REPRESENTATION_ITEM() RATIONAL_B_SPLINE_CURVE((1.,
1.002875214678,1.)) REPRESENTATION_ITEM('') );
#4614 = CARTESIAN_POINT('',(-0.379834348328,-6.));
#4615 = CARTESIAN_POINT('',(0.940160782841,-8.202218361268E-02));
#4616 = CARTESIAN_POINT('',(2.075188443401,5.));
#4617 = ( GEOMETRIC_REPRESENTATION_CONTEXT(2) 
PARAMETRIC_REPRESENTATION_CONTEXT() REPRESENTATION_CONTEXT('2D SPACE',''
  ) );
#4618 = ORIENTED_EDGE('',*,*,#4619,.T.);
#4619 = EDGE_CURVE('',#4588,#4620,#4622,.T.);
#4620 = VERTEX_POINT('',#4621);
#4621 = CARTESIAN_POINT('',(177.61514872126,5.551115123126E-17,
    -15.52996695082));
#4622 = SURFACE_CURVE('',#4623,(#4638,#4656),.PCURVE_S1.);
#4623 = B_SPLINE_CURVE_WITH_KNOTS('',4,(#4624,#4625,#4626,#4627,#4628,
    #4629,#4630,#4631,#4632,#4633,#4634,#4635,#4636,#4637),
  .UNSPECIFIED.,.F.,.F.,(5,3,3,3,5),(0.,0.236202990226,0.499999999873,
    0.764740141619,1.),.UNSPECIFIED.);
#4624 = CARTESIAN_POINT('',(177.57794656356,1.5000006,-15.4656625158));
#4625 = CARTESIAN_POINT('',(177.58695258952,1.323255186559,
    -15.48079416312));
#4626 = CARTESIAN_POINT('',(177.5944020429,1.146312699764,
    -15.49357983627));
#4627 = CARTESIAN_POINT('',(177.60039370283,0.96922520874,
    -15.50399263254));
#4628 = CARTESIAN_POINT('',(177.61009935544,0.594151721734,
    -15.52098413126));
#4629 = CARTESIAN_POINT('',(177.61346556374,0.396141424006,
    -15.52697271703));
#4630 = CARTESIAN_POINT('',(177.61514872126,0.198070807914,
    -15.52996695082));
#4631 = CARTESIAN_POINT('',(177.61514872126,-0.198778954442,
    -15.52996695082));
#4632 = CARTESIAN_POINT('',(177.61345350663,-0.397557713861,
    -15.526951269));
#4633 = CARTESIAN_POINT('',(177.61006318642,-0.596275509617,
    -15.52091978462));
#4634 = CARTESIAN_POINT('',(177.60032186152,-0.97134647284,
    -15.5038677872));
#4635 = CARTESIAN_POINT('',(177.59434252799,-1.147725718062,
    -15.49347769597));
#4636 = CARTESIAN_POINT('',(177.58691662947,-1.323960911069,
    -15.48073374416));
#4637 = CARTESIAN_POINT('',(177.57794656356,-1.5000006,-15.4656625158));
#4638 = PCURVE('',#3295,#4639);
#4639 = DEFINITIONAL_REPRESENTATION('',(#4640),#4655);
#4640 = B_SPLINE_CURVE_WITH_KNOTS('',4,(#4641,#4642,#4643,#4644,#4645,
    #4646,#4647,#4648,#4649,#4650,#4651,#4652,#4653,#4654),
  .UNSPECIFIED.,.F.,.F.,(5,3,3,3,5),(0.,0.236202990226,0.499999999873,
    0.764740141619,1.),.UNSPECIFIED.);
#4641 = CARTESIAN_POINT('',(-3.2382793312,-42.57794656356));
#4642 = CARTESIAN_POINT('',(-3.226863576344,-42.58695258952));
#4643 = CARTESIAN_POINT('',(-3.215445854433,-42.5944020429));
#4644 = CARTESIAN_POINT('',(-3.204027207736,-42.60039370283));
#4645 = CARTESIAN_POINT('',(-3.179854758508,-42.61009935544));
#4646 = CARTESIAN_POINT('',(-3.167100844043,-42.61346556374));
#4647 = CARTESIAN_POINT('',(-3.154346757223,-42.61514872126));
#4648 = CARTESIAN_POINT('',(-3.128792951242,-42.61514872126));
#4649 = CARTESIAN_POINT('',(-3.115993265993,-42.61345350663));
#4650 = CARTESIAN_POINT('',(-3.103193754539,-42.61006318642));
#4651 = CARTESIAN_POINT('',(-3.079021319354,-42.60032186152));
#4652 = CARTESIAN_POINT('',(-3.067648273548,-42.59434252799));
#4653 = CARTESIAN_POINT('',(-3.056276149013,-42.58691662947));
#4654 = CARTESIAN_POINT('',(-3.04490597598,-42.57794656356));
#4655 = ( GEOMETRIC_REPRESENTATION_CONTEXT(2) 
PARAMETRIC_REPRESENTATION_CONTEXT() REPRESENTATION_CONTEXT('2D SPACE',''
  ) );
#4656 = PCURVE('',#4657,#4662);
#4657 = CYLINDRICAL_SURFACE('',#4658,3.);
#4658 = AXIS2_PLACEMENT_3D('',#4659,#4660,#4661);
#4659 = CARTESIAN_POINT('',(175.,-1.5,-17.));
#4660 = DIRECTION('',(0.,1.,0.));
#4661 = DIRECTION('',(0.,-0.,1.));
#4662 = DEFINITIONAL_REPRESENTATION('',(#4663),#4678);
#4663 = B_SPLINE_CURVE_WITH_KNOTS('',4,(#4664,#4665,#4666,#4667,#4668,
    #4669,#4670,#4671,#4672,#4673,#4674,#4675,#4676,#4677),
  .UNSPECIFIED.,.F.,.F.,(5,3,3,3,5),(0.,0.236202990226,0.499999999873,
    0.764740141619,1.),.UNSPECIFIED.);
#4664 = CARTESIAN_POINT('',(1.033929842773,3.0000006));
#4665 = CARTESIAN_POINT('',(1.039799494042,2.823255186559));
#4666 = CARTESIAN_POINT('',(1.044731824846,2.646312699764));
#4667 = CARTESIAN_POINT('',(1.048736357064,2.46922520874));
#4668 = CARTESIAN_POINT('',(1.055259058628,2.094151721734));
#4669 = CARTESIAN_POINT('',(1.057548962132,1.896141424006));
#4670 = CARTESIAN_POINT('',(1.058693936318,1.698070807914));
#4671 = CARTESIAN_POINT('',(1.058693936318,1.301221045558));
#4672 = CARTESIAN_POINT('',(1.057540760313,1.102442286139));
#4673 = CARTESIAN_POINT('',(1.055234454141,0.903724490383));
#4674 = CARTESIAN_POINT('',(1.048688343957,0.52865352716));
#4675 = CARTESIAN_POINT('',(1.044692421252,0.352274281938));
#4676 = CARTESIAN_POINT('',(1.039776057186,0.176039088931));
#4677 = CARTESIAN_POINT('',(1.033929842773,-6.E-07));
#4678 = ( GEOMETRIC_REPRESENTATION_CONTEXT(2) 
PARAMETRIC_REPRESENTATION_CONTEXT() REPRESENTATION_CONTEXT('2D SPACE',''
  ) );
#4679 = ORIENTED_EDGE('',*,*,#4680,.T.);
#4680 = EDGE_CURVE('',#4620,#4681,#4683,.T.);
#4681 = VERTEX_POINT('',#4682);
#4682 = CARTESIAN_POINT('',(172.00838069036,1.110223024625E-16,
    -16.77591540214));
#4683 = SURFACE_CURVE('',#4684,(#4688,#4694),.PCURVE_S1.);
#4684 = LINE('',#4685,#4686);
#4685 = CARTESIAN_POINT('',(247.5,0.,0.));
#4686 = VECTOR('',#4687,1.);
#4687 = DIRECTION('',(-0.976187060184,-0.,-0.216930457819));
#4688 = PCURVE('',#3295,#4689);
#4689 = DEFINITIONAL_REPRESENTATION('',(#4690),#4693);
#4690 = B_SPLINE_CURVE_WITH_KNOTS('',1,(#4691,#4692),.UNSPECIFIED.,.F.,
  .F.,(2,2),(69.146583429697,115.24430571616),.PIECEWISE_BEZIER_KNOTS.);
#4691 = CARTESIAN_POINT('',(-3.14159265359,-45.));
#4692 = CARTESIAN_POINT('',(-3.14159265359,-1.387245248713E-14));
#4693 = ( GEOMETRIC_REPRESENTATION_CONTEXT(2) 
PARAMETRIC_REPRESENTATION_CONTEXT() REPRESENTATION_CONTEXT('2D SPACE',''
  ) );
#4694 = PCURVE('',#4515,#4695);
#4695 = DEFINITIONAL_REPRESENTATION('',(#4696),#4699);
#4696 = B_SPLINE_CURVE_WITH_KNOTS('',1,(#4697,#4698),.UNSPECIFIED.,.F.,
  .F.,(2,2),(69.146583429697,115.24430571616),.PIECEWISE_BEZIER_KNOTS.);
#4697 = CARTESIAN_POINT('',(135.,190.));
#4698 = CARTESIAN_POINT('',(125.,145.));
#4699 = ( GEOMETRIC_REPRESENTATION_CONTEXT(2) 
PARAMETRIC_REPRESENTATION_CONTEXT() REPRESENTATION_CONTEXT('2D SPACE',''
  ) );
#4700 = ORIENTED_EDGE('',*,*,#4701,.T.);
#4701 = EDGE_CURVE('',#4681,#4702,#4704,.T.);
#4702 = VERTEX_POINT('',#4703);
#4703 = CARTESIAN_POINT('',(172.01430332455,1.5,-16.70739897094));
#4704 = SURFACE_CURVE('',#4705,(#4713,#4724),.PCURVE_S1.);
#4705 = B_SPLINE_CURVE_WITH_KNOTS('',6,(#4706,#4707,#4708,#4709,#4710,
    #4711,#4712),.UNSPECIFIED.,.F.,.F.,(7,7),(0.,1.),
  .PIECEWISE_BEZIER_KNOTS.);
#4706 = CARTESIAN_POINT('',(172.01430332994,-1.5000006,-16.70739891586)
  );
#4707 = CARTESIAN_POINT('',(172.0098133371,-1.000850282334,
    -16.7532147293));
#4708 = CARTESIAN_POINT('',(172.00799292389,-0.500678367408,
    -16.78048080534));
#4709 = CARTESIAN_POINT('',(172.00751048806,-5.151434834261E-14,
    -16.78953934968));
#4710 = CARTESIAN_POINT('',(172.00799292389,0.500678367408,
    -16.78048080534));
#4711 = CARTESIAN_POINT('',(172.0098133371,1.000850282334,-16.7532147293
    ));
#4712 = CARTESIAN_POINT('',(172.01430332994,1.5000006,-16.70739891586));
#4713 = PCURVE('',#3295,#4714);
#4714 = DEFINITIONAL_REPRESENTATION('',(#4715),#4723);
#4715 = B_SPLINE_CURVE_WITH_KNOTS('',6,(#4716,#4717,#4718,#4719,#4720,
    #4721,#4722),.UNSPECIFIED.,.F.,.F.,(7,7),(0.,1.),
  .PIECEWISE_BEZIER_KNOTS.);
#4716 = CARTESIAN_POINT('',(-3.052052102933,-37.01430332994));
#4717 = CARTESIAN_POINT('',(-3.081933447257,-37.0098133371));
#4718 = CARTESIAN_POINT('',(-3.111772304163,-37.00799292389));
#4719 = CARTESIAN_POINT('',(-3.14159265359,-37.00751048806));
#4720 = CARTESIAN_POINT('',(-3.171413003017,-37.00799292389));
#4721 = CARTESIAN_POINT('',(-3.201251859923,-37.0098133371));
#4722 = CARTESIAN_POINT('',(-3.231133204247,-37.01430332994));
#4723 = ( GEOMETRIC_REPRESENTATION_CONTEXT(2) 
PARAMETRIC_REPRESENTATION_CONTEXT() REPRESENTATION_CONTEXT('2D SPACE',''
  ) );
#4724 = PCURVE('',#4657,#4725);
#4725 = DEFINITIONAL_REPRESENTATION('',(#4726),#4734);
#4726 = B_SPLINE_CURVE_WITH_KNOTS('',6,(#4727,#4728,#4729,#4730,#4731,
    #4732,#4733),.UNSPECIFIED.,.F.,.F.,(7,7),(0.,1.),
  .PIECEWISE_BEZIER_KNOTS.);
#4727 = CARTESIAN_POINT('',(4.810077977605,-6.E-07));
#4728 = CARTESIAN_POINT('',(4.794732877785,0.499149717666));
#4729 = CARTESIAN_POINT('',(4.785628325096,0.999321632592));
#4730 = CARTESIAN_POINT('',(4.78260112098,1.5));
#4731 = CARTESIAN_POINT('',(4.785628325096,2.000678367408));
#4732 = CARTESIAN_POINT('',(4.794732877785,2.500850282334));
#4733 = CARTESIAN_POINT('',(4.810077977605,3.0000006));
#4734 = ( GEOMETRIC_REPRESENTATION_CONTEXT(2) 
PARAMETRIC_REPRESENTATION_CONTEXT() REPRESENTATION_CONTEXT('2D SPACE',''
  ) );
#4735 = ORIENTED_EDGE('',*,*,#4736,.F.);
#4736 = EDGE_CURVE('',#4737,#4702,#4739,.T.);
#4737 = VERTEX_POINT('',#4738);
#4738 = CARTESIAN_POINT('',(170.00244139873,1.5,-17.15623068498));
#4739 = SURFACE_CURVE('',#4740,(#4745,#4755),.PCURVE_S1.);
#4740 = HYPERBOLA('',#4741,6.75,1.5);
#4741 = AXIS2_PLACEMENT_3D('',#4742,#4743,#4744);
#4742 = CARTESIAN_POINT('',(247.5,1.5,0.));
#4743 = DIRECTION('',(0.,1.,0.));
#4744 = DIRECTION('',(-1.,0.,0.));
#4745 = PCURVE('',#3295,#4746);
#4746 = DEFINITIONAL_REPRESENTATION('',(#4747),#4754);
#4747 = B_SPLINE_CURVE_WITH_KNOTS('',5,(#4748,#4749,#4750,#4751,#4752,
    #4753),.UNSPECIFIED.,.F.,.F.,(6,6),(-3.144849701875,-2.993222846126)
  ,.PIECEWISE_BEZIER_KNOTS.);
#4748 = CARTESIAN_POINT('',(-3.227686231087,-34.));
#4749 = CARTESIAN_POINT('',(-3.230293826695,-36.3717246721));
#4750 = CARTESIAN_POINT('',(-3.232999901568,-38.65321086055));
#4751 = CARTESIAN_POINT('',(-3.23580937781,-40.8490023546));
#4752 = CARTESIAN_POINT('',(-3.238727537636,-42.96329797592));
#4753 = CARTESIAN_POINT('',(-3.241760074751,-45.));
#4754 = ( GEOMETRIC_REPRESENTATION_CONTEXT(2) 
PARAMETRIC_REPRESENTATION_CONTEXT() REPRESENTATION_CONTEXT('2D SPACE',''
  ) );
#4755 = PCURVE('',#4607,#4756);
#4756 = DEFINITIONAL_REPRESENTATION('',(#4757),#4761);
#4757 = ( BOUNDED_CURVE() B_SPLINE_CURVE(2,(#4758,#4759,#4760),
.UNSPECIFIED.,.F.,.F.) B_SPLINE_CURVE_WITH_KNOTS((3,3),(-3.144849701875,
-2.993222846126),.PIECEWISE_BEZIER_KNOTS.) CURVE() 
GEOMETRIC_REPRESENTATION_ITEM() RATIONAL_B_SPLINE_CURVE((1.,
1.002875214678,1.)) REPRESENTATION_ITEM('') );
#4758 = CARTESIAN_POINT('',(-0.379834348328,-6.));
#4759 = CARTESIAN_POINT('',(0.940160782841,-8.202218361268E-02));
#4760 = CARTESIAN_POINT('',(2.075188443401,5.));
#4761 = ( GEOMETRIC_REPRESENTATION_CONTEXT(2) 
PARAMETRIC_REPRESENTATION_CONTEXT() REPRESENTATION_CONTEXT('2D SPACE',''
  ) );
#4762 = ORIENTED_EDGE('',*,*,#4763,.F.);
#4763 = EDGE_CURVE('',#4764,#4737,#4766,.T.);
#4764 = VERTEX_POINT('',#4765);
#4765 = CARTESIAN_POINT('',(170.00489246234,-4.996003610813E-16,
    -17.22113500842));
#4766 = SURFACE_CURVE('',#4767,(#4775,#4786),.PCURVE_S1.);
#4767 = B_SPLINE_CURVE_WITH_KNOTS('',6,(#4768,#4769,#4770,#4771,#4772,
    #4773,#4774),.UNSPECIFIED.,.F.,.F.,(7,7),(0.,1.),
  .PIECEWISE_BEZIER_KNOTS.);
#4768 = CARTESIAN_POINT('',(170.0024413971,-1.5000006,-17.15623063288));
#4769 = CARTESIAN_POINT('',(170.00379674099,-1.000668275924,
    -17.19958583406));
#4770 = CARTESIAN_POINT('',(170.00505740199,-0.500534419236,
    -17.22546108066));
#4771 = CARTESIAN_POINT('',(170.00554759219,7.549516567451E-15,
    -17.23406584222));
#4772 = CARTESIAN_POINT('',(170.00505740199,0.500534419236,
    -17.22546108066));
#4773 = CARTESIAN_POINT('',(170.00379674099,1.000668275924,
    -17.19958583406));
#4774 = CARTESIAN_POINT('',(170.0024413971,1.5000006,-17.15623063288));
#4775 = PCURVE('',#3295,#4776);
#4776 = DEFINITIONAL_REPRESENTATION('',(#4777),#4785);
#4777 = B_SPLINE_CURVE_WITH_KNOTS('',6,(#4778,#4779,#4780,#4781,#4782,
    #4783,#4784),.UNSPECIFIED.,.F.,.F.,(7,7),(0.,1.),
  .PIECEWISE_BEZIER_KNOTS.);
#4778 = CARTESIAN_POINT('',(-3.054382595401,-35.0024413971));
#4779 = CARTESIAN_POINT('',(-3.083486079812,-35.00379674099));
#4780 = CARTESIAN_POINT('',(-3.112548747835,-35.00505740199));
#4781 = CARTESIAN_POINT('',(-3.14159265359,-35.00554759219));
#4782 = CARTESIAN_POINT('',(-3.170636559344,-35.00505740199));
#4783 = CARTESIAN_POINT('',(-3.199699227367,-35.00379674099));
#4784 = CARTESIAN_POINT('',(-3.228802711778,-35.0024413971));
#4785 = ( GEOMETRIC_REPRESENTATION_CONTEXT(2) 
PARAMETRIC_REPRESENTATION_CONTEXT() REPRESENTATION_CONTEXT('2D SPACE',''
  ) );
#4786 = PCURVE('',#4564,#4787);
#4787 = DEFINITIONAL_REPRESENTATION('',(#4788),#4796);
#4788 = B_SPLINE_CURVE_WITH_KNOTS('',6,(#4789,#4790,#4791,#4792,#4793,
    #4794,#4795),.UNSPECIFIED.,.F.,.F.,(7,7),(0.,1.),
  .PIECEWISE_BEZIER_KNOTS.);
#4789 = CARTESIAN_POINT('',(4.6811377672,-6.E-07));
#4790 = CARTESIAN_POINT('',(4.672462491006,0.499331724076));
#4791 = CARTESIAN_POINT('',(4.667282089217,0.999465580764));
#4792 = CARTESIAN_POINT('',(4.665557747684,1.5));
#4793 = CARTESIAN_POINT('',(4.667282089217,2.000534419236));
#4794 = CARTESIAN_POINT('',(4.672462491006,2.500668275924));
#4795 = CARTESIAN_POINT('',(4.6811377672,3.0000006));
#4796 = ( GEOMETRIC_REPRESENTATION_CONTEXT(2) 
PARAMETRIC_REPRESENTATION_CONTEXT() REPRESENTATION_CONTEXT('2D SPACE',''
  ) );
#4797 = ORIENTED_EDGE('',*,*,#4798,.T.);
#4798 = EDGE_CURVE('',#4764,#4799,#4801,.T.);
#4799 = VERTEX_POINT('',#4800);
#4800 = CARTESIAN_POINT('',(135.,-3.061616997868E-15,-25.));
#4801 = SURFACE_CURVE('',#4802,(#4806,#4812),.PCURVE_S1.);
#4802 = LINE('',#4803,#4804);
#4803 = CARTESIAN_POINT('',(247.5,0.,0.));
#4804 = VECTOR('',#4805,1.);
#4805 = DIRECTION('',(-0.976187060184,-0.,-0.216930457819));
#4806 = PCURVE('',#3295,#4807);
#4807 = DEFINITIONAL_REPRESENTATION('',(#4808),#4811);
#4808 = B_SPLINE_CURVE_WITH_KNOTS('',1,(#4809,#4810),.UNSPECIFIED.,.F.,
  .F.,(2,2),(69.146583429697,115.24430571616),.PIECEWISE_BEZIER_KNOTS.);
#4809 = CARTESIAN_POINT('',(-3.14159265359,-45.));
#4810 = CARTESIAN_POINT('',(-3.14159265359,-1.387245248713E-14));
#4811 = ( GEOMETRIC_REPRESENTATION_CONTEXT(2) 
PARAMETRIC_REPRESENTATION_CONTEXT() REPRESENTATION_CONTEXT('2D SPACE',''
  ) );
#4812 = PCURVE('',#4515,#4813);
#4813 = DEFINITIONAL_REPRESENTATION('',(#4814),#4817);
#4814 = B_SPLINE_CURVE_WITH_KNOTS('',1,(#4815,#4816),.UNSPECIFIED.,.F.,
  .F.,(2,2),(69.146583429697,115.24430571616),.PIECEWISE_BEZIER_KNOTS.);
#4815 = CARTESIAN_POINT('',(135.,190.));
#4816 = CARTESIAN_POINT('',(125.,145.));
#4817 = ( GEOMETRIC_REPRESENTATION_CONTEXT(2) 
PARAMETRIC_REPRESENTATION_CONTEXT() REPRESENTATION_CONTEXT('2D SPACE',''
  ) );
#4818 = ORIENTED_EDGE('',*,*,#4819,.T.);
#4819 = EDGE_CURVE('',#4799,#3287,#4820,.T.);
#4820 = SURFACE_CURVE('',#4821,(#4826,#4833),.PCURVE_S1.);
#4821 = CIRCLE('',#4822,25.);
#4822 = AXIS2_PLACEMENT_3D('',#4823,#4824,#4825);
#4823 = CARTESIAN_POINT('',(135.,0.,0.));
#4824 = DIRECTION('',(1.,0.,0.));
#4825 = DIRECTION('',(-0.,0.,1.));
#4826 = PCURVE('',#3295,#4827);
#4827 = DEFINITIONAL_REPRESENTATION('',(#4828),#4832);
#4828 = LINE('',#4829,#4830);
#4829 = CARTESIAN_POINT('',(-0.,-0.));
#4830 = VECTOR('',#4831,1.);
#4831 = DIRECTION('',(-1.,-0.));
#4832 = ( GEOMETRIC_REPRESENTATION_CONTEXT(2) 
PARAMETRIC_REPRESENTATION_CONTEXT() REPRESENTATION_CONTEXT('2D SPACE',''
  ) );
#4833 = PCURVE('',#4834,#4839);
#4834 = PLANE('',#4835);
#4835 = AXIS2_PLACEMENT_3D('',#4836,#4837,#4838);
#4836 = CARTESIAN_POINT('',(135.,0.,0.));
#4837 = DIRECTION('',(1.,0.,0.));
#4838 = DIRECTION('',(-0.,0.,1.));
#4839 = DEFINITIONAL_REPRESENTATION('',(#4840),#4844);
#4840 = CIRCLE('',#4841,25.);
#4841 = AXIS2_PLACEMENT_2D('',#4842,#4843);
#4842 = CARTESIAN_POINT('',(0.,0.));
#4843 = DIRECTION('',(1.,0.));
#4844 = ( GEOMETRIC_REPRESENTATION_CONTEXT(2) 
PARAMETRIC_REPRESENTATION_CONTEXT() REPRESENTATION_CONTEXT('2D SPACE',''
  ) );
#4845 = ADVANCED_FACE('',(#4846),#3307,.F.);
#4846 = FACE_BOUND('',#4847,.F.);
#4847 = EDGE_LOOP('',(#4848,#4849,#4870,#4898,#4924,#4952,#4978,#5006,
    #5032,#5060));
#4848 = ORIENTED_EDGE('',*,*,#3284,.F.);
#4849 = ORIENTED_EDGE('',*,*,#4850,.F.);
#4850 = EDGE_CURVE('',#4851,#3285,#4853,.T.);
#4851 = VERTEX_POINT('',#4852);
#4852 = CARTESIAN_POINT('',(180.,7.347880794884E-16,3.));
#4853 = SURFACE_CURVE('',#4854,(#4858,#4864),.PCURVE_S1.);
#4854 = LINE('',#4855,#4856);
#4855 = CARTESIAN_POINT('',(180.,0.,-75.));
#4856 = VECTOR('',#4857,1.);
#4857 = DIRECTION('',(0.,-0.,1.));
#4858 = PCURVE('',#3307,#4859);
#4859 = DEFINITIONAL_REPRESENTATION('',(#4860),#4863);
#4860 = B_SPLINE_CURVE_WITH_KNOTS('',1,(#4861,#4862),.UNSPECIFIED.,.F.,
  .F.,(2,2),(39.998214331266,110.00178566873),.PIECEWISE_BEZIER_KNOTS.);
#4861 = CARTESIAN_POINT('',(114.99821433126,190.));
#4862 = CARTESIAN_POINT('',(185.00178566873,190.));
#4863 = ( GEOMETRIC_REPRESENTATION_CONTEXT(2) 
PARAMETRIC_REPRESENTATION_CONTEXT() REPRESENTATION_CONTEXT('2D SPACE',''
  ) );
#4864 = PCURVE('',#3336,#4865);
#4865 = DEFINITIONAL_REPRESENTATION('',(#4866),#4869);
#4866 = B_SPLINE_CURVE_WITH_KNOTS('',1,(#4867,#4868),.UNSPECIFIED.,.F.,
  .F.,(2,2),(39.998214331266,110.00178566873),.PIECEWISE_BEZIER_KNOTS.);
#4867 = CARTESIAN_POINT('',(-35.00178566873,0.));
#4868 = CARTESIAN_POINT('',(35.001785668734,0.));
#4869 = ( GEOMETRIC_REPRESENTATION_CONTEXT(2) 
PARAMETRIC_REPRESENTATION_CONTEXT() REPRESENTATION_CONTEXT('2D SPACE',''
  ) );
#4870 = ORIENTED_EDGE('',*,*,#4871,.F.);
#4871 = EDGE_CURVE('',#4872,#4851,#4874,.T.);
#4872 = VERTEX_POINT('',#4873);
#4873 = CARTESIAN_POINT('',(177.5,7.347880794884E-16,3.));
#4874 = SURFACE_CURVE('',#4875,(#4879,#4886),.PCURVE_S1.);
#4875 = LINE('',#4876,#4877);
#4876 = CARTESIAN_POINT('',(177.4,7.347880794884E-16,3.));
#4877 = VECTOR('',#4878,1.);
#4878 = DIRECTION('',(1.,0.,0.));
#4879 = PCURVE('',#3307,#4880);
#4880 = DEFINITIONAL_REPRESENTATION('',(#4881),#4885);
#4881 = LINE('',#4882,#4883);
#4882 = CARTESIAN_POINT('',(153.,187.4));
#4883 = VECTOR('',#4884,1.);
#4884 = DIRECTION('',(0.,1.));
#4885 = ( GEOMETRIC_REPRESENTATION_CONTEXT(2) 
PARAMETRIC_REPRESENTATION_CONTEXT() REPRESENTATION_CONTEXT('2D SPACE',''
  ) );
#4886 = PCURVE('',#4887,#4892);
#4887 = CYLINDRICAL_SURFACE('',#4888,3.);
#4888 = AXIS2_PLACEMENT_3D('',#4889,#4890,#4891);
#4889 = CARTESIAN_POINT('',(177.4,0.,0.));
#4890 = DIRECTION('',(1.,0.,0.));
#4891 = DIRECTION('',(-0.,0.,1.));
#4892 = DEFINITIONAL_REPRESENTATION('',(#4893),#4897);
#4893 = LINE('',#4894,#4895);
#4894 = CARTESIAN_POINT('',(6.28318530718,-0.));
#4895 = VECTOR('',#4896,1.);
#4896 = DIRECTION('',(0.,1.));
#4897 = ( GEOMETRIC_REPRESENTATION_CONTEXT(2) 
PARAMETRIC_REPRESENTATION_CONTEXT() REPRESENTATION_CONTEXT('2D SPACE',''
  ) );
#4898 = ORIENTED_EDGE('',*,*,#4899,.T.);
#4899 = EDGE_CURVE('',#4872,#4900,#4902,.T.);
#4900 = VERTEX_POINT('',#4901);
#4901 = CARTESIAN_POINT('',(177.5,3.182751952391E-15,12.994570984085));
#4902 = SURFACE_CURVE('',#4903,(#4907,#4913),.PCURVE_S1.);
#4903 = LINE('',#4904,#4905);
#4904 = CARTESIAN_POINT('',(177.5,0.,-75.));
#4905 = VECTOR('',#4906,1.);
#4906 = DIRECTION('',(0.,-0.,1.));
#4907 = PCURVE('',#3307,#4908);
#4908 = DEFINITIONAL_REPRESENTATION('',(#4909),#4912);
#4909 = B_SPLINE_CURVE_WITH_KNOTS('',1,(#4910,#4911),.UNSPECIFIED.,.F.,
  .F.,(2,2),(62.092293965989,87.994570984085),.PIECEWISE_BEZIER_KNOTS.);
#4910 = CARTESIAN_POINT('',(137.09229396598,187.5));
#4911 = CARTESIAN_POINT('',(162.99457098408,187.5));
#4912 = ( GEOMETRIC_REPRESENTATION_CONTEXT(2) 
PARAMETRIC_REPRESENTATION_CONTEXT() REPRESENTATION_CONTEXT('2D SPACE',''
  ) );
#4913 = PCURVE('',#4914,#4919);
#4914 = PLANE('',#4915);
#4915 = AXIS2_PLACEMENT_3D('',#4916,#4917,#4918);
#4916 = CARTESIAN_POINT('',(177.5,0.,0.));
#4917 = DIRECTION('',(1.,0.,0.));
#4918 = DIRECTION('',(-0.,0.,1.));
#4919 = DEFINITIONAL_REPRESENTATION('',(#4920),#4923);
#4920 = B_SPLINE_CURVE_WITH_KNOTS('',1,(#4921,#4922),.UNSPECIFIED.,.F.,
  .F.,(2,2),(62.092293965989,87.994570984085),.PIECEWISE_BEZIER_KNOTS.);
#4921 = CARTESIAN_POINT('',(-12.90770603401,0.));
#4922 = CARTESIAN_POINT('',(12.994570984085,0.));
#4923 = ( GEOMETRIC_REPRESENTATION_CONTEXT(2) 
PARAMETRIC_REPRESENTATION_CONTEXT() REPRESENTATION_CONTEXT('2D SPACE',''
  ) );
#4924 = ORIENTED_EDGE('',*,*,#4925,.F.);
#4925 = EDGE_CURVE('',#4926,#4900,#4928,.T.);
#4926 = VERTEX_POINT('',#4927);
#4927 = CARTESIAN_POINT('',(137.,5.387116190856E-15,21.994570984085));
#4928 = SURFACE_CURVE('',#4929,(#4933,#4940),.PCURVE_S1.);
#4929 = LINE('',#4930,#4931);
#4930 = CARTESIAN_POINT('',(135.,5.495973684113E-15,22.43901542853));
#4931 = VECTOR('',#4932,1.);
#4932 = DIRECTION('',(0.976187060184,-5.313263816104E-17,-0.216930457819
    ));
#4933 = PCURVE('',#3307,#4934);
#4934 = DEFINITIONAL_REPRESENTATION('',(#4935),#4939);
#4935 = LINE('',#4936,#4937);
#4936 = CARTESIAN_POINT('',(172.43901542853,145.));
#4937 = VECTOR('',#4938,1.);
#4938 = DIRECTION('',(-0.216930457819,0.976187060184));
#4939 = ( GEOMETRIC_REPRESENTATION_CONTEXT(2) 
PARAMETRIC_REPRESENTATION_CONTEXT() REPRESENTATION_CONTEXT('2D SPACE',''
  ) );
#4940 = PCURVE('',#4941,#4946);
#4941 = CONICAL_SURFACE('',#4942,22.43901542853,0.218668945874);
#4942 = AXIS2_PLACEMENT_3D('',#4943,#4944,#4945);
#4943 = CARTESIAN_POINT('',(135.,0.,0.));
#4944 = DIRECTION('',(-1.,-0.,-0.));
#4945 = DIRECTION('',(-0.,0.,1.));
#4946 = DEFINITIONAL_REPRESENTATION('',(#4947),#4951);
#4947 = LINE('',#4948,#4949);
#4948 = CARTESIAN_POINT('',(-6.28318530718,0.));
#4949 = VECTOR('',#4950,1.);
#4950 = DIRECTION('',(-0.,-1.));
#4951 = ( GEOMETRIC_REPRESENTATION_CONTEXT(2) 
PARAMETRIC_REPRESENTATION_CONTEXT() REPRESENTATION_CONTEXT('2D SPACE',''
  ) );
#4952 = ORIENTED_EDGE('',*,*,#4953,.F.);
#4953 = EDGE_CURVE('',#4954,#4926,#4956,.T.);
#4954 = VERTEX_POINT('',#4955);
#4955 = CARTESIAN_POINT('',(137.,4.898587196589E-15,20.));
#4956 = SURFACE_CURVE('',#4957,(#4961,#4967),.PCURVE_S1.);
#4957 = LINE('',#4958,#4959);
#4958 = CARTESIAN_POINT('',(137.,0.,-75.));
#4959 = VECTOR('',#4960,1.);
#4960 = DIRECTION('',(0.,-0.,1.));
#4961 = PCURVE('',#3307,#4962);
#4962 = DEFINITIONAL_REPRESENTATION('',(#4963),#4966);
#4963 = B_SPLINE_CURVE_WITH_KNOTS('',1,(#4964,#4965),.UNSPECIFIED.,.F.,
  .F.,(2,2),(53.005429015915,96.994570984085),.PIECEWISE_BEZIER_KNOTS.);
#4964 = CARTESIAN_POINT('',(128.00542901591,147.));
#4965 = CARTESIAN_POINT('',(171.99457098408,147.));
#4966 = ( GEOMETRIC_REPRESENTATION_CONTEXT(2) 
PARAMETRIC_REPRESENTATION_CONTEXT() REPRESENTATION_CONTEXT('2D SPACE',''
  ) );
#4967 = PCURVE('',#4968,#4973);
#4968 = PLANE('',#4969);
#4969 = AXIS2_PLACEMENT_3D('',#4970,#4971,#4972);
#4970 = CARTESIAN_POINT('',(137.,0.,0.));
#4971 = DIRECTION('',(1.,0.,0.));
#4972 = DIRECTION('',(-0.,0.,1.));
#4973 = DEFINITIONAL_REPRESENTATION('',(#4974),#4977);
#4974 = B_SPLINE_CURVE_WITH_KNOTS('',1,(#4975,#4976),.UNSPECIFIED.,.F.,
  .F.,(2,2),(53.005429015915,96.994570984085),.PIECEWISE_BEZIER_KNOTS.);
#4975 = CARTESIAN_POINT('',(-21.99457098408,0.));
#4976 = CARTESIAN_POINT('',(21.994570984085,0.));
#4977 = ( GEOMETRIC_REPRESENTATION_CONTEXT(2) 
PARAMETRIC_REPRESENTATION_CONTEXT() REPRESENTATION_CONTEXT('2D SPACE',''
  ) );
#4978 = ORIENTED_EDGE('',*,*,#4979,.T.);
#4979 = EDGE_CURVE('',#4954,#4980,#4982,.T.);
#4980 = VERTEX_POINT('',#4981);
#4981 = CARTESIAN_POINT('',(127.,4.898587196589E-15,20.));
#4982 = SURFACE_CURVE('',#4983,(#4987,#4994),.PCURVE_S1.);
#4983 = LINE('',#4984,#4985);
#4984 = CARTESIAN_POINT('',(137.,4.898587196589E-15,20.));
#4985 = VECTOR('',#4986,1.);
#4986 = DIRECTION('',(-1.,0.,0.));
#4987 = PCURVE('',#3307,#4988);
#4988 = DEFINITIONAL_REPRESENTATION('',(#4989),#4993);
#4989 = LINE('',#4990,#4991);
#4990 = CARTESIAN_POINT('',(170.,147.));
#4991 = VECTOR('',#4992,1.);
#4992 = DIRECTION('',(0.,-1.));
#4993 = ( GEOMETRIC_REPRESENTATION_CONTEXT(2) 
PARAMETRIC_REPRESENTATION_CONTEXT() REPRESENTATION_CONTEXT('2D SPACE',''
  ) );
#4994 = PCURVE('',#4995,#5000);
#4995 = CYLINDRICAL_SURFACE('',#4996,20.);
#4996 = AXIS2_PLACEMENT_3D('',#4997,#4998,#4999);
#4997 = CARTESIAN_POINT('',(126.99,0.,0.));
#4998 = DIRECTION('',(1.,0.,0.));
#4999 = DIRECTION('',(-0.,0.,1.));
#5000 = DEFINITIONAL_REPRESENTATION('',(#5001),#5005);
#5001 = LINE('',#5002,#5003);
#5002 = CARTESIAN_POINT('',(6.28318530718,10.01));
#5003 = VECTOR('',#5004,1.);
#5004 = DIRECTION('',(-0.,-1.));
#5005 = ( GEOMETRIC_REPRESENTATION_CONTEXT(2) 
PARAMETRIC_REPRESENTATION_CONTEXT() REPRESENTATION_CONTEXT('2D SPACE',''
  ) );
#5006 = ORIENTED_EDGE('',*,*,#5007,.T.);
#5007 = EDGE_CURVE('',#4980,#5008,#5010,.T.);
#5008 = VERTEX_POINT('',#5009);
#5009 = CARTESIAN_POINT('',(127.,5.510910596163E-15,22.5));
#5010 = SURFACE_CURVE('',#5011,(#5015,#5021),.PCURVE_S1.);
#5011 = LINE('',#5012,#5013);
#5012 = CARTESIAN_POINT('',(127.,0.,-75.));
#5013 = VECTOR('',#5014,1.);
#5014 = DIRECTION('',(0.,-0.,1.));
#5015 = PCURVE('',#3307,#5016);
#5016 = DEFINITIONAL_REPRESENTATION('',(#5017),#5020);
#5017 = B_SPLINE_CURVE_WITH_KNOTS('',1,(#5018,#5019),.UNSPECIFIED.,.F.,
  .F.,(2,2),(52.5,97.5),.PIECEWISE_BEZIER_KNOTS.);
#5018 = CARTESIAN_POINT('',(127.5,137.));
#5019 = CARTESIAN_POINT('',(172.5,137.));
#5020 = ( GEOMETRIC_REPRESENTATION_CONTEXT(2) 
PARAMETRIC_REPRESENTATION_CONTEXT() REPRESENTATION_CONTEXT('2D SPACE',''
  ) );
#5021 = PCURVE('',#5022,#5027);
#5022 = PLANE('',#5023);
#5023 = AXIS2_PLACEMENT_3D('',#5024,#5025,#5026);
#5024 = CARTESIAN_POINT('',(127.,0.,0.));
#5025 = DIRECTION('',(1.,0.,0.));
#5026 = DIRECTION('',(-0.,0.,1.));
#5027 = DEFINITIONAL_REPRESENTATION('',(#5028),#5031);
#5028 = B_SPLINE_CURVE_WITH_KNOTS('',1,(#5029,#5030),.UNSPECIFIED.,.F.,
  .F.,(2,2),(52.5,97.5),.PIECEWISE_BEZIER_KNOTS.);
#5029 = CARTESIAN_POINT('',(-22.5,0.));
#5030 = CARTESIAN_POINT('',(22.5,0.));
#5031 = ( GEOMETRIC_REPRESENTATION_CONTEXT(2) 
PARAMETRIC_REPRESENTATION_CONTEXT() REPRESENTATION_CONTEXT('2D SPACE',''
  ) );
#5032 = ORIENTED_EDGE('',*,*,#5033,.T.);
#5033 = EDGE_CURVE('',#5008,#5034,#5036,.T.);
#5034 = VERTEX_POINT('',#5035);
#5035 = CARTESIAN_POINT('',(135.,5.510910596163E-15,22.5));
#5036 = SURFACE_CURVE('',#5037,(#5041,#5048),.PCURVE_S1.);
#5037 = LINE('',#5038,#5039);
#5038 = CARTESIAN_POINT('',(127.,5.510910596163E-15,22.5));
#5039 = VECTOR('',#5040,1.);
#5040 = DIRECTION('',(1.,0.,0.));
#5041 = PCURVE('',#3307,#5042);
#5042 = DEFINITIONAL_REPRESENTATION('',(#5043),#5047);
#5043 = LINE('',#5044,#5045);
#5044 = CARTESIAN_POINT('',(172.5,137.));
#5045 = VECTOR('',#5046,1.);
#5046 = DIRECTION('',(0.,1.));
#5047 = ( GEOMETRIC_REPRESENTATION_CONTEXT(2) 
PARAMETRIC_REPRESENTATION_CONTEXT() REPRESENTATION_CONTEXT('2D SPACE',''
  ) );
#5048 = PCURVE('',#5049,#5054);
#5049 = CYLINDRICAL_SURFACE('',#5050,22.5);
#5050 = AXIS2_PLACEMENT_3D('',#5051,#5052,#5053);
#5051 = CARTESIAN_POINT('',(127.,0.,0.));
#5052 = DIRECTION('',(1.,0.,0.));
#5053 = DIRECTION('',(-0.,0.,1.));
#5054 = DEFINITIONAL_REPRESENTATION('',(#5055),#5059);
#5055 = LINE('',#5056,#5057);
#5056 = CARTESIAN_POINT('',(6.28318530718,-0.));
#5057 = VECTOR('',#5058,1.);
#5058 = DIRECTION('',(0.,1.));
#5059 = ( GEOMETRIC_REPRESENTATION_CONTEXT(2) 
PARAMETRIC_REPRESENTATION_CONTEXT() REPRESENTATION_CONTEXT('2D SPACE',''
  ) );
#5060 = ORIENTED_EDGE('',*,*,#5061,.T.);
#5061 = EDGE_CURVE('',#5034,#3287,#5062,.T.);
#5062 = SURFACE_CURVE('',#5063,(#5067,#5073),.PCURVE_S1.);
#5063 = LINE('',#5064,#5065);
#5064 = CARTESIAN_POINT('',(135.,0.,-75.));
#5065 = VECTOR('',#5066,1.);
#5066 = DIRECTION('',(0.,-0.,1.));
#5067 = PCURVE('',#3307,#5068);
#5068 = DEFINITIONAL_REPRESENTATION('',(#5069),#5072);
#5069 = B_SPLINE_CURVE_WITH_KNOTS('',1,(#5070,#5071),.UNSPECIFIED.,.F.,
  .F.,(2,2),(50.,100.),.PIECEWISE_BEZIER_KNOTS.);
#5070 = CARTESIAN_POINT('',(125.,145.));
#5071 = CARTESIAN_POINT('',(175.,145.));
#5072 = ( GEOMETRIC_REPRESENTATION_CONTEXT(2) 
PARAMETRIC_REPRESENTATION_CONTEXT() REPRESENTATION_CONTEXT('2D SPACE',''
  ) );
#5073 = PCURVE('',#4834,#5074);
#5074 = DEFINITIONAL_REPRESENTATION('',(#5075),#5078);
#5075 = B_SPLINE_CURVE_WITH_KNOTS('',1,(#5076,#5077),.UNSPECIFIED.,.F.,
  .F.,(2,2),(50.,100.),.PIECEWISE_BEZIER_KNOTS.);
#5076 = CARTESIAN_POINT('',(-25.,0.));
#5077 = CARTESIAN_POINT('',(25.,0.));
#5078 = ( GEOMETRIC_REPRESENTATION_CONTEXT(2) 
PARAMETRIC_REPRESENTATION_CONTEXT() REPRESENTATION_CONTEXT('2D SPACE',''
  ) );
#5079 = ADVANCED_FACE('',(#5080),#4834,.F.);
#5080 = FACE_BOUND('',#5081,.F.);
#5081 = EDGE_LOOP('',(#5082,#5083,#5084,#5108));
#5082 = ORIENTED_EDGE('',*,*,#4819,.T.);
#5083 = ORIENTED_EDGE('',*,*,#5061,.F.);
#5084 = ORIENTED_EDGE('',*,*,#5085,.F.);
#5085 = EDGE_CURVE('',#5086,#5034,#5088,.T.);
#5086 = VERTEX_POINT('',#5087);
#5087 = CARTESIAN_POINT('',(135.,-2.755455298082E-15,-22.5));
#5088 = SURFACE_CURVE('',#5089,(#5094,#5101),.PCURVE_S1.);
#5089 = CIRCLE('',#5090,22.5);
#5090 = AXIS2_PLACEMENT_3D('',#5091,#5092,#5093);
#5091 = CARTESIAN_POINT('',(135.,0.,0.));
#5092 = DIRECTION('',(1.,0.,0.));
#5093 = DIRECTION('',(-0.,0.,1.));
#5094 = PCURVE('',#4834,#5095);
#5095 = DEFINITIONAL_REPRESENTATION('',(#5096),#5100);
#5096 = CIRCLE('',#5097,22.5);
#5097 = AXIS2_PLACEMENT_2D('',#5098,#5099);
#5098 = CARTESIAN_POINT('',(0.,0.));
#5099 = DIRECTION('',(1.,0.));
#5100 = ( GEOMETRIC_REPRESENTATION_CONTEXT(2) 
PARAMETRIC_REPRESENTATION_CONTEXT() REPRESENTATION_CONTEXT('2D SPACE',''
  ) );
#5101 = PCURVE('',#5049,#5102);
#5102 = DEFINITIONAL_REPRESENTATION('',(#5103),#5107);
#5103 = LINE('',#5104,#5105);
#5104 = CARTESIAN_POINT('',(0.,8.));
#5105 = VECTOR('',#5106,1.);
#5106 = DIRECTION('',(1.,0.));
#5107 = ( GEOMETRIC_REPRESENTATION_CONTEXT(2) 
PARAMETRIC_REPRESENTATION_CONTEXT() REPRESENTATION_CONTEXT('2D SPACE',''
  ) );
#5108 = ORIENTED_EDGE('',*,*,#5109,.F.);
#5109 = EDGE_CURVE('',#4799,#5086,#5110,.T.);
#5110 = SURFACE_CURVE('',#5111,(#5115,#5121),.PCURVE_S1.);
#5111 = LINE('',#5112,#5113);
#5112 = CARTESIAN_POINT('',(135.,0.,-75.));
#5113 = VECTOR('',#5114,1.);
#5114 = DIRECTION('',(0.,-0.,1.));
#5115 = PCURVE('',#4834,#5116);
#5116 = DEFINITIONAL_REPRESENTATION('',(#5117),#5120);
#5117 = B_SPLINE_CURVE_WITH_KNOTS('',1,(#5118,#5119),.UNSPECIFIED.,.F.,
  .F.,(2,2),(50.,100.),.PIECEWISE_BEZIER_KNOTS.);
#5118 = CARTESIAN_POINT('',(-25.,0.));
#5119 = CARTESIAN_POINT('',(25.,0.));
#5120 = ( GEOMETRIC_REPRESENTATION_CONTEXT(2) 
PARAMETRIC_REPRESENTATION_CONTEXT() REPRESENTATION_CONTEXT('2D SPACE',''
  ) );
#5121 = PCURVE('',#4515,#5122);
#5122 = DEFINITIONAL_REPRESENTATION('',(#5123),#5126);
#5123 = B_SPLINE_CURVE_WITH_KNOTS('',1,(#5124,#5125),.UNSPECIFIED.,.F.,
  .F.,(2,2),(50.,100.),.PIECEWISE_BEZIER_KNOTS.);
#5124 = CARTESIAN_POINT('',(125.,145.));
#5125 = CARTESIAN_POINT('',(175.,145.));
#5126 = ( GEOMETRIC_REPRESENTATION_CONTEXT(2) 
PARAMETRIC_REPRESENTATION_CONTEXT() REPRESENTATION_CONTEXT('2D SPACE',''
  ) );
#5127 = ADVANCED_FACE('',(#5128,#5350),#4515,.F.);
#5128 = FACE_BOUND('',#5129,.F.);
#5129 = EDGE_LOOP('',(#5130,#5151,#5152,#5174,#5175,#5176,#5197,#5218,
    #5239,#5260,#5281,#5310,#5331));
#5130 = ORIENTED_EDGE('',*,*,#5131,.F.);
#5131 = EDGE_CURVE('',#4477,#5132,#5134,.T.);
#5132 = VERTEX_POINT('',#5133);
#5133 = CARTESIAN_POINT('',(180.,-3.673940397442E-16,-3.));
#5134 = SURFACE_CURVE('',#5135,(#5139,#5145),.PCURVE_S1.);
#5135 = LINE('',#5136,#5137);
#5136 = CARTESIAN_POINT('',(180.,0.,-75.));
#5137 = VECTOR('',#5138,1.);
#5138 = DIRECTION('',(0.,-0.,1.));
#5139 = PCURVE('',#4515,#5140);
#5140 = DEFINITIONAL_REPRESENTATION('',(#5141),#5144);
#5141 = B_SPLINE_CURVE_WITH_KNOTS('',1,(#5142,#5143),.UNSPECIFIED.,.F.,
  .F.,(2,2),(39.998214331266,110.00178566873),.PIECEWISE_BEZIER_KNOTS.);
#5142 = CARTESIAN_POINT('',(114.99821433126,190.));
#5143 = CARTESIAN_POINT('',(185.00178566873,190.));
#5144 = ( GEOMETRIC_REPRESENTATION_CONTEXT(2) 
PARAMETRIC_REPRESENTATION_CONTEXT() REPRESENTATION_CONTEXT('2D SPACE',''
  ) );
#5145 = PCURVE('',#3336,#5146);
#5146 = DEFINITIONAL_REPRESENTATION('',(#5147),#5150);
#5147 = B_SPLINE_CURVE_WITH_KNOTS('',1,(#5148,#5149),.UNSPECIFIED.,.F.,
  .F.,(2,2),(39.998214331266,110.00178566873),.PIECEWISE_BEZIER_KNOTS.);
#5148 = CARTESIAN_POINT('',(-35.00178566873,0.));
#5149 = CARTESIAN_POINT('',(35.001785668734,0.));
#5150 = ( GEOMETRIC_REPRESENTATION_CONTEXT(2) 
PARAMETRIC_REPRESENTATION_CONTEXT() REPRESENTATION_CONTEXT('2D SPACE',''
  ) );
#5151 = ORIENTED_EDGE('',*,*,#4500,.T.);
#5152 = ORIENTED_EDGE('',*,*,#5153,.T.);
#5153 = EDGE_CURVE('',#4501,#4764,#5154,.T.);
#5154 = SURFACE_CURVE('',#5155,(#5160,#5167),.PCURVE_S1.);
#5155 = CIRCLE('',#5156,5.);
#5156 = AXIS2_PLACEMENT_3D('',#5157,#5158,#5159);
#5157 = CARTESIAN_POINT('',(175.,0.,-17.));
#5158 = DIRECTION('',(0.,1.,0.));
#5159 = DIRECTION('',(0.,-0.,1.));
#5160 = PCURVE('',#4515,#5161);
#5161 = DEFINITIONAL_REPRESENTATION('',(#5162),#5166);
#5162 = CIRCLE('',#5163,5.);
#5163 = AXIS2_PLACEMENT_2D('',#5164,#5165);
#5164 = CARTESIAN_POINT('',(133.,185.));
#5165 = DIRECTION('',(1.,0.));
#5166 = ( GEOMETRIC_REPRESENTATION_CONTEXT(2) 
PARAMETRIC_REPRESENTATION_CONTEXT() REPRESENTATION_CONTEXT('2D SPACE',''
  ) );
#5167 = PCURVE('',#4564,#5168);
#5168 = DEFINITIONAL_REPRESENTATION('',(#5169),#5173);
#5169 = LINE('',#5170,#5171);
#5170 = CARTESIAN_POINT('',(0.,1.5));
#5171 = VECTOR('',#5172,1.);
#5172 = DIRECTION('',(1.,0.));
#5173 = ( GEOMETRIC_REPRESENTATION_CONTEXT(2) 
PARAMETRIC_REPRESENTATION_CONTEXT() REPRESENTATION_CONTEXT('2D SPACE',''
  ) );
#5174 = ORIENTED_EDGE('',*,*,#4798,.T.);
#5175 = ORIENTED_EDGE('',*,*,#5109,.T.);
#5176 = ORIENTED_EDGE('',*,*,#5177,.F.);
#5177 = EDGE_CURVE('',#5178,#5086,#5180,.T.);
#5178 = VERTEX_POINT('',#5179);
#5179 = CARTESIAN_POINT('',(127.,-2.755455298082E-15,-22.5));
#5180 = SURFACE_CURVE('',#5181,(#5185,#5191),.PCURVE_S1.);
#5181 = LINE('',#5182,#5183);
#5182 = CARTESIAN_POINT('',(127.,0.,-22.5));
#5183 = VECTOR('',#5184,1.);
#5184 = DIRECTION('',(1.,0.,0.));
#5185 = PCURVE('',#4515,#5186);
#5186 = DEFINITIONAL_REPRESENTATION('',(#5187),#5190);
#5187 = B_SPLINE_CURVE_WITH_KNOTS('',1,(#5188,#5189),.UNSPECIFIED.,.F.,
  .F.,(2,2),(-6.000000070117E-07,8.0000006),.PIECEWISE_BEZIER_KNOTS.);
#5188 = CARTESIAN_POINT('',(127.5,136.9999994));
#5189 = CARTESIAN_POINT('',(127.5,145.0000006));
#5190 = ( GEOMETRIC_REPRESENTATION_CONTEXT(2) 
PARAMETRIC_REPRESENTATION_CONTEXT() REPRESENTATION_CONTEXT('2D SPACE',''
  ) );
#5191 = PCURVE('',#5049,#5192);
#5192 = DEFINITIONAL_REPRESENTATION('',(#5193),#5196);
#5193 = B_SPLINE_CURVE_WITH_KNOTS('',1,(#5194,#5195),.UNSPECIFIED.,.F.,
  .F.,(2,2),(-6.000000070117E-07,8.0000006),.PIECEWISE_BEZIER_KNOTS.);
#5194 = CARTESIAN_POINT('',(3.14159265359,-6.000000070117E-07));
#5195 = CARTESIAN_POINT('',(3.14159265359,8.0000006));
#5196 = ( GEOMETRIC_REPRESENTATION_CONTEXT(2) 
PARAMETRIC_REPRESENTATION_CONTEXT() REPRESENTATION_CONTEXT('2D SPACE',''
  ) );
#5197 = ORIENTED_EDGE('',*,*,#5198,.T.);
#5198 = EDGE_CURVE('',#5178,#5199,#5201,.T.);
#5199 = VERTEX_POINT('',#5200);
#5200 = CARTESIAN_POINT('',(127.,-2.449293598295E-15,-20.));
#5201 = SURFACE_CURVE('',#5202,(#5206,#5212),.PCURVE_S1.);
#5202 = LINE('',#5203,#5204);
#5203 = CARTESIAN_POINT('',(127.,0.,-75.));
#5204 = VECTOR('',#5205,1.);
#5205 = DIRECTION('',(0.,-0.,1.));
#5206 = PCURVE('',#4515,#5207);
#5207 = DEFINITIONAL_REPRESENTATION('',(#5208),#5211);
#5208 = B_SPLINE_CURVE_WITH_KNOTS('',1,(#5209,#5210),.UNSPECIFIED.,.F.,
  .F.,(2,2),(52.5,97.5),.PIECEWISE_BEZIER_KNOTS.);
#5209 = CARTESIAN_POINT('',(127.5,137.));
#5210 = CARTESIAN_POINT('',(172.5,137.));
#5211 = ( GEOMETRIC_REPRESENTATION_CONTEXT(2) 
PARAMETRIC_REPRESENTATION_CONTEXT() REPRESENTATION_CONTEXT('2D SPACE',''
  ) );
#5212 = PCURVE('',#5022,#5213);
#5213 = DEFINITIONAL_REPRESENTATION('',(#5214),#5217);
#5214 = B_SPLINE_CURVE_WITH_KNOTS('',1,(#5215,#5216),.UNSPECIFIED.,.F.,
  .F.,(2,2),(52.5,97.5),.PIECEWISE_BEZIER_KNOTS.);
#5215 = CARTESIAN_POINT('',(-22.5,0.));
#5216 = CARTESIAN_POINT('',(22.5,0.));
#5217 = ( GEOMETRIC_REPRESENTATION_CONTEXT(2) 
PARAMETRIC_REPRESENTATION_CONTEXT() REPRESENTATION_CONTEXT('2D SPACE',''
  ) );
#5218 = ORIENTED_EDGE('',*,*,#5219,.T.);
#5219 = EDGE_CURVE('',#5199,#5220,#5222,.T.);
#5220 = VERTEX_POINT('',#5221);
#5221 = CARTESIAN_POINT('',(137.,-2.449293598295E-15,-20.));
#5222 = SURFACE_CURVE('',#5223,(#5227,#5233),.PCURVE_S1.);
#5223 = LINE('',#5224,#5225);
#5224 = CARTESIAN_POINT('',(126.99,0.,-20.));
#5225 = VECTOR('',#5226,1.);
#5226 = DIRECTION('',(1.,0.,0.));
#5227 = PCURVE('',#4515,#5228);
#5228 = DEFINITIONAL_REPRESENTATION('',(#5229),#5232);
#5229 = B_SPLINE_CURVE_WITH_KNOTS('',1,(#5230,#5231),.UNSPECIFIED.,.F.,
  .F.,(2,2),(9.999399999998E-03,10.0100006),.PIECEWISE_BEZIER_KNOTS.);
#5230 = CARTESIAN_POINT('',(130.,136.9999994));
#5231 = CARTESIAN_POINT('',(130.,147.0000006));
#5232 = ( GEOMETRIC_REPRESENTATION_CONTEXT(2) 
PARAMETRIC_REPRESENTATION_CONTEXT() REPRESENTATION_CONTEXT('2D SPACE',''
  ) );
#5233 = PCURVE('',#4995,#5234);
#5234 = DEFINITIONAL_REPRESENTATION('',(#5235),#5238);
#5235 = B_SPLINE_CURVE_WITH_KNOTS('',1,(#5236,#5237),.UNSPECIFIED.,.F.,
  .F.,(2,2),(9.999399999998E-03,10.0100006),.PIECEWISE_BEZIER_KNOTS.);
#5236 = CARTESIAN_POINT('',(3.14159265359,9.999399999998E-03));
#5237 = CARTESIAN_POINT('',(3.14159265359,10.0100006));
#5238 = ( GEOMETRIC_REPRESENTATION_CONTEXT(2) 
PARAMETRIC_REPRESENTATION_CONTEXT() REPRESENTATION_CONTEXT('2D SPACE',''
  ) );
#5239 = ORIENTED_EDGE('',*,*,#5240,.F.);
#5240 = EDGE_CURVE('',#5241,#5220,#5243,.T.);
#5241 = VERTEX_POINT('',#5242);
#5242 = CARTESIAN_POINT('',(137.,-2.693558095428E-15,-21.99457098408));
#5243 = SURFACE_CURVE('',#5244,(#5248,#5254),.PCURVE_S1.);
#5244 = LINE('',#5245,#5246);
#5245 = CARTESIAN_POINT('',(137.,0.,-75.));
#5246 = VECTOR('',#5247,1.);
#5247 = DIRECTION('',(0.,-0.,1.));
#5248 = PCURVE('',#4515,#5249);
#5249 = DEFINITIONAL_REPRESENTATION('',(#5250),#5253);
#5250 = B_SPLINE_CURVE_WITH_KNOTS('',1,(#5251,#5252),.UNSPECIFIED.,.F.,
  .F.,(2,2),(53.005429015915,96.994570984085),.PIECEWISE_BEZIER_KNOTS.);
#5251 = CARTESIAN_POINT('',(128.00542901591,147.));
#5252 = CARTESIAN_POINT('',(171.99457098408,147.));
#5253 = ( GEOMETRIC_REPRESENTATION_CONTEXT(2) 
PARAMETRIC_REPRESENTATION_CONTEXT() REPRESENTATION_CONTEXT('2D SPACE',''
  ) );
#5254 = PCURVE('',#4968,#5255);
#5255 = DEFINITIONAL_REPRESENTATION('',(#5256),#5259);
#5256 = B_SPLINE_CURVE_WITH_KNOTS('',1,(#5257,#5258),.UNSPECIFIED.,.F.,
  .F.,(2,2),(53.005429015915,96.994570984085),.PIECEWISE_BEZIER_KNOTS.);
#5257 = CARTESIAN_POINT('',(-21.99457098408,0.));
#5258 = CARTESIAN_POINT('',(21.994570984085,0.));
#5259 = ( GEOMETRIC_REPRESENTATION_CONTEXT(2) 
PARAMETRIC_REPRESENTATION_CONTEXT() REPRESENTATION_CONTEXT('2D SPACE',''
  ) );
#5260 = ORIENTED_EDGE('',*,*,#5261,.F.);
#5261 = EDGE_CURVE('',#5262,#5241,#5264,.T.);
#5262 = VERTEX_POINT('',#5263);
#5263 = CARTESIAN_POINT('',(170.66171087003,0.,-14.51419079074));
#5264 = SURFACE_CURVE('',#5265,(#5269,#5275),.PCURVE_S1.);
#5265 = LINE('',#5266,#5267);
#5266 = CARTESIAN_POINT('',(235.97556942838,0.,0.));
#5267 = VECTOR('',#5268,1.);
#5268 = DIRECTION('',(-0.976187060184,-0.,-0.216930457819));
#5269 = PCURVE('',#4515,#5270);
#5270 = DEFINITIONAL_REPRESENTATION('',(#5271),#5274);
#5271 = B_SPLINE_CURVE_WITH_KNOTS('',1,(#5272,#5273),.UNSPECIFIED.,.F.,
  .F.,(2,2),(59.902012445611,101.38996250342),.PIECEWISE_BEZIER_KNOTS.);
#5272 = CARTESIAN_POINT('',(137.00542901591,187.5));
#5273 = CARTESIAN_POINT('',(128.00542901591,147.));
#5274 = ( GEOMETRIC_REPRESENTATION_CONTEXT(2) 
PARAMETRIC_REPRESENTATION_CONTEXT() REPRESENTATION_CONTEXT('2D SPACE',''
  ) );
#5275 = PCURVE('',#4941,#5276);
#5276 = DEFINITIONAL_REPRESENTATION('',(#5277),#5280);
#5277 = B_SPLINE_CURVE_WITH_KNOTS('',1,(#5278,#5279),.UNSPECIFIED.,.F.,
  .F.,(2,2),(59.902012445611,101.38996250342),.PIECEWISE_BEZIER_KNOTS.);
#5278 = CARTESIAN_POINT('',(-3.14159265359,-42.5));
#5279 = CARTESIAN_POINT('',(-3.14159265359,-2.));
#5280 = ( GEOMETRIC_REPRESENTATION_CONTEXT(2) 
PARAMETRIC_REPRESENTATION_CONTEXT() REPRESENTATION_CONTEXT('2D SPACE',''
  ) );
#5281 = ORIENTED_EDGE('',*,*,#5282,.T.);
#5282 = EDGE_CURVE('',#5262,#5283,#5285,.T.);
#5283 = VERTEX_POINT('',#5284);
#5284 = CARTESIAN_POINT('',(177.5,0.,-12.66987298107));
#5285 = SURFACE_CURVE('',#5286,(#5291,#5298),.PCURVE_S1.);
#5286 = CIRCLE('',#5287,5.);
#5287 = AXIS2_PLACEMENT_3D('',#5288,#5289,#5290);
#5288 = CARTESIAN_POINT('',(175.,0.,-17.));
#5289 = DIRECTION('',(0.,1.,0.));
#5290 = DIRECTION('',(0.,-0.,1.));
#5291 = PCURVE('',#4515,#5292);
#5292 = DEFINITIONAL_REPRESENTATION('',(#5293),#5297);
#5293 = CIRCLE('',#5294,5.);
#5294 = AXIS2_PLACEMENT_2D('',#5295,#5296);
#5295 = CARTESIAN_POINT('',(133.,185.));
#5296 = DIRECTION('',(1.,0.));
#5297 = ( GEOMETRIC_REPRESENTATION_CONTEXT(2) 
PARAMETRIC_REPRESENTATION_CONTEXT() REPRESENTATION_CONTEXT('2D SPACE',''
  ) );
#5298 = PCURVE('',#5299,#5304);
#5299 = CYLINDRICAL_SURFACE('',#5300,5.);
#5300 = AXIS2_PLACEMENT_3D('',#5301,#5302,#5303);
#5301 = CARTESIAN_POINT('',(175.,-1.5,-17.));
#5302 = DIRECTION('',(0.,1.,0.));
#5303 = DIRECTION('',(0.,-0.,1.));
#5304 = DEFINITIONAL_REPRESENTATION('',(#5305),#5309);
#5305 = LINE('',#5306,#5307);
#5306 = CARTESIAN_POINT('',(0.,1.5));
#5307 = VECTOR('',#5308,1.);
#5308 = DIRECTION('',(1.,0.));
#5309 = ( GEOMETRIC_REPRESENTATION_CONTEXT(2) 
PARAMETRIC_REPRESENTATION_CONTEXT() REPRESENTATION_CONTEXT('2D SPACE',''
  ) );
#5310 = ORIENTED_EDGE('',*,*,#5311,.T.);
#5311 = EDGE_CURVE('',#5283,#5312,#5314,.T.);
#5312 = VERTEX_POINT('',#5313);
#5313 = CARTESIAN_POINT('',(177.5,-3.673940397442E-16,-3.));
#5314 = SURFACE_CURVE('',#5315,(#5319,#5325),.PCURVE_S1.);
#5315 = LINE('',#5316,#5317);
#5316 = CARTESIAN_POINT('',(177.5,0.,-75.));
#5317 = VECTOR('',#5318,1.);
#5318 = DIRECTION('',(0.,-0.,1.));
#5319 = PCURVE('',#4515,#5320);
#5320 = DEFINITIONAL_REPRESENTATION('',(#5321),#5324);
#5321 = B_SPLINE_CURVE_WITH_KNOTS('',1,(#5322,#5323),.UNSPECIFIED.,.F.,
  .F.,(2,2),(62.092293965989,87.994570984085),.PIECEWISE_BEZIER_KNOTS.);
#5322 = CARTESIAN_POINT('',(137.09229396598,187.5));
#5323 = CARTESIAN_POINT('',(162.99457098408,187.5));
#5324 = ( GEOMETRIC_REPRESENTATION_CONTEXT(2) 
PARAMETRIC_REPRESENTATION_CONTEXT() REPRESENTATION_CONTEXT('2D SPACE',''
  ) );
#5325 = PCURVE('',#4914,#5326);
#5326 = DEFINITIONAL_REPRESENTATION('',(#5327),#5330);
#5327 = B_SPLINE_CURVE_WITH_KNOTS('',1,(#5328,#5329),.UNSPECIFIED.,.F.,
  .F.,(2,2),(62.092293965989,87.994570984085),.PIECEWISE_BEZIER_KNOTS.);
#5328 = CARTESIAN_POINT('',(-12.90770603401,0.));
#5329 = CARTESIAN_POINT('',(12.994570984085,0.));
#5330 = ( GEOMETRIC_REPRESENTATION_CONTEXT(2) 
PARAMETRIC_REPRESENTATION_CONTEXT() REPRESENTATION_CONTEXT('2D SPACE',''
  ) );
#5331 = ORIENTED_EDGE('',*,*,#5332,.T.);
#5332 = EDGE_CURVE('',#5312,#5132,#5333,.T.);
#5333 = SURFACE_CURVE('',#5334,(#5338,#5344),.PCURVE_S1.);
#5334 = LINE('',#5335,#5336);
#5335 = CARTESIAN_POINT('',(177.4,0.,-3.));
#5336 = VECTOR('',#5337,1.);
#5337 = DIRECTION('',(1.,0.,0.));
#5338 = PCURVE('',#4515,#5339);
#5339 = DEFINITIONAL_REPRESENTATION('',(#5340),#5343);
#5340 = B_SPLINE_CURVE_WITH_KNOTS('',1,(#5341,#5342),.UNSPECIFIED.,.F.,
  .F.,(2,2),(9.99994E-02,2.6000006),.PIECEWISE_BEZIER_KNOTS.);
#5341 = CARTESIAN_POINT('',(147.,187.4999994));
#5342 = CARTESIAN_POINT('',(147.,190.0000006));
#5343 = ( GEOMETRIC_REPRESENTATION_CONTEXT(2) 
PARAMETRIC_REPRESENTATION_CONTEXT() REPRESENTATION_CONTEXT('2D SPACE',''
  ) );
#5344 = PCURVE('',#4887,#5345);
#5345 = DEFINITIONAL_REPRESENTATION('',(#5346),#5349);
#5346 = B_SPLINE_CURVE_WITH_KNOTS('',1,(#5347,#5348),.UNSPECIFIED.,.F.,
  .F.,(2,2),(9.99994E-02,2.6000006),.PIECEWISE_BEZIER_KNOTS.);
#5347 = CARTESIAN_POINT('',(3.14159265359,9.99994E-02));
#5348 = CARTESIAN_POINT('',(3.14159265359,2.6000006));
#5349 = ( GEOMETRIC_REPRESENTATION_CONTEXT(2) 
PARAMETRIC_REPRESENTATION_CONTEXT() REPRESENTATION_CONTEXT('2D SPACE',''
  ) );
#5350 = FACE_BOUND('',#5351,.F.);
#5351 = EDGE_LOOP('',(#5352,#5374));
#5352 = ORIENTED_EDGE('',*,*,#5353,.F.);
#5353 = EDGE_CURVE('',#4620,#4681,#5354,.T.);
#5354 = SURFACE_CURVE('',#5355,(#5360,#5367),.PCURVE_S1.);
#5355 = CIRCLE('',#5356,3.);
#5356 = AXIS2_PLACEMENT_3D('',#5357,#5358,#5359);
#5357 = CARTESIAN_POINT('',(175.,0.,-17.));
#5358 = DIRECTION('',(0.,1.,0.));
#5359 = DIRECTION('',(0.,-0.,1.));
#5360 = PCURVE('',#4515,#5361);
#5361 = DEFINITIONAL_REPRESENTATION('',(#5362),#5366);
#5362 = CIRCLE('',#5363,3.);
#5363 = AXIS2_PLACEMENT_2D('',#5364,#5365);
#5364 = CARTESIAN_POINT('',(133.,185.));
#5365 = DIRECTION('',(1.,0.));
#5366 = ( GEOMETRIC_REPRESENTATION_CONTEXT(2) 
PARAMETRIC_REPRESENTATION_CONTEXT() REPRESENTATION_CONTEXT('2D SPACE',''
  ) );
#5367 = PCURVE('',#4657,#5368);
#5368 = DEFINITIONAL_REPRESENTATION('',(#5369),#5373);
#5369 = LINE('',#5370,#5371);
#5370 = CARTESIAN_POINT('',(0.,1.5));
#5371 = VECTOR('',#5372,1.);
#5372 = DIRECTION('',(1.,0.));
#5373 = ( GEOMETRIC_REPRESENTATION_CONTEXT(2) 
PARAMETRIC_REPRESENTATION_CONTEXT() REPRESENTATION_CONTEXT('2D SPACE',''
  ) );
#5374 = ORIENTED_EDGE('',*,*,#4680,.T.);
#5375 = ADVANCED_FACE('',(#5376),#4564,.T.);
#5376 = FACE_BOUND('',#5377,.T.);
#5377 = EDGE_LOOP('',(#5378,#5400,#5401,#5402));
#5378 = ORIENTED_EDGE('',*,*,#5379,.F.);
#5379 = EDGE_CURVE('',#4527,#4737,#5380,.T.);
#5380 = SURFACE_CURVE('',#5381,(#5386,#5393),.PCURVE_S1.);
#5381 = CIRCLE('',#5382,5.);
#5382 = AXIS2_PLACEMENT_3D('',#5383,#5384,#5385);
#5383 = CARTESIAN_POINT('',(175.,1.5,-17.));
#5384 = DIRECTION('',(0.,1.,0.));
#5385 = DIRECTION('',(0.,-0.,1.));
#5386 = PCURVE('',#4564,#5387);
#5387 = DEFINITIONAL_REPRESENTATION('',(#5388),#5392);
#5388 = LINE('',#5389,#5390);
#5389 = CARTESIAN_POINT('',(0.,3.));
#5390 = VECTOR('',#5391,1.);
#5391 = DIRECTION('',(1.,0.));
#5392 = ( GEOMETRIC_REPRESENTATION_CONTEXT(2) 
PARAMETRIC_REPRESENTATION_CONTEXT() REPRESENTATION_CONTEXT('2D SPACE',''
  ) );
#5393 = PCURVE('',#4607,#5394);
#5394 = DEFINITIONAL_REPRESENTATION('',(#5395),#5399);
#5395 = CIRCLE('',#5396,5.);
#5396 = AXIS2_PLACEMENT_2D('',#5397,#5398);
#5397 = CARTESIAN_POINT('',(0.,0.));
#5398 = DIRECTION('',(1.,0.));
#5399 = ( GEOMETRIC_REPRESENTATION_CONTEXT(2) 
PARAMETRIC_REPRESENTATION_CONTEXT() REPRESENTATION_CONTEXT('2D SPACE',''
  ) );
#5400 = ORIENTED_EDGE('',*,*,#4526,.T.);
#5401 = ORIENTED_EDGE('',*,*,#5153,.T.);
#5402 = ORIENTED_EDGE('',*,*,#4763,.T.);
#5403 = ADVANCED_FACE('',(#5404),#4607,.T.);
#5404 = FACE_BOUND('',#5405,.T.);
#5405 = EDGE_LOOP('',(#5406,#5407,#5408,#5409));
#5406 = ORIENTED_EDGE('',*,*,#4587,.T.);
#5407 = ORIENTED_EDGE('',*,*,#5379,.T.);
#5408 = ORIENTED_EDGE('',*,*,#4736,.T.);
#5409 = ORIENTED_EDGE('',*,*,#5410,.F.);
#5410 = EDGE_CURVE('',#4588,#4702,#5411,.T.);
#5411 = SURFACE_CURVE('',#5412,(#5417,#5424),.PCURVE_S1.);
#5412 = CIRCLE('',#5413,3.);
#5413 = AXIS2_PLACEMENT_3D('',#5414,#5415,#5416);
#5414 = CARTESIAN_POINT('',(175.,1.5,-17.));
#5415 = DIRECTION('',(0.,1.,0.));
#5416 = DIRECTION('',(0.,-0.,1.));
#5417 = PCURVE('',#4607,#5418);
#5418 = DEFINITIONAL_REPRESENTATION('',(#5419),#5423);
#5419 = CIRCLE('',#5420,3.);
#5420 = AXIS2_PLACEMENT_2D('',#5421,#5422);
#5421 = CARTESIAN_POINT('',(0.,0.));
#5422 = DIRECTION('',(1.,0.));
#5423 = ( GEOMETRIC_REPRESENTATION_CONTEXT(2) 
PARAMETRIC_REPRESENTATION_CONTEXT() REPRESENTATION_CONTEXT('2D SPACE',''
  ) );
#5424 = PCURVE('',#4657,#5425);
#5425 = DEFINITIONAL_REPRESENTATION('',(#5426),#5430);
#5426 = LINE('',#5427,#5428);
#5427 = CARTESIAN_POINT('',(0.,3.));
#5428 = VECTOR('',#5429,1.);
#5429 = DIRECTION('',(1.,0.));
#5430 = ( GEOMETRIC_REPRESENTATION_CONTEXT(2) 
PARAMETRIC_REPRESENTATION_CONTEXT() REPRESENTATION_CONTEXT('2D SPACE',''
  ) );
#5431 = ADVANCED_FACE('',(#5432),#4657,.F.);
#5432 = FACE_BOUND('',#5433,.F.);
#5433 = EDGE_LOOP('',(#5434,#5435,#5436,#5437));
#5434 = ORIENTED_EDGE('',*,*,#5410,.F.);
#5435 = ORIENTED_EDGE('',*,*,#4619,.T.);
#5436 = ORIENTED_EDGE('',*,*,#5353,.T.);
#5437 = ORIENTED_EDGE('',*,*,#4701,.T.);
#5438 = ADVANCED_FACE('',(#5439,#5612),#3336,.T.);
#5439 = FACE_BOUND('',#5440,.T.);
#5440 = EDGE_LOOP('',(#5441,#5464,#5465,#5488,#5516,#5537,#5538,#5539,
    #5561,#5562,#5563,#5586));
#5441 = ORIENTED_EDGE('',*,*,#5442,.T.);
#5442 = EDGE_CURVE('',#5443,#3901,#5445,.T.);
#5443 = VERTEX_POINT('',#5444);
#5444 = CARTESIAN_POINT('',(180.,35.001785668734,-34.29467888754));
#5445 = SURFACE_CURVE('',#5446,(#5450,#5457),.PCURVE_S1.);
#5446 = LINE('',#5447,#5448);
#5447 = CARTESIAN_POINT('',(180.,35.708892449921,-35.00178566873));
#5448 = VECTOR('',#5449,1.);
#5449 = DIRECTION('',(0.,-0.707106781187,0.707106781187));
#5450 = PCURVE('',#3336,#5451);
#5451 = DEFINITIONAL_REPRESENTATION('',(#5452),#5456);
#5452 = LINE('',#5453,#5454);
#5453 = CARTESIAN_POINT('',(-35.00178566873,-35.70889244992));
#5454 = VECTOR('',#5455,1.);
#5455 = DIRECTION('',(0.707106781187,0.707106781187));
#5456 = ( GEOMETRIC_REPRESENTATION_CONTEXT(2) 
PARAMETRIC_REPRESENTATION_CONTEXT() REPRESENTATION_CONTEXT('2D SPACE',''
  ) );
#5457 = PCURVE('',#3974,#5458);
#5458 = DEFINITIONAL_REPRESENTATION('',(#5459),#5463);
#5459 = LINE('',#5460,#5461);
#5460 = CARTESIAN_POINT('',(-1.570796326795,0.));
#5461 = VECTOR('',#5462,1.);
#5462 = DIRECTION('',(-0.,1.));
#5463 = ( GEOMETRIC_REPRESENTATION_CONTEXT(2) 
PARAMETRIC_REPRESENTATION_CONTEXT() REPRESENTATION_CONTEXT('2D SPACE',''
  ) );
#5464 = ORIENTED_EDGE('',*,*,#3900,.T.);
#5465 = ORIENTED_EDGE('',*,*,#5466,.F.);
#5466 = EDGE_CURVE('',#5467,#3822,#5469,.T.);
#5467 = VERTEX_POINT('',#5468);
#5468 = CARTESIAN_POINT('',(180.,35.001785668734,34.294678887548));
#5469 = SURFACE_CURVE('',#5470,(#5474,#5481),.PCURVE_S1.);
#5470 = LINE('',#5471,#5472);
#5471 = CARTESIAN_POINT('',(180.,35.708892449921,35.001785668734));
#5472 = VECTOR('',#5473,1.);
#5473 = DIRECTION('',(0.,-0.707106781187,-0.707106781187));
#5474 = PCURVE('',#3336,#5475);
#5475 = DEFINITIONAL_REPRESENTATION('',(#5476),#5480);
#5476 = LINE('',#5477,#5478);
#5477 = CARTESIAN_POINT('',(35.001785668734,-35.70889244992));
#5478 = VECTOR('',#5479,1.);
#5479 = DIRECTION('',(-0.707106781187,0.707106781187));
#5480 = ( GEOMETRIC_REPRESENTATION_CONTEXT(2) 
PARAMETRIC_REPRESENTATION_CONTEXT() REPRESENTATION_CONTEXT('2D SPACE',''
  ) );
#5481 = PCURVE('',#3871,#5482);
#5482 = DEFINITIONAL_REPRESENTATION('',(#5483),#5487);
#5483 = LINE('',#5484,#5485);
#5484 = CARTESIAN_POINT('',(-0.,0.));
#5485 = VECTOR('',#5486,1.);
#5486 = DIRECTION('',(-0.,1.));
#5487 = ( GEOMETRIC_REPRESENTATION_CONTEXT(2) 
PARAMETRIC_REPRESENTATION_CONTEXT() REPRESENTATION_CONTEXT('2D SPACE',''
  ) );
#5488 = ORIENTED_EDGE('',*,*,#5489,.F.);
#5489 = EDGE_CURVE('',#5490,#5467,#5492,.T.);
#5490 = VERTEX_POINT('',#5491);
#5491 = CARTESIAN_POINT('',(180.,34.294678887548,35.001785668734));
#5492 = SURFACE_CURVE('',#5493,(#5497,#5504),.PCURVE_S1.);
#5493 = LINE('',#5494,#5495);
#5494 = CARTESIAN_POINT('',(180.,33.587572106361,35.708892449921));
#5495 = VECTOR('',#5496,1.);
#5496 = DIRECTION('',(0.,0.707106781187,-0.707106781187));
#5497 = PCURVE('',#3336,#5498);
#5498 = DEFINITIONAL_REPRESENTATION('',(#5499),#5503);
#5499 = LINE('',#5500,#5501);
#5500 = CARTESIAN_POINT('',(35.708892449921,-33.58757210636));
#5501 = VECTOR('',#5502,1.);
#5502 = DIRECTION('',(-0.707106781187,-0.707106781187));
#5503 = ( GEOMETRIC_REPRESENTATION_CONTEXT(2) 
PARAMETRIC_REPRESENTATION_CONTEXT() REPRESENTATION_CONTEXT('2D SPACE',''
  ) );
#5504 = PCURVE('',#5505,#5510);
#5505 = CYLINDRICAL_SURFACE('',#5506,1.);
#5506 = AXIS2_PLACEMENT_3D('',#5507,#5508,#5509);
#5507 = CARTESIAN_POINT('',(179.,33.587572106361,35.708892449921));
#5508 = DIRECTION('',(0.,0.707106781187,-0.707106781187));
#5509 = DIRECTION('',(0.,0.707106781187,0.707106781187));
#5510 = DEFINITIONAL_REPRESENTATION('',(#5511),#5515);
#5511 = LINE('',#5512,#5513);
#5512 = CARTESIAN_POINT('',(1.570796326795,0.));
#5513 = VECTOR('',#5514,1.);
#5514 = DIRECTION('',(0.,1.));
#5515 = ( GEOMETRIC_REPRESENTATION_CONTEXT(2) 
PARAMETRIC_REPRESENTATION_CONTEXT() REPRESENTATION_CONTEXT('2D SPACE',''
  ) );
#5516 = ORIENTED_EDGE('',*,*,#5517,.T.);
#5517 = EDGE_CURVE('',#5490,#3320,#5518,.T.);
#5518 = SURFACE_CURVE('',#5519,(#5523,#5530),.PCURVE_S1.);
#5519 = LINE('',#5520,#5521);
#5520 = CARTESIAN_POINT('',(180.,35.001785668734,35.708892449921));
#5521 = VECTOR('',#5522,1.);
#5522 = DIRECTION('',(0.,-0.707106781187,-0.707106781187));
#5523 = PCURVE('',#3336,#5524);
#5524 = DEFINITIONAL_REPRESENTATION('',(#5525),#5529);
#5525 = LINE('',#5526,#5527);
#5526 = CARTESIAN_POINT('',(35.708892449921,-35.00178566873));
#5527 = VECTOR('',#5528,1.);
#5528 = DIRECTION('',(-0.707106781187,0.707106781187));
#5529 = ( GEOMETRIC_REPRESENTATION_CONTEXT(2) 
PARAMETRIC_REPRESENTATION_CONTEXT() REPRESENTATION_CONTEXT('2D SPACE',''
  ) );
#5530 = PCURVE('',#3398,#5531);
#5531 = DEFINITIONAL_REPRESENTATION('',(#5532),#5536);
#5532 = LINE('',#5533,#5534);
#5533 = CARTESIAN_POINT('',(-1.570796326795,0.));
#5534 = VECTOR('',#5535,1.);
#5535 = DIRECTION('',(-0.,1.));
#5536 = ( GEOMETRIC_REPRESENTATION_CONTEXT(2) 
PARAMETRIC_REPRESENTATION_CONTEXT() REPRESENTATION_CONTEXT('2D SPACE',''
  ) );
#5537 = ORIENTED_EDGE('',*,*,#3319,.T.);
#5538 = ORIENTED_EDGE('',*,*,#4850,.F.);
#5539 = ORIENTED_EDGE('',*,*,#5540,.F.);
#5540 = EDGE_CURVE('',#5132,#4851,#5541,.T.);
#5541 = SURFACE_CURVE('',#5542,(#5547,#5554),.PCURVE_S1.);
#5542 = CIRCLE('',#5543,3.);
#5543 = AXIS2_PLACEMENT_3D('',#5544,#5545,#5546);
#5544 = CARTESIAN_POINT('',(180.,0.,0.));
#5545 = DIRECTION('',(1.,0.,0.));
#5546 = DIRECTION('',(-0.,0.,1.));
#5547 = PCURVE('',#3336,#5548);
#5548 = DEFINITIONAL_REPRESENTATION('',(#5549),#5553);
#5549 = CIRCLE('',#5550,3.);
#5550 = AXIS2_PLACEMENT_2D('',#5551,#5552);
#5551 = CARTESIAN_POINT('',(0.,0.));
#5552 = DIRECTION('',(1.,0.));
#5553 = ( GEOMETRIC_REPRESENTATION_CONTEXT(2) 
PARAMETRIC_REPRESENTATION_CONTEXT() REPRESENTATION_CONTEXT('2D SPACE',''
  ) );
#5554 = PCURVE('',#4887,#5555);
#5555 = DEFINITIONAL_REPRESENTATION('',(#5556),#5560);
#5556 = LINE('',#5557,#5558);
#5557 = CARTESIAN_POINT('',(0.,2.6));
#5558 = VECTOR('',#5559,1.);
#5559 = DIRECTION('',(1.,0.));
#5560 = ( GEOMETRIC_REPRESENTATION_CONTEXT(2) 
PARAMETRIC_REPRESENTATION_CONTEXT() REPRESENTATION_CONTEXT('2D SPACE',''
  ) );
#5561 = ORIENTED_EDGE('',*,*,#5131,.F.);
#5562 = ORIENTED_EDGE('',*,*,#4476,.T.);
#5563 = ORIENTED_EDGE('',*,*,#5564,.F.);
#5564 = EDGE_CURVE('',#5565,#4398,#5567,.T.);
#5565 = VERTEX_POINT('',#5566);
#5566 = CARTESIAN_POINT('',(180.,34.294678887548,-35.00178566873));
#5567 = SURFACE_CURVE('',#5568,(#5572,#5579),.PCURVE_S1.);
#5568 = LINE('',#5569,#5570);
#5569 = CARTESIAN_POINT('',(180.,35.001785668734,-35.70889244992));
#5570 = VECTOR('',#5571,1.);
#5571 = DIRECTION('',(0.,-0.707106781187,0.707106781187));
#5572 = PCURVE('',#3336,#5573);
#5573 = DEFINITIONAL_REPRESENTATION('',(#5574),#5578);
#5574 = LINE('',#5575,#5576);
#5575 = CARTESIAN_POINT('',(-35.70889244992,-35.00178566873));
#5576 = VECTOR('',#5577,1.);
#5577 = DIRECTION('',(0.707106781187,0.707106781187));
#5578 = ( GEOMETRIC_REPRESENTATION_CONTEXT(2) 
PARAMETRIC_REPRESENTATION_CONTEXT() REPRESENTATION_CONTEXT('2D SPACE',''
  ) );
#5579 = PCURVE('',#4447,#5580);
#5580 = DEFINITIONAL_REPRESENTATION('',(#5581),#5585);
#5581 = LINE('',#5582,#5583);
#5582 = CARTESIAN_POINT('',(-0.,0.));
#5583 = VECTOR('',#5584,1.);
#5584 = DIRECTION('',(-0.,1.));
#5585 = ( GEOMETRIC_REPRESENTATION_CONTEXT(2) 
PARAMETRIC_REPRESENTATION_CONTEXT() REPRESENTATION_CONTEXT('2D SPACE',''
  ) );
#5586 = ORIENTED_EDGE('',*,*,#5587,.F.);
#5587 = EDGE_CURVE('',#5443,#5565,#5588,.T.);
#5588 = SURFACE_CURVE('',#5589,(#5593,#5600),.PCURVE_S1.);
#5589 = LINE('',#5590,#5591);
#5590 = CARTESIAN_POINT('',(180.,35.708892449921,-33.58757210636));
#5591 = VECTOR('',#5592,1.);
#5592 = DIRECTION('',(0.,-0.707106781187,-0.707106781187));
#5593 = PCURVE('',#3336,#5594);
#5594 = DEFINITIONAL_REPRESENTATION('',(#5595),#5599);
#5595 = LINE('',#5596,#5597);
#5596 = CARTESIAN_POINT('',(-33.58757210636,-35.70889244992));
#5597 = VECTOR('',#5598,1.);
#5598 = DIRECTION('',(-0.707106781187,0.707106781187));
#5599 = ( GEOMETRIC_REPRESENTATION_CONTEXT(2) 
PARAMETRIC_REPRESENTATION_CONTEXT() REPRESENTATION_CONTEXT('2D SPACE',''
  ) );
#5600 = PCURVE('',#5601,#5606);
#5601 = CYLINDRICAL_SURFACE('',#5602,1.);
#5602 = AXIS2_PLACEMENT_3D('',#5603,#5604,#5605);
#5603 = CARTESIAN_POINT('',(179.,35.708892449921,-33.58757210636));
#5604 = DIRECTION('',(0.,-0.707106781187,-0.707106781187));
#5605 = DIRECTION('',(0.,0.707106781187,-0.707106781187));
#5606 = DEFINITIONAL_REPRESENTATION('',(#5607),#5611);
#5607 = LINE('',#5608,#5609);
#5608 = CARTESIAN_POINT('',(1.570796326795,0.));
#5609 = VECTOR('',#5610,1.);
#5610 = DIRECTION('',(0.,1.));
#5611 = ( GEOMETRIC_REPRESENTATION_CONTEXT(2) 
PARAMETRIC_REPRESENTATION_CONTEXT() REPRESENTATION_CONTEXT('2D SPACE',''
  ) );
#5612 = FACE_BOUND('',#5613,.T.);
#5613 = EDGE_LOOP('',(#5614));
#5614 = ORIENTED_EDGE('',*,*,#5615,.F.);
#5615 = EDGE_CURVE('',#5616,#5616,#5618,.T.);
#5616 = VERTEX_POINT('',#5617);
#5617 = CARTESIAN_POINT('',(180.,9.,2.5));
#5618 = SURFACE_CURVE('',#5619,(#5624,#5631),.PCURVE_S1.);
#5619 = CIRCLE('',#5620,2.5);
#5620 = AXIS2_PLACEMENT_3D('',#5621,#5622,#5623);
#5621 = CARTESIAN_POINT('',(180.,9.,0.));
#5622 = DIRECTION('',(1.,0.,0.));
#5623 = DIRECTION('',(-0.,0.,1.));
#5624 = PCURVE('',#3336,#5625);
#5625 = DEFINITIONAL_REPRESENTATION('',(#5626),#5630);
#5626 = CIRCLE('',#5627,2.5);
#5627 = AXIS2_PLACEMENT_2D('',#5628,#5629);
#5628 = CARTESIAN_POINT('',(0.,-9.));
#5629 = DIRECTION('',(1.,0.));
#5630 = ( GEOMETRIC_REPRESENTATION_CONTEXT(2) 
PARAMETRIC_REPRESENTATION_CONTEXT() REPRESENTATION_CONTEXT('2D SPACE',''
  ) );
#5631 = PCURVE('',#5632,#5637);
#5632 = CYLINDRICAL_SURFACE('',#5633,2.5);
#5633 = AXIS2_PLACEMENT_3D('',#5634,#5635,#5636);
#5634 = CARTESIAN_POINT('',(177.4,9.,0.));
#5635 = DIRECTION('',(1.,0.,0.));
#5636 = DIRECTION('',(-0.,0.,1.));
#5637 = DEFINITIONAL_REPRESENTATION('',(#5638),#5642);
#5638 = LINE('',#5639,#5640);
#5639 = CARTESIAN_POINT('',(0.,2.6));
#5640 = VECTOR('',#5641,1.);
#5641 = DIRECTION('',(1.,0.));
#5642 = ( GEOMETRIC_REPRESENTATION_CONTEXT(2) 
PARAMETRIC_REPRESENTATION_CONTEXT() REPRESENTATION_CONTEXT('2D SPACE',''
  ) );
#5643 = ADVANCED_FACE('',(#5644),#4447,.T.);
#5644 = FACE_BOUND('',#5645,.F.);
#5645 = EDGE_LOOP('',(#5646,#5675,#5696,#5697));
#5646 = ORIENTED_EDGE('',*,*,#5647,.F.);
#5647 = EDGE_CURVE('',#5648,#5565,#5650,.T.);
#5648 = VERTEX_POINT('',#5649);
#5649 = CARTESIAN_POINT('',(179.,33.587572106361,-35.70889244992));
#5650 = SURFACE_CURVE('',#5651,(#5656,#5663),.PCURVE_S1.);
#5651 = CIRCLE('',#5652,1.);
#5652 = AXIS2_PLACEMENT_3D('',#5653,#5654,#5655);
#5653 = CARTESIAN_POINT('',(179.,34.294678887548,-35.00178566873));
#5654 = DIRECTION('',(6.123233995737E-17,-0.707106781187,0.707106781187)
  );
#5655 = DIRECTION('',(1.,4.329780281177E-17,-4.329780281177E-17));
#5656 = PCURVE('',#4447,#5657);
#5657 = DEFINITIONAL_REPRESENTATION('',(#5658),#5662);
#5658 = LINE('',#5659,#5660);
#5659 = CARTESIAN_POINT('',(-6.28318530718,1.));
#5660 = VECTOR('',#5661,1.);
#5661 = DIRECTION('',(1.,-0.));
#5662 = ( GEOMETRIC_REPRESENTATION_CONTEXT(2) 
PARAMETRIC_REPRESENTATION_CONTEXT() REPRESENTATION_CONTEXT('2D SPACE',''
  ) );
#5663 = PCURVE('',#5664,#5669);
#5664 = SPHERICAL_SURFACE('',#5665,1.);
#5665 = AXIS2_PLACEMENT_3D('',#5666,#5667,#5668);
#5666 = CARTESIAN_POINT('',(179.,34.294678887548,-35.00178566873));
#5667 = DIRECTION('',(0.,0.707106781187,0.707106781187));
#5668 = DIRECTION('',(0.,0.707106781187,-0.707106781187));
#5669 = DEFINITIONAL_REPRESENTATION('',(#5670),#5674);
#5670 = LINE('',#5671,#5672);
#5671 = CARTESIAN_POINT('',(-1.570796326795,-6.28318530718));
#5672 = VECTOR('',#5673,1.);
#5673 = DIRECTION('',(-0.,1.));
#5674 = ( GEOMETRIC_REPRESENTATION_CONTEXT(2) 
PARAMETRIC_REPRESENTATION_CONTEXT() REPRESENTATION_CONTEXT('2D SPACE',''
  ) );
#5675 = ORIENTED_EDGE('',*,*,#5676,.T.);
#5676 = EDGE_CURVE('',#5648,#4365,#5677,.T.);
#5677 = SURFACE_CURVE('',#5678,(#5682,#5689),.PCURVE_S1.);
#5678 = LINE('',#5679,#5680);
#5679 = CARTESIAN_POINT('',(179.,34.294678887548,-36.4159992311));
#5680 = VECTOR('',#5681,1.);
#5681 = DIRECTION('',(0.,-0.707106781187,0.707106781187));
#5682 = PCURVE('',#4447,#5683);
#5683 = DEFINITIONAL_REPRESENTATION('',(#5684),#5688);
#5684 = LINE('',#5685,#5686);
#5685 = CARTESIAN_POINT('',(-1.570796326795,0.));
#5686 = VECTOR('',#5687,1.);
#5687 = DIRECTION('',(-0.,1.));
#5688 = ( GEOMETRIC_REPRESENTATION_CONTEXT(2) 
PARAMETRIC_REPRESENTATION_CONTEXT() REPRESENTATION_CONTEXT('2D SPACE',''
  ) );
#5689 = PCURVE('',#4385,#5690);
#5690 = DEFINITIONAL_REPRESENTATION('',(#5691),#5695);
#5691 = LINE('',#5692,#5693);
#5692 = CARTESIAN_POINT('',(-16.41519943581,18.707728477981));
#5693 = VECTOR('',#5694,1.);
#5694 = DIRECTION('',(0.,-1.));
#5695 = ( GEOMETRIC_REPRESENTATION_CONTEXT(2) 
PARAMETRIC_REPRESENTATION_CONTEXT() REPRESENTATION_CONTEXT('2D SPACE',''
  ) );
#5696 = ORIENTED_EDGE('',*,*,#4397,.F.);
#5697 = ORIENTED_EDGE('',*,*,#5564,.F.);
#5698 = ADVANCED_FACE('',(#5699),#4385,.T.);
#5699 = FACE_BOUND('',#5700,.T.);
#5700 = EDGE_LOOP('',(#5701,#5702,#5725,#5751));
#5701 = ORIENTED_EDGE('',*,*,#4364,.T.);
#5702 = ORIENTED_EDGE('',*,*,#5703,.T.);
#5703 = EDGE_CURVE('',#4279,#5704,#5706,.T.);
#5704 = VERTEX_POINT('',#5705);
#5705 = CARTESIAN_POINT('',(160.43137518731,33.587572106361,
    -35.70889244992));
#5706 = SURFACE_CURVE('',#5707,(#5711,#5718),.PCURVE_S1.);
#5707 = LINE('',#5708,#5709);
#5708 = CARTESIAN_POINT('',(135.7273936525,15.071118068857,
    -17.19243841241));
#5709 = VECTOR('',#5710,1.);
#5710 = DIRECTION('',(0.686220426896,0.514344984281,-0.514344984281));
#5711 = PCURVE('',#4385,#5712);
#5712 = DEFINITIONAL_REPRESENTATION('',(#5713),#5717);
#5713 = LINE('',#5714,#5715);
#5714 = CARTESIAN_POINT('',(26.857406911678,-8.478491948914));
#5715 = VECTOR('',#5716,1.);
#5716 = DIRECTION('',(-0.686220426896,0.727393652509));
#5717 = ( GEOMETRIC_REPRESENTATION_CONTEXT(2) 
PARAMETRIC_REPRESENTATION_CONTEXT() REPRESENTATION_CONTEXT('2D SPACE',''
  ) );
#5718 = PCURVE('',#4330,#5719);
#5719 = DEFINITIONAL_REPRESENTATION('',(#5720),#5724);
#5720 = LINE('',#5721,#5722);
#5721 = CARTESIAN_POINT('',(-1.570796326795,0.));
#5722 = VECTOR('',#5723,1.);
#5723 = DIRECTION('',(-0.,1.));
#5724 = ( GEOMETRIC_REPRESENTATION_CONTEXT(2) 
PARAMETRIC_REPRESENTATION_CONTEXT() REPRESENTATION_CONTEXT('2D SPACE',''
  ) );
#5725 = ORIENTED_EDGE('',*,*,#5726,.T.);
#5726 = EDGE_CURVE('',#5704,#5648,#5727,.T.);
#5727 = SURFACE_CURVE('',#5728,(#5732,#5739),.PCURVE_S1.);
#5728 = LINE('',#5729,#5730);
#5729 = CARTESIAN_POINT('',(160.,33.587572106361,-35.70889244992));
#5730 = VECTOR('',#5731,1.);
#5731 = DIRECTION('',(1.,0.,0.));
#5732 = PCURVE('',#4385,#5733);
#5733 = DEFINITIONAL_REPRESENTATION('',(#5734),#5738);
#5734 = LINE('',#5735,#5736);
#5735 = CARTESIAN_POINT('',(2.584800564187,17.707728477981));
#5736 = VECTOR('',#5737,1.);
#5737 = DIRECTION('',(-1.,0.));
#5738 = ( GEOMETRIC_REPRESENTATION_CONTEXT(2) 
PARAMETRIC_REPRESENTATION_CONTEXT() REPRESENTATION_CONTEXT('2D SPACE',''
  ) );
#5739 = PCURVE('',#5740,#5745);
#5740 = CYLINDRICAL_SURFACE('',#5741,1.);
#5741 = AXIS2_PLACEMENT_3D('',#5742,#5743,#5744);
#5742 = CARTESIAN_POINT('',(160.,34.294678887548,-35.00178566873));
#5743 = DIRECTION('',(1.,0.,0.));
#5744 = DIRECTION('',(0.,0.707106781187,-0.707106781187));
#5745 = DEFINITIONAL_REPRESENTATION('',(#5746),#5750);
#5746 = LINE('',#5747,#5748);
#5747 = CARTESIAN_POINT('',(-1.570796326795,0.));
#5748 = VECTOR('',#5749,1.);
#5749 = DIRECTION('',(-0.,1.));
#5750 = ( GEOMETRIC_REPRESENTATION_CONTEXT(2) 
PARAMETRIC_REPRESENTATION_CONTEXT() REPRESENTATION_CONTEXT('2D SPACE',''
  ) );
#5751 = ORIENTED_EDGE('',*,*,#5676,.T.);
#5752 = ADVANCED_FACE('',(#5753),#4330,.T.);
#5753 = FACE_BOUND('',#5754,.F.);
#5754 = EDGE_LOOP('',(#5755,#5779,#5780,#5781,#5810));
#5755 = ORIENTED_EDGE('',*,*,#5756,.F.);
#5756 = EDGE_CURVE('',#4218,#5757,#5759,.T.);
#5757 = VERTEX_POINT('',#5758);
#5758 = CARTESIAN_POINT('',(136.20803648131,17.168919402418,
    -17.8760261836));
#5759 = SURFACE_CURVE('',#5760,(#5765,#5772),.PCURVE_S1.);
#5760 = CIRCLE('',#5761,1.);
#5761 = AXIS2_PLACEMENT_3D('',#5762,#5763,#5764);
#5762 = CARTESIAN_POINT('',(136.93543013382,16.683688285171,
    -17.39079506635));
#5763 = DIRECTION('',(0.686220426896,0.514344984282,-0.514344984282));
#5764 = DIRECTION('',(-0.727393652509,0.485231117247,-0.485231117247));
#5765 = PCURVE('',#4330,#5766);
#5766 = DEFINITIONAL_REPRESENTATION('',(#5767),#5771);
#5767 = LINE('',#5768,#5769);
#5768 = CARTESIAN_POINT('',(-6.28318530718,1.760420462527));
#5769 = VECTOR('',#5770,1.);
#5770 = DIRECTION('',(1.,-0.));
#5771 = ( GEOMETRIC_REPRESENTATION_CONTEXT(2) 
PARAMETRIC_REPRESENTATION_CONTEXT() REPRESENTATION_CONTEXT('2D SPACE',''
  ) );
#5772 = PCURVE('',#4255,#5773);
#5773 = DEFINITIONAL_REPRESENTATION('',(#5774),#5778);
#5774 = LINE('',#5775,#5776);
#5775 = CARTESIAN_POINT('',(-2.108407562811,-6.28318530718));
#5776 = VECTOR('',#5777,1.);
#5777 = DIRECTION('',(-0.,1.));
#5778 = ( GEOMETRIC_REPRESENTATION_CONTEXT(2) 
PARAMETRIC_REPRESENTATION_CONTEXT() REPRESENTATION_CONTEXT('2D SPACE',''
  ) );
#5779 = ORIENTED_EDGE('',*,*,#4278,.T.);
#5780 = ORIENTED_EDGE('',*,*,#5703,.T.);
#5781 = ORIENTED_EDGE('',*,*,#5782,.T.);
#5782 = EDGE_CURVE('',#5704,#5783,#5785,.T.);
#5783 = VERTEX_POINT('',#5784);
#5784 = CARTESIAN_POINT('',(159.7039815348,34.779910004794,
    -35.48701678598));
#5785 = SURFACE_CURVE('',#5786,(#5791,#5798),.PCURVE_S1.);
#5786 = CIRCLE('',#5787,1.);
#5787 = AXIS2_PLACEMENT_3D('',#5788,#5789,#5790);
#5788 = CARTESIAN_POINT('',(160.43137518731,34.294678887548,
    -35.00178566873));
#5789 = DIRECTION('',(0.686220426896,0.514344984281,-0.514344984281));
#5790 = DIRECTION('',(-0.727393652509,0.485231117247,-0.485231117247));
#5791 = PCURVE('',#4330,#5792);
#5792 = DEFINITIONAL_REPRESENTATION('',(#5793),#5797);
#5793 = LINE('',#5794,#5795);
#5794 = CARTESIAN_POINT('',(-6.28318530718,36.000067276577));
#5795 = VECTOR('',#5796,1.);
#5796 = DIRECTION('',(1.,-0.));
#5797 = ( GEOMETRIC_REPRESENTATION_CONTEXT(2) 
PARAMETRIC_REPRESENTATION_CONTEXT() REPRESENTATION_CONTEXT('2D SPACE',''
  ) );
#5798 = PCURVE('',#5799,#5804);
#5799 = SPHERICAL_SURFACE('',#5800,1.);
#5800 = AXIS2_PLACEMENT_3D('',#5801,#5802,#5803);
#5801 = CARTESIAN_POINT('',(160.43137518731,34.294678887548,
    -35.00178566873));
#5802 = DIRECTION('',(0.,0.707106781187,0.707106781187));
#5803 = DIRECTION('',(-0.727393652509,0.485231117247,-0.485231117247));
#5804 = DEFINITIONAL_REPRESENTATION('',(#5805),#5809);
#5805 = LINE('',#5806,#5807);
#5806 = CARTESIAN_POINT('',(-0.,-6.28318530718));
#5807 = VECTOR('',#5808,1.);
#5808 = DIRECTION('',(-0.,1.));
#5809 = ( GEOMETRIC_REPRESENTATION_CONTEXT(2) 
PARAMETRIC_REPRESENTATION_CONTEXT() REPRESENTATION_CONTEXT('2D SPACE',''
  ) );
#5810 = ORIENTED_EDGE('',*,*,#5811,.F.);
#5811 = EDGE_CURVE('',#5757,#5783,#5812,.T.);
#5812 = SURFACE_CURVE('',#5813,(#5817,#5824),.PCURVE_S1.);
#5813 = LINE('',#5814,#5815);
#5814 = CARTESIAN_POINT('',(135.,16.263455967291,-16.97056274847));
#5815 = VECTOR('',#5816,1.);
#5816 = DIRECTION('',(0.686220426896,0.514344984281,-0.514344984281));
#5817 = PCURVE('',#4330,#5818);
#5818 = DEFINITIONAL_REPRESENTATION('',(#5819),#5823);
#5819 = LINE('',#5820,#5821);
#5820 = CARTESIAN_POINT('',(-0.,0.));
#5821 = VECTOR('',#5822,1.);
#5822 = DIRECTION('',(-0.,1.));
#5823 = ( GEOMETRIC_REPRESENTATION_CONTEXT(2) 
PARAMETRIC_REPRESENTATION_CONTEXT() REPRESENTATION_CONTEXT('2D SPACE',''
  ) );
#5824 = PCURVE('',#5825,#5830);
#5825 = PLANE('',#5826);
#5826 = AXIS2_PLACEMENT_3D('',#5827,#5828,#5829);
#5827 = CARTESIAN_POINT('',(135.,16.617009357884,-16.61700935788));
#5828 = DIRECTION('',(-0.727393652509,0.485231117247,-0.485231117247));
#5829 = DIRECTION('',(0.686220426896,0.514344984281,-0.514344984281));
#5830 = DEFINITIONAL_REPRESENTATION('',(#5831),#5835);
#5831 = LINE('',#5832,#5833);
#5832 = CARTESIAN_POINT('',(-1.748601263785E-15,0.5));
#5833 = VECTOR('',#5834,1.);
#5834 = DIRECTION('',(1.,0.));
#5835 = ( GEOMETRIC_REPRESENTATION_CONTEXT(2) 
PARAMETRIC_REPRESENTATION_CONTEXT() REPRESENTATION_CONTEXT('2D SPACE',''
  ) );
#5836 = ADVANCED_FACE('',(#5837),#4255,.T.);
#5837 = FACE_BOUND('',#5838,.F.);
#5838 = EDGE_LOOP('',(#5839,#5840,#5841));
#5839 = ORIENTED_EDGE('',*,*,#4217,.F.);
#5840 = ORIENTED_EDGE('',*,*,#5756,.T.);
#5841 = ORIENTED_EDGE('',*,*,#5842,.F.);
#5842 = EDGE_CURVE('',#4184,#5757,#5843,.T.);
#5843 = SURFACE_CURVE('',#5844,(#5849,#5856),.PCURVE_S1.);
#5844 = CIRCLE('',#5845,1.);
#5845 = AXIS2_PLACEMENT_3D('',#5846,#5847,#5848);
#5846 = CARTESIAN_POINT('',(136.93543013382,16.683688285171,
    -17.39079506635));
#5847 = DIRECTION('',(0.,-0.707106781187,-0.707106781187));
#5848 = DIRECTION('',(-0.216930457819,-0.690268489963,0.690268489963));
#5849 = PCURVE('',#4255,#5850);
#5850 = DEFINITIONAL_REPRESENTATION('',(#5851),#5855);
#5851 = LINE('',#5852,#5853);
#5852 = CARTESIAN_POINT('',(-0.,0.));
#5853 = VECTOR('',#5854,1.);
#5854 = DIRECTION('',(-1.,0.));
#5855 = ( GEOMETRIC_REPRESENTATION_CONTEXT(2) 
PARAMETRIC_REPRESENTATION_CONTEXT() REPRESENTATION_CONTEXT('2D SPACE',''
  ) );
#5856 = PCURVE('',#4203,#5857);
#5857 = DEFINITIONAL_REPRESENTATION('',(#5858),#5862);
#5858 = LINE('',#5859,#5860);
#5859 = CARTESIAN_POINT('',(2.108407562811,1.));
#5860 = VECTOR('',#5861,1.);
#5861 = DIRECTION('',(-1.,-0.));
#5862 = ( GEOMETRIC_REPRESENTATION_CONTEXT(2) 
PARAMETRIC_REPRESENTATION_CONTEXT() REPRESENTATION_CONTEXT('2D SPACE',''
  ) );
#5863 = ADVANCED_FACE('',(#5864),#4203,.T.);
#5864 = FACE_BOUND('',#5865,.T.);
#5865 = EDGE_LOOP('',(#5866,#5889,#5890,#5891));
#5866 = ORIENTED_EDGE('',*,*,#5867,.F.);
#5867 = EDGE_CURVE('',#5757,#5868,#5870,.T.);
#5868 = VERTEX_POINT('',#5869);
#5869 = CARTESIAN_POINT('',(136.20803648131,17.876026183605,
    -17.16891940241));
#5870 = SURFACE_CURVE('',#5871,(#5875,#5882),.PCURVE_S1.);
#5871 = LINE('',#5872,#5873);
#5872 = CARTESIAN_POINT('',(136.20803648131,16.461812621232,
    -18.58313296479));
#5873 = VECTOR('',#5874,1.);
#5874 = DIRECTION('',(0.,0.707106781187,0.707106781187));
#5875 = PCURVE('',#4203,#5876);
#5876 = DEFINITIONAL_REPRESENTATION('',(#5877),#5881);
#5877 = LINE('',#5878,#5879);
#5878 = CARTESIAN_POINT('',(0.,0.));
#5879 = VECTOR('',#5880,1.);
#5880 = DIRECTION('',(0.,1.));
#5881 = ( GEOMETRIC_REPRESENTATION_CONTEXT(2) 
PARAMETRIC_REPRESENTATION_CONTEXT() REPRESENTATION_CONTEXT('2D SPACE',''
  ) );
#5882 = PCURVE('',#5825,#5883);
#5883 = DEFINITIONAL_REPRESENTATION('',(#5884),#5888);
#5884 = LINE('',#5885,#5886);
#5885 = CARTESIAN_POINT('',(1.760420462527,1.5));
#5886 = VECTOR('',#5887,1.);
#5887 = DIRECTION('',(0.,-1.));
#5888 = ( GEOMETRIC_REPRESENTATION_CONTEXT(2) 
PARAMETRIC_REPRESENTATION_CONTEXT() REPRESENTATION_CONTEXT('2D SPACE',''
  ) );
#5889 = ORIENTED_EDGE('',*,*,#5842,.F.);
#5890 = ORIENTED_EDGE('',*,*,#4183,.F.);
#5891 = ORIENTED_EDGE('',*,*,#5892,.T.);
#5892 = EDGE_CURVE('',#4123,#5868,#5893,.T.);
#5893 = SURFACE_CURVE('',#5894,(#5899,#5906),.PCURVE_S1.);
#5894 = CIRCLE('',#5895,1.);
#5895 = AXIS2_PLACEMENT_3D('',#5896,#5897,#5898);
#5896 = CARTESIAN_POINT('',(136.93543013382,17.390795066358,
    -16.68368828517));
#5897 = DIRECTION('',(0.,-0.707106781187,-0.707106781187));
#5898 = DIRECTION('',(-0.216930457819,-0.690268489963,0.690268489963));
#5899 = PCURVE('',#4203,#5900);
#5900 = DEFINITIONAL_REPRESENTATION('',(#5901),#5905);
#5901 = LINE('',#5902,#5903);
#5902 = CARTESIAN_POINT('',(2.108407562811,2.));
#5903 = VECTOR('',#5904,1.);
#5904 = DIRECTION('',(-1.,-0.));
#5905 = ( GEOMETRIC_REPRESENTATION_CONTEXT(2) 
PARAMETRIC_REPRESENTATION_CONTEXT() REPRESENTATION_CONTEXT('2D SPACE',''
  ) );
#5906 = PCURVE('',#4160,#5907);
#5907 = DEFINITIONAL_REPRESENTATION('',(#5908),#5912);
#5908 = LINE('',#5909,#5910);
#5909 = CARTESIAN_POINT('',(0.,0.));
#5910 = VECTOR('',#5911,1.);
#5911 = DIRECTION('',(1.,0.));
#5912 = ( GEOMETRIC_REPRESENTATION_CONTEXT(2) 
PARAMETRIC_REPRESENTATION_CONTEXT() REPRESENTATION_CONTEXT('2D SPACE',''
  ) );
#5913 = ADVANCED_FACE('',(#5914),#4160,.T.);
#5914 = FACE_BOUND('',#5915,.T.);
#5915 = EDGE_LOOP('',(#5916,#5917,#5939));
#5916 = ORIENTED_EDGE('',*,*,#4122,.T.);
#5917 = ORIENTED_EDGE('',*,*,#5918,.T.);
#5918 = EDGE_CURVE('',#4037,#5868,#5919,.T.);
#5919 = SURFACE_CURVE('',#5920,(#5925,#5932),.PCURVE_S1.);
#5920 = CIRCLE('',#5921,1.);
#5921 = AXIS2_PLACEMENT_3D('',#5922,#5923,#5924);
#5922 = CARTESIAN_POINT('',(136.93543013382,17.390795066358,
    -16.68368828517));
#5923 = DIRECTION('',(-0.686220426896,-0.514344984282,0.514344984282));
#5924 = DIRECTION('',(-0.727393652509,0.485231117247,-0.485231117247));
#5925 = PCURVE('',#4160,#5926);
#5926 = DEFINITIONAL_REPRESENTATION('',(#5927),#5931);
#5927 = LINE('',#5928,#5929);
#5928 = CARTESIAN_POINT('',(2.108407562811,-6.28318530718));
#5929 = VECTOR('',#5930,1.);
#5930 = DIRECTION('',(0.,1.));
#5931 = ( GEOMETRIC_REPRESENTATION_CONTEXT(2) 
PARAMETRIC_REPRESENTATION_CONTEXT() REPRESENTATION_CONTEXT('2D SPACE',''
  ) );
#5932 = PCURVE('',#4088,#5933);
#5933 = DEFINITIONAL_REPRESENTATION('',(#5934),#5938);
#5934 = LINE('',#5935,#5936);
#5935 = CARTESIAN_POINT('',(6.28318530718,1.760420462527));
#5936 = VECTOR('',#5937,1.);
#5937 = DIRECTION('',(-1.,-0.));
#5938 = ( GEOMETRIC_REPRESENTATION_CONTEXT(2) 
PARAMETRIC_REPRESENTATION_CONTEXT() REPRESENTATION_CONTEXT('2D SPACE',''
  ) );
#5939 = ORIENTED_EDGE('',*,*,#5892,.F.);
#5940 = ADVANCED_FACE('',(#5941),#4088,.T.);
#5941 = FACE_BOUND('',#5942,.T.);
#5942 = EDGE_LOOP('',(#5943,#5944,#5945,#5968,#5997));
#5943 = ORIENTED_EDGE('',*,*,#5918,.F.);
#5944 = ORIENTED_EDGE('',*,*,#4036,.F.);
#5945 = ORIENTED_EDGE('',*,*,#5946,.T.);
#5946 = EDGE_CURVE('',#4004,#5947,#5949,.T.);
#5947 = VERTEX_POINT('',#5948);
#5948 = CARTESIAN_POINT('',(160.43137518731,35.708892449921,
    -33.58757210636));
#5949 = SURFACE_CURVE('',#5950,(#5954,#5961),.PCURVE_S1.);
#5950 = LINE('',#5951,#5952);
#5951 = CARTESIAN_POINT('',(135.7273936525,17.192438412417,
    -15.07111806885));
#5952 = VECTOR('',#5953,1.);
#5953 = DIRECTION('',(0.686220426896,0.514344984281,-0.514344984281));
#5954 = PCURVE('',#4088,#5955);
#5955 = DEFINITIONAL_REPRESENTATION('',(#5956),#5960);
#5956 = LINE('',#5957,#5958);
#5957 = CARTESIAN_POINT('',(1.570796326795,0.));
#5958 = VECTOR('',#5959,1.);
#5959 = DIRECTION('',(0.,1.));
#5960 = ( GEOMETRIC_REPRESENTATION_CONTEXT(2) 
PARAMETRIC_REPRESENTATION_CONTEXT() REPRESENTATION_CONTEXT('2D SPACE',''
  ) );
#5961 = PCURVE('',#4024,#5962);
#5962 = DEFINITIONAL_REPRESENTATION('',(#5963),#5967);
#5963 = LINE('',#5964,#5965);
#5964 = CARTESIAN_POINT('',(26.857406911678,-8.478491948914));
#5965 = VECTOR('',#5966,1.);
#5966 = DIRECTION('',(-0.686220426896,0.727393652509));
#5967 = ( GEOMETRIC_REPRESENTATION_CONTEXT(2) 
PARAMETRIC_REPRESENTATION_CONTEXT() REPRESENTATION_CONTEXT('2D SPACE',''
  ) );
#5968 = ORIENTED_EDGE('',*,*,#5969,.T.);
#5969 = EDGE_CURVE('',#5947,#5970,#5972,.T.);
#5970 = VERTEX_POINT('',#5971);
#5971 = CARTESIAN_POINT('',(159.7039815348,35.487016785981,
    -34.77991000479));
#5972 = SURFACE_CURVE('',#5973,(#5978,#5985),.PCURVE_S1.);
#5973 = CIRCLE('',#5974,1.);
#5974 = AXIS2_PLACEMENT_3D('',#5975,#5976,#5977);
#5975 = CARTESIAN_POINT('',(160.43137518731,35.001785668734,
    -34.29467888754));
#5976 = DIRECTION('',(-0.686220426896,-0.514344984281,0.514344984281));
#5977 = DIRECTION('',(-0.727393652509,0.485231117247,-0.485231117247));
#5978 = PCURVE('',#4088,#5979);
#5979 = DEFINITIONAL_REPRESENTATION('',(#5980),#5984);
#5980 = LINE('',#5981,#5982);
#5981 = CARTESIAN_POINT('',(6.28318530718,36.000067276577));
#5982 = VECTOR('',#5983,1.);
#5983 = DIRECTION('',(-1.,-0.));
#5984 = ( GEOMETRIC_REPRESENTATION_CONTEXT(2) 
PARAMETRIC_REPRESENTATION_CONTEXT() REPRESENTATION_CONTEXT('2D SPACE',''
  ) );
#5985 = PCURVE('',#5986,#5991);
#5986 = SPHERICAL_SURFACE('',#5987,1.);
#5987 = AXIS2_PLACEMENT_3D('',#5988,#5989,#5990);
#5988 = CARTESIAN_POINT('',(160.43137518731,35.001785668734,
    -34.29467888754));
#5989 = DIRECTION('',(0.,-0.707106781187,-0.707106781187));
#5990 = DIRECTION('',(0.,0.707106781187,-0.707106781187));
#5991 = DEFINITIONAL_REPRESENTATION('',(#5992),#5996);
#5992 = LINE('',#5993,#5994);
#5993 = CARTESIAN_POINT('',(-0.814516144904,-6.28318530718));
#5994 = VECTOR('',#5995,1.);
#5995 = DIRECTION('',(-0.,1.));
#5996 = ( GEOMETRIC_REPRESENTATION_CONTEXT(2) 
PARAMETRIC_REPRESENTATION_CONTEXT() REPRESENTATION_CONTEXT('2D SPACE',''
  ) );
#5997 = ORIENTED_EDGE('',*,*,#5998,.F.);
#5998 = EDGE_CURVE('',#5868,#5970,#5999,.T.);
#5999 = SURFACE_CURVE('',#6000,(#6004,#6011),.PCURVE_S1.);
#6000 = LINE('',#6001,#6002);
#6001 = CARTESIAN_POINT('',(135.,16.970562748477,-16.26345596729));
#6002 = VECTOR('',#6003,1.);
#6003 = DIRECTION('',(0.686220426896,0.514344984281,-0.514344984281));
#6004 = PCURVE('',#4088,#6005);
#6005 = DEFINITIONAL_REPRESENTATION('',(#6006),#6010);
#6006 = LINE('',#6007,#6008);
#6007 = CARTESIAN_POINT('',(0.,0.));
#6008 = VECTOR('',#6009,1.);
#6009 = DIRECTION('',(0.,1.));
#6010 = ( GEOMETRIC_REPRESENTATION_CONTEXT(2) 
PARAMETRIC_REPRESENTATION_CONTEXT() REPRESENTATION_CONTEXT('2D SPACE',''
  ) );
#6011 = PCURVE('',#5825,#6012);
#6012 = DEFINITIONAL_REPRESENTATION('',(#6013),#6017);
#6013 = LINE('',#6014,#6015);
#6014 = CARTESIAN_POINT('',(-1.915134717478E-15,-0.5));
#6015 = VECTOR('',#6016,1.);
#6016 = DIRECTION('',(1.,0.));
#6017 = ( GEOMETRIC_REPRESENTATION_CONTEXT(2) 
PARAMETRIC_REPRESENTATION_CONTEXT() REPRESENTATION_CONTEXT('2D SPACE',''
  ) );
#6018 = ADVANCED_FACE('',(#6019),#4024,.F.);
#6019 = FACE_BOUND('',#6020,.F.);
#6020 = EDGE_LOOP('',(#6021,#6022,#6023,#6051));
#6021 = ORIENTED_EDGE('',*,*,#4003,.T.);
#6022 = ORIENTED_EDGE('',*,*,#5946,.T.);
#6023 = ORIENTED_EDGE('',*,*,#6024,.T.);
#6024 = EDGE_CURVE('',#5947,#6025,#6027,.T.);
#6025 = VERTEX_POINT('',#6026);
#6026 = CARTESIAN_POINT('',(179.,35.708892449921,-33.58757210636));
#6027 = SURFACE_CURVE('',#6028,(#6032,#6039),.PCURVE_S1.);
#6028 = LINE('',#6029,#6030);
#6029 = CARTESIAN_POINT('',(160.,35.708892449921,-33.58757210636));
#6030 = VECTOR('',#6031,1.);
#6031 = DIRECTION('',(1.,0.,0.));
#6032 = PCURVE('',#4024,#6033);
#6033 = DEFINITIONAL_REPRESENTATION('',(#6034),#6038);
#6034 = LINE('',#6035,#6036);
#6035 = CARTESIAN_POINT('',(2.584800564187,17.707728477981));
#6036 = VECTOR('',#6037,1.);
#6037 = DIRECTION('',(-1.,0.));
#6038 = ( GEOMETRIC_REPRESENTATION_CONTEXT(2) 
PARAMETRIC_REPRESENTATION_CONTEXT() REPRESENTATION_CONTEXT('2D SPACE',''
  ) );
#6039 = PCURVE('',#6040,#6045);
#6040 = CYLINDRICAL_SURFACE('',#6041,1.);
#6041 = AXIS2_PLACEMENT_3D('',#6042,#6043,#6044);
#6042 = CARTESIAN_POINT('',(160.,35.001785668734,-34.29467888754));
#6043 = DIRECTION('',(1.,0.,0.));
#6044 = DIRECTION('',(0.,0.707106781187,-0.707106781187));
#6045 = DEFINITIONAL_REPRESENTATION('',(#6046),#6050);
#6046 = LINE('',#6047,#6048);
#6047 = CARTESIAN_POINT('',(1.570796326795,0.));
#6048 = VECTOR('',#6049,1.);
#6049 = DIRECTION('',(0.,1.));
#6050 = ( GEOMETRIC_REPRESENTATION_CONTEXT(2) 
PARAMETRIC_REPRESENTATION_CONTEXT() REPRESENTATION_CONTEXT('2D SPACE',''
  ) );
#6051 = ORIENTED_EDGE('',*,*,#6052,.T.);
#6052 = EDGE_CURVE('',#6025,#3925,#6053,.T.);
#6053 = SURFACE_CURVE('',#6054,(#6058,#6065),.PCURVE_S1.);
#6054 = LINE('',#6055,#6056);
#6055 = CARTESIAN_POINT('',(179.,36.415999231107,-34.29467888754));
#6056 = VECTOR('',#6057,1.);
#6057 = DIRECTION('',(0.,-0.707106781187,0.707106781187));
#6058 = PCURVE('',#4024,#6059);
#6059 = DEFINITIONAL_REPRESENTATION('',(#6060),#6064);
#6060 = LINE('',#6061,#6062);
#6061 = CARTESIAN_POINT('',(-16.41519943581,18.707728477981));
#6062 = VECTOR('',#6063,1.);
#6063 = DIRECTION('',(0.,-1.));
#6064 = ( GEOMETRIC_REPRESENTATION_CONTEXT(2) 
PARAMETRIC_REPRESENTATION_CONTEXT() REPRESENTATION_CONTEXT('2D SPACE',''
  ) );
#6065 = PCURVE('',#3974,#6066);
#6066 = DEFINITIONAL_REPRESENTATION('',(#6067),#6071);
#6067 = LINE('',#6068,#6069);
#6068 = CARTESIAN_POINT('',(-0.,0.));
#6069 = VECTOR('',#6070,1.);
#6070 = DIRECTION('',(-0.,1.));
#6071 = ( GEOMETRIC_REPRESENTATION_CONTEXT(2) 
PARAMETRIC_REPRESENTATION_CONTEXT() REPRESENTATION_CONTEXT('2D SPACE',''
  ) );
#6072 = ADVANCED_FACE('',(#6073),#3974,.T.);
#6073 = FACE_BOUND('',#6074,.F.);
#6074 = EDGE_LOOP('',(#6075,#6102,#6103,#6104));
#6075 = ORIENTED_EDGE('',*,*,#6076,.F.);
#6076 = EDGE_CURVE('',#5443,#6025,#6077,.T.);
#6077 = SURFACE_CURVE('',#6078,(#6083,#6090),.PCURVE_S1.);
#6078 = CIRCLE('',#6079,1.);
#6079 = AXIS2_PLACEMENT_3D('',#6080,#6081,#6082);
#6080 = CARTESIAN_POINT('',(179.,35.001785668734,-34.29467888754));
#6081 = DIRECTION('',(0.,-0.707106781187,0.707106781187));
#6082 = DIRECTION('',(0.,0.707106781187,0.707106781187));
#6083 = PCURVE('',#3974,#6084);
#6084 = DEFINITIONAL_REPRESENTATION('',(#6085),#6089);
#6085 = LINE('',#6086,#6087);
#6086 = CARTESIAN_POINT('',(-6.28318530718,1.));
#6087 = VECTOR('',#6088,1.);
#6088 = DIRECTION('',(1.,-0.));
#6089 = ( GEOMETRIC_REPRESENTATION_CONTEXT(2) 
PARAMETRIC_REPRESENTATION_CONTEXT() REPRESENTATION_CONTEXT('2D SPACE',''
  ) );
#6090 = PCURVE('',#6091,#6096);
#6091 = SPHERICAL_SURFACE('',#6092,1.);
#6092 = AXIS2_PLACEMENT_3D('',#6093,#6094,#6095);
#6093 = CARTESIAN_POINT('',(179.,35.001785668734,-34.29467888754));
#6094 = DIRECTION('',(-1.,-0.,0.));
#6095 = DIRECTION('',(0.,0.707106781187,-0.707106781187));
#6096 = DEFINITIONAL_REPRESENTATION('',(#6097),#6101);
#6097 = LINE('',#6098,#6099);
#6098 = CARTESIAN_POINT('',(-1.570796326795,-6.28318530718));
#6099 = VECTOR('',#6100,1.);
#6100 = DIRECTION('',(-0.,1.));
#6101 = ( GEOMETRIC_REPRESENTATION_CONTEXT(2) 
PARAMETRIC_REPRESENTATION_CONTEXT() REPRESENTATION_CONTEXT('2D SPACE',''
  ) );
#6102 = ORIENTED_EDGE('',*,*,#5442,.T.);
#6103 = ORIENTED_EDGE('',*,*,#3924,.F.);
#6104 = ORIENTED_EDGE('',*,*,#6052,.F.);
#6105 = ADVANCED_FACE('',(#6106),#3871,.T.);
#6106 = FACE_BOUND('',#6107,.F.);
#6107 = EDGE_LOOP('',(#6108,#6137,#6158,#6159));
#6108 = ORIENTED_EDGE('',*,*,#6109,.F.);
#6109 = EDGE_CURVE('',#6110,#5467,#6112,.T.);
#6110 = VERTEX_POINT('',#6111);
#6111 = CARTESIAN_POINT('',(179.,35.708892449921,33.587572106361));
#6112 = SURFACE_CURVE('',#6113,(#6118,#6125),.PCURVE_S1.);
#6113 = CIRCLE('',#6114,1.);
#6114 = AXIS2_PLACEMENT_3D('',#6115,#6116,#6117);
#6115 = CARTESIAN_POINT('',(179.,35.001785668734,34.294678887548));
#6116 = DIRECTION('',(6.123233995737E-17,-0.707106781187,-0.707106781187
    ));
#6117 = DIRECTION('',(1.,4.329780281177E-17,4.329780281177E-17));
#6118 = PCURVE('',#3871,#6119);
#6119 = DEFINITIONAL_REPRESENTATION('',(#6120),#6124);
#6120 = LINE('',#6121,#6122);
#6121 = CARTESIAN_POINT('',(-6.28318530718,1.));
#6122 = VECTOR('',#6123,1.);
#6123 = DIRECTION('',(1.,-0.));
#6124 = ( GEOMETRIC_REPRESENTATION_CONTEXT(2) 
PARAMETRIC_REPRESENTATION_CONTEXT() REPRESENTATION_CONTEXT('2D SPACE',''
  ) );
#6125 = PCURVE('',#6126,#6131);
#6126 = SPHERICAL_SURFACE('',#6127,1.);
#6127 = AXIS2_PLACEMENT_3D('',#6128,#6129,#6130);
#6128 = CARTESIAN_POINT('',(179.,35.001785668734,34.294678887548));
#6129 = DIRECTION('',(0.,-0.707106781187,0.707106781187));
#6130 = DIRECTION('',(0.,0.707106781187,0.707106781187));
#6131 = DEFINITIONAL_REPRESENTATION('',(#6132),#6136);
#6132 = LINE('',#6133,#6134);
#6133 = CARTESIAN_POINT('',(-1.570796326795,-6.28318530718));
#6134 = VECTOR('',#6135,1.);
#6135 = DIRECTION('',(-0.,1.));
#6136 = ( GEOMETRIC_REPRESENTATION_CONTEXT(2) 
PARAMETRIC_REPRESENTATION_CONTEXT() REPRESENTATION_CONTEXT('2D SPACE',''
  ) );
#6137 = ORIENTED_EDGE('',*,*,#6138,.T.);
#6138 = EDGE_CURVE('',#6110,#3789,#6139,.T.);
#6139 = SURFACE_CURVE('',#6140,(#6144,#6151),.PCURVE_S1.);
#6140 = LINE('',#6141,#6142);
#6141 = CARTESIAN_POINT('',(179.,36.415999231107,34.294678887548));
#6142 = VECTOR('',#6143,1.);
#6143 = DIRECTION('',(0.,-0.707106781187,-0.707106781187));
#6144 = PCURVE('',#3871,#6145);
#6145 = DEFINITIONAL_REPRESENTATION('',(#6146),#6150);
#6146 = LINE('',#6147,#6148);
#6147 = CARTESIAN_POINT('',(-1.570796326795,0.));
#6148 = VECTOR('',#6149,1.);
#6149 = DIRECTION('',(-0.,1.));
#6150 = ( GEOMETRIC_REPRESENTATION_CONTEXT(2) 
PARAMETRIC_REPRESENTATION_CONTEXT() REPRESENTATION_CONTEXT('2D SPACE',''
  ) );
#6151 = PCURVE('',#3809,#6152);
#6152 = DEFINITIONAL_REPRESENTATION('',(#6153),#6157);
#6153 = LINE('',#6154,#6155);
#6154 = CARTESIAN_POINT('',(-16.41519943581,18.707728477981));
#6155 = VECTOR('',#6156,1.);
#6156 = DIRECTION('',(-0.,-1.));
#6157 = ( GEOMETRIC_REPRESENTATION_CONTEXT(2) 
PARAMETRIC_REPRESENTATION_CONTEXT() REPRESENTATION_CONTEXT('2D SPACE',''
  ) );
#6158 = ORIENTED_EDGE('',*,*,#3821,.F.);
#6159 = ORIENTED_EDGE('',*,*,#5466,.F.);
#6160 = ADVANCED_FACE('',(#6161),#3809,.T.);
#6161 = FACE_BOUND('',#6162,.T.);
#6162 = EDGE_LOOP('',(#6163,#6164,#6187,#6213));
#6163 = ORIENTED_EDGE('',*,*,#3788,.T.);
#6164 = ORIENTED_EDGE('',*,*,#6165,.T.);
#6165 = EDGE_CURVE('',#3703,#6166,#6168,.T.);
#6166 = VERTEX_POINT('',#6167);
#6167 = CARTESIAN_POINT('',(160.43137518731,35.708892449921,
    33.587572106361));
#6168 = SURFACE_CURVE('',#6169,(#6173,#6180),.PCURVE_S1.);
#6169 = LINE('',#6170,#6171);
#6170 = CARTESIAN_POINT('',(135.7273936525,17.192438412417,
    15.071118068857));
#6171 = VECTOR('',#6172,1.);
#6172 = DIRECTION('',(0.686220426896,0.514344984281,0.514344984281));
#6173 = PCURVE('',#3809,#6174);
#6174 = DEFINITIONAL_REPRESENTATION('',(#6175),#6179);
#6175 = LINE('',#6176,#6177);
#6176 = CARTESIAN_POINT('',(26.857406911678,-8.478491948914));
#6177 = VECTOR('',#6178,1.);
#6178 = DIRECTION('',(-0.686220426896,0.727393652509));
#6179 = ( GEOMETRIC_REPRESENTATION_CONTEXT(2) 
PARAMETRIC_REPRESENTATION_CONTEXT() REPRESENTATION_CONTEXT('2D SPACE',''
  ) );
#6180 = PCURVE('',#3754,#6181);
#6181 = DEFINITIONAL_REPRESENTATION('',(#6182),#6186);
#6182 = LINE('',#6183,#6184);
#6183 = CARTESIAN_POINT('',(-1.570796326795,0.));
#6184 = VECTOR('',#6185,1.);
#6185 = DIRECTION('',(-0.,1.));
#6186 = ( GEOMETRIC_REPRESENTATION_CONTEXT(2) 
PARAMETRIC_REPRESENTATION_CONTEXT() REPRESENTATION_CONTEXT('2D SPACE',''
  ) );
#6187 = ORIENTED_EDGE('',*,*,#6188,.T.);
#6188 = EDGE_CURVE('',#6166,#6110,#6189,.T.);
#6189 = SURFACE_CURVE('',#6190,(#6194,#6201),.PCURVE_S1.);
#6190 = LINE('',#6191,#6192);
#6191 = CARTESIAN_POINT('',(160.,35.708892449921,33.587572106361));
#6192 = VECTOR('',#6193,1.);
#6193 = DIRECTION('',(1.,0.,0.));
#6194 = PCURVE('',#3809,#6195);
#6195 = DEFINITIONAL_REPRESENTATION('',(#6196),#6200);
#6196 = LINE('',#6197,#6198);
#6197 = CARTESIAN_POINT('',(2.584800564187,17.707728477981));
#6198 = VECTOR('',#6199,1.);
#6199 = DIRECTION('',(-1.,0.));
#6200 = ( GEOMETRIC_REPRESENTATION_CONTEXT(2) 
PARAMETRIC_REPRESENTATION_CONTEXT() REPRESENTATION_CONTEXT('2D SPACE',''
  ) );
#6201 = PCURVE('',#6202,#6207);
#6202 = CYLINDRICAL_SURFACE('',#6203,1.);
#6203 = AXIS2_PLACEMENT_3D('',#6204,#6205,#6206);
#6204 = CARTESIAN_POINT('',(160.,35.001785668734,34.294678887548));
#6205 = DIRECTION('',(1.,0.,0.));
#6206 = DIRECTION('',(0.,0.707106781187,0.707106781187));
#6207 = DEFINITIONAL_REPRESENTATION('',(#6208),#6212);
#6208 = LINE('',#6209,#6210);
#6209 = CARTESIAN_POINT('',(-1.570796326795,0.));
#6210 = VECTOR('',#6211,1.);
#6211 = DIRECTION('',(-0.,1.));
#6212 = ( GEOMETRIC_REPRESENTATION_CONTEXT(2) 
PARAMETRIC_REPRESENTATION_CONTEXT() REPRESENTATION_CONTEXT('2D SPACE',''
  ) );
#6213 = ORIENTED_EDGE('',*,*,#6138,.T.);
#6214 = ADVANCED_FACE('',(#6215),#3754,.T.);
#6215 = FACE_BOUND('',#6216,.F.);
#6216 = EDGE_LOOP('',(#6217,#6241,#6242,#6243,#6272));
#6217 = ORIENTED_EDGE('',*,*,#6218,.F.);
#6218 = EDGE_CURVE('',#3642,#6219,#6221,.T.);
#6219 = VERTEX_POINT('',#6220);
#6220 = CARTESIAN_POINT('',(136.20803648131,17.876026183605,
    17.168919402418));
#6221 = SURFACE_CURVE('',#6222,(#6227,#6234),.PCURVE_S1.);
#6222 = CIRCLE('',#6223,1.);
#6223 = AXIS2_PLACEMENT_3D('',#6224,#6225,#6226);
#6224 = CARTESIAN_POINT('',(136.93543013382,17.390795066358,
    16.683688285171));
#6225 = DIRECTION('',(0.686220426896,0.514344984282,0.514344984282));
#6226 = DIRECTION('',(-0.727393652509,0.485231117247,0.485231117247));
#6227 = PCURVE('',#3754,#6228);
#6228 = DEFINITIONAL_REPRESENTATION('',(#6229),#6233);
#6229 = LINE('',#6230,#6231);
#6230 = CARTESIAN_POINT('',(-6.28318530718,1.760420462527));
#6231 = VECTOR('',#6232,1.);
#6232 = DIRECTION('',(1.,-0.));
#6233 = ( GEOMETRIC_REPRESENTATION_CONTEXT(2) 
PARAMETRIC_REPRESENTATION_CONTEXT() REPRESENTATION_CONTEXT('2D SPACE',''
  ) );
#6234 = PCURVE('',#3679,#6235);
#6235 = DEFINITIONAL_REPRESENTATION('',(#6236),#6240);
#6236 = LINE('',#6237,#6238);
#6237 = CARTESIAN_POINT('',(-2.108407562811,-6.28318530718));
#6238 = VECTOR('',#6239,1.);
#6239 = DIRECTION('',(-0.,1.));
#6240 = ( GEOMETRIC_REPRESENTATION_CONTEXT(2) 
PARAMETRIC_REPRESENTATION_CONTEXT() REPRESENTATION_CONTEXT('2D SPACE',''
  ) );
#6241 = ORIENTED_EDGE('',*,*,#3702,.T.);
#6242 = ORIENTED_EDGE('',*,*,#6165,.T.);
#6243 = ORIENTED_EDGE('',*,*,#6244,.T.);
#6244 = EDGE_CURVE('',#6166,#6245,#6247,.T.);
#6245 = VERTEX_POINT('',#6246);
#6246 = CARTESIAN_POINT('',(159.7039815348,35.487016785981,
    34.779910004794));
#6247 = SURFACE_CURVE('',#6248,(#6253,#6260),.PCURVE_S1.);
#6248 = CIRCLE('',#6249,1.);
#6249 = AXIS2_PLACEMENT_3D('',#6250,#6251,#6252);
#6250 = CARTESIAN_POINT('',(160.43137518731,35.001785668734,
    34.294678887548));
#6251 = DIRECTION('',(0.686220426896,0.514344984281,0.514344984281));
#6252 = DIRECTION('',(-0.727393652509,0.485231117247,0.485231117247));
#6253 = PCURVE('',#3754,#6254);
#6254 = DEFINITIONAL_REPRESENTATION('',(#6255),#6259);
#6255 = LINE('',#6256,#6257);
#6256 = CARTESIAN_POINT('',(-6.28318530718,36.000067276577));
#6257 = VECTOR('',#6258,1.);
#6258 = DIRECTION('',(1.,-0.));
#6259 = ( GEOMETRIC_REPRESENTATION_CONTEXT(2) 
PARAMETRIC_REPRESENTATION_CONTEXT() REPRESENTATION_CONTEXT('2D SPACE',''
  ) );
#6260 = PCURVE('',#6261,#6266);
#6261 = SPHERICAL_SURFACE('',#6262,1.);
#6262 = AXIS2_PLACEMENT_3D('',#6263,#6264,#6265);
#6263 = CARTESIAN_POINT('',(160.43137518731,35.001785668734,
    34.294678887548));
#6264 = DIRECTION('',(0.,-0.707106781187,0.707106781187));
#6265 = DIRECTION('',(-0.727393652509,0.485231117247,0.485231117247));
#6266 = DEFINITIONAL_REPRESENTATION('',(#6267),#6271);
#6267 = LINE('',#6268,#6269);
#6268 = CARTESIAN_POINT('',(-0.,-6.28318530718));
#6269 = VECTOR('',#6270,1.);
#6270 = DIRECTION('',(-0.,1.));
#6271 = ( GEOMETRIC_REPRESENTATION_CONTEXT(2) 
PARAMETRIC_REPRESENTATION_CONTEXT() REPRESENTATION_CONTEXT('2D SPACE',''
  ) );
#6272 = ORIENTED_EDGE('',*,*,#6273,.F.);
#6273 = EDGE_CURVE('',#6219,#6245,#6274,.T.);
#6274 = SURFACE_CURVE('',#6275,(#6279,#6286),.PCURVE_S1.);
#6275 = LINE('',#6276,#6277);
#6276 = CARTESIAN_POINT('',(135.,16.970562748477,16.263455967291));
#6277 = VECTOR('',#6278,1.);
#6278 = DIRECTION('',(0.686220426896,0.514344984281,0.514344984281));
#6279 = PCURVE('',#3754,#6280);
#6280 = DEFINITIONAL_REPRESENTATION('',(#6281),#6285);
#6281 = LINE('',#6282,#6283);
#6282 = CARTESIAN_POINT('',(-0.,0.));
#6283 = VECTOR('',#6284,1.);
#6284 = DIRECTION('',(-0.,1.));
#6285 = ( GEOMETRIC_REPRESENTATION_CONTEXT(2) 
PARAMETRIC_REPRESENTATION_CONTEXT() REPRESENTATION_CONTEXT('2D SPACE',''
  ) );
#6286 = PCURVE('',#6287,#6292);
#6287 = PLANE('',#6288);
#6288 = AXIS2_PLACEMENT_3D('',#6289,#6290,#6291);
#6289 = CARTESIAN_POINT('',(135.,16.617009357884,16.617009357884));
#6290 = DIRECTION('',(-0.727393652509,0.485231117247,0.485231117247));
#6291 = DIRECTION('',(0.686220426896,0.514344984281,0.514344984281));
#6292 = DEFINITIONAL_REPRESENTATION('',(#6293),#6297);
#6293 = LINE('',#6294,#6295);
#6294 = CARTESIAN_POINT('',(-3.663735981263E-15,0.5));
#6295 = VECTOR('',#6296,1.);
#6296 = DIRECTION('',(1.,-1.110223024625E-16));
#6297 = ( GEOMETRIC_REPRESENTATION_CONTEXT(2) 
PARAMETRIC_REPRESENTATION_CONTEXT() REPRESENTATION_CONTEXT('2D SPACE',''
  ) );
#6298 = ADVANCED_FACE('',(#6299),#3679,.T.);
#6299 = FACE_BOUND('',#6300,.F.);
#6300 = EDGE_LOOP('',(#6301,#6302,#6303));
#6301 = ORIENTED_EDGE('',*,*,#3641,.F.);
#6302 = ORIENTED_EDGE('',*,*,#6218,.T.);
#6303 = ORIENTED_EDGE('',*,*,#6304,.F.);
#6304 = EDGE_CURVE('',#3608,#6219,#6305,.T.);
#6305 = SURFACE_CURVE('',#6306,(#6311,#6318),.PCURVE_S1.);
#6306 = CIRCLE('',#6307,1.);
#6307 = AXIS2_PLACEMENT_3D('',#6308,#6309,#6310);
#6308 = CARTESIAN_POINT('',(136.93543013382,17.390795066358,
    16.683688285171));
#6309 = DIRECTION('',(0.,0.707106781187,-0.707106781187));
#6310 = DIRECTION('',(-0.216930457819,-0.690268489963,-0.690268489963));
#6311 = PCURVE('',#3679,#6312);
#6312 = DEFINITIONAL_REPRESENTATION('',(#6313),#6317);
#6313 = LINE('',#6314,#6315);
#6314 = CARTESIAN_POINT('',(-0.,0.));
#6315 = VECTOR('',#6316,1.);
#6316 = DIRECTION('',(-1.,0.));
#6317 = ( GEOMETRIC_REPRESENTATION_CONTEXT(2) 
PARAMETRIC_REPRESENTATION_CONTEXT() REPRESENTATION_CONTEXT('2D SPACE',''
  ) );
#6318 = PCURVE('',#3627,#6319);
#6319 = DEFINITIONAL_REPRESENTATION('',(#6320),#6324);
#6320 = LINE('',#6321,#6322);
#6321 = CARTESIAN_POINT('',(2.108407562811,1.));
#6322 = VECTOR('',#6323,1.);
#6323 = DIRECTION('',(-1.,-0.));
#6324 = ( GEOMETRIC_REPRESENTATION_CONTEXT(2) 
PARAMETRIC_REPRESENTATION_CONTEXT() REPRESENTATION_CONTEXT('2D SPACE',''
  ) );
#6325 = ADVANCED_FACE('',(#6326),#3627,.T.);
#6326 = FACE_BOUND('',#6327,.T.);
#6327 = EDGE_LOOP('',(#6328,#6351,#6352,#6353));
#6328 = ORIENTED_EDGE('',*,*,#6329,.F.);
#6329 = EDGE_CURVE('',#6219,#6330,#6332,.T.);
#6330 = VERTEX_POINT('',#6331);
#6331 = CARTESIAN_POINT('',(136.20803648131,17.168919402418,
    17.876026183605));
#6332 = SURFACE_CURVE('',#6333,(#6337,#6344),.PCURVE_S1.);
#6333 = LINE('',#6334,#6335);
#6334 = CARTESIAN_POINT('',(136.20803648131,18.583132964791,
    16.461812621232));
#6335 = VECTOR('',#6336,1.);
#6336 = DIRECTION('',(0.,-0.707106781187,0.707106781187));
#6337 = PCURVE('',#3627,#6338);
#6338 = DEFINITIONAL_REPRESENTATION('',(#6339),#6343);
#6339 = LINE('',#6340,#6341);
#6340 = CARTESIAN_POINT('',(0.,0.));
#6341 = VECTOR('',#6342,1.);
#6342 = DIRECTION('',(0.,1.));
#6343 = ( GEOMETRIC_REPRESENTATION_CONTEXT(2) 
PARAMETRIC_REPRESENTATION_CONTEXT() REPRESENTATION_CONTEXT('2D SPACE',''
  ) );
#6344 = PCURVE('',#6287,#6345);
#6345 = DEFINITIONAL_REPRESENTATION('',(#6346),#6350);
#6346 = LINE('',#6347,#6348);
#6347 = CARTESIAN_POINT('',(1.760420462527,1.5));
#6348 = VECTOR('',#6349,1.);
#6349 = DIRECTION('',(1.110223024625E-16,-1.));
#6350 = ( GEOMETRIC_REPRESENTATION_CONTEXT(2) 
PARAMETRIC_REPRESENTATION_CONTEXT() REPRESENTATION_CONTEXT('2D SPACE',''
  ) );
#6351 = ORIENTED_EDGE('',*,*,#6304,.F.);
#6352 = ORIENTED_EDGE('',*,*,#3607,.F.);
#6353 = ORIENTED_EDGE('',*,*,#6354,.T.);
#6354 = EDGE_CURVE('',#3547,#6330,#6355,.T.);
#6355 = SURFACE_CURVE('',#6356,(#6361,#6368),.PCURVE_S1.);
#6356 = CIRCLE('',#6357,1.);
#6357 = AXIS2_PLACEMENT_3D('',#6358,#6359,#6360);
#6358 = CARTESIAN_POINT('',(136.93543013382,16.683688285171,
    17.390795066358));
#6359 = DIRECTION('',(0.,0.707106781187,-0.707106781187));
#6360 = DIRECTION('',(-0.216930457819,-0.690268489963,-0.690268489963));
#6361 = PCURVE('',#3627,#6362);
#6362 = DEFINITIONAL_REPRESENTATION('',(#6363),#6367);
#6363 = LINE('',#6364,#6365);
#6364 = CARTESIAN_POINT('',(2.108407562811,2.));
#6365 = VECTOR('',#6366,1.);
#6366 = DIRECTION('',(-1.,-0.));
#6367 = ( GEOMETRIC_REPRESENTATION_CONTEXT(2) 
PARAMETRIC_REPRESENTATION_CONTEXT() REPRESENTATION_CONTEXT('2D SPACE',''
  ) );
#6368 = PCURVE('',#3584,#6369);
#6369 = DEFINITIONAL_REPRESENTATION('',(#6370),#6374);
#6370 = LINE('',#6371,#6372);
#6371 = CARTESIAN_POINT('',(0.,0.));
#6372 = VECTOR('',#6373,1.);
#6373 = DIRECTION('',(1.,0.));
#6374 = ( GEOMETRIC_REPRESENTATION_CONTEXT(2) 
PARAMETRIC_REPRESENTATION_CONTEXT() REPRESENTATION_CONTEXT('2D SPACE',''
  ) );
#6375 = ADVANCED_FACE('',(#6376),#3584,.T.);
#6376 = FACE_BOUND('',#6377,.T.);
#6377 = EDGE_LOOP('',(#6378,#6379,#6401));
#6378 = ORIENTED_EDGE('',*,*,#3546,.T.);
#6379 = ORIENTED_EDGE('',*,*,#6380,.T.);
#6380 = EDGE_CURVE('',#3461,#6330,#6381,.T.);
#6381 = SURFACE_CURVE('',#6382,(#6387,#6394),.PCURVE_S1.);
#6382 = CIRCLE('',#6383,1.);
#6383 = AXIS2_PLACEMENT_3D('',#6384,#6385,#6386);
#6384 = CARTESIAN_POINT('',(136.93543013382,16.683688285171,
    17.390795066358));
#6385 = DIRECTION('',(-0.686220426896,-0.514344984282,-0.514344984282));
#6386 = DIRECTION('',(-0.727393652509,0.485231117247,0.485231117247));
#6387 = PCURVE('',#3584,#6388);
#6388 = DEFINITIONAL_REPRESENTATION('',(#6389),#6393);
#6389 = LINE('',#6390,#6391);
#6390 = CARTESIAN_POINT('',(2.108407562811,-6.28318530718));
#6391 = VECTOR('',#6392,1.);
#6392 = DIRECTION('',(0.,1.));
#6393 = ( GEOMETRIC_REPRESENTATION_CONTEXT(2) 
PARAMETRIC_REPRESENTATION_CONTEXT() REPRESENTATION_CONTEXT('2D SPACE',''
  ) );
#6394 = PCURVE('',#3512,#6395);
#6395 = DEFINITIONAL_REPRESENTATION('',(#6396),#6400);
#6396 = LINE('',#6397,#6398);
#6397 = CARTESIAN_POINT('',(6.28318530718,1.760420462527));
#6398 = VECTOR('',#6399,1.);
#6399 = DIRECTION('',(-1.,-0.));
#6400 = ( GEOMETRIC_REPRESENTATION_CONTEXT(2) 
PARAMETRIC_REPRESENTATION_CONTEXT() REPRESENTATION_CONTEXT('2D SPACE',''
  ) );
#6401 = ORIENTED_EDGE('',*,*,#6354,.F.);
#6402 = ADVANCED_FACE('',(#6403),#3512,.T.);
#6403 = FACE_BOUND('',#6404,.T.);
#6404 = EDGE_LOOP('',(#6405,#6406,#6407,#6430,#6459));
#6405 = ORIENTED_EDGE('',*,*,#6380,.F.);
#6406 = ORIENTED_EDGE('',*,*,#3460,.F.);
#6407 = ORIENTED_EDGE('',*,*,#6408,.T.);
#6408 = EDGE_CURVE('',#3428,#6409,#6411,.T.);
#6409 = VERTEX_POINT('',#6410);
#6410 = CARTESIAN_POINT('',(160.43137518731,33.587572106361,
    35.708892449921));
#6411 = SURFACE_CURVE('',#6412,(#6416,#6423),.PCURVE_S1.);
#6412 = LINE('',#6413,#6414);
#6413 = CARTESIAN_POINT('',(135.7273936525,15.071118068857,
    17.192438412417));
#6414 = VECTOR('',#6415,1.);
#6415 = DIRECTION('',(0.686220426896,0.514344984281,0.514344984281));
#6416 = PCURVE('',#3512,#6417);
#6417 = DEFINITIONAL_REPRESENTATION('',(#6418),#6422);
#6418 = LINE('',#6419,#6420);
#6419 = CARTESIAN_POINT('',(1.570796326795,0.));
#6420 = VECTOR('',#6421,1.);
#6421 = DIRECTION('',(0.,1.));
#6422 = ( GEOMETRIC_REPRESENTATION_CONTEXT(2) 
PARAMETRIC_REPRESENTATION_CONTEXT() REPRESENTATION_CONTEXT('2D SPACE',''
  ) );
#6423 = PCURVE('',#3448,#6424);
#6424 = DEFINITIONAL_REPRESENTATION('',(#6425),#6429);
#6425 = LINE('',#6426,#6427);
#6426 = CARTESIAN_POINT('',(26.857406911678,-8.478491948914));
#6427 = VECTOR('',#6428,1.);
#6428 = DIRECTION('',(-0.686220426896,0.727393652509));
#6429 = ( GEOMETRIC_REPRESENTATION_CONTEXT(2) 
PARAMETRIC_REPRESENTATION_CONTEXT() REPRESENTATION_CONTEXT('2D SPACE',''
  ) );
#6430 = ORIENTED_EDGE('',*,*,#6431,.T.);
#6431 = EDGE_CURVE('',#6409,#6432,#6434,.T.);
#6432 = VERTEX_POINT('',#6433);
#6433 = CARTESIAN_POINT('',(159.7039815348,34.779910004794,
    35.487016785981));
#6434 = SURFACE_CURVE('',#6435,(#6440,#6447),.PCURVE_S1.);
#6435 = CIRCLE('',#6436,1.);
#6436 = AXIS2_PLACEMENT_3D('',#6437,#6438,#6439);
#6437 = CARTESIAN_POINT('',(160.43137518731,34.294678887548,
    35.001785668734));
#6438 = DIRECTION('',(-0.686220426896,-0.514344984281,-0.514344984281));
#6439 = DIRECTION('',(-0.727393652509,0.485231117247,0.485231117247));
#6440 = PCURVE('',#3512,#6441);
#6441 = DEFINITIONAL_REPRESENTATION('',(#6442),#6446);
#6442 = LINE('',#6443,#6444);
#6443 = CARTESIAN_POINT('',(6.28318530718,36.000067276577));
#6444 = VECTOR('',#6445,1.);
#6445 = DIRECTION('',(-1.,-0.));
#6446 = ( GEOMETRIC_REPRESENTATION_CONTEXT(2) 
PARAMETRIC_REPRESENTATION_CONTEXT() REPRESENTATION_CONTEXT('2D SPACE',''
  ) );
#6447 = PCURVE('',#6448,#6453);
#6448 = SPHERICAL_SURFACE('',#6449,1.);
#6449 = AXIS2_PLACEMENT_3D('',#6450,#6451,#6452);
#6450 = CARTESIAN_POINT('',(160.43137518731,34.294678887548,
    35.001785668734));
#6451 = DIRECTION('',(0.,0.707106781187,-0.707106781187));
#6452 = DIRECTION('',(0.,0.707106781187,0.707106781187));
#6453 = DEFINITIONAL_REPRESENTATION('',(#6454),#6458);
#6454 = LINE('',#6455,#6456);
#6455 = CARTESIAN_POINT('',(-0.814516144904,-6.28318530718));
#6456 = VECTOR('',#6457,1.);
#6457 = DIRECTION('',(-0.,1.));
#6458 = ( GEOMETRIC_REPRESENTATION_CONTEXT(2) 
PARAMETRIC_REPRESENTATION_CONTEXT() REPRESENTATION_CONTEXT('2D SPACE',''
  ) );
#6459 = ORIENTED_EDGE('',*,*,#6460,.F.);
#6460 = EDGE_CURVE('',#6330,#6432,#6461,.T.);
#6461 = SURFACE_CURVE('',#6462,(#6466,#6473),.PCURVE_S1.);
#6462 = LINE('',#6463,#6464);
#6463 = CARTESIAN_POINT('',(135.,16.263455967291,16.970562748477));
#6464 = VECTOR('',#6465,1.);
#6465 = DIRECTION('',(0.686220426896,0.514344984281,0.514344984281));
#6466 = PCURVE('',#3512,#6467);
#6467 = DEFINITIONAL_REPRESENTATION('',(#6468),#6472);
#6468 = LINE('',#6469,#6470);
#6469 = CARTESIAN_POINT('',(0.,0.));
#6470 = VECTOR('',#6471,1.);
#6471 = DIRECTION('',(0.,1.));
#6472 = ( GEOMETRIC_REPRESENTATION_CONTEXT(2) 
PARAMETRIC_REPRESENTATION_CONTEXT() REPRESENTATION_CONTEXT('2D SPACE',''
  ) );
#6473 = PCURVE('',#6287,#6474);
#6474 = DEFINITIONAL_REPRESENTATION('',(#6475),#6479);
#6475 = LINE('',#6476,#6477);
#6476 = CARTESIAN_POINT('',(-3.663735981263E-15,-0.5));
#6477 = VECTOR('',#6478,1.);
#6478 = DIRECTION('',(1.,-1.110223024625E-16));
#6479 = ( GEOMETRIC_REPRESENTATION_CONTEXT(2) 
PARAMETRIC_REPRESENTATION_CONTEXT() REPRESENTATION_CONTEXT('2D SPACE',''
  ) );
#6480 = ADVANCED_FACE('',(#6481),#3448,.F.);
#6481 = FACE_BOUND('',#6482,.F.);
#6482 = EDGE_LOOP('',(#6483,#6484,#6485,#6513));
#6483 = ORIENTED_EDGE('',*,*,#3427,.T.);
#6484 = ORIENTED_EDGE('',*,*,#6408,.T.);
#6485 = ORIENTED_EDGE('',*,*,#6486,.T.);
#6486 = EDGE_CURVE('',#6409,#6487,#6489,.T.);
#6487 = VERTEX_POINT('',#6488);
#6488 = CARTESIAN_POINT('',(179.,33.587572106361,35.708892449921));
#6489 = SURFACE_CURVE('',#6490,(#6494,#6501),.PCURVE_S1.);
#6490 = LINE('',#6491,#6492);
#6491 = CARTESIAN_POINT('',(160.,33.587572106361,35.708892449921));
#6492 = VECTOR('',#6493,1.);
#6493 = DIRECTION('',(1.,0.,0.));
#6494 = PCURVE('',#3448,#6495);
#6495 = DEFINITIONAL_REPRESENTATION('',(#6496),#6500);
#6496 = LINE('',#6497,#6498);
#6497 = CARTESIAN_POINT('',(2.584800564187,17.707728477981));
#6498 = VECTOR('',#6499,1.);
#6499 = DIRECTION('',(-1.,0.));
#6500 = ( GEOMETRIC_REPRESENTATION_CONTEXT(2) 
PARAMETRIC_REPRESENTATION_CONTEXT() REPRESENTATION_CONTEXT('2D SPACE',''
  ) );
#6501 = PCURVE('',#6502,#6507);
#6502 = CYLINDRICAL_SURFACE('',#6503,1.);
#6503 = AXIS2_PLACEMENT_3D('',#6504,#6505,#6506);
#6504 = CARTESIAN_POINT('',(160.,34.294678887548,35.001785668734));
#6505 = DIRECTION('',(1.,0.,0.));
#6506 = DIRECTION('',(0.,0.707106781187,0.707106781187));
#6507 = DEFINITIONAL_REPRESENTATION('',(#6508),#6512);
#6508 = LINE('',#6509,#6510);
#6509 = CARTESIAN_POINT('',(1.570796326795,0.));
#6510 = VECTOR('',#6511,1.);
#6511 = DIRECTION('',(0.,1.));
#6512 = ( GEOMETRIC_REPRESENTATION_CONTEXT(2) 
PARAMETRIC_REPRESENTATION_CONTEXT() REPRESENTATION_CONTEXT('2D SPACE',''
  ) );
#6513 = ORIENTED_EDGE('',*,*,#6514,.T.);
#6514 = EDGE_CURVE('',#6487,#3349,#6515,.T.);
#6515 = SURFACE_CURVE('',#6516,(#6520,#6527),.PCURVE_S1.);
#6516 = LINE('',#6517,#6518);
#6517 = CARTESIAN_POINT('',(179.,34.294678887548,36.415999231107));
#6518 = VECTOR('',#6519,1.);
#6519 = DIRECTION('',(0.,-0.707106781187,-0.707106781187));
#6520 = PCURVE('',#3448,#6521);
#6521 = DEFINITIONAL_REPRESENTATION('',(#6522),#6526);
#6522 = LINE('',#6523,#6524);
#6523 = CARTESIAN_POINT('',(-16.41519943581,18.707728477981));
#6524 = VECTOR('',#6525,1.);
#6525 = DIRECTION('',(-0.,-1.));
#6526 = ( GEOMETRIC_REPRESENTATION_CONTEXT(2) 
PARAMETRIC_REPRESENTATION_CONTEXT() REPRESENTATION_CONTEXT('2D SPACE',''
  ) );
#6527 = PCURVE('',#3398,#6528);
#6528 = DEFINITIONAL_REPRESENTATION('',(#6529),#6533);
#6529 = LINE('',#6530,#6531);
#6530 = CARTESIAN_POINT('',(-0.,0.));
#6531 = VECTOR('',#6532,1.);
#6532 = DIRECTION('',(-0.,1.));
#6533 = ( GEOMETRIC_REPRESENTATION_CONTEXT(2) 
PARAMETRIC_REPRESENTATION_CONTEXT() REPRESENTATION_CONTEXT('2D SPACE',''
  ) );
#6534 = ADVANCED_FACE('',(#6535),#3398,.T.);
#6535 = FACE_BOUND('',#6536,.F.);
#6536 = EDGE_LOOP('',(#6537,#6564,#6565,#6566));
#6537 = ORIENTED_EDGE('',*,*,#6538,.F.);
#6538 = EDGE_CURVE('',#5490,#6487,#6539,.T.);
#6539 = SURFACE_CURVE('',#6540,(#6545,#6552),.PCURVE_S1.);
#6540 = CIRCLE('',#6541,1.);
#6541 = AXIS2_PLACEMENT_3D('',#6542,#6543,#6544);
#6542 = CARTESIAN_POINT('',(179.,34.294678887548,35.001785668734));
#6543 = DIRECTION('',(-0.,-0.707106781187,-0.707106781187));
#6544 = DIRECTION('',(0.,-0.707106781187,0.707106781187));
#6545 = PCURVE('',#3398,#6546);
#6546 = DEFINITIONAL_REPRESENTATION('',(#6547),#6551);
#6547 = LINE('',#6548,#6549);
#6548 = CARTESIAN_POINT('',(-6.28318530718,1.));
#6549 = VECTOR('',#6550,1.);
#6550 = DIRECTION('',(1.,-0.));
#6551 = ( GEOMETRIC_REPRESENTATION_CONTEXT(2) 
PARAMETRIC_REPRESENTATION_CONTEXT() REPRESENTATION_CONTEXT('2D SPACE',''
  ) );
#6552 = PCURVE('',#6553,#6558);
#6553 = SPHERICAL_SURFACE('',#6554,1.);
#6554 = AXIS2_PLACEMENT_3D('',#6555,#6556,#6557);
#6555 = CARTESIAN_POINT('',(179.,34.294678887548,35.001785668734));
#6556 = DIRECTION('',(-1.,0.,-0.));
#6557 = DIRECTION('',(0.,0.707106781187,0.707106781187));
#6558 = DEFINITIONAL_REPRESENTATION('',(#6559),#6563);
#6559 = LINE('',#6560,#6561);
#6560 = CARTESIAN_POINT('',(-1.570796326795,-6.28318530718));
#6561 = VECTOR('',#6562,1.);
#6562 = DIRECTION('',(-0.,1.));
#6563 = ( GEOMETRIC_REPRESENTATION_CONTEXT(2) 
PARAMETRIC_REPRESENTATION_CONTEXT() REPRESENTATION_CONTEXT('2D SPACE',''
  ) );
#6564 = ORIENTED_EDGE('',*,*,#5517,.T.);
#6565 = ORIENTED_EDGE('',*,*,#3348,.F.);
#6566 = ORIENTED_EDGE('',*,*,#6514,.F.);
#6567 = ADVANCED_FACE('',(#6568),#5049,.T.);
#6568 = FACE_BOUND('',#6569,.T.);
#6569 = EDGE_LOOP('',(#6570,#6571,#6572,#6573));
#6570 = ORIENTED_EDGE('',*,*,#5033,.T.);
#6571 = ORIENTED_EDGE('',*,*,#5085,.F.);
#6572 = ORIENTED_EDGE('',*,*,#5177,.F.);
#6573 = ORIENTED_EDGE('',*,*,#6574,.T.);
#6574 = EDGE_CURVE('',#5178,#5008,#6575,.T.);
#6575 = SURFACE_CURVE('',#6576,(#6581,#6588),.PCURVE_S1.);
#6576 = CIRCLE('',#6577,22.5);
#6577 = AXIS2_PLACEMENT_3D('',#6578,#6579,#6580);
#6578 = CARTESIAN_POINT('',(127.,0.,0.));
#6579 = DIRECTION('',(1.,0.,0.));
#6580 = DIRECTION('',(-0.,0.,1.));
#6581 = PCURVE('',#5049,#6582);
#6582 = DEFINITIONAL_REPRESENTATION('',(#6583),#6587);
#6583 = LINE('',#6584,#6585);
#6584 = CARTESIAN_POINT('',(0.,0.));
#6585 = VECTOR('',#6586,1.);
#6586 = DIRECTION('',(1.,0.));
#6587 = ( GEOMETRIC_REPRESENTATION_CONTEXT(2) 
PARAMETRIC_REPRESENTATION_CONTEXT() REPRESENTATION_CONTEXT('2D SPACE',''
  ) );
#6588 = PCURVE('',#5022,#6589);
#6589 = DEFINITIONAL_REPRESENTATION('',(#6590),#6594);
#6590 = CIRCLE('',#6591,22.5);
#6591 = AXIS2_PLACEMENT_2D('',#6592,#6593);
#6592 = CARTESIAN_POINT('',(0.,0.));
#6593 = DIRECTION('',(1.,0.));
#6594 = ( GEOMETRIC_REPRESENTATION_CONTEXT(2) 
PARAMETRIC_REPRESENTATION_CONTEXT() REPRESENTATION_CONTEXT('2D SPACE',''
  ) );
#6595 = ADVANCED_FACE('',(#6596),#5022,.F.);
#6596 = FACE_BOUND('',#6597,.F.);
#6597 = EDGE_LOOP('',(#6598,#6599,#6600,#6622));
#6598 = ORIENTED_EDGE('',*,*,#6574,.T.);
#6599 = ORIENTED_EDGE('',*,*,#5007,.F.);
#6600 = ORIENTED_EDGE('',*,*,#6601,.F.);
#6601 = EDGE_CURVE('',#5199,#4980,#6602,.T.);
#6602 = SURFACE_CURVE('',#6603,(#6608,#6615),.PCURVE_S1.);
#6603 = CIRCLE('',#6604,20.);
#6604 = AXIS2_PLACEMENT_3D('',#6605,#6606,#6607);
#6605 = CARTESIAN_POINT('',(127.,0.,0.));
#6606 = DIRECTION('',(1.,0.,0.));
#6607 = DIRECTION('',(-0.,0.,1.));
#6608 = PCURVE('',#5022,#6609);
#6609 = DEFINITIONAL_REPRESENTATION('',(#6610),#6614);
#6610 = CIRCLE('',#6611,20.);
#6611 = AXIS2_PLACEMENT_2D('',#6612,#6613);
#6612 = CARTESIAN_POINT('',(0.,0.));
#6613 = DIRECTION('',(1.,0.));
#6614 = ( GEOMETRIC_REPRESENTATION_CONTEXT(2) 
PARAMETRIC_REPRESENTATION_CONTEXT() REPRESENTATION_CONTEXT('2D SPACE',''
  ) );
#6615 = PCURVE('',#4995,#6616);
#6616 = DEFINITIONAL_REPRESENTATION('',(#6617),#6621);
#6617 = LINE('',#6618,#6619);
#6618 = CARTESIAN_POINT('',(0.,1.000000000001E-02));
#6619 = VECTOR('',#6620,1.);
#6620 = DIRECTION('',(1.,0.));
#6621 = ( GEOMETRIC_REPRESENTATION_CONTEXT(2) 
PARAMETRIC_REPRESENTATION_CONTEXT() REPRESENTATION_CONTEXT('2D SPACE',''
  ) );
#6622 = ORIENTED_EDGE('',*,*,#5198,.F.);
#6623 = ADVANCED_FACE('',(#6624),#4995,.F.);
#6624 = FACE_BOUND('',#6625,.F.);
#6625 = EDGE_LOOP('',(#6626,#6627,#6628,#6650));
#6626 = ORIENTED_EDGE('',*,*,#6601,.T.);
#6627 = ORIENTED_EDGE('',*,*,#4979,.F.);
#6628 = ORIENTED_EDGE('',*,*,#6629,.F.);
#6629 = EDGE_CURVE('',#5220,#4954,#6630,.T.);
#6630 = SURFACE_CURVE('',#6631,(#6636,#6643),.PCURVE_S1.);
#6631 = CIRCLE('',#6632,20.);
#6632 = AXIS2_PLACEMENT_3D('',#6633,#6634,#6635);
#6633 = CARTESIAN_POINT('',(137.,0.,0.));
#6634 = DIRECTION('',(1.,0.,0.));
#6635 = DIRECTION('',(-0.,0.,1.));
#6636 = PCURVE('',#4995,#6637);
#6637 = DEFINITIONAL_REPRESENTATION('',(#6638),#6642);
#6638 = LINE('',#6639,#6640);
#6639 = CARTESIAN_POINT('',(0.,10.01));
#6640 = VECTOR('',#6641,1.);
#6641 = DIRECTION('',(1.,0.));
#6642 = ( GEOMETRIC_REPRESENTATION_CONTEXT(2) 
PARAMETRIC_REPRESENTATION_CONTEXT() REPRESENTATION_CONTEXT('2D SPACE',''
  ) );
#6643 = PCURVE('',#4968,#6644);
#6644 = DEFINITIONAL_REPRESENTATION('',(#6645),#6649);
#6645 = CIRCLE('',#6646,20.);
#6646 = AXIS2_PLACEMENT_2D('',#6647,#6648);
#6647 = CARTESIAN_POINT('',(0.,0.));
#6648 = DIRECTION('',(1.,0.));
#6649 = ( GEOMETRIC_REPRESENTATION_CONTEXT(2) 
PARAMETRIC_REPRESENTATION_CONTEXT() REPRESENTATION_CONTEXT('2D SPACE',''
  ) );
#6650 = ORIENTED_EDGE('',*,*,#5219,.F.);
#6651 = ADVANCED_FACE('',(#6652),#4968,.T.);
#6652 = FACE_BOUND('',#6653,.T.);
#6653 = EDGE_LOOP('',(#6654,#6676,#6677,#6678));
#6654 = ORIENTED_EDGE('',*,*,#6655,.T.);
#6655 = EDGE_CURVE('',#5241,#4926,#6656,.T.);
#6656 = SURFACE_CURVE('',#6657,(#6662,#6669),.PCURVE_S1.);
#6657 = CIRCLE('',#6658,21.994570984085);
#6658 = AXIS2_PLACEMENT_3D('',#6659,#6660,#6661);
#6659 = CARTESIAN_POINT('',(137.,0.,0.));
#6660 = DIRECTION('',(1.,0.,0.));
#6661 = DIRECTION('',(-0.,0.,1.));
#6662 = PCURVE('',#4968,#6663);
#6663 = DEFINITIONAL_REPRESENTATION('',(#6664),#6668);
#6664 = CIRCLE('',#6665,21.994570984085);
#6665 = AXIS2_PLACEMENT_2D('',#6666,#6667);
#6666 = CARTESIAN_POINT('',(0.,0.));
#6667 = DIRECTION('',(1.,0.));
#6668 = ( GEOMETRIC_REPRESENTATION_CONTEXT(2) 
PARAMETRIC_REPRESENTATION_CONTEXT() REPRESENTATION_CONTEXT('2D SPACE',''
  ) );
#6669 = PCURVE('',#4941,#6670);
#6670 = DEFINITIONAL_REPRESENTATION('',(#6671),#6675);
#6671 = LINE('',#6672,#6673);
#6672 = CARTESIAN_POINT('',(-0.,-2.));
#6673 = VECTOR('',#6674,1.);
#6674 = DIRECTION('',(-1.,-0.));
#6675 = ( GEOMETRIC_REPRESENTATION_CONTEXT(2) 
PARAMETRIC_REPRESENTATION_CONTEXT() REPRESENTATION_CONTEXT('2D SPACE',''
  ) );
#6676 = ORIENTED_EDGE('',*,*,#4953,.F.);
#6677 = ORIENTED_EDGE('',*,*,#6629,.F.);
#6678 = ORIENTED_EDGE('',*,*,#5240,.F.);
#6679 = ADVANCED_FACE('',(#6680),#4941,.F.);
#6680 = FACE_BOUND('',#6681,.F.);
#6681 = EDGE_LOOP('',(#6682,#6683,#6684,#6708,#6740,#6782));
#6682 = ORIENTED_EDGE('',*,*,#6655,.T.);
#6683 = ORIENTED_EDGE('',*,*,#4925,.T.);
#6684 = ORIENTED_EDGE('',*,*,#6685,.F.);
#6685 = EDGE_CURVE('',#6686,#4900,#6688,.T.);
#6686 = VERTEX_POINT('',#6687);
#6687 = CARTESIAN_POINT('',(177.5,1.5,-12.90770603401));
#6688 = SURFACE_CURVE('',#6689,(#6694,#6701),.PCURVE_S1.);
#6689 = CIRCLE('',#6690,12.994570984085);
#6690 = AXIS2_PLACEMENT_3D('',#6691,#6692,#6693);
#6691 = CARTESIAN_POINT('',(177.5,0.,0.));
#6692 = DIRECTION('',(1.,0.,0.));
#6693 = DIRECTION('',(-0.,0.,1.));
#6694 = PCURVE('',#4941,#6695);
#6695 = DEFINITIONAL_REPRESENTATION('',(#6696),#6700);
#6696 = LINE('',#6697,#6698);
#6697 = CARTESIAN_POINT('',(-0.,-42.5));
#6698 = VECTOR('',#6699,1.);
#6699 = DIRECTION('',(-1.,-0.));
#6700 = ( GEOMETRIC_REPRESENTATION_CONTEXT(2) 
PARAMETRIC_REPRESENTATION_CONTEXT() REPRESENTATION_CONTEXT('2D SPACE',''
  ) );
#6701 = PCURVE('',#4914,#6702);
#6702 = DEFINITIONAL_REPRESENTATION('',(#6703),#6707);
#6703 = CIRCLE('',#6704,12.994570984085);
#6704 = AXIS2_PLACEMENT_2D('',#6705,#6706);
#6705 = CARTESIAN_POINT('',(0.,0.));
#6706 = DIRECTION('',(1.,0.));
#6707 = ( GEOMETRIC_REPRESENTATION_CONTEXT(2) 
PARAMETRIC_REPRESENTATION_CONTEXT() REPRESENTATION_CONTEXT('2D SPACE',''
  ) );
#6708 = ORIENTED_EDGE('',*,*,#6709,.F.);
#6709 = EDGE_CURVE('',#6710,#6686,#6712,.T.);
#6710 = VERTEX_POINT('',#6711);
#6711 = CARTESIAN_POINT('',(170.71420250336,1.5,-14.42474470822));
#6712 = SURFACE_CURVE('',#6713,(#6718,#6728),.PCURVE_S1.);
#6713 = HYPERBOLA('',#6714,6.75,1.5);
#6714 = AXIS2_PLACEMENT_3D('',#6715,#6716,#6717);
#6715 = CARTESIAN_POINT('',(235.97556942838,1.5,0.));
#6716 = DIRECTION('',(0.,1.,0.));
#6717 = DIRECTION('',(-1.,0.,0.));
#6718 = PCURVE('',#4941,#6719);
#6719 = DEFINITIONAL_REPRESENTATION('',(#6720),#6727);
#6720 = B_SPLINE_CURVE_WITH_KNOTS('',5,(#6721,#6722,#6723,#6724,#6725,
    #6726),.UNSPECIFIED.,.F.,.F.,(6,6),(-2.985383561965,-2.84886577249),
  .PIECEWISE_BEZIER_KNOTS.);
#6721 = CARTESIAN_POINT('',(-3.242547068368,-34.));
#6722 = CARTESIAN_POINT('',(-3.245298803327,-35.81936052864));
#6723 = CARTESIAN_POINT('',(-3.248143975296,-37.57630952752));
#6724 = CARTESIAN_POINT('',(-3.251086771203,-39.27367254953));
#6725 = CARTESIAN_POINT('',(-3.254131650309,-40.91408165453));
#6726 = CARTESIAN_POINT('',(-3.257283377049,-42.5));
#6727 = ( GEOMETRIC_REPRESENTATION_CONTEXT(2) 
PARAMETRIC_REPRESENTATION_CONTEXT() REPRESENTATION_CONTEXT('2D SPACE',''
  ) );
#6728 = PCURVE('',#6729,#6734);
#6729 = PLANE('',#6730);
#6730 = AXIS2_PLACEMENT_3D('',#6731,#6732,#6733);
#6731 = CARTESIAN_POINT('',(175.,1.5,-17.));
#6732 = DIRECTION('',(0.,1.,0.));
#6733 = DIRECTION('',(0.,-0.,1.));
#6734 = DEFINITIONAL_REPRESENTATION('',(#6735),#6739);
#6735 = ( BOUNDED_CURVE() B_SPLINE_CURVE(2,(#6736,#6737,#6738),
.UNSPECIFIED.,.F.,.F.) B_SPLINE_CURVE_WITH_KNOTS((3,3),(-2.985383561965,
-2.84886577249),.PIECEWISE_BEZIER_KNOTS.) CURVE() 
GEOMETRIC_REPRESENTATION_ITEM() RATIONAL_B_SPLINE_CURVE((1.,
1.002330543032,1.)) REPRESENTATION_ITEM('') );
#6736 = CARTESIAN_POINT('',(2.192320310378,-6.));
#6737 = CARTESIAN_POINT('',(3.206673935568,-1.458649624549));
#6738 = CARTESIAN_POINT('',(4.092293965989,2.5));
#6739 = ( GEOMETRIC_REPRESENTATION_CONTEXT(2) 
PARAMETRIC_REPRESENTATION_CONTEXT() REPRESENTATION_CONTEXT('2D SPACE',''
  ) );
#6740 = ORIENTED_EDGE('',*,*,#6741,.F.);
#6741 = EDGE_CURVE('',#5262,#6710,#6742,.T.);
#6742 = SURFACE_CURVE('',#6743,(#6754,#6768),.PCURVE_S1.);
#6743 = B_SPLINE_CURVE_WITH_KNOTS('',5,(#6744,#6745,#6746,#6747,#6748,
    #6749,#6750,#6751,#6752,#6753),.UNSPECIFIED.,.F.,.F.,(6,4,6),(0.,
    0.500000000003,1.),.UNSPECIFIED.);
#6744 = CARTESIAN_POINT('',(170.71420254666,-1.5000006,-14.42474463615)
  );
#6745 = CARTESIAN_POINT('',(170.69264706933,-1.201339544539,
    -14.46061774262));
#6746 = CARTESIAN_POINT('',(170.67704867462,-0.90165829673,
    -14.48742683969));
#6747 = CARTESIAN_POINT('',(170.66682574071,-0.601387567454,
    -14.50526196144));
#6748 = CARTESIAN_POINT('',(170.66171087003,-0.300795999409,
    -14.51419079074));
#6749 = CARTESIAN_POINT('',(170.66171087003,0.300795999405,
    -14.51419079074));
#6750 = CARTESIAN_POINT('',(170.66682574071,0.601387567456,
    -14.50526196144));
#6751 = CARTESIAN_POINT('',(170.67704867462,0.901658296729,
    -14.48742683969));
#6752 = CARTESIAN_POINT('',(170.69264706933,1.201339544539,
    -14.46061774262));
#6753 = CARTESIAN_POINT('',(170.71420254666,1.5000006,-14.42474463615));
#6754 = PCURVE('',#4941,#6755);
#6755 = DEFINITIONAL_REPRESENTATION('',(#6756),#6767);
#6756 = B_SPLINE_CURVE_WITH_KNOTS('',5,(#6757,#6758,#6759,#6760,#6761,
    #6762,#6763,#6764,#6765,#6766),.UNSPECIFIED.,.F.,.F.,(6,4,6),(0.,
    0.500000000003,1.),.UNSPECIFIED.);
#6757 = CARTESIAN_POINT('',(-3.037977047731,-35.71420254666));
#6758 = CARTESIAN_POINT('',(-3.05871616687,-35.69264706933));
#6759 = CARTESIAN_POINT('',(-3.079443484519,-35.67704867462));
#6760 = CARTESIAN_POINT('',(-3.100158187134,-35.66682574071));
#6761 = CARTESIAN_POINT('',(-3.120868384235,-35.66171087003));
#6762 = CARTESIAN_POINT('',(-3.162316922944,-35.66171087003));
#6763 = CARTESIAN_POINT('',(-3.183027120045,-35.66682574071));
#6764 = CARTESIAN_POINT('',(-3.203741822661,-35.67704867462));
#6765 = CARTESIAN_POINT('',(-3.224469140309,-35.69264706933));
#6766 = CARTESIAN_POINT('',(-3.245208259449,-35.71420254666));
#6767 = ( GEOMETRIC_REPRESENTATION_CONTEXT(2) 
PARAMETRIC_REPRESENTATION_CONTEXT() REPRESENTATION_CONTEXT('2D SPACE',''
  ) );
#6768 = PCURVE('',#5299,#6769);
#6769 = DEFINITIONAL_REPRESENTATION('',(#6770),#6781);
#6770 = B_SPLINE_CURVE_WITH_KNOTS('',5,(#6771,#6772,#6773,#6774,#6775,
    #6776,#6777,#6778,#6779,#6780),.UNSPECIFIED.,.F.,.F.,(6,4,6),(
    2.008966310785E-07,0.500000000003,0.999999799103),.UNSPECIFIED.);
#6771 = CARTESIAN_POINT('',(5.253456195493,3.356869920516E-16));
#6772 = CARTESIAN_POINT('',(5.245085973261,0.298660937101));
#6773 = CARTESIAN_POINT('',(5.238883237768,0.598342065211));
#6774 = CARTESIAN_POINT('',(5.234771543818,0.898612674097));
#6775 = CARTESIAN_POINT('',(5.232713621972,1.199204121449));
#6776 = CARTESIAN_POINT('',(5.232713621972,1.800795878547));
#6777 = CARTESIAN_POINT('',(5.234771543818,2.101387325905));
#6778 = CARTESIAN_POINT('',(5.238883237768,2.401657934789));
#6779 = CARTESIAN_POINT('',(5.245085973261,2.701339062899));
#6780 = CARTESIAN_POINT('',(5.253456195493,3.));
#6781 = ( GEOMETRIC_REPRESENTATION_CONTEXT(2) 
PARAMETRIC_REPRESENTATION_CONTEXT() REPRESENTATION_CONTEXT('2D SPACE',''
  ) );
#6782 = ORIENTED_EDGE('',*,*,#5261,.T.);
#6783 = ADVANCED_FACE('',(#6784,#6851),#4914,.F.);
#6784 = FACE_BOUND('',#6785,.F.);
#6785 = EDGE_LOOP('',(#6786,#6807,#6808,#6809,#6831,#6832));
#6786 = ORIENTED_EDGE('',*,*,#6787,.F.);
#6787 = EDGE_CURVE('',#6686,#6788,#6790,.T.);
#6788 = VERTEX_POINT('',#6789);
#6789 = CARTESIAN_POINT('',(177.5,1.5,-12.66987298107));
#6790 = SURFACE_CURVE('',#6791,(#6795,#6801),.PCURVE_S1.);
#6791 = LINE('',#6792,#6793);
#6792 = CARTESIAN_POINT('',(177.5,1.5,-8.5));
#6793 = VECTOR('',#6794,1.);
#6794 = DIRECTION('',(0.,0.,1.));
#6795 = PCURVE('',#4914,#6796);
#6796 = DEFINITIONAL_REPRESENTATION('',(#6797),#6800);
#6797 = B_SPLINE_CURVE_WITH_KNOTS('',1,(#6798,#6799),.UNSPECIFIED.,.F.,
  .F.,(2,2),(-4.494570984085,-3.5),.PIECEWISE_BEZIER_KNOTS.);
#6798 = CARTESIAN_POINT('',(-12.99457098408,-1.5));
#6799 = CARTESIAN_POINT('',(-12.,-1.5));
#6800 = ( GEOMETRIC_REPRESENTATION_CONTEXT(2) 
PARAMETRIC_REPRESENTATION_CONTEXT() REPRESENTATION_CONTEXT('2D SPACE',''
  ) );
#6801 = PCURVE('',#6729,#6802);
#6802 = DEFINITIONAL_REPRESENTATION('',(#6803),#6806);
#6803 = B_SPLINE_CURVE_WITH_KNOTS('',1,(#6804,#6805),.UNSPECIFIED.,.F.,
  .F.,(2,2),(-4.494570984085,-3.5),.PIECEWISE_BEZIER_KNOTS.);
#6804 = CARTESIAN_POINT('',(4.005429015915,2.5));
#6805 = CARTESIAN_POINT('',(5.,2.5));
#6806 = ( GEOMETRIC_REPRESENTATION_CONTEXT(2) 
PARAMETRIC_REPRESENTATION_CONTEXT() REPRESENTATION_CONTEXT('2D SPACE',''
  ) );
#6807 = ORIENTED_EDGE('',*,*,#6685,.T.);
#6808 = ORIENTED_EDGE('',*,*,#4899,.F.);
#6809 = ORIENTED_EDGE('',*,*,#6810,.F.);
#6810 = EDGE_CURVE('',#5312,#4872,#6811,.T.);
#6811 = SURFACE_CURVE('',#6812,(#6817,#6824),.PCURVE_S1.);
#6812 = CIRCLE('',#6813,3.);
#6813 = AXIS2_PLACEMENT_3D('',#6814,#6815,#6816);
#6814 = CARTESIAN_POINT('',(177.5,0.,0.));
#6815 = DIRECTION('',(1.,0.,0.));
#6816 = DIRECTION('',(-0.,0.,1.));
#6817 = PCURVE('',#4914,#6818);
#6818 = DEFINITIONAL_REPRESENTATION('',(#6819),#6823);
#6819 = CIRCLE('',#6820,3.);
#6820 = AXIS2_PLACEMENT_2D('',#6821,#6822);
#6821 = CARTESIAN_POINT('',(0.,0.));
#6822 = DIRECTION('',(1.,0.));
#6823 = ( GEOMETRIC_REPRESENTATION_CONTEXT(2) 
PARAMETRIC_REPRESENTATION_CONTEXT() REPRESENTATION_CONTEXT('2D SPACE',''
  ) );
#6824 = PCURVE('',#4887,#6825);
#6825 = DEFINITIONAL_REPRESENTATION('',(#6826),#6830);
#6826 = LINE('',#6827,#6828);
#6827 = CARTESIAN_POINT('',(0.,9.999999999999E-02));
#6828 = VECTOR('',#6829,1.);
#6829 = DIRECTION('',(1.,0.));
#6830 = ( GEOMETRIC_REPRESENTATION_CONTEXT(2) 
PARAMETRIC_REPRESENTATION_CONTEXT() REPRESENTATION_CONTEXT('2D SPACE',''
  ) );
#6831 = ORIENTED_EDGE('',*,*,#5311,.F.);
#6832 = ORIENTED_EDGE('',*,*,#6833,.T.);
#6833 = EDGE_CURVE('',#5283,#6788,#6834,.T.);
#6834 = SURFACE_CURVE('',#6835,(#6839,#6845),.PCURVE_S1.);
#6835 = LINE('',#6836,#6837);
#6836 = CARTESIAN_POINT('',(177.5,-1.5,-12.66987298107));
#6837 = VECTOR('',#6838,1.);
#6838 = DIRECTION('',(0.,1.,0.));
#6839 = PCURVE('',#4914,#6840);
#6840 = DEFINITIONAL_REPRESENTATION('',(#6841),#6844);
#6841 = B_SPLINE_CURVE_WITH_KNOTS('',1,(#6842,#6843),.UNSPECIFIED.,.F.,
  .F.,(2,2),(-5.999999999062E-07,3.0000006),.PIECEWISE_BEZIER_KNOTS.);
#6842 = CARTESIAN_POINT('',(-12.66987298107,1.5000006));
#6843 = CARTESIAN_POINT('',(-12.66987298107,-1.5000006));
#6844 = ( GEOMETRIC_REPRESENTATION_CONTEXT(2) 
PARAMETRIC_REPRESENTATION_CONTEXT() REPRESENTATION_CONTEXT('2D SPACE',''
  ) );
#6845 = PCURVE('',#5299,#6846);
#6846 = DEFINITIONAL_REPRESENTATION('',(#6847),#6850);
#6847 = B_SPLINE_CURVE_WITH_KNOTS('',1,(#6848,#6849),.UNSPECIFIED.,.F.,
  .F.,(2,2),(0.,3.),.PIECEWISE_BEZIER_KNOTS.);
#6848 = CARTESIAN_POINT('',(6.806784082778,0.));
#6849 = CARTESIAN_POINT('',(6.806784082778,3.));
#6850 = ( GEOMETRIC_REPRESENTATION_CONTEXT(2) 
PARAMETRIC_REPRESENTATION_CONTEXT() REPRESENTATION_CONTEXT('2D SPACE',''
  ) );
#6851 = FACE_BOUND('',#6852,.F.);
#6852 = EDGE_LOOP('',(#6853));
#6853 = ORIENTED_EDGE('',*,*,#6854,.F.);
#6854 = EDGE_CURVE('',#6855,#6855,#6857,.T.);
#6855 = VERTEX_POINT('',#6856);
#6856 = CARTESIAN_POINT('',(177.5,9.,2.5));
#6857 = SURFACE_CURVE('',#6858,(#6863,#6870),.PCURVE_S1.);
#6858 = CIRCLE('',#6859,2.5);
#6859 = AXIS2_PLACEMENT_3D('',#6860,#6861,#6862);
#6860 = CARTESIAN_POINT('',(177.5,9.,0.));
#6861 = DIRECTION('',(1.,0.,0.));
#6862 = DIRECTION('',(-0.,0.,1.));
#6863 = PCURVE('',#4914,#6864);
#6864 = DEFINITIONAL_REPRESENTATION('',(#6865),#6869);
#6865 = CIRCLE('',#6866,2.5);
#6866 = AXIS2_PLACEMENT_2D('',#6867,#6868);
#6867 = CARTESIAN_POINT('',(0.,-9.));
#6868 = DIRECTION('',(1.,0.));
#6869 = ( GEOMETRIC_REPRESENTATION_CONTEXT(2) 
PARAMETRIC_REPRESENTATION_CONTEXT() REPRESENTATION_CONTEXT('2D SPACE',''
  ) );
#6870 = PCURVE('',#5632,#6871);
#6871 = DEFINITIONAL_REPRESENTATION('',(#6872),#6876);
#6872 = LINE('',#6873,#6874);
#6873 = CARTESIAN_POINT('',(0.,9.999999999999E-02));
#6874 = VECTOR('',#6875,1.);
#6875 = DIRECTION('',(1.,0.));
#6876 = ( GEOMETRIC_REPRESENTATION_CONTEXT(2) 
PARAMETRIC_REPRESENTATION_CONTEXT() REPRESENTATION_CONTEXT('2D SPACE',''
  ) );
#6877 = ADVANCED_FACE('',(#6878),#4887,.F.);
#6878 = FACE_BOUND('',#6879,.F.);
#6879 = EDGE_LOOP('',(#6880,#6881,#6882,#6883));
#6880 = ORIENTED_EDGE('',*,*,#4871,.T.);
#6881 = ORIENTED_EDGE('',*,*,#5540,.F.);
#6882 = ORIENTED_EDGE('',*,*,#5332,.F.);
#6883 = ORIENTED_EDGE('',*,*,#6810,.T.);
#6884 = ADVANCED_FACE('',(#6885),#5299,.T.);
#6885 = FACE_BOUND('',#6886,.T.);
#6886 = EDGE_LOOP('',(#6887,#6909,#6910,#6911));
#6887 = ORIENTED_EDGE('',*,*,#6888,.F.);
#6888 = EDGE_CURVE('',#6710,#6788,#6889,.T.);
#6889 = SURFACE_CURVE('',#6890,(#6895,#6902),.PCURVE_S1.);
#6890 = CIRCLE('',#6891,5.);
#6891 = AXIS2_PLACEMENT_3D('',#6892,#6893,#6894);
#6892 = CARTESIAN_POINT('',(175.,1.5,-17.));
#6893 = DIRECTION('',(0.,1.,-0.));
#6894 = DIRECTION('',(-0.857159499327,0.,0.515051058356));
#6895 = PCURVE('',#5299,#6896);
#6896 = DEFINITIONAL_REPRESENTATION('',(#6897),#6901);
#6897 = LINE('',#6898,#6899);
#6898 = CARTESIAN_POINT('',(5.253456195493,3.));
#6899 = VECTOR('',#6900,1.);
#6900 = DIRECTION('',(1.,0.));
#6901 = ( GEOMETRIC_REPRESENTATION_CONTEXT(2) 
PARAMETRIC_REPRESENTATION_CONTEXT() REPRESENTATION_CONTEXT('2D SPACE',''
  ) );
#6902 = PCURVE('',#6729,#6903);
#6903 = DEFINITIONAL_REPRESENTATION('',(#6904),#6908);
#6904 = CIRCLE('',#6905,5.);
#6905 = AXIS2_PLACEMENT_2D('',#6906,#6907);
#6906 = CARTESIAN_POINT('',(0.,0.));
#6907 = DIRECTION('',(0.515051058356,-0.857159499327));
#6908 = ( GEOMETRIC_REPRESENTATION_CONTEXT(2) 
PARAMETRIC_REPRESENTATION_CONTEXT() REPRESENTATION_CONTEXT('2D SPACE',''
  ) );
#6909 = ORIENTED_EDGE('',*,*,#6741,.F.);
#6910 = ORIENTED_EDGE('',*,*,#5282,.T.);
#6911 = ORIENTED_EDGE('',*,*,#6833,.T.);
#6912 = ADVANCED_FACE('',(#6913),#5601,.T.);
#6913 = FACE_BOUND('',#6914,.T.);
#6914 = EDGE_LOOP('',(#6915,#6939,#6940,#6964));
#6915 = ORIENTED_EDGE('',*,*,#6916,.F.);
#6916 = EDGE_CURVE('',#5443,#6917,#6919,.T.);
#6917 = VERTEX_POINT('',#6918);
#6918 = CARTESIAN_POINT('',(179.,35.708892449921,-35.00178566873));
#6919 = SURFACE_CURVE('',#6920,(#6925,#6932),.PCURVE_S1.);
#6920 = CIRCLE('',#6921,1.);
#6921 = AXIS2_PLACEMENT_3D('',#6922,#6923,#6924);
#6922 = CARTESIAN_POINT('',(179.,35.001785668734,-34.29467888754));
#6923 = DIRECTION('',(0.,0.707106781187,0.707106781187));
#6924 = DIRECTION('',(0.,0.707106781187,-0.707106781187));
#6925 = PCURVE('',#5601,#6926);
#6926 = DEFINITIONAL_REPRESENTATION('',(#6927),#6931);
#6927 = LINE('',#6928,#6929);
#6928 = CARTESIAN_POINT('',(6.28318530718,1.));
#6929 = VECTOR('',#6930,1.);
#6930 = DIRECTION('',(-1.,-0.));
#6931 = ( GEOMETRIC_REPRESENTATION_CONTEXT(2) 
PARAMETRIC_REPRESENTATION_CONTEXT() REPRESENTATION_CONTEXT('2D SPACE',''
  ) );
#6932 = PCURVE('',#6091,#6933);
#6933 = DEFINITIONAL_REPRESENTATION('',(#6934),#6938);
#6934 = LINE('',#6935,#6936);
#6935 = CARTESIAN_POINT('',(-0.,-6.28318530718));
#6936 = VECTOR('',#6937,1.);
#6937 = DIRECTION('',(-0.,1.));
#6938 = ( GEOMETRIC_REPRESENTATION_CONTEXT(2) 
PARAMETRIC_REPRESENTATION_CONTEXT() REPRESENTATION_CONTEXT('2D SPACE',''
  ) );
#6939 = ORIENTED_EDGE('',*,*,#5587,.T.);
#6940 = ORIENTED_EDGE('',*,*,#6941,.F.);
#6941 = EDGE_CURVE('',#6942,#5565,#6944,.T.);
#6942 = VERTEX_POINT('',#6943);
#6943 = CARTESIAN_POINT('',(179.,35.001785668734,-35.70889244992));
#6944 = SURFACE_CURVE('',#6945,(#6950,#6957),.PCURVE_S1.);
#6945 = CIRCLE('',#6946,1.);
#6946 = AXIS2_PLACEMENT_3D('',#6947,#6948,#6949);
#6947 = CARTESIAN_POINT('',(179.,34.294678887548,-35.00178566873));
#6948 = DIRECTION('',(0.,-0.707106781187,-0.707106781187));
#6949 = DIRECTION('',(0.,0.707106781187,-0.707106781187));
#6950 = PCURVE('',#5601,#6951);
#6951 = DEFINITIONAL_REPRESENTATION('',(#6952),#6956);
#6952 = LINE('',#6953,#6954);
#6953 = CARTESIAN_POINT('',(0.,2.));
#6954 = VECTOR('',#6955,1.);
#6955 = DIRECTION('',(1.,0.));
#6956 = ( GEOMETRIC_REPRESENTATION_CONTEXT(2) 
PARAMETRIC_REPRESENTATION_CONTEXT() REPRESENTATION_CONTEXT('2D SPACE',''
  ) );
#6957 = PCURVE('',#5664,#6958);
#6958 = DEFINITIONAL_REPRESENTATION('',(#6959),#6963);
#6959 = LINE('',#6960,#6961);
#6960 = CARTESIAN_POINT('',(-0.,0.));
#6961 = VECTOR('',#6962,1.);
#6962 = DIRECTION('',(-1.,0.));
#6963 = ( GEOMETRIC_REPRESENTATION_CONTEXT(2) 
PARAMETRIC_REPRESENTATION_CONTEXT() REPRESENTATION_CONTEXT('2D SPACE',''
  ) );
#6964 = ORIENTED_EDGE('',*,*,#6965,.F.);
#6965 = EDGE_CURVE('',#6917,#6942,#6966,.T.);
#6966 = SURFACE_CURVE('',#6967,(#6971,#6978),.PCURVE_S1.);
#6967 = LINE('',#6968,#6969);
#6968 = CARTESIAN_POINT('',(179.,36.415999231107,-34.29467888754));
#6969 = VECTOR('',#6970,1.);
#6970 = DIRECTION('',(0.,-0.707106781187,-0.707106781187));
#6971 = PCURVE('',#5601,#6972);
#6972 = DEFINITIONAL_REPRESENTATION('',(#6973),#6977);
#6973 = LINE('',#6974,#6975);
#6974 = CARTESIAN_POINT('',(0.,0.));
#6975 = VECTOR('',#6976,1.);
#6976 = DIRECTION('',(0.,1.));
#6977 = ( GEOMETRIC_REPRESENTATION_CONTEXT(2) 
PARAMETRIC_REPRESENTATION_CONTEXT() REPRESENTATION_CONTEXT('2D SPACE',''
  ) );
#6978 = PCURVE('',#6979,#6984);
#6979 = PLANE('',#6980);
#6980 = AXIS2_PLACEMENT_3D('',#6981,#6982,#6983);
#6981 = CARTESIAN_POINT('',(160.,35.355339059327,-35.35533905932));
#6982 = DIRECTION('',(0.,0.707106781187,-0.707106781187));
#6983 = DIRECTION('',(1.,0.,0.));
#6984 = DEFINITIONAL_REPRESENTATION('',(#6985),#6989);
#6985 = LINE('',#6986,#6987);
#6986 = CARTESIAN_POINT('',(19.,-1.5));
#6987 = VECTOR('',#6988,1.);
#6988 = DIRECTION('',(0.,1.));
#6989 = ( GEOMETRIC_REPRESENTATION_CONTEXT(2) 
PARAMETRIC_REPRESENTATION_CONTEXT() REPRESENTATION_CONTEXT('2D SPACE',''
  ) );
#6990 = ADVANCED_FACE('',(#6991),#5505,.T.);
#6991 = FACE_BOUND('',#6992,.T.);
#6992 = EDGE_LOOP('',(#6993,#7017,#7018,#7042));
#6993 = ORIENTED_EDGE('',*,*,#6994,.F.);
#6994 = EDGE_CURVE('',#5490,#6995,#6997,.T.);
#6995 = VERTEX_POINT('',#6996);
#6996 = CARTESIAN_POINT('',(179.,35.001785668734,35.708892449921));
#6997 = SURFACE_CURVE('',#6998,(#7003,#7010),.PCURVE_S1.);
#6998 = CIRCLE('',#6999,1.);
#6999 = AXIS2_PLACEMENT_3D('',#7000,#7001,#7002);
#7000 = CARTESIAN_POINT('',(179.,34.294678887548,35.001785668734));
#7001 = DIRECTION('',(0.,-0.707106781187,0.707106781187));
#7002 = DIRECTION('',(0.,0.707106781187,0.707106781187));
#7003 = PCURVE('',#5505,#7004);
#7004 = DEFINITIONAL_REPRESENTATION('',(#7005),#7009);
#7005 = LINE('',#7006,#7007);
#7006 = CARTESIAN_POINT('',(6.28318530718,1.));
#7007 = VECTOR('',#7008,1.);
#7008 = DIRECTION('',(-1.,-0.));
#7009 = ( GEOMETRIC_REPRESENTATION_CONTEXT(2) 
PARAMETRIC_REPRESENTATION_CONTEXT() REPRESENTATION_CONTEXT('2D SPACE',''
  ) );
#7010 = PCURVE('',#6553,#7011);
#7011 = DEFINITIONAL_REPRESENTATION('',(#7012),#7016);
#7012 = LINE('',#7013,#7014);
#7013 = CARTESIAN_POINT('',(-0.,-6.28318530718));
#7014 = VECTOR('',#7015,1.);
#7015 = DIRECTION('',(-0.,1.));
#7016 = ( GEOMETRIC_REPRESENTATION_CONTEXT(2) 
PARAMETRIC_REPRESENTATION_CONTEXT() REPRESENTATION_CONTEXT('2D SPACE',''
  ) );
#7017 = ORIENTED_EDGE('',*,*,#5489,.T.);
#7018 = ORIENTED_EDGE('',*,*,#7019,.F.);
#7019 = EDGE_CURVE('',#7020,#5467,#7022,.T.);
#7020 = VERTEX_POINT('',#7021);
#7021 = CARTESIAN_POINT('',(179.,35.708892449921,35.001785668734));
#7022 = SURFACE_CURVE('',#7023,(#7028,#7035),.PCURVE_S1.);
#7023 = CIRCLE('',#7024,1.);
#7024 = AXIS2_PLACEMENT_3D('',#7025,#7026,#7027);
#7025 = CARTESIAN_POINT('',(179.,35.001785668734,34.294678887548));
#7026 = DIRECTION('',(0.,0.707106781187,-0.707106781187));
#7027 = DIRECTION('',(0.,0.707106781187,0.707106781187));
#7028 = PCURVE('',#5505,#7029);
#7029 = DEFINITIONAL_REPRESENTATION('',(#7030),#7034);
#7030 = LINE('',#7031,#7032);
#7031 = CARTESIAN_POINT('',(0.,2.));
#7032 = VECTOR('',#7033,1.);
#7033 = DIRECTION('',(1.,0.));
#7034 = ( GEOMETRIC_REPRESENTATION_CONTEXT(2) 
PARAMETRIC_REPRESENTATION_CONTEXT() REPRESENTATION_CONTEXT('2D SPACE',''
  ) );
#7035 = PCURVE('',#6126,#7036);
#7036 = DEFINITIONAL_REPRESENTATION('',(#7037),#7041);
#7037 = LINE('',#7038,#7039);
#7038 = CARTESIAN_POINT('',(-0.,0.));
#7039 = VECTOR('',#7040,1.);
#7040 = DIRECTION('',(-1.,0.));
#7041 = ( GEOMETRIC_REPRESENTATION_CONTEXT(2) 
PARAMETRIC_REPRESENTATION_CONTEXT() REPRESENTATION_CONTEXT('2D SPACE',''
  ) );
#7042 = ORIENTED_EDGE('',*,*,#7043,.F.);
#7043 = EDGE_CURVE('',#6995,#7020,#7044,.T.);
#7044 = SURFACE_CURVE('',#7045,(#7049,#7056),.PCURVE_S1.);
#7045 = LINE('',#7046,#7047);
#7046 = CARTESIAN_POINT('',(179.,34.294678887548,36.415999231107));
#7047 = VECTOR('',#7048,1.);
#7048 = DIRECTION('',(0.,0.707106781187,-0.707106781187));
#7049 = PCURVE('',#5505,#7050);
#7050 = DEFINITIONAL_REPRESENTATION('',(#7051),#7055);
#7051 = LINE('',#7052,#7053);
#7052 = CARTESIAN_POINT('',(0.,0.));
#7053 = VECTOR('',#7054,1.);
#7054 = DIRECTION('',(0.,1.));
#7055 = ( GEOMETRIC_REPRESENTATION_CONTEXT(2) 
PARAMETRIC_REPRESENTATION_CONTEXT() REPRESENTATION_CONTEXT('2D SPACE',''
  ) );
#7056 = PCURVE('',#7057,#7062);
#7057 = PLANE('',#7058);
#7058 = AXIS2_PLACEMENT_3D('',#7059,#7060,#7061);
#7059 = CARTESIAN_POINT('',(160.,35.355339059327,35.355339059327));
#7060 = DIRECTION('',(0.,0.707106781187,0.707106781187));
#7061 = DIRECTION('',(1.,0.,0.));
#7062 = DEFINITIONAL_REPRESENTATION('',(#7063),#7067);
#7063 = LINE('',#7064,#7065);
#7064 = CARTESIAN_POINT('',(19.,-1.5));
#7065 = VECTOR('',#7066,1.);
#7066 = DIRECTION('',(0.,1.));
#7067 = ( GEOMETRIC_REPRESENTATION_CONTEXT(2) 
PARAMETRIC_REPRESENTATION_CONTEXT() REPRESENTATION_CONTEXT('2D SPACE',''
  ) );
#7068 = ADVANCED_FACE('',(#7069),#5632,.F.);
#7069 = FACE_BOUND('',#7070,.F.);
#7070 = EDGE_LOOP('',(#7071,#7072,#7093,#7094));
#7071 = ORIENTED_EDGE('',*,*,#5615,.F.);
#7072 = ORIENTED_EDGE('',*,*,#7073,.F.);
#7073 = EDGE_CURVE('',#6855,#5616,#7074,.T.);
#7074 = SEAM_CURVE('',#7075,(#7079,#7086),.PCURVE_S1.);
#7075 = LINE('',#7076,#7077);
#7076 = CARTESIAN_POINT('',(177.4,9.,2.5));
#7077 = VECTOR('',#7078,1.);
#7078 = DIRECTION('',(1.,0.,0.));
#7079 = PCURVE('',#5632,#7080);
#7080 = DEFINITIONAL_REPRESENTATION('',(#7081),#7085);
#7081 = LINE('',#7082,#7083);
#7082 = CARTESIAN_POINT('',(6.28318530718,-0.));
#7083 = VECTOR('',#7084,1.);
#7084 = DIRECTION('',(0.,1.));
#7085 = ( GEOMETRIC_REPRESENTATION_CONTEXT(2) 
PARAMETRIC_REPRESENTATION_CONTEXT() REPRESENTATION_CONTEXT('2D SPACE',''
  ) );
#7086 = PCURVE('',#5632,#7087);
#7087 = DEFINITIONAL_REPRESENTATION('',(#7088),#7092);
#7088 = LINE('',#7089,#7090);
#7089 = CARTESIAN_POINT('',(0.,-0.));
#7090 = VECTOR('',#7091,1.);
#7091 = DIRECTION('',(0.,1.));
#7092 = ( GEOMETRIC_REPRESENTATION_CONTEXT(2) 
PARAMETRIC_REPRESENTATION_CONTEXT() REPRESENTATION_CONTEXT('2D SPACE',''
  ) );
#7093 = ORIENTED_EDGE('',*,*,#6854,.T.);
#7094 = ORIENTED_EDGE('',*,*,#7073,.T.);
#7095 = ADVANCED_FACE('',(#7096),#5664,.T.);
#7096 = FACE_BOUND('',#7097,.F.);
#7097 = EDGE_LOOP('',(#7098,#7120,#7121));
#7098 = ORIENTED_EDGE('',*,*,#7099,.F.);
#7099 = EDGE_CURVE('',#5648,#6942,#7100,.T.);
#7100 = SURFACE_CURVE('',#7101,(#7106,#7113),.PCURVE_S1.);
#7101 = CIRCLE('',#7102,1.);
#7102 = AXIS2_PLACEMENT_3D('',#7103,#7104,#7105);
#7103 = CARTESIAN_POINT('',(179.,34.294678887548,-35.00178566873));
#7104 = DIRECTION('',(1.,-0.,0.));
#7105 = DIRECTION('',(0.,0.707106781187,-0.707106781187));
#7106 = PCURVE('',#5664,#7107);
#7107 = DEFINITIONAL_REPRESENTATION('',(#7108),#7112);
#7108 = LINE('',#7109,#7110);
#7109 = CARTESIAN_POINT('',(-0.,-6.28318530718));
#7110 = VECTOR('',#7111,1.);
#7111 = DIRECTION('',(-0.,1.));
#7112 = ( GEOMETRIC_REPRESENTATION_CONTEXT(2) 
PARAMETRIC_REPRESENTATION_CONTEXT() REPRESENTATION_CONTEXT('2D SPACE',''
  ) );
#7113 = PCURVE('',#5740,#7114);
#7114 = DEFINITIONAL_REPRESENTATION('',(#7115),#7119);
#7115 = LINE('',#7116,#7117);
#7116 = CARTESIAN_POINT('',(-6.28318530718,19.));
#7117 = VECTOR('',#7118,1.);
#7118 = DIRECTION('',(1.,-0.));
#7119 = ( GEOMETRIC_REPRESENTATION_CONTEXT(2) 
PARAMETRIC_REPRESENTATION_CONTEXT() REPRESENTATION_CONTEXT('2D SPACE',''
  ) );
#7120 = ORIENTED_EDGE('',*,*,#5647,.T.);
#7121 = ORIENTED_EDGE('',*,*,#6941,.F.);
#7122 = ADVANCED_FACE('',(#7123),#5740,.T.);
#7123 = FACE_BOUND('',#7124,.F.);
#7124 = EDGE_LOOP('',(#7125,#7149,#7150,#7151));
#7125 = ORIENTED_EDGE('',*,*,#7126,.F.);
#7126 = EDGE_CURVE('',#5704,#7127,#7129,.T.);
#7127 = VERTEX_POINT('',#7128);
#7128 = CARTESIAN_POINT('',(160.43137518731,35.001785668734,
    -35.70889244992));
#7129 = SURFACE_CURVE('',#7130,(#7135,#7142),.PCURVE_S1.);
#7130 = CIRCLE('',#7131,1.);
#7131 = AXIS2_PLACEMENT_3D('',#7132,#7133,#7134);
#7132 = CARTESIAN_POINT('',(160.43137518731,34.294678887548,
    -35.00178566873));
#7133 = DIRECTION('',(1.,-7.261677621412E-15,7.261677621412E-15));
#7134 = DIRECTION('',(1.026956297778E-14,0.707106781187,-0.707106781187)
  );
#7135 = PCURVE('',#5740,#7136);
#7136 = DEFINITIONAL_REPRESENTATION('',(#7137),#7141);
#7137 = LINE('',#7138,#7139);
#7138 = CARTESIAN_POINT('',(-6.28318530718,0.431375187317));
#7139 = VECTOR('',#7140,1.);
#7140 = DIRECTION('',(1.,-0.));
#7141 = ( GEOMETRIC_REPRESENTATION_CONTEXT(2) 
PARAMETRIC_REPRESENTATION_CONTEXT() REPRESENTATION_CONTEXT('2D SPACE',''
  ) );
#7142 = PCURVE('',#5799,#7143);
#7143 = DEFINITIONAL_REPRESENTATION('',(#7144),#7148);
#7144 = LINE('',#7145,#7146);
#7145 = CARTESIAN_POINT('',(-0.814516144904,-6.28318530718));
#7146 = VECTOR('',#7147,1.);
#7147 = DIRECTION('',(-0.,1.));
#7148 = ( GEOMETRIC_REPRESENTATION_CONTEXT(2) 
PARAMETRIC_REPRESENTATION_CONTEXT() REPRESENTATION_CONTEXT('2D SPACE',''
  ) );
#7149 = ORIENTED_EDGE('',*,*,#5726,.T.);
#7150 = ORIENTED_EDGE('',*,*,#7099,.T.);
#7151 = ORIENTED_EDGE('',*,*,#7152,.F.);
#7152 = EDGE_CURVE('',#7127,#6942,#7153,.T.);
#7153 = SURFACE_CURVE('',#7154,(#7158,#7165),.PCURVE_S1.);
#7154 = LINE('',#7155,#7156);
#7155 = CARTESIAN_POINT('',(160.,35.001785668734,-35.70889244992));
#7156 = VECTOR('',#7157,1.);
#7157 = DIRECTION('',(1.,0.,0.));
#7158 = PCURVE('',#5740,#7159);
#7159 = DEFINITIONAL_REPRESENTATION('',(#7160),#7164);
#7160 = LINE('',#7161,#7162);
#7161 = CARTESIAN_POINT('',(-0.,0.));
#7162 = VECTOR('',#7163,1.);
#7163 = DIRECTION('',(-0.,1.));
#7164 = ( GEOMETRIC_REPRESENTATION_CONTEXT(2) 
PARAMETRIC_REPRESENTATION_CONTEXT() REPRESENTATION_CONTEXT('2D SPACE',''
  ) );
#7165 = PCURVE('',#6979,#7166);
#7166 = DEFINITIONAL_REPRESENTATION('',(#7167),#7171);
#7167 = LINE('',#7168,#7169);
#7168 = CARTESIAN_POINT('',(0.,0.5));
#7169 = VECTOR('',#7170,1.);
#7170 = DIRECTION('',(1.,0.));
#7171 = ( GEOMETRIC_REPRESENTATION_CONTEXT(2) 
PARAMETRIC_REPRESENTATION_CONTEXT() REPRESENTATION_CONTEXT('2D SPACE',''
  ) );
#7172 = ADVANCED_FACE('',(#7173),#5799,.T.);
#7173 = FACE_BOUND('',#7174,.F.);
#7174 = EDGE_LOOP('',(#7175,#7176,#7177));
#7175 = ORIENTED_EDGE('',*,*,#5782,.F.);
#7176 = ORIENTED_EDGE('',*,*,#7126,.T.);
#7177 = ORIENTED_EDGE('',*,*,#7178,.F.);
#7178 = EDGE_CURVE('',#5783,#7127,#7179,.T.);
#7179 = SURFACE_CURVE('',#7180,(#7185,#7192),.PCURVE_S1.);
#7180 = CIRCLE('',#7181,1.);
#7181 = AXIS2_PLACEMENT_3D('',#7182,#7183,#7184);
#7182 = CARTESIAN_POINT('',(160.43137518731,34.294678887548,
    -35.00178566873));
#7183 = DIRECTION('',(0.,-0.707106781187,-0.707106781187));
#7184 = DIRECTION('',(-0.727393652509,0.485231117247,-0.485231117247));
#7185 = PCURVE('',#5799,#7186);
#7186 = DEFINITIONAL_REPRESENTATION('',(#7187),#7191);
#7187 = LINE('',#7188,#7189);
#7188 = CARTESIAN_POINT('',(-0.,0.));
#7189 = VECTOR('',#7190,1.);
#7190 = DIRECTION('',(-1.,0.));
#7191 = ( GEOMETRIC_REPRESENTATION_CONTEXT(2) 
PARAMETRIC_REPRESENTATION_CONTEXT() REPRESENTATION_CONTEXT('2D SPACE',''
  ) );
#7192 = PCURVE('',#7193,#7198);
#7193 = CYLINDRICAL_SURFACE('',#7194,1.);
#7194 = AXIS2_PLACEMENT_3D('',#7195,#7196,#7197);
#7195 = CARTESIAN_POINT('',(160.43137518731,35.708892449921,
    -33.58757210636));
#7196 = DIRECTION('',(0.,-0.707106781187,-0.707106781187));
#7197 = DIRECTION('',(-0.727393652509,0.485231117247,-0.485231117247));
#7198 = DEFINITIONAL_REPRESENTATION('',(#7199),#7203);
#7199 = LINE('',#7200,#7201);
#7200 = CARTESIAN_POINT('',(2.84217094304E-14,2.));
#7201 = VECTOR('',#7202,1.);
#7202 = DIRECTION('',(1.,0.));
#7203 = ( GEOMETRIC_REPRESENTATION_CONTEXT(2) 
PARAMETRIC_REPRESENTATION_CONTEXT() REPRESENTATION_CONTEXT('2D SPACE',''
  ) );
#7204 = ADVANCED_FACE('',(#7205),#5825,.T.);
#7205 = FACE_BOUND('',#7206,.T.);
#7206 = EDGE_LOOP('',(#7207,#7208,#7229,#7230));
#7207 = ORIENTED_EDGE('',*,*,#5998,.T.);
#7208 = ORIENTED_EDGE('',*,*,#7209,.T.);
#7209 = EDGE_CURVE('',#5970,#5783,#7210,.T.);
#7210 = SURFACE_CURVE('',#7211,(#7215,#7222),.PCURVE_S1.);
#7211 = LINE('',#7212,#7213);
#7212 = CARTESIAN_POINT('',(159.7039815348,36.194123567167,
    -34.0728032236));
#7213 = VECTOR('',#7214,1.);
#7214 = DIRECTION('',(0.,-0.707106781187,-0.707106781187));
#7215 = PCURVE('',#5825,#7216);
#7216 = DEFINITIONAL_REPRESENTATION('',(#7217),#7221);
#7217 = LINE('',#7218,#7219);
#7218 = CARTESIAN_POINT('',(36.000067276577,-1.5));
#7219 = VECTOR('',#7220,1.);
#7220 = DIRECTION('',(0.,1.));
#7221 = ( GEOMETRIC_REPRESENTATION_CONTEXT(2) 
PARAMETRIC_REPRESENTATION_CONTEXT() REPRESENTATION_CONTEXT('2D SPACE',''
  ) );
#7222 = PCURVE('',#7193,#7223);
#7223 = DEFINITIONAL_REPRESENTATION('',(#7224),#7228);
#7224 = LINE('',#7225,#7226);
#7225 = CARTESIAN_POINT('',(0.,0.));
#7226 = VECTOR('',#7227,1.);
#7227 = DIRECTION('',(0.,1.));
#7228 = ( GEOMETRIC_REPRESENTATION_CONTEXT(2) 
PARAMETRIC_REPRESENTATION_CONTEXT() REPRESENTATION_CONTEXT('2D SPACE',''
  ) );
#7229 = ORIENTED_EDGE('',*,*,#5811,.F.);
#7230 = ORIENTED_EDGE('',*,*,#5867,.T.);
#7231 = ADVANCED_FACE('',(#7232),#5986,.T.);
#7232 = FACE_BOUND('',#7233,.F.);
#7233 = EDGE_LOOP('',(#7234,#7258,#7259));
#7234 = ORIENTED_EDGE('',*,*,#7235,.F.);
#7235 = EDGE_CURVE('',#5947,#7236,#7238,.T.);
#7236 = VERTEX_POINT('',#7237);
#7237 = CARTESIAN_POINT('',(160.43137518731,35.708892449921,
    -35.00178566873));
#7238 = SURFACE_CURVE('',#7239,(#7244,#7251),.PCURVE_S1.);
#7239 = CIRCLE('',#7240,1.);
#7240 = AXIS2_PLACEMENT_3D('',#7241,#7242,#7243);
#7241 = CARTESIAN_POINT('',(160.43137518731,35.001785668734,
    -34.29467888754));
#7242 = DIRECTION('',(-1.,0.,-0.));
#7243 = DIRECTION('',(0.,0.707106781187,-0.707106781187));
#7244 = PCURVE('',#5986,#7245);
#7245 = DEFINITIONAL_REPRESENTATION('',(#7246),#7250);
#7246 = LINE('',#7247,#7248);
#7247 = CARTESIAN_POINT('',(-0.,-6.28318530718));
#7248 = VECTOR('',#7249,1.);
#7249 = DIRECTION('',(-0.,1.));
#7250 = ( GEOMETRIC_REPRESENTATION_CONTEXT(2) 
PARAMETRIC_REPRESENTATION_CONTEXT() REPRESENTATION_CONTEXT('2D SPACE',''
  ) );
#7251 = PCURVE('',#6040,#7252);
#7252 = DEFINITIONAL_REPRESENTATION('',(#7253),#7257);
#7253 = LINE('',#7254,#7255);
#7254 = CARTESIAN_POINT('',(6.28318530718,0.431375187317));
#7255 = VECTOR('',#7256,1.);
#7256 = DIRECTION('',(-1.,-0.));
#7257 = ( GEOMETRIC_REPRESENTATION_CONTEXT(2) 
PARAMETRIC_REPRESENTATION_CONTEXT() REPRESENTATION_CONTEXT('2D SPACE',''
  ) );
#7258 = ORIENTED_EDGE('',*,*,#5969,.T.);
#7259 = ORIENTED_EDGE('',*,*,#7260,.F.);
#7260 = EDGE_CURVE('',#7236,#5970,#7261,.T.);
#7261 = SURFACE_CURVE('',#7262,(#7267,#7274),.PCURVE_S1.);
#7262 = CIRCLE('',#7263,1.);
#7263 = AXIS2_PLACEMENT_3D('',#7264,#7265,#7266);
#7264 = CARTESIAN_POINT('',(160.43137518731,35.001785668734,
    -34.29467888754));
#7265 = DIRECTION('',(0.,0.707106781187,0.707106781187));
#7266 = DIRECTION('',(0.,0.707106781187,-0.707106781187));
#7267 = PCURVE('',#5986,#7268);
#7268 = DEFINITIONAL_REPRESENTATION('',(#7269),#7273);
#7269 = LINE('',#7270,#7271);
#7270 = CARTESIAN_POINT('',(-0.,0.));
#7271 = VECTOR('',#7272,1.);
#7272 = DIRECTION('',(-1.,0.));
#7273 = ( GEOMETRIC_REPRESENTATION_CONTEXT(2) 
PARAMETRIC_REPRESENTATION_CONTEXT() REPRESENTATION_CONTEXT('2D SPACE',''
  ) );
#7274 = PCURVE('',#7193,#7275);
#7275 = DEFINITIONAL_REPRESENTATION('',(#7276),#7280);
#7276 = LINE('',#7277,#7278);
#7277 = CARTESIAN_POINT('',(0.814516144904,1.));
#7278 = VECTOR('',#7279,1.);
#7279 = DIRECTION('',(-1.,-0.));
#7280 = ( GEOMETRIC_REPRESENTATION_CONTEXT(2) 
PARAMETRIC_REPRESENTATION_CONTEXT() REPRESENTATION_CONTEXT('2D SPACE',''
  ) );
#7281 = ADVANCED_FACE('',(#7282),#6040,.T.);
#7282 = FACE_BOUND('',#7283,.T.);
#7283 = EDGE_LOOP('',(#7284,#7285,#7286,#7308));
#7284 = ORIENTED_EDGE('',*,*,#7235,.F.);
#7285 = ORIENTED_EDGE('',*,*,#6024,.T.);
#7286 = ORIENTED_EDGE('',*,*,#7287,.F.);
#7287 = EDGE_CURVE('',#6917,#6025,#7288,.T.);
#7288 = SURFACE_CURVE('',#7289,(#7294,#7301),.PCURVE_S1.);
#7289 = CIRCLE('',#7290,1.);
#7290 = AXIS2_PLACEMENT_3D('',#7291,#7292,#7293);
#7291 = CARTESIAN_POINT('',(179.,35.001785668734,-34.29467888754));
#7292 = DIRECTION('',(1.,-0.,0.));
#7293 = DIRECTION('',(0.,0.707106781187,-0.707106781187));
#7294 = PCURVE('',#6040,#7295);
#7295 = DEFINITIONAL_REPRESENTATION('',(#7296),#7300);
#7296 = LINE('',#7297,#7298);
#7297 = CARTESIAN_POINT('',(0.,19.));
#7298 = VECTOR('',#7299,1.);
#7299 = DIRECTION('',(1.,0.));
#7300 = ( GEOMETRIC_REPRESENTATION_CONTEXT(2) 
PARAMETRIC_REPRESENTATION_CONTEXT() REPRESENTATION_CONTEXT('2D SPACE',''
  ) );
#7301 = PCURVE('',#6091,#7302);
#7302 = DEFINITIONAL_REPRESENTATION('',(#7303),#7307);
#7303 = LINE('',#7304,#7305);
#7304 = CARTESIAN_POINT('',(-0.,0.));
#7305 = VECTOR('',#7306,1.);
#7306 = DIRECTION('',(-1.,0.));
#7307 = ( GEOMETRIC_REPRESENTATION_CONTEXT(2) 
PARAMETRIC_REPRESENTATION_CONTEXT() REPRESENTATION_CONTEXT('2D SPACE',''
  ) );
#7308 = ORIENTED_EDGE('',*,*,#7309,.F.);
#7309 = EDGE_CURVE('',#7236,#6917,#7310,.T.);
#7310 = SURFACE_CURVE('',#7311,(#7315,#7322),.PCURVE_S1.);
#7311 = LINE('',#7312,#7313);
#7312 = CARTESIAN_POINT('',(160.,35.708892449921,-35.00178566873));
#7313 = VECTOR('',#7314,1.);
#7314 = DIRECTION('',(1.,0.,0.));
#7315 = PCURVE('',#6040,#7316);
#7316 = DEFINITIONAL_REPRESENTATION('',(#7317),#7321);
#7317 = LINE('',#7318,#7319);
#7318 = CARTESIAN_POINT('',(0.,0.));
#7319 = VECTOR('',#7320,1.);
#7320 = DIRECTION('',(0.,1.));
#7321 = ( GEOMETRIC_REPRESENTATION_CONTEXT(2) 
PARAMETRIC_REPRESENTATION_CONTEXT() REPRESENTATION_CONTEXT('2D SPACE',''
  ) );
#7322 = PCURVE('',#6979,#7323);
#7323 = DEFINITIONAL_REPRESENTATION('',(#7324),#7328);
#7324 = LINE('',#7325,#7326);
#7325 = CARTESIAN_POINT('',(0.,-0.5));
#7326 = VECTOR('',#7327,1.);
#7327 = DIRECTION('',(1.,0.));
#7328 = ( GEOMETRIC_REPRESENTATION_CONTEXT(2) 
PARAMETRIC_REPRESENTATION_CONTEXT() REPRESENTATION_CONTEXT('2D SPACE',''
  ) );
#7329 = ADVANCED_FACE('',(#7330),#6091,.T.);
#7330 = FACE_BOUND('',#7331,.F.);
#7331 = EDGE_LOOP('',(#7332,#7333,#7334));
#7332 = ORIENTED_EDGE('',*,*,#6916,.F.);
#7333 = ORIENTED_EDGE('',*,*,#6076,.T.);
#7334 = ORIENTED_EDGE('',*,*,#7287,.F.);
#7335 = ADVANCED_FACE('',(#7336),#6126,.T.);
#7336 = FACE_BOUND('',#7337,.F.);
#7337 = EDGE_LOOP('',(#7338,#7360,#7361));
#7338 = ORIENTED_EDGE('',*,*,#7339,.F.);
#7339 = EDGE_CURVE('',#6110,#7020,#7340,.T.);
#7340 = SURFACE_CURVE('',#7341,(#7346,#7353),.PCURVE_S1.);
#7341 = CIRCLE('',#7342,1.);
#7342 = AXIS2_PLACEMENT_3D('',#7343,#7344,#7345);
#7343 = CARTESIAN_POINT('',(179.,35.001785668734,34.294678887548));
#7344 = DIRECTION('',(1.,0.,-0.));
#7345 = DIRECTION('',(0.,0.707106781187,0.707106781187));
#7346 = PCURVE('',#6126,#7347);
#7347 = DEFINITIONAL_REPRESENTATION('',(#7348),#7352);
#7348 = LINE('',#7349,#7350);
#7349 = CARTESIAN_POINT('',(-0.,-6.28318530718));
#7350 = VECTOR('',#7351,1.);
#7351 = DIRECTION('',(-0.,1.));
#7352 = ( GEOMETRIC_REPRESENTATION_CONTEXT(2) 
PARAMETRIC_REPRESENTATION_CONTEXT() REPRESENTATION_CONTEXT('2D SPACE',''
  ) );
#7353 = PCURVE('',#6202,#7354);
#7354 = DEFINITIONAL_REPRESENTATION('',(#7355),#7359);
#7355 = LINE('',#7356,#7357);
#7356 = CARTESIAN_POINT('',(-6.28318530718,19.));
#7357 = VECTOR('',#7358,1.);
#7358 = DIRECTION('',(1.,-0.));
#7359 = ( GEOMETRIC_REPRESENTATION_CONTEXT(2) 
PARAMETRIC_REPRESENTATION_CONTEXT() REPRESENTATION_CONTEXT('2D SPACE',''
  ) );
#7360 = ORIENTED_EDGE('',*,*,#6109,.T.);
#7361 = ORIENTED_EDGE('',*,*,#7019,.F.);
#7362 = ADVANCED_FACE('',(#7363),#6202,.T.);
#7363 = FACE_BOUND('',#7364,.F.);
#7364 = EDGE_LOOP('',(#7365,#7389,#7390,#7391));
#7365 = ORIENTED_EDGE('',*,*,#7366,.F.);
#7366 = EDGE_CURVE('',#6166,#7367,#7369,.T.);
#7367 = VERTEX_POINT('',#7368);
#7368 = CARTESIAN_POINT('',(160.43137518731,35.708892449921,
    35.001785668734));
#7369 = SURFACE_CURVE('',#7370,(#7375,#7382),.PCURVE_S1.);
#7370 = CIRCLE('',#7371,1.);
#7371 = AXIS2_PLACEMENT_3D('',#7372,#7373,#7374);
#7372 = CARTESIAN_POINT('',(160.43137518731,35.001785668734,
    34.294678887548));
#7373 = DIRECTION('',(1.,-7.261677621412E-15,-7.261677621412E-15));
#7374 = DIRECTION('',(1.026956297778E-14,0.707106781187,0.707106781187)
  );
#7375 = PCURVE('',#6202,#7376);
#7376 = DEFINITIONAL_REPRESENTATION('',(#7377),#7381);
#7377 = LINE('',#7378,#7379);
#7378 = CARTESIAN_POINT('',(-6.28318530718,0.431375187317));
#7379 = VECTOR('',#7380,1.);
#7380 = DIRECTION('',(1.,-0.));
#7381 = ( GEOMETRIC_REPRESENTATION_CONTEXT(2) 
PARAMETRIC_REPRESENTATION_CONTEXT() REPRESENTATION_CONTEXT('2D SPACE',''
  ) );
#7382 = PCURVE('',#6261,#7383);
#7383 = DEFINITIONAL_REPRESENTATION('',(#7384),#7388);
#7384 = LINE('',#7385,#7386);
#7385 = CARTESIAN_POINT('',(-0.814516144904,-6.28318530718));
#7386 = VECTOR('',#7387,1.);
#7387 = DIRECTION('',(-0.,1.));
#7388 = ( GEOMETRIC_REPRESENTATION_CONTEXT(2) 
PARAMETRIC_REPRESENTATION_CONTEXT() REPRESENTATION_CONTEXT('2D SPACE',''
  ) );
#7389 = ORIENTED_EDGE('',*,*,#6188,.T.);
#7390 = ORIENTED_EDGE('',*,*,#7339,.T.);
#7391 = ORIENTED_EDGE('',*,*,#7392,.F.);
#7392 = EDGE_CURVE('',#7367,#7020,#7393,.T.);
#7393 = SURFACE_CURVE('',#7394,(#7398,#7405),.PCURVE_S1.);
#7394 = LINE('',#7395,#7396);
#7395 = CARTESIAN_POINT('',(160.,35.708892449921,35.001785668734));
#7396 = VECTOR('',#7397,1.);
#7397 = DIRECTION('',(1.,0.,0.));
#7398 = PCURVE('',#6202,#7399);
#7399 = DEFINITIONAL_REPRESENTATION('',(#7400),#7404);
#7400 = LINE('',#7401,#7402);
#7401 = CARTESIAN_POINT('',(-0.,0.));
#7402 = VECTOR('',#7403,1.);
#7403 = DIRECTION('',(-0.,1.));
#7404 = ( GEOMETRIC_REPRESENTATION_CONTEXT(2) 
PARAMETRIC_REPRESENTATION_CONTEXT() REPRESENTATION_CONTEXT('2D SPACE',''
  ) );
#7405 = PCURVE('',#7057,#7406);
#7406 = DEFINITIONAL_REPRESENTATION('',(#7407),#7411);
#7407 = LINE('',#7408,#7409);
#7408 = CARTESIAN_POINT('',(0.,0.5));
#7409 = VECTOR('',#7410,1.);
#7410 = DIRECTION('',(1.,0.));
#7411 = ( GEOMETRIC_REPRESENTATION_CONTEXT(2) 
PARAMETRIC_REPRESENTATION_CONTEXT() REPRESENTATION_CONTEXT('2D SPACE',''
  ) );
#7412 = ADVANCED_FACE('',(#7413),#6261,.T.);
#7413 = FACE_BOUND('',#7414,.F.);
#7414 = EDGE_LOOP('',(#7415,#7416,#7417));
#7415 = ORIENTED_EDGE('',*,*,#6244,.F.);
#7416 = ORIENTED_EDGE('',*,*,#7366,.T.);
#7417 = ORIENTED_EDGE('',*,*,#7418,.F.);
#7418 = EDGE_CURVE('',#6245,#7367,#7419,.T.);
#7419 = SURFACE_CURVE('',#7420,(#7425,#7432),.PCURVE_S1.);
#7420 = CIRCLE('',#7421,1.);
#7421 = AXIS2_PLACEMENT_3D('',#7422,#7423,#7424);
#7422 = CARTESIAN_POINT('',(160.43137518731,35.001785668734,
    34.294678887548));
#7423 = DIRECTION('',(2.775557561563E-17,0.707106781187,-0.707106781187)
  );
#7424 = DIRECTION('',(-0.727393652509,0.485231117247,0.485231117247));
#7425 = PCURVE('',#6261,#7426);
#7426 = DEFINITIONAL_REPRESENTATION('',(#7427),#7431);
#7427 = LINE('',#7428,#7429);
#7428 = CARTESIAN_POINT('',(-0.,0.));
#7429 = VECTOR('',#7430,1.);
#7430 = DIRECTION('',(-1.,0.));
#7431 = ( GEOMETRIC_REPRESENTATION_CONTEXT(2) 
PARAMETRIC_REPRESENTATION_CONTEXT() REPRESENTATION_CONTEXT('2D SPACE',''
  ) );
#7432 = PCURVE('',#7433,#7438);
#7433 = CYLINDRICAL_SURFACE('',#7434,1.);
#7434 = AXIS2_PLACEMENT_3D('',#7435,#7436,#7437);
#7435 = CARTESIAN_POINT('',(160.43137518731,33.587572106361,
    35.708892449921));
#7436 = DIRECTION('',(0.,0.707106781187,-0.707106781187));
#7437 = DIRECTION('',(-0.727393652509,0.485231117247,0.485231117247));
#7438 = DEFINITIONAL_REPRESENTATION('',(#7439),#7443);
#7439 = LINE('',#7440,#7441);
#7440 = CARTESIAN_POINT('',(2.84217094304E-14,2.));
#7441 = VECTOR('',#7442,1.);
#7442 = DIRECTION('',(1.,0.));
#7443 = ( GEOMETRIC_REPRESENTATION_CONTEXT(2) 
PARAMETRIC_REPRESENTATION_CONTEXT() REPRESENTATION_CONTEXT('2D SPACE',''
  ) );
#7444 = ADVANCED_FACE('',(#7445),#6287,.T.);
#7445 = FACE_BOUND('',#7446,.T.);
#7446 = EDGE_LOOP('',(#7447,#7448,#7469,#7470));
#7447 = ORIENTED_EDGE('',*,*,#6460,.T.);
#7448 = ORIENTED_EDGE('',*,*,#7449,.T.);
#7449 = EDGE_CURVE('',#6432,#6245,#7450,.T.);
#7450 = SURFACE_CURVE('',#7451,(#7455,#7462),.PCURVE_S1.);
#7451 = LINE('',#7452,#7453);
#7452 = CARTESIAN_POINT('',(159.7039815348,34.072803223608,
    36.194123567167));
#7453 = VECTOR('',#7454,1.);
#7454 = DIRECTION('',(0.,0.707106781187,-0.707106781187));
#7455 = PCURVE('',#6287,#7456);
#7456 = DEFINITIONAL_REPRESENTATION('',(#7457),#7461);
#7457 = LINE('',#7458,#7459);
#7458 = CARTESIAN_POINT('',(36.000067276577,-1.5));
#7459 = VECTOR('',#7460,1.);
#7460 = DIRECTION('',(-1.110223024625E-16,1.));
#7461 = ( GEOMETRIC_REPRESENTATION_CONTEXT(2) 
PARAMETRIC_REPRESENTATION_CONTEXT() REPRESENTATION_CONTEXT('2D SPACE',''
  ) );
#7462 = PCURVE('',#7433,#7463);
#7463 = DEFINITIONAL_REPRESENTATION('',(#7464),#7468);
#7464 = LINE('',#7465,#7466);
#7465 = CARTESIAN_POINT('',(0.,0.));
#7466 = VECTOR('',#7467,1.);
#7467 = DIRECTION('',(0.,1.));
#7468 = ( GEOMETRIC_REPRESENTATION_CONTEXT(2) 
PARAMETRIC_REPRESENTATION_CONTEXT() REPRESENTATION_CONTEXT('2D SPACE',''
  ) );
#7469 = ORIENTED_EDGE('',*,*,#6273,.F.);
#7470 = ORIENTED_EDGE('',*,*,#6329,.T.);
#7471 = ADVANCED_FACE('',(#7472),#6448,.T.);
#7472 = FACE_BOUND('',#7473,.F.);
#7473 = EDGE_LOOP('',(#7474,#7498,#7499));
#7474 = ORIENTED_EDGE('',*,*,#7475,.F.);
#7475 = EDGE_CURVE('',#6409,#7476,#7478,.T.);
#7476 = VERTEX_POINT('',#7477);
#7477 = CARTESIAN_POINT('',(160.43137518731,35.001785668734,
    35.708892449921));
#7478 = SURFACE_CURVE('',#7479,(#7484,#7491),.PCURVE_S1.);
#7479 = CIRCLE('',#7480,1.);
#7480 = AXIS2_PLACEMENT_3D('',#7481,#7482,#7483);
#7481 = CARTESIAN_POINT('',(160.43137518731,34.294678887548,
    35.001785668734));
#7482 = DIRECTION('',(-1.,0.,0.));
#7483 = DIRECTION('',(0.,0.707106781187,0.707106781187));
#7484 = PCURVE('',#6448,#7485);
#7485 = DEFINITIONAL_REPRESENTATION('',(#7486),#7490);
#7486 = LINE('',#7487,#7488);
#7487 = CARTESIAN_POINT('',(-0.,-6.28318530718));
#7488 = VECTOR('',#7489,1.);
#7489 = DIRECTION('',(-0.,1.));
#7490 = ( GEOMETRIC_REPRESENTATION_CONTEXT(2) 
PARAMETRIC_REPRESENTATION_CONTEXT() REPRESENTATION_CONTEXT('2D SPACE',''
  ) );
#7491 = PCURVE('',#6502,#7492);
#7492 = DEFINITIONAL_REPRESENTATION('',(#7493),#7497);
#7493 = LINE('',#7494,#7495);
#7494 = CARTESIAN_POINT('',(6.28318530718,0.431375187317));
#7495 = VECTOR('',#7496,1.);
#7496 = DIRECTION('',(-1.,-0.));
#7497 = ( GEOMETRIC_REPRESENTATION_CONTEXT(2) 
PARAMETRIC_REPRESENTATION_CONTEXT() REPRESENTATION_CONTEXT('2D SPACE',''
  ) );
#7498 = ORIENTED_EDGE('',*,*,#6431,.T.);
#7499 = ORIENTED_EDGE('',*,*,#7500,.F.);
#7500 = EDGE_CURVE('',#7476,#6432,#7501,.T.);
#7501 = SURFACE_CURVE('',#7502,(#7507,#7514),.PCURVE_S1.);
#7502 = CIRCLE('',#7503,1.);
#7503 = AXIS2_PLACEMENT_3D('',#7504,#7505,#7506);
#7504 = CARTESIAN_POINT('',(160.43137518731,34.294678887548,
    35.001785668734));
#7505 = DIRECTION('',(0.,-0.707106781187,0.707106781187));
#7506 = DIRECTION('',(0.,0.707106781187,0.707106781187));
#7507 = PCURVE('',#6448,#7508);
#7508 = DEFINITIONAL_REPRESENTATION('',(#7509),#7513);
#7509 = LINE('',#7510,#7511);
#7510 = CARTESIAN_POINT('',(-0.,0.));
#7511 = VECTOR('',#7512,1.);
#7512 = DIRECTION('',(-1.,0.));
#7513 = ( GEOMETRIC_REPRESENTATION_CONTEXT(2) 
PARAMETRIC_REPRESENTATION_CONTEXT() REPRESENTATION_CONTEXT('2D SPACE',''
  ) );
#7514 = PCURVE('',#7433,#7515);
#7515 = DEFINITIONAL_REPRESENTATION('',(#7516),#7520);
#7516 = LINE('',#7517,#7518);
#7517 = CARTESIAN_POINT('',(0.814516144904,1.));
#7518 = VECTOR('',#7519,1.);
#7519 = DIRECTION('',(-1.,-0.));
#7520 = ( GEOMETRIC_REPRESENTATION_CONTEXT(2) 
PARAMETRIC_REPRESENTATION_CONTEXT() REPRESENTATION_CONTEXT('2D SPACE',''
  ) );
#7521 = ADVANCED_FACE('',(#7522),#6502,.T.);
#7522 = FACE_BOUND('',#7523,.T.);
#7523 = EDGE_LOOP('',(#7524,#7525,#7526,#7548));
#7524 = ORIENTED_EDGE('',*,*,#7475,.F.);
#7525 = ORIENTED_EDGE('',*,*,#6486,.T.);
#7526 = ORIENTED_EDGE('',*,*,#7527,.F.);
#7527 = EDGE_CURVE('',#6995,#6487,#7528,.T.);
#7528 = SURFACE_CURVE('',#7529,(#7534,#7541),.PCURVE_S1.);
#7529 = CIRCLE('',#7530,1.);
#7530 = AXIS2_PLACEMENT_3D('',#7531,#7532,#7533);
#7531 = CARTESIAN_POINT('',(179.,34.294678887548,35.001785668734));
#7532 = DIRECTION('',(1.,0.,-0.));
#7533 = DIRECTION('',(0.,0.707106781187,0.707106781187));
#7534 = PCURVE('',#6502,#7535);
#7535 = DEFINITIONAL_REPRESENTATION('',(#7536),#7540);
#7536 = LINE('',#7537,#7538);
#7537 = CARTESIAN_POINT('',(0.,19.));
#7538 = VECTOR('',#7539,1.);
#7539 = DIRECTION('',(1.,0.));
#7540 = ( GEOMETRIC_REPRESENTATION_CONTEXT(2) 
PARAMETRIC_REPRESENTATION_CONTEXT() REPRESENTATION_CONTEXT('2D SPACE',''
  ) );
#7541 = PCURVE('',#6553,#7542);
#7542 = DEFINITIONAL_REPRESENTATION('',(#7543),#7547);
#7543 = LINE('',#7544,#7545);
#7544 = CARTESIAN_POINT('',(-0.,0.));
#7545 = VECTOR('',#7546,1.);
#7546 = DIRECTION('',(-1.,0.));
#7547 = ( GEOMETRIC_REPRESENTATION_CONTEXT(2) 
PARAMETRIC_REPRESENTATION_CONTEXT() REPRESENTATION_CONTEXT('2D SPACE',''
  ) );
#7548 = ORIENTED_EDGE('',*,*,#7549,.F.);
#7549 = EDGE_CURVE('',#7476,#6995,#7550,.T.);
#7550 = SURFACE_CURVE('',#7551,(#7555,#7562),.PCURVE_S1.);
#7551 = LINE('',#7552,#7553);
#7552 = CARTESIAN_POINT('',(160.,35.001785668734,35.708892449921));
#7553 = VECTOR('',#7554,1.);
#7554 = DIRECTION('',(1.,0.,0.));
#7555 = PCURVE('',#6502,#7556);
#7556 = DEFINITIONAL_REPRESENTATION('',(#7557),#7561);
#7557 = LINE('',#7558,#7559);
#7558 = CARTESIAN_POINT('',(0.,0.));
#7559 = VECTOR('',#7560,1.);
#7560 = DIRECTION('',(0.,1.));
#7561 = ( GEOMETRIC_REPRESENTATION_CONTEXT(2) 
PARAMETRIC_REPRESENTATION_CONTEXT() REPRESENTATION_CONTEXT('2D SPACE',''
  ) );
#7562 = PCURVE('',#7057,#7563);
#7563 = DEFINITIONAL_REPRESENTATION('',(#7564),#7568);
#7564 = LINE('',#7565,#7566);
#7565 = CARTESIAN_POINT('',(0.,-0.5));
#7566 = VECTOR('',#7567,1.);
#7567 = DIRECTION('',(1.,0.));
#7568 = ( GEOMETRIC_REPRESENTATION_CONTEXT(2) 
PARAMETRIC_REPRESENTATION_CONTEXT() REPRESENTATION_CONTEXT('2D SPACE',''
  ) );
#7569 = ADVANCED_FACE('',(#7570),#6553,.T.);
#7570 = FACE_BOUND('',#7571,.F.);
#7571 = EDGE_LOOP('',(#7572,#7573,#7574));
#7572 = ORIENTED_EDGE('',*,*,#6994,.F.);
#7573 = ORIENTED_EDGE('',*,*,#6538,.T.);
#7574 = ORIENTED_EDGE('',*,*,#7527,.F.);
#7575 = ADVANCED_FACE('',(#7576),#6729,.T.);
#7576 = FACE_BOUND('',#7577,.T.);
#7577 = EDGE_LOOP('',(#7578,#7579,#7580));
#7578 = ORIENTED_EDGE('',*,*,#6888,.T.);
#7579 = ORIENTED_EDGE('',*,*,#6787,.F.);
#7580 = ORIENTED_EDGE('',*,*,#6709,.F.);
#7581 = ADVANCED_FACE('',(#7582),#6979,.T.);
#7582 = FACE_BOUND('',#7583,.T.);
#7583 = EDGE_LOOP('',(#7584,#7605,#7606,#7607));
#7584 = ORIENTED_EDGE('',*,*,#7585,.F.);
#7585 = EDGE_CURVE('',#7236,#7127,#7586,.T.);
#7586 = SURFACE_CURVE('',#7587,(#7591,#7598),.PCURVE_S1.);
#7587 = LINE('',#7588,#7589);
#7588 = CARTESIAN_POINT('',(160.43137518731,36.415999231107,
    -34.29467888754));
#7589 = VECTOR('',#7590,1.);
#7590 = DIRECTION('',(0.,-0.707106781187,-0.707106781187));
#7591 = PCURVE('',#6979,#7592);
#7592 = DEFINITIONAL_REPRESENTATION('',(#7593),#7597);
#7593 = LINE('',#7594,#7595);
#7594 = CARTESIAN_POINT('',(0.431375187317,-1.5));
#7595 = VECTOR('',#7596,1.);
#7596 = DIRECTION('',(0.,1.));
#7597 = ( GEOMETRIC_REPRESENTATION_CONTEXT(2) 
PARAMETRIC_REPRESENTATION_CONTEXT() REPRESENTATION_CONTEXT('2D SPACE',''
  ) );
#7598 = PCURVE('',#7193,#7599);
#7599 = DEFINITIONAL_REPRESENTATION('',(#7600),#7604);
#7600 = LINE('',#7601,#7602);
#7601 = CARTESIAN_POINT('',(0.814516144904,0.));
#7602 = VECTOR('',#7603,1.);
#7603 = DIRECTION('',(0.,1.));
#7604 = ( GEOMETRIC_REPRESENTATION_CONTEXT(2) 
PARAMETRIC_REPRESENTATION_CONTEXT() REPRESENTATION_CONTEXT('2D SPACE',''
  ) );
#7605 = ORIENTED_EDGE('',*,*,#7309,.T.);
#7606 = ORIENTED_EDGE('',*,*,#6965,.T.);
#7607 = ORIENTED_EDGE('',*,*,#7152,.F.);
#7608 = ADVANCED_FACE('',(#7609),#7057,.T.);
#7609 = FACE_BOUND('',#7610,.T.);
#7610 = EDGE_LOOP('',(#7611,#7632,#7633,#7634));
#7611 = ORIENTED_EDGE('',*,*,#7612,.F.);
#7612 = EDGE_CURVE('',#7476,#7367,#7613,.T.);
#7613 = SURFACE_CURVE('',#7614,(#7618,#7625),.PCURVE_S1.);
#7614 = LINE('',#7615,#7616);
#7615 = CARTESIAN_POINT('',(160.43137518731,34.294678887548,
    36.415999231107));
#7616 = VECTOR('',#7617,1.);
#7617 = DIRECTION('',(0.,0.707106781187,-0.707106781187));
#7618 = PCURVE('',#7057,#7619);
#7619 = DEFINITIONAL_REPRESENTATION('',(#7620),#7624);
#7620 = LINE('',#7621,#7622);
#7621 = CARTESIAN_POINT('',(0.431375187317,-1.5));
#7622 = VECTOR('',#7623,1.);
#7623 = DIRECTION('',(0.,1.));
#7624 = ( GEOMETRIC_REPRESENTATION_CONTEXT(2) 
PARAMETRIC_REPRESENTATION_CONTEXT() REPRESENTATION_CONTEXT('2D SPACE',''
  ) );
#7625 = PCURVE('',#7433,#7626);
#7626 = DEFINITIONAL_REPRESENTATION('',(#7627),#7631);
#7627 = LINE('',#7628,#7629);
#7628 = CARTESIAN_POINT('',(0.814516144904,0.));
#7629 = VECTOR('',#7630,1.);
#7630 = DIRECTION('',(0.,1.));
#7631 = ( GEOMETRIC_REPRESENTATION_CONTEXT(2) 
PARAMETRIC_REPRESENTATION_CONTEXT() REPRESENTATION_CONTEXT('2D SPACE',''
  ) );
#7632 = ORIENTED_EDGE('',*,*,#7549,.T.);
#7633 = ORIENTED_EDGE('',*,*,#7043,.T.);
#7634 = ORIENTED_EDGE('',*,*,#7392,.F.);
#7635 = ADVANCED_FACE('',(#7636),#7193,.T.);
#7636 = FACE_BOUND('',#7637,.T.);
#7637 = EDGE_LOOP('',(#7638,#7639,#7640,#7641));
#7638 = ORIENTED_EDGE('',*,*,#7209,.F.);
#7639 = ORIENTED_EDGE('',*,*,#7260,.F.);
#7640 = ORIENTED_EDGE('',*,*,#7585,.T.);
#7641 = ORIENTED_EDGE('',*,*,#7178,.F.);
#7642 = ADVANCED_FACE('',(#7643),#7433,.T.);
#7643 = FACE_BOUND('',#7644,.T.);
#7644 = EDGE_LOOP('',(#7645,#7646,#7647,#7648));
#7645 = ORIENTED_EDGE('',*,*,#7449,.F.);
#7646 = ORIENTED_EDGE('',*,*,#7500,.F.);
#7647 = ORIENTED_EDGE('',*,*,#7612,.T.);
#7648 = ORIENTED_EDGE('',*,*,#7418,.F.);
#7649 = ( GEOMETRIC_REPRESENTATION_CONTEXT(3) 
GLOBAL_UNCERTAINTY_ASSIGNED_CONTEXT((#7653)) 
GLOBAL_UNIT_ASSIGNED_CONTEXT((#7650,#7651,#7652)) REPRESENTATION_CONTEXT
('Context #1','3D Context with UNIT and UNCERTAINTY') );
#7650 = ( LENGTH_UNIT() NAMED_UNIT(*) SI_UNIT(.MILLI.,.METRE.) );
#7651 = ( NAMED_UNIT(*) PLANE_ANGLE_UNIT() SI_UNIT($,.RADIAN.) );
#7652 = ( NAMED_UNIT(*) SI_UNIT($,.STERADIAN.) SOLID_ANGLE_UNIT() );
#7653 = UNCERTAINTY_MEASURE_WITH_UNIT(LENGTH_MEASURE(1.E-07),#7650,
  'distance_accuracy_value','confusion accuracy');
#7654 = CONTEXT_DEPENDENT_SHAPE_REPRESENTATION(#7655,#7657);
#7655 = ( REPRESENTATION_RELATIONSHIP('','',#3277,#10) 
REPRESENTATION_RELATIONSHIP_WITH_TRANSFORMATION(#7656) 
SHAPE_REPRESENTATION_RELATIONSHIP() );
#7656 = ITEM_DEFINED_TRANSFORMATION('','',#11,#23);
#7657 = PRODUCT_DEFINITION_SHAPE('Placement','Placement of an item',
  #7658);
#7658 = NEXT_ASSEMBLY_USAGE_OCCURRENCE('17','03_Tail_with_four_fins','',
  #5,#3272,$);
#7659 = PRODUCT_RELATED_PRODUCT_CATEGORY('part',$,(#3274));
#7660 = SHAPE_DEFINITION_REPRESENTATION(#7661,#7667);
#7661 = PRODUCT_DEFINITION_SHAPE('','',#7662);
#7662 = PRODUCT_DEFINITION('design','',#7663,#7666);
#7663 = PRODUCT_DEFINITION_FORMATION('','',#7664);
#7664 = PRODUCT('04_Contact_pad','04_Contact_pad','',(#7665));
#7665 = PRODUCT_CONTEXT('',#2,'mechanical');
#7666 = PRODUCT_DEFINITION_CONTEXT('part definition',#2,'design');
#7667 = ADVANCED_BREP_SHAPE_REPRESENTATION('',(#11,#7668),#7838);
#7668 = MANIFOLD_SOLID_BREP('',#7669);
#7669 = CLOSED_SHELL('',(#7670,#7785,#7828,#7833));
#7670 = ADVANCED_FACE('',(#7671),#7685,.T.);
#7671 = FACE_BOUND('',#7672,.T.);
#7672 = EDGE_LOOP('',(#7673,#7708,#7737,#7758));
#7673 = ORIENTED_EDGE('',*,*,#7674,.T.);
#7674 = EDGE_CURVE('',#7675,#7677,#7679,.T.);
#7675 = VERTEX_POINT('',#7676);
#7676 = CARTESIAN_POINT('',(0.,6.858022075225E-15,28.));
#7677 = VERTEX_POINT('',#7678);
#7678 = CARTESIAN_POINT('',(3.,6.858022075225E-15,28.));
#7679 = SURFACE_CURVE('',#7680,(#7684,#7696),.PCURVE_S1.);
#7680 = LINE('',#7681,#7682);
#7681 = CARTESIAN_POINT('',(0.,6.858022075225E-15,28.));
#7682 = VECTOR('',#7683,1.);
#7683 = DIRECTION('',(1.,0.,0.));
#7684 = PCURVE('',#7685,#7690);
#7685 = CYLINDRICAL_SURFACE('',#7686,28.);
#7686 = AXIS2_PLACEMENT_3D('',#7687,#7688,#7689);
#7687 = CARTESIAN_POINT('',(0.,0.,0.));
#7688 = DIRECTION('',(1.,0.,0.));
#7689 = DIRECTION('',(-0.,0.,1.));
#7690 = DEFINITIONAL_REPRESENTATION('',(#7691),#7695);
#7691 = LINE('',#7692,#7693);
#7692 = CARTESIAN_POINT('',(6.28318530718,-0.));
#7693 = VECTOR('',#7694,1.);
#7694 = DIRECTION('',(0.,1.));
#7695 = ( GEOMETRIC_REPRESENTATION_CONTEXT(2) 
PARAMETRIC_REPRESENTATION_CONTEXT() REPRESENTATION_CONTEXT('2D SPACE',''
  ) );
#7696 = PCURVE('',#7697,#7702);
#7697 = PLANE('',#7698);
#7698 = AXIS2_PLACEMENT_3D('',#7699,#7700,#7701);
#7699 = CARTESIAN_POINT('',(-10.,0.,-150.));
#7700 = DIRECTION('',(-0.,1.,0.));
#7701 = DIRECTION('',(0.,0.,1.));
#7702 = DEFINITIONAL_REPRESENTATION('',(#7703),#7707);
#7703 = LINE('',#7704,#7705);
#7704 = CARTESIAN_POINT('',(178.,10.));
#7705 = VECTOR('',#7706,1.);
#7706 = DIRECTION('',(0.,1.));
#7707 = ( GEOMETRIC_REPRESENTATION_CONTEXT(2) 
PARAMETRIC_REPRESENTATION_CONTEXT() REPRESENTATION_CONTEXT('2D SPACE',''
  ) );
#7708 = ORIENTED_EDGE('',*,*,#7709,.F.);
#7709 = EDGE_CURVE('',#7710,#7677,#7712,.T.);
#7710 = VERTEX_POINT('',#7711);
#7711 = CARTESIAN_POINT('',(3.,-3.429011037613E-15,-28.));
#7712 = SURFACE_CURVE('',#7713,(#7718,#7725),.PCURVE_S1.);
#7713 = CIRCLE('',#7714,28.);
#7714 = AXIS2_PLACEMENT_3D('',#7715,#7716,#7717);
#7715 = CARTESIAN_POINT('',(3.,0.,0.));
#7716 = DIRECTION('',(1.,0.,0.));
#7717 = DIRECTION('',(-0.,0.,1.));
#7718 = PCURVE('',#7685,#7719);
#7719 = DEFINITIONAL_REPRESENTATION('',(#7720),#7724);
#7720 = LINE('',#7721,#7722);
#7721 = CARTESIAN_POINT('',(0.,3.));
#7722 = VECTOR('',#7723,1.);
#7723 = DIRECTION('',(1.,0.));
#7724 = ( GEOMETRIC_REPRESENTATION_CONTEXT(2) 
PARAMETRIC_REPRESENTATION_CONTEXT() REPRESENTATION_CONTEXT('2D SPACE',''
  ) );
#7725 = PCURVE('',#7726,#7731);
#7726 = PLANE('',#7727);
#7727 = AXIS2_PLACEMENT_3D('',#7728,#7729,#7730);
#7728 = CARTESIAN_POINT('',(3.,0.,0.));
#7729 = DIRECTION('',(1.,0.,0.));
#7730 = DIRECTION('',(-0.,0.,1.));
#7731 = DEFINITIONAL_REPRESENTATION('',(#7732),#7736);
#7732 = CIRCLE('',#7733,28.);
#7733 = AXIS2_PLACEMENT_2D('',#7734,#7735);
#7734 = CARTESIAN_POINT('',(0.,0.));
#7735 = DIRECTION('',(1.,0.));
#7736 = ( GEOMETRIC_REPRESENTATION_CONTEXT(2) 
PARAMETRIC_REPRESENTATION_CONTEXT() REPRESENTATION_CONTEXT('2D SPACE',''
  ) );
#7737 = ORIENTED_EDGE('',*,*,#7738,.F.);
#7738 = EDGE_CURVE('',#7739,#7710,#7741,.T.);
#7739 = VERTEX_POINT('',#7740);
#7740 = CARTESIAN_POINT('',(0.,-3.429011037613E-15,-28.));
#7741 = SURFACE_CURVE('',#7742,(#7746,#7752),.PCURVE_S1.);
#7742 = LINE('',#7743,#7744);
#7743 = CARTESIAN_POINT('',(0.,0.,-28.));
#7744 = VECTOR('',#7745,1.);
#7745 = DIRECTION('',(1.,0.,0.));
#7746 = PCURVE('',#7685,#7747);
#7747 = DEFINITIONAL_REPRESENTATION('',(#7748),#7751);
#7748 = B_SPLINE_CURVE_WITH_KNOTS('',1,(#7749,#7750),.UNSPECIFIED.,.F.,
  .F.,(2,2),(-6.E-07,3.0000006),.PIECEWISE_BEZIER_KNOTS.);
#7749 = CARTESIAN_POINT('',(3.14159265359,-6.E-07));
#7750 = CARTESIAN_POINT('',(3.14159265359,3.0000006));
#7751 = ( GEOMETRIC_REPRESENTATION_CONTEXT(2) 
PARAMETRIC_REPRESENTATION_CONTEXT() REPRESENTATION_CONTEXT('2D SPACE',''
  ) );
#7752 = PCURVE('',#7697,#7753);
#7753 = DEFINITIONAL_REPRESENTATION('',(#7754),#7757);
#7754 = B_SPLINE_CURVE_WITH_KNOTS('',1,(#7755,#7756),.UNSPECIFIED.,.F.,
  .F.,(2,2),(-6.E-07,3.0000006),.PIECEWISE_BEZIER_KNOTS.);
#7755 = CARTESIAN_POINT('',(122.,9.9999994));
#7756 = CARTESIAN_POINT('',(122.,13.0000006));
#7757 = ( GEOMETRIC_REPRESENTATION_CONTEXT(2) 
PARAMETRIC_REPRESENTATION_CONTEXT() REPRESENTATION_CONTEXT('2D SPACE',''
  ) );
#7758 = ORIENTED_EDGE('',*,*,#7759,.T.);
#7759 = EDGE_CURVE('',#7739,#7675,#7760,.T.);
#7760 = SURFACE_CURVE('',#7761,(#7766,#7773),.PCURVE_S1.);
#7761 = CIRCLE('',#7762,28.);
#7762 = AXIS2_PLACEMENT_3D('',#7763,#7764,#7765);
#7763 = CARTESIAN_POINT('',(0.,0.,0.));
#7764 = DIRECTION('',(1.,0.,0.));
#7765 = DIRECTION('',(-0.,0.,1.));
#7766 = PCURVE('',#7685,#7767);
#7767 = DEFINITIONAL_REPRESENTATION('',(#7768),#7772);
#7768 = LINE('',#7769,#7770);
#7769 = CARTESIAN_POINT('',(0.,0.));
#7770 = VECTOR('',#7771,1.);
#7771 = DIRECTION('',(1.,0.));
#7772 = ( GEOMETRIC_REPRESENTATION_CONTEXT(2) 
PARAMETRIC_REPRESENTATION_CONTEXT() REPRESENTATION_CONTEXT('2D SPACE',''
  ) );
#7773 = PCURVE('',#7774,#7779);
#7774 = PLANE('',#7775);
#7775 = AXIS2_PLACEMENT_3D('',#7776,#7777,#7778);
#7776 = CARTESIAN_POINT('',(0.,0.,0.));
#7777 = DIRECTION('',(1.,0.,0.));
#7778 = DIRECTION('',(-0.,0.,1.));
#7779 = DEFINITIONAL_REPRESENTATION('',(#7780),#7784);
#7780 = CIRCLE('',#7781,28.);
#7781 = AXIS2_PLACEMENT_2D('',#7782,#7783);
#7782 = CARTESIAN_POINT('',(0.,0.));
#7783 = DIRECTION('',(1.,0.));
#7784 = ( GEOMETRIC_REPRESENTATION_CONTEXT(2) 
PARAMETRIC_REPRESENTATION_CONTEXT() REPRESENTATION_CONTEXT('2D SPACE',''
  ) );
#7785 = ADVANCED_FACE('',(#7786),#7697,.F.);
#7786 = FACE_BOUND('',#7787,.F.);
#7787 = EDGE_LOOP('',(#7788,#7789,#7808,#7809));
#7788 = ORIENTED_EDGE('',*,*,#7674,.T.);
#7789 = ORIENTED_EDGE('',*,*,#7790,.F.);
#7790 = EDGE_CURVE('',#7710,#7677,#7791,.T.);
#7791 = SURFACE_CURVE('',#7792,(#7796,#7802),.PCURVE_S1.);
#7792 = LINE('',#7793,#7794);
#7793 = CARTESIAN_POINT('',(3.,0.,-75.));
#7794 = VECTOR('',#7795,1.);
#7795 = DIRECTION('',(0.,-0.,1.));
#7796 = PCURVE('',#7697,#7797);
#7797 = DEFINITIONAL_REPRESENTATION('',(#7798),#7801);
#7798 = B_SPLINE_CURVE_WITH_KNOTS('',1,(#7799,#7800),.UNSPECIFIED.,.F.,
  .F.,(2,2),(47.,103.),.PIECEWISE_BEZIER_KNOTS.);
#7799 = CARTESIAN_POINT('',(122.,13.));
#7800 = CARTESIAN_POINT('',(178.,13.));
#7801 = ( GEOMETRIC_REPRESENTATION_CONTEXT(2) 
PARAMETRIC_REPRESENTATION_CONTEXT() REPRESENTATION_CONTEXT('2D SPACE',''
  ) );
#7802 = PCURVE('',#7726,#7803);
#7803 = DEFINITIONAL_REPRESENTATION('',(#7804),#7807);
#7804 = B_SPLINE_CURVE_WITH_KNOTS('',1,(#7805,#7806),.UNSPECIFIED.,.F.,
  .F.,(2,2),(47.,103.),.PIECEWISE_BEZIER_KNOTS.);
#7805 = CARTESIAN_POINT('',(-28.,0.));
#7806 = CARTESIAN_POINT('',(28.,0.));
#7807 = ( GEOMETRIC_REPRESENTATION_CONTEXT(2) 
PARAMETRIC_REPRESENTATION_CONTEXT() REPRESENTATION_CONTEXT('2D SPACE',''
  ) );
#7808 = ORIENTED_EDGE('',*,*,#7738,.F.);
#7809 = ORIENTED_EDGE('',*,*,#7810,.T.);
#7810 = EDGE_CURVE('',#7739,#7675,#7811,.T.);
#7811 = SURFACE_CURVE('',#7812,(#7816,#7822),.PCURVE_S1.);
#7812 = LINE('',#7813,#7814);
#7813 = CARTESIAN_POINT('',(0.,0.,-75.));
#7814 = VECTOR('',#7815,1.);
#7815 = DIRECTION('',(0.,-0.,1.));
#7816 = PCURVE('',#7697,#7817);
#7817 = DEFINITIONAL_REPRESENTATION('',(#7818),#7821);
#7818 = B_SPLINE_CURVE_WITH_KNOTS('',1,(#7819,#7820),.UNSPECIFIED.,.F.,
  .F.,(2,2),(47.,103.),.PIECEWISE_BEZIER_KNOTS.);
#7819 = CARTESIAN_POINT('',(122.,10.));
#7820 = CARTESIAN_POINT('',(178.,10.));
#7821 = ( GEOMETRIC_REPRESENTATION_CONTEXT(2) 
PARAMETRIC_REPRESENTATION_CONTEXT() REPRESENTATION_CONTEXT('2D SPACE',''
  ) );
#7822 = PCURVE('',#7774,#7823);
#7823 = DEFINITIONAL_REPRESENTATION('',(#7824),#7827);
#7824 = B_SPLINE_CURVE_WITH_KNOTS('',1,(#7825,#7826),.UNSPECIFIED.,.F.,
  .F.,(2,2),(47.,103.),.PIECEWISE_BEZIER_KNOTS.);
#7825 = CARTESIAN_POINT('',(-28.,0.));
#7826 = CARTESIAN_POINT('',(28.,0.));
#7827 = ( GEOMETRIC_REPRESENTATION_CONTEXT(2) 
PARAMETRIC_REPRESENTATION_CONTEXT() REPRESENTATION_CONTEXT('2D SPACE',''
  ) );
#7828 = ADVANCED_FACE('',(#7829),#7774,.F.);
#7829 = FACE_BOUND('',#7830,.F.);
#7830 = EDGE_LOOP('',(#7831,#7832));
#7831 = ORIENTED_EDGE('',*,*,#7759,.T.);
#7832 = ORIENTED_EDGE('',*,*,#7810,.F.);
#7833 = ADVANCED_FACE('',(#7834),#7726,.T.);
#7834 = FACE_BOUND('',#7835,.T.);
#7835 = EDGE_LOOP('',(#7836,#7837));
#7836 = ORIENTED_EDGE('',*,*,#7709,.T.);
#7837 = ORIENTED_EDGE('',*,*,#7790,.F.);
#7838 = ( GEOMETRIC_REPRESENTATION_CONTEXT(3) 
GLOBAL_UNCERTAINTY_ASSIGNED_CONTEXT((#7842)) 
GLOBAL_UNIT_ASSIGNED_CONTEXT((#7839,#7840,#7841)) REPRESENTATION_CONTEXT
('Context #1','3D Context with UNIT and UNCERTAINTY') );
#7839 = ( LENGTH_UNIT() NAMED_UNIT(*) SI_UNIT(.MILLI.,.METRE.) );
#7840 = ( NAMED_UNIT(*) PLANE_ANGLE_UNIT() SI_UNIT($,.RADIAN.) );
#7841 = ( NAMED_UNIT(*) SI_UNIT($,.STERADIAN.) SOLID_ANGLE_UNIT() );
#7842 = UNCERTAINTY_MEASURE_WITH_UNIT(LENGTH_MEASURE(2.E-07),#7839,
  'distance_accuracy_value','confusion accuracy');
#7843 = CONTEXT_DEPENDENT_SHAPE_REPRESENTATION(#7844,#7846);
#7844 = ( REPRESENTATION_RELATIONSHIP('','',#7667,#10) 
REPRESENTATION_RELATIONSHIP_WITH_TRANSFORMATION(#7845) 
SHAPE_REPRESENTATION_RELATIONSHIP() );
#7845 = ITEM_DEFINED_TRANSFORMATION('','',#11,#27);
#7846 = PRODUCT_DEFINITION_SHAPE('Placement','Placement of an item',
  #7847);
#7847 = NEXT_ASSEMBLY_USAGE_OCCURRENCE('18','04_Contact_pad','',#5,#7662
  ,$);
#7848 = PRODUCT_RELATED_PRODUCT_CATEGORY('part',$,(#7664));
#7849 = SHAPE_DEFINITION_REPRESENTATION(#7850,#7856);
#7850 = PRODUCT_DEFINITION_SHAPE('','',#7851);
#7851 = PRODUCT_DEFINITION('design','',#7852,#7855);
#7852 = PRODUCT_DEFINITION_FORMATION('','',#7853);
#7853 = PRODUCT('05_Piezo_disc','05_Piezo_disc','',(#7854));
#7854 = PRODUCT_CONTEXT('',#2,'mechanical');
#7855 = PRODUCT_DEFINITION_CONTEXT('part definition',#2,'design');
#7856 = ADVANCED_BREP_SHAPE_REPRESENTATION('',(#11,#7857),#8027);
#7857 = MANIFOLD_SOLID_BREP('',#7858);
#7858 = CLOSED_SHELL('',(#7859,#7974,#8017,#8022));
#7859 = ADVANCED_FACE('',(#7860),#7874,.T.);
#7860 = FACE_BOUND('',#7861,.T.);
#7861 = EDGE_LOOP('',(#7862,#7897,#7926,#7947));
#7862 = ORIENTED_EDGE('',*,*,#7863,.T.);
#7863 = EDGE_CURVE('',#7864,#7866,#7868,.T.);
#7864 = VERTEX_POINT('',#7865);
#7865 = CARTESIAN_POINT('',(3.,3.306546357698E-15,13.5));
#7866 = VERTEX_POINT('',#7867);
#7867 = CARTESIAN_POINT('',(3.5,3.306546357698E-15,13.5));
#7868 = SURFACE_CURVE('',#7869,(#7873,#7885),.PCURVE_S1.);
#7869 = LINE('',#7870,#7871);
#7870 = CARTESIAN_POINT('',(3.,3.306546357698E-15,13.5));
#7871 = VECTOR('',#7872,1.);
#7872 = DIRECTION('',(1.,0.,0.));
#7873 = PCURVE('',#7874,#7879);
#7874 = CYLINDRICAL_SURFACE('',#7875,13.5);
#7875 = AXIS2_PLACEMENT_3D('',#7876,#7877,#7878);
#7876 = CARTESIAN_POINT('',(3.,0.,0.));
#7877 = DIRECTION('',(1.,0.,0.));
#7878 = DIRECTION('',(-0.,0.,1.));
#7879 = DEFINITIONAL_REPRESENTATION('',(#7880),#7884);
#7880 = LINE('',#7881,#7882);
#7881 = CARTESIAN_POINT('',(6.28318530718,-0.));
#7882 = VECTOR('',#7883,1.);
#7883 = DIRECTION('',(0.,1.));
#7884 = ( GEOMETRIC_REPRESENTATION_CONTEXT(2) 
PARAMETRIC_REPRESENTATION_CONTEXT() REPRESENTATION_CONTEXT('2D SPACE',''
  ) );
#7885 = PCURVE('',#7886,#7891);
#7886 = PLANE('',#7887);
#7887 = AXIS2_PLACEMENT_3D('',#7888,#7889,#7890);
#7888 = CARTESIAN_POINT('',(-10.,0.,-150.));
#7889 = DIRECTION('',(-0.,1.,0.));
#7890 = DIRECTION('',(0.,0.,1.));
#7891 = DEFINITIONAL_REPRESENTATION('',(#7892),#7896);
#7892 = LINE('',#7893,#7894);
#7893 = CARTESIAN_POINT('',(163.5,13.));
#7894 = VECTOR('',#7895,1.);
#7895 = DIRECTION('',(0.,1.));
#7896 = ( GEOMETRIC_REPRESENTATION_CONTEXT(2) 
PARAMETRIC_REPRESENTATION_CONTEXT() REPRESENTATION_CONTEXT('2D SPACE',''
  ) );
#7897 = ORIENTED_EDGE('',*,*,#7898,.F.);
#7898 = EDGE_CURVE('',#7899,#7866,#7901,.T.);
#7899 = VERTEX_POINT('',#7900);
#7900 = CARTESIAN_POINT('',(3.5,-1.653273178849E-15,-13.5));
#7901 = SURFACE_CURVE('',#7902,(#7907,#7914),.PCURVE_S1.);
#7902 = CIRCLE('',#7903,13.5);
#7903 = AXIS2_PLACEMENT_3D('',#7904,#7905,#7906);
#7904 = CARTESIAN_POINT('',(3.5,0.,0.));
#7905 = DIRECTION('',(1.,0.,0.));
#7906 = DIRECTION('',(-0.,0.,1.));
#7907 = PCURVE('',#7874,#7908);
#7908 = DEFINITIONAL_REPRESENTATION('',(#7909),#7913);
#7909 = LINE('',#7910,#7911);
#7910 = CARTESIAN_POINT('',(0.,0.5));
#7911 = VECTOR('',#7912,1.);
#7912 = DIRECTION('',(1.,0.));
#7913 = ( GEOMETRIC_REPRESENTATION_CONTEXT(2) 
PARAMETRIC_REPRESENTATION_CONTEXT() REPRESENTATION_CONTEXT('2D SPACE',''
  ) );
#7914 = PCURVE('',#7915,#7920);
#7915 = PLANE('',#7916);
#7916 = AXIS2_PLACEMENT_3D('',#7917,#7918,#7919);
#7917 = CARTESIAN_POINT('',(3.5,0.,0.));
#7918 = DIRECTION('',(1.,0.,0.));
#7919 = DIRECTION('',(-0.,0.,1.));
#7920 = DEFINITIONAL_REPRESENTATION('',(#7921),#7925);
#7921 = CIRCLE('',#7922,13.5);
#7922 = AXIS2_PLACEMENT_2D('',#7923,#7924);
#7923 = CARTESIAN_POINT('',(0.,0.));
#7924 = DIRECTION('',(1.,0.));
#7925 = ( GEOMETRIC_REPRESENTATION_CONTEXT(2) 
PARAMETRIC_REPRESENTATION_CONTEXT() REPRESENTATION_CONTEXT('2D SPACE',''
  ) );
#7926 = ORIENTED_EDGE('',*,*,#7927,.F.);
#7927 = EDGE_CURVE('',#7928,#7899,#7930,.T.);
#7928 = VERTEX_POINT('',#7929);
#7929 = CARTESIAN_POINT('',(3.,-1.653273178849E-15,-13.5));
#7930 = SURFACE_CURVE('',#7931,(#7935,#7941),.PCURVE_S1.);
#7931 = LINE('',#7932,#7933);
#7932 = CARTESIAN_POINT('',(3.,0.,-13.5));
#7933 = VECTOR('',#7934,1.);
#7934 = DIRECTION('',(1.,0.,0.));
#7935 = PCURVE('',#7874,#7936);
#7936 = DEFINITIONAL_REPRESENTATION('',(#7937),#7940);
#7937 = B_SPLINE_CURVE_WITH_KNOTS('',1,(#7938,#7939),.UNSPECIFIED.,.F.,
  .F.,(2,2),(-5.999999999062E-07,0.5000006),.PIECEWISE_BEZIER_KNOTS.);
#7938 = CARTESIAN_POINT('',(3.14159265359,-5.999999999062E-07));
#7939 = CARTESIAN_POINT('',(3.14159265359,0.5000006));
#7940 = ( GEOMETRIC_REPRESENTATION_CONTEXT(2) 
PARAMETRIC_REPRESENTATION_CONTEXT() REPRESENTATION_CONTEXT('2D SPACE',''
  ) );
#7941 = PCURVE('',#7886,#7942);
#7942 = DEFINITIONAL_REPRESENTATION('',(#7943),#7946);
#7943 = B_SPLINE_CURVE_WITH_KNOTS('',1,(#7944,#7945),.UNSPECIFIED.,.F.,
  .F.,(2,2),(-5.999999999062E-07,0.5000006),.PIECEWISE_BEZIER_KNOTS.);
#7944 = CARTESIAN_POINT('',(136.5,12.9999994));
#7945 = CARTESIAN_POINT('',(136.5,13.5000006));
#7946 = ( GEOMETRIC_REPRESENTATION_CONTEXT(2) 
PARAMETRIC_REPRESENTATION_CONTEXT() REPRESENTATION_CONTEXT('2D SPACE',''
  ) );
#7947 = ORIENTED_EDGE('',*,*,#7948,.T.);
#7948 = EDGE_CURVE('',#7928,#7864,#7949,.T.);
#7949 = SURFACE_CURVE('',#7950,(#7955,#7962),.PCURVE_S1.);
#7950 = CIRCLE('',#7951,13.5);
#7951 = AXIS2_PLACEMENT_3D('',#7952,#7953,#7954);
#7952 = CARTESIAN_POINT('',(3.,0.,0.));
#7953 = DIRECTION('',(1.,0.,0.));
#7954 = DIRECTION('',(-0.,0.,1.));
#7955 = PCURVE('',#7874,#7956);
#7956 = DEFINITIONAL_REPRESENTATION('',(#7957),#7961);
#7957 = LINE('',#7958,#7959);
#7958 = CARTESIAN_POINT('',(0.,0.));
#7959 = VECTOR('',#7960,1.);
#7960 = DIRECTION('',(1.,0.));
#7961 = ( GEOMETRIC_REPRESENTATION_CONTEXT(2) 
PARAMETRIC_REPRESENTATION_CONTEXT() REPRESENTATION_CONTEXT('2D SPACE',''
  ) );
#7962 = PCURVE('',#7963,#7968);
#7963 = PLANE('',#7964);
#7964 = AXIS2_PLACEMENT_3D('',#7965,#7966,#7967);
#7965 = CARTESIAN_POINT('',(3.,0.,0.));
#7966 = DIRECTION('',(1.,0.,0.));
#7967 = DIRECTION('',(-0.,0.,1.));
#7968 = DEFINITIONAL_REPRESENTATION('',(#7969),#7973);
#7969 = CIRCLE('',#7970,13.5);
#7970 = AXIS2_PLACEMENT_2D('',#7971,#7972);
#7971 = CARTESIAN_POINT('',(0.,0.));
#7972 = DIRECTION('',(1.,0.));
#7973 = ( GEOMETRIC_REPRESENTATION_CONTEXT(2) 
PARAMETRIC_REPRESENTATION_CONTEXT() REPRESENTATION_CONTEXT('2D SPACE',''
  ) );
#7974 = ADVANCED_FACE('',(#7975),#7886,.F.);
#7975 = FACE_BOUND('',#7976,.F.);
#7976 = EDGE_LOOP('',(#7977,#7978,#7997,#7998));
#7977 = ORIENTED_EDGE('',*,*,#7863,.T.);
#7978 = ORIENTED_EDGE('',*,*,#7979,.F.);
#7979 = EDGE_CURVE('',#7899,#7866,#7980,.T.);
#7980 = SURFACE_CURVE('',#7981,(#7985,#7991),.PCURVE_S1.);
#7981 = LINE('',#7982,#7983);
#7982 = CARTESIAN_POINT('',(3.5,0.,-75.));
#7983 = VECTOR('',#7984,1.);
#7984 = DIRECTION('',(0.,-0.,1.));
#7985 = PCURVE('',#7886,#7986);
#7986 = DEFINITIONAL_REPRESENTATION('',(#7987),#7990);
#7987 = B_SPLINE_CURVE_WITH_KNOTS('',1,(#7988,#7989),.UNSPECIFIED.,.F.,
  .F.,(2,2),(61.5,88.5),.PIECEWISE_BEZIER_KNOTS.);
#7988 = CARTESIAN_POINT('',(136.5,13.5));
#7989 = CARTESIAN_POINT('',(163.5,13.5));
#7990 = ( GEOMETRIC_REPRESENTATION_CONTEXT(2) 
PARAMETRIC_REPRESENTATION_CONTEXT() REPRESENTATION_CONTEXT('2D SPACE',''
  ) );
#7991 = PCURVE('',#7915,#7992);
#7992 = DEFINITIONAL_REPRESENTATION('',(#7993),#7996);
#7993 = B_SPLINE_CURVE_WITH_KNOTS('',1,(#7994,#7995),.UNSPECIFIED.,.F.,
  .F.,(2,2),(61.5,88.5),.PIECEWISE_BEZIER_KNOTS.);
#7994 = CARTESIAN_POINT('',(-13.5,0.));
#7995 = CARTESIAN_POINT('',(13.5,0.));
#7996 = ( GEOMETRIC_REPRESENTATION_CONTEXT(2) 
PARAMETRIC_REPRESENTATION_CONTEXT() REPRESENTATION_CONTEXT('2D SPACE',''
  ) );
#7997 = ORIENTED_EDGE('',*,*,#7927,.F.);
#7998 = ORIENTED_EDGE('',*,*,#7999,.T.);
#7999 = EDGE_CURVE('',#7928,#7864,#8000,.T.);
#8000 = SURFACE_CURVE('',#8001,(#8005,#8011),.PCURVE_S1.);
#8001 = LINE('',#8002,#8003);
#8002 = CARTESIAN_POINT('',(3.,0.,-75.));
#8003 = VECTOR('',#8004,1.);
#8004 = DIRECTION('',(0.,-0.,1.));
#8005 = PCURVE('',#7886,#8006);
#8006 = DEFINITIONAL_REPRESENTATION('',(#8007),#8010);
#8007 = B_SPLINE_CURVE_WITH_KNOTS('',1,(#8008,#8009),.UNSPECIFIED.,.F.,
  .F.,(2,2),(61.5,88.5),.PIECEWISE_BEZIER_KNOTS.);
#8008 = CARTESIAN_POINT('',(136.5,13.));
#8009 = CARTESIAN_POINT('',(163.5,13.));
#8010 = ( GEOMETRIC_REPRESENTATION_CONTEXT(2) 
PARAMETRIC_REPRESENTATION_CONTEXT() REPRESENTATION_CONTEXT('2D SPACE',''
  ) );
#8011 = PCURVE('',#7963,#8012);
#8012 = DEFINITIONAL_REPRESENTATION('',(#8013),#8016);
#8013 = B_SPLINE_CURVE_WITH_KNOTS('',1,(#8014,#8015),.UNSPECIFIED.,.F.,
  .F.,(2,2),(61.5,88.5),.PIECEWISE_BEZIER_KNOTS.);
#8014 = CARTESIAN_POINT('',(-13.5,0.));
#8015 = CARTESIAN_POINT('',(13.5,0.));
#8016 = ( GEOMETRIC_REPRESENTATION_CONTEXT(2) 
PARAMETRIC_REPRESENTATION_CONTEXT() REPRESENTATION_CONTEXT('2D SPACE',''
  ) );
#8017 = ADVANCED_FACE('',(#8018),#7963,.F.);
#8018 = FACE_BOUND('',#8019,.F.);
#8019 = EDGE_LOOP('',(#8020,#8021));
#8020 = ORIENTED_EDGE('',*,*,#7948,.T.);
#8021 = ORIENTED_EDGE('',*,*,#7999,.F.);
#8022 = ADVANCED_FACE('',(#8023),#7915,.T.);
#8023 = FACE_BOUND('',#8024,.T.);
#8024 = EDGE_LOOP('',(#8025,#8026));
#8025 = ORIENTED_EDGE('',*,*,#7898,.T.);
#8026 = ORIENTED_EDGE('',*,*,#7979,.F.);
#8027 = ( GEOMETRIC_REPRESENTATION_CONTEXT(3) 
GLOBAL_UNCERTAINTY_ASSIGNED_CONTEXT((#8031)) 
GLOBAL_UNIT_ASSIGNED_CONTEXT((#8028,#8029,#8030)) REPRESENTATION_CONTEXT
('Context #1','3D Context with UNIT and UNCERTAINTY') );
#8028 = ( LENGTH_UNIT() NAMED_UNIT(*) SI_UNIT(.MILLI.,.METRE.) );
#8029 = ( NAMED_UNIT(*) PLANE_ANGLE_UNIT() SI_UNIT($,.RADIAN.) );
#8030 = ( NAMED_UNIT(*) SI_UNIT($,.STERADIAN.) SOLID_ANGLE_UNIT() );
#8031 = UNCERTAINTY_MEASURE_WITH_UNIT(LENGTH_MEASURE(2.E-07),#8028,
  'distance_accuracy_value','confusion accuracy');
#8032 = CONTEXT_DEPENDENT_SHAPE_REPRESENTATION(#8033,#8035);
#8033 = ( REPRESENTATION_RELATIONSHIP('','',#7856,#10) 
REPRESENTATION_RELATIONSHIP_WITH_TRANSFORMATION(#8034) 
SHAPE_REPRESENTATION_RELATIONSHIP() );
#8034 = ITEM_DEFINED_TRANSFORMATION('','',#11,#31);
#8035 = PRODUCT_DEFINITION_SHAPE('Placement','Placement of an item',
  #8036);
#8036 = NEXT_ASSEMBLY_USAGE_OCCURRENCE('19','05_Piezo_disc','',#5,#7851,
  $);
#8037 = PRODUCT_RELATED_PRODUCT_CATEGORY('part',$,(#7853));
#8038 = SHAPE_DEFINITION_REPRESENTATION(#8039,#8045);
#8039 = PRODUCT_DEFINITION_SHAPE('','',#8040);
#8040 = PRODUCT_DEFINITION('design','',#8041,#8044);
#8041 = PRODUCT_DEFINITION_FORMATION('','',#8042);
#8042 = PRODUCT('06_Steel_strike_plate','06_Steel_strike_plate','',(
    #8043));
#8043 = PRODUCT_CONTEXT('',#2,'mechanical');
#8044 = PRODUCT_DEFINITION_CONTEXT('part definition',#2,'design');
#8045 = ADVANCED_BREP_SHAPE_REPRESENTATION('',(#11,#8046),#8216);
#8046 = MANIFOLD_SOLID_BREP('',#8047);
#8047 = CLOSED_SHELL('',(#8048,#8163,#8206,#8211));
#8048 = ADVANCED_FACE('',(#8049),#8063,.T.);
#8049 = FACE_BOUND('',#8050,.T.);
#8050 = EDGE_LOOP('',(#8051,#8086,#8115,#8136));
#8051 = ORIENTED_EDGE('',*,*,#8052,.T.);
#8052 = EDGE_CURVE('',#8053,#8055,#8057,.T.);
#8053 = VERTEX_POINT('',#8054);
#8054 = CARTESIAN_POINT('',(3.5,4.898587196589E-15,20.));
#8055 = VERTEX_POINT('',#8056);
#8056 = CARTESIAN_POINT('',(8.5,4.898587196589E-15,20.));
#8057 = SURFACE_CURVE('',#8058,(#8062,#8074),.PCURVE_S1.);
#8058 = LINE('',#8059,#8060);
#8059 = CARTESIAN_POINT('',(3.5,4.898587196589E-15,20.));
#8060 = VECTOR('',#8061,1.);
#8061 = DIRECTION('',(1.,0.,0.));
#8062 = PCURVE('',#8063,#8068);
#8063 = CYLINDRICAL_SURFACE('',#8064,20.);
#8064 = AXIS2_PLACEMENT_3D('',#8065,#8066,#8067);
#8065 = CARTESIAN_POINT('',(3.5,0.,0.));
#8066 = DIRECTION('',(1.,0.,0.));
#8067 = DIRECTION('',(-0.,0.,1.));
#8068 = DEFINITIONAL_REPRESENTATION('',(#8069),#8073);
#8069 = LINE('',#8070,#8071);
#8070 = CARTESIAN_POINT('',(6.28318530718,-0.));
#8071 = VECTOR('',#8072,1.);
#8072 = DIRECTION('',(0.,1.));
#8073 = ( GEOMETRIC_REPRESENTATION_CONTEXT(2) 
PARAMETRIC_REPRESENTATION_CONTEXT() REPRESENTATION_CONTEXT('2D SPACE',''
  ) );
#8074 = PCURVE('',#8075,#8080);
#8075 = PLANE('',#8076);
#8076 = AXIS2_PLACEMENT_3D('',#8077,#8078,#8079);
#8077 = CARTESIAN_POINT('',(-10.,0.,-150.));
#8078 = DIRECTION('',(-0.,1.,0.));
#8079 = DIRECTION('',(0.,0.,1.));
#8080 = DEFINITIONAL_REPRESENTATION('',(#8081),#8085);
#8081 = LINE('',#8082,#8083);
#8082 = CARTESIAN_POINT('',(170.,13.5));
#8083 = VECTOR('',#8084,1.);
#8084 = DIRECTION('',(0.,1.));
#8085 = ( GEOMETRIC_REPRESENTATION_CONTEXT(2) 
PARAMETRIC_REPRESENTATION_CONTEXT() REPRESENTATION_CONTEXT('2D SPACE',''
  ) );
#8086 = ORIENTED_EDGE('',*,*,#8087,.F.);
#8087 = EDGE_CURVE('',#8088,#8055,#8090,.T.);
#8088 = VERTEX_POINT('',#8089);
#8089 = CARTESIAN_POINT('',(8.5,-2.449293598295E-15,-20.));
#8090 = SURFACE_CURVE('',#8091,(#8096,#8103),.PCURVE_S1.);
#8091 = CIRCLE('',#8092,20.);
#8092 = AXIS2_PLACEMENT_3D('',#8093,#8094,#8095);
#8093 = CARTESIAN_POINT('',(8.5,0.,0.));
#8094 = DIRECTION('',(1.,0.,0.));
#8095 = DIRECTION('',(-0.,0.,1.));
#8096 = PCURVE('',#8063,#8097);
#8097 = DEFINITIONAL_REPRESENTATION('',(#8098),#8102);
#8098 = LINE('',#8099,#8100);
#8099 = CARTESIAN_POINT('',(0.,5.));
#8100 = VECTOR('',#8101,1.);
#8101 = DIRECTION('',(1.,0.));
#8102 = ( GEOMETRIC_REPRESENTATION_CONTEXT(2) 
PARAMETRIC_REPRESENTATION_CONTEXT() REPRESENTATION_CONTEXT('2D SPACE',''
  ) );
#8103 = PCURVE('',#8104,#8109);
#8104 = PLANE('',#8105);
#8105 = AXIS2_PLACEMENT_3D('',#8106,#8107,#8108);
#8106 = CARTESIAN_POINT('',(8.5,0.,0.));
#8107 = DIRECTION('',(1.,0.,0.));
#8108 = DIRECTION('',(-0.,0.,1.));
#8109 = DEFINITIONAL_REPRESENTATION('',(#8110),#8114);
#8110 = CIRCLE('',#8111,20.);
#8111 = AXIS2_PLACEMENT_2D('',#8112,#8113);
#8112 = CARTESIAN_POINT('',(0.,0.));
#8113 = DIRECTION('',(1.,0.));
#8114 = ( GEOMETRIC_REPRESENTATION_CONTEXT(2) 
PARAMETRIC_REPRESENTATION_CONTEXT() REPRESENTATION_CONTEXT('2D SPACE',''
  ) );
#8115 = ORIENTED_EDGE('',*,*,#8116,.F.);
#8116 = EDGE_CURVE('',#8117,#8088,#8119,.T.);
#8117 = VERTEX_POINT('',#8118);
#8118 = CARTESIAN_POINT('',(3.5,-2.449293598295E-15,-20.));
#8119 = SURFACE_CURVE('',#8120,(#8124,#8130),.PCURVE_S1.);
#8120 = LINE('',#8121,#8122);
#8121 = CARTESIAN_POINT('',(3.5,0.,-20.));
#8122 = VECTOR('',#8123,1.);
#8123 = DIRECTION('',(1.,0.,0.));
#8124 = PCURVE('',#8063,#8125);
#8125 = DEFINITIONAL_REPRESENTATION('',(#8126),#8129);
#8126 = B_SPLINE_CURVE_WITH_KNOTS('',1,(#8127,#8128),.UNSPECIFIED.,.F.,
  .F.,(2,2),(-5.999999999062E-07,5.0000006),.PIECEWISE_BEZIER_KNOTS.);
#8127 = CARTESIAN_POINT('',(3.14159265359,-5.999999999062E-07));
#8128 = CARTESIAN_POINT('',(3.14159265359,5.0000006));
#8129 = ( GEOMETRIC_REPRESENTATION_CONTEXT(2) 
PARAMETRIC_REPRESENTATION_CONTEXT() REPRESENTATION_CONTEXT('2D SPACE',''
  ) );
#8130 = PCURVE('',#8075,#8131);
#8131 = DEFINITIONAL_REPRESENTATION('',(#8132),#8135);
#8132 = B_SPLINE_CURVE_WITH_KNOTS('',1,(#8133,#8134),.UNSPECIFIED.,.F.,
  .F.,(2,2),(-5.999999999062E-07,5.0000006),.PIECEWISE_BEZIER_KNOTS.);
#8133 = CARTESIAN_POINT('',(130.,13.4999994));
#8134 = CARTESIAN_POINT('',(130.,18.5000006));
#8135 = ( GEOMETRIC_REPRESENTATION_CONTEXT(2) 
PARAMETRIC_REPRESENTATION_CONTEXT() REPRESENTATION_CONTEXT('2D SPACE',''
  ) );
#8136 = ORIENTED_EDGE('',*,*,#8137,.T.);
#8137 = EDGE_CURVE('',#8117,#8053,#8138,.T.);
#8138 = SURFACE_CURVE('',#8139,(#8144,#8151),.PCURVE_S1.);
#8139 = CIRCLE('',#8140,20.);
#8140 = AXIS2_PLACEMENT_3D('',#8141,#8142,#8143);
#8141 = CARTESIAN_POINT('',(3.5,0.,0.));
#8142 = DIRECTION('',(1.,0.,0.));
#8143 = DIRECTION('',(-0.,0.,1.));
#8144 = PCURVE('',#8063,#8145);
#8145 = DEFINITIONAL_REPRESENTATION('',(#8146),#8150);
#8146 = LINE('',#8147,#8148);
#8147 = CARTESIAN_POINT('',(0.,0.));
#8148 = VECTOR('',#8149,1.);
#8149 = DIRECTION('',(1.,0.));
#8150 = ( GEOMETRIC_REPRESENTATION_CONTEXT(2) 
PARAMETRIC_REPRESENTATION_CONTEXT() REPRESENTATION_CONTEXT('2D SPACE',''
  ) );
#8151 = PCURVE('',#8152,#8157);
#8152 = PLANE('',#8153);
#8153 = AXIS2_PLACEMENT_3D('',#8154,#8155,#8156);
#8154 = CARTESIAN_POINT('',(3.5,0.,0.));
#8155 = DIRECTION('',(1.,0.,0.));
#8156 = DIRECTION('',(-0.,0.,1.));
#8157 = DEFINITIONAL_REPRESENTATION('',(#8158),#8162);
#8158 = CIRCLE('',#8159,20.);
#8159 = AXIS2_PLACEMENT_2D('',#8160,#8161);
#8160 = CARTESIAN_POINT('',(0.,0.));
#8161 = DIRECTION('',(1.,0.));
#8162 = ( GEOMETRIC_REPRESENTATION_CONTEXT(2) 
PARAMETRIC_REPRESENTATION_CONTEXT() REPRESENTATION_CONTEXT('2D SPACE',''
  ) );
#8163 = ADVANCED_FACE('',(#8164),#8075,.F.);
#8164 = FACE_BOUND('',#8165,.F.);
#8165 = EDGE_LOOP('',(#8166,#8167,#8186,#8187));
#8166 = ORIENTED_EDGE('',*,*,#8052,.T.);
#8167 = ORIENTED_EDGE('',*,*,#8168,.F.);
#8168 = EDGE_CURVE('',#8088,#8055,#8169,.T.);
#8169 = SURFACE_CURVE('',#8170,(#8174,#8180),.PCURVE_S1.);
#8170 = LINE('',#8171,#8172);
#8171 = CARTESIAN_POINT('',(8.5,0.,-75.));
#8172 = VECTOR('',#8173,1.);
#8173 = DIRECTION('',(0.,-0.,1.));
#8174 = PCURVE('',#8075,#8175);
#8175 = DEFINITIONAL_REPRESENTATION('',(#8176),#8179);
#8176 = B_SPLINE_CURVE_WITH_KNOTS('',1,(#8177,#8178),.UNSPECIFIED.,.F.,
  .F.,(2,2),(55.,95.),.PIECEWISE_BEZIER_KNOTS.);
#8177 = CARTESIAN_POINT('',(130.,18.5));
#8178 = CARTESIAN_POINT('',(170.,18.5));
#8179 = ( GEOMETRIC_REPRESENTATION_CONTEXT(2) 
PARAMETRIC_REPRESENTATION_CONTEXT() REPRESENTATION_CONTEXT('2D SPACE',''
  ) );
#8180 = PCURVE('',#8104,#8181);
#8181 = DEFINITIONAL_REPRESENTATION('',(#8182),#8185);
#8182 = B_SPLINE_CURVE_WITH_KNOTS('',1,(#8183,#8184),.UNSPECIFIED.,.F.,
  .F.,(2,2),(55.,95.),.PIECEWISE_BEZIER_KNOTS.);
#8183 = CARTESIAN_POINT('',(-20.,0.));
#8184 = CARTESIAN_POINT('',(20.,0.));
#8185 = ( GEOMETRIC_REPRESENTATION_CONTEXT(2) 
PARAMETRIC_REPRESENTATION_CONTEXT() REPRESENTATION_CONTEXT('2D SPACE',''
  ) );
#8186 = ORIENTED_EDGE('',*,*,#8116,.F.);
#8187 = ORIENTED_EDGE('',*,*,#8188,.T.);
#8188 = EDGE_CURVE('',#8117,#8053,#8189,.T.);
#8189 = SURFACE_CURVE('',#8190,(#8194,#8200),.PCURVE_S1.);
#8190 = LINE('',#8191,#8192);
#8191 = CARTESIAN_POINT('',(3.5,0.,-75.));
#8192 = VECTOR('',#8193,1.);
#8193 = DIRECTION('',(0.,-0.,1.));
#8194 = PCURVE('',#8075,#8195);
#8195 = DEFINITIONAL_REPRESENTATION('',(#8196),#8199);
#8196 = B_SPLINE_CURVE_WITH_KNOTS('',1,(#8197,#8198),.UNSPECIFIED.,.F.,
  .F.,(2,2),(55.,95.),.PIECEWISE_BEZIER_KNOTS.);
#8197 = CARTESIAN_POINT('',(130.,13.5));
#8198 = CARTESIAN_POINT('',(170.,13.5));
#8199 = ( GEOMETRIC_REPRESENTATION_CONTEXT(2) 
PARAMETRIC_REPRESENTATION_CONTEXT() REPRESENTATION_CONTEXT('2D SPACE',''
  ) );
#8200 = PCURVE('',#8152,#8201);
#8201 = DEFINITIONAL_REPRESENTATION('',(#8202),#8205);
#8202 = B_SPLINE_CURVE_WITH_KNOTS('',1,(#8203,#8204),.UNSPECIFIED.,.F.,
  .F.,(2,2),(55.,95.),.PIECEWISE_BEZIER_KNOTS.);
#8203 = CARTESIAN_POINT('',(-20.,0.));
#8204 = CARTESIAN_POINT('',(20.,0.));
#8205 = ( GEOMETRIC_REPRESENTATION_CONTEXT(2) 
PARAMETRIC_REPRESENTATION_CONTEXT() REPRESENTATION_CONTEXT('2D SPACE',''
  ) );
#8206 = ADVANCED_FACE('',(#8207),#8152,.F.);
#8207 = FACE_BOUND('',#8208,.F.);
#8208 = EDGE_LOOP('',(#8209,#8210));
#8209 = ORIENTED_EDGE('',*,*,#8137,.T.);
#8210 = ORIENTED_EDGE('',*,*,#8188,.F.);
#8211 = ADVANCED_FACE('',(#8212),#8104,.T.);
#8212 = FACE_BOUND('',#8213,.T.);
#8213 = EDGE_LOOP('',(#8214,#8215));
#8214 = ORIENTED_EDGE('',*,*,#8087,.T.);
#8215 = ORIENTED_EDGE('',*,*,#8168,.F.);
#8216 = ( GEOMETRIC_REPRESENTATION_CONTEXT(3) 
GLOBAL_UNCERTAINTY_ASSIGNED_CONTEXT((#8220)) 
GLOBAL_UNIT_ASSIGNED_CONTEXT((#8217,#8218,#8219)) REPRESENTATION_CONTEXT
('Context #1','3D Context with UNIT and UNCERTAINTY') );
#8217 = ( LENGTH_UNIT() NAMED_UNIT(*) SI_UNIT(.MILLI.,.METRE.) );
#8218 = ( NAMED_UNIT(*) PLANE_ANGLE_UNIT() SI_UNIT($,.RADIAN.) );
#8219 = ( NAMED_UNIT(*) SI_UNIT($,.STERADIAN.) SOLID_ANGLE_UNIT() );
#8220 = UNCERTAINTY_MEASURE_WITH_UNIT(LENGTH_MEASURE(2.E-07),#8217,
  'distance_accuracy_value','confusion accuracy');
#8221 = CONTEXT_DEPENDENT_SHAPE_REPRESENTATION(#8222,#8224);
#8222 = ( REPRESENTATION_RELATIONSHIP('','',#8045,#10) 
REPRESENTATION_RELATIONSHIP_WITH_TRANSFORMATION(#8223) 
SHAPE_REPRESENTATION_RELATIONSHIP() );
#8223 = ITEM_DEFINED_TRANSFORMATION('','',#11,#35);
#8224 = PRODUCT_DEFINITION_SHAPE('Placement','Placement of an item',
  #8225);
#8225 = NEXT_ASSEMBLY_USAGE_OCCURRENCE('20','06_Steel_strike_plate','',
  #5,#8040,$);
#8226 = PRODUCT_RELATED_PRODUCT_CATEGORY('part',$,(#8042));
#8227 = SHAPE_DEFINITION_REPRESENTATION(#8228,#8234);
#8228 = PRODUCT_DEFINITION_SHAPE('','',#8229);
#8229 = PRODUCT_DEFINITION('design','',#8230,#8233);
#8230 = PRODUCT_DEFINITION_FORMATION('','',#8231);
#8231 = PRODUCT('07_Magnet_ring','07_Magnet_ring','',(#8232));
#8232 = PRODUCT_CONTEXT('',#2,'mechanical');
#8233 = PRODUCT_DEFINITION_CONTEXT('part definition',#2,'design');
#8234 = ADVANCED_BREP_SHAPE_REPRESENTATION('',(#11,#8235),#8557);
#8235 = MANIFOLD_SOLID_BREP('',#8236);
#8236 = CLOSED_SHELL('',(#8237,#8357,#8429,#8477,#8522,#8550));
#8237 = ADVANCED_FACE('',(#8238),#8252,.T.);
#8238 = FACE_BOUND('',#8239,.T.);
#8239 = EDGE_LOOP('',(#8240,#8275,#8304,#8330));
#8240 = ORIENTED_EDGE('',*,*,#8241,.T.);
#8241 = EDGE_CURVE('',#8242,#8244,#8246,.T.);
#8242 = VERTEX_POINT('',#8243);
#8243 = CARTESIAN_POINT('',(0.,7.960204194458E-15,32.5));
#8244 = VERTEX_POINT('',#8245);
#8245 = CARTESIAN_POINT('',(4.,7.960204194458E-15,32.5));
#8246 = SURFACE_CURVE('',#8247,(#8251,#8263),.PCURVE_S1.);
#8247 = LINE('',#8248,#8249);
#8248 = CARTESIAN_POINT('',(0.,7.960204194458E-15,32.5));
#8249 = VECTOR('',#8250,1.);
#8250 = DIRECTION('',(1.,0.,0.));
#8251 = PCURVE('',#8252,#8257);
#8252 = CYLINDRICAL_SURFACE('',#8253,32.5);
#8253 = AXIS2_PLACEMENT_3D('',#8254,#8255,#8256);
#8254 = CARTESIAN_POINT('',(0.,0.,0.));
#8255 = DIRECTION('',(1.,0.,0.));
#8256 = DIRECTION('',(-0.,0.,1.));
#8257 = DEFINITIONAL_REPRESENTATION('',(#8258),#8262);
#8258 = LINE('',#8259,#8260);
#8259 = CARTESIAN_POINT('',(6.28318530718,-0.));
#8260 = VECTOR('',#8261,1.);
#8261 = DIRECTION('',(0.,1.));
#8262 = ( GEOMETRIC_REPRESENTATION_CONTEXT(2) 
PARAMETRIC_REPRESENTATION_CONTEXT() REPRESENTATION_CONTEXT('2D SPACE',''
  ) );
#8263 = PCURVE('',#8264,#8269);
#8264 = PLANE('',#8265);
#8265 = AXIS2_PLACEMENT_3D('',#8266,#8267,#8268);
#8266 = CARTESIAN_POINT('',(-10.,0.,-150.));
#8267 = DIRECTION('',(-0.,1.,0.));
#8268 = DIRECTION('',(0.,0.,1.));
#8269 = DEFINITIONAL_REPRESENTATION('',(#8270),#8274);
#8270 = LINE('',#8271,#8272);
#8271 = CARTESIAN_POINT('',(182.5,10.));
#8272 = VECTOR('',#8273,1.);
#8273 = DIRECTION('',(0.,1.));
#8274 = ( GEOMETRIC_REPRESENTATION_CONTEXT(2) 
PARAMETRIC_REPRESENTATION_CONTEXT() REPRESENTATION_CONTEXT('2D SPACE',''
  ) );
#8275 = ORIENTED_EDGE('',*,*,#8276,.F.);
#8276 = EDGE_CURVE('',#8277,#8244,#8279,.T.);
#8277 = VERTEX_POINT('',#8278);
#8278 = CARTESIAN_POINT('',(4.,-3.980102097229E-15,-32.5));
#8279 = SURFACE_CURVE('',#8280,(#8285,#8292),.PCURVE_S1.);
#8280 = CIRCLE('',#8281,32.5);
#8281 = AXIS2_PLACEMENT_3D('',#8282,#8283,#8284);
#8282 = CARTESIAN_POINT('',(4.,0.,0.));
#8283 = DIRECTION('',(1.,0.,0.));
#8284 = DIRECTION('',(-0.,0.,1.));
#8285 = PCURVE('',#8252,#8286);
#8286 = DEFINITIONAL_REPRESENTATION('',(#8287),#8291);
#8287 = LINE('',#8288,#8289);
#8288 = CARTESIAN_POINT('',(0.,4.));
#8289 = VECTOR('',#8290,1.);
#8290 = DIRECTION('',(1.,0.));
#8291 = ( GEOMETRIC_REPRESENTATION_CONTEXT(2) 
PARAMETRIC_REPRESENTATION_CONTEXT() REPRESENTATION_CONTEXT('2D SPACE',''
  ) );
#8292 = PCURVE('',#8293,#8298);
#8293 = PLANE('',#8294);
#8294 = AXIS2_PLACEMENT_3D('',#8295,#8296,#8297);
#8295 = CARTESIAN_POINT('',(4.,0.,0.));
#8296 = DIRECTION('',(1.,0.,0.));
#8297 = DIRECTION('',(-0.,0.,1.));
#8298 = DEFINITIONAL_REPRESENTATION('',(#8299),#8303);
#8299 = CIRCLE('',#8300,32.5);
#8300 = AXIS2_PLACEMENT_2D('',#8301,#8302);
#8301 = CARTESIAN_POINT('',(0.,0.));
#8302 = DIRECTION('',(1.,0.));
#8303 = ( GEOMETRIC_REPRESENTATION_CONTEXT(2) 
PARAMETRIC_REPRESENTATION_CONTEXT() REPRESENTATION_CONTEXT('2D SPACE',''
  ) );
#8304 = ORIENTED_EDGE('',*,*,#8305,.F.);
#8305 = EDGE_CURVE('',#8306,#8277,#8308,.T.);
#8306 = VERTEX_POINT('',#8307);
#8307 = CARTESIAN_POINT('',(0.,-3.980102097229E-15,-32.5));
#8308 = SURFACE_CURVE('',#8309,(#8313,#8319),.PCURVE_S1.);
#8309 = LINE('',#8310,#8311);
#8310 = CARTESIAN_POINT('',(0.,0.,-32.5));
#8311 = VECTOR('',#8312,1.);
#8312 = DIRECTION('',(1.,0.,0.));
#8313 = PCURVE('',#8252,#8314);
#8314 = DEFINITIONAL_REPRESENTATION('',(#8315),#8318);
#8315 = B_SPLINE_CURVE_WITH_KNOTS('',1,(#8316,#8317),.UNSPECIFIED.,.F.,
  .F.,(2,2),(-6.E-07,4.0000006),.PIECEWISE_BEZIER_KNOTS.);
#8316 = CARTESIAN_POINT('',(3.14159265359,-6.E-07));
#8317 = CARTESIAN_POINT('',(3.14159265359,4.0000006));
#8318 = ( GEOMETRIC_REPRESENTATION_CONTEXT(2) 
PARAMETRIC_REPRESENTATION_CONTEXT() REPRESENTATION_CONTEXT('2D SPACE',''
  ) );
#8319 = PCURVE('',#8320,#8325);
#8320 = PLANE('',#8321);
#8321 = AXIS2_PLACEMENT_3D('',#8322,#8323,#8324);
#8322 = CARTESIAN_POINT('',(-10.,0.,-150.));
#8323 = DIRECTION('',(-0.,1.,0.));
#8324 = DIRECTION('',(0.,0.,1.));
#8325 = DEFINITIONAL_REPRESENTATION('',(#8326),#8329);
#8326 = B_SPLINE_CURVE_WITH_KNOTS('',1,(#8327,#8328),.UNSPECIFIED.,.F.,
  .F.,(2,2),(-6.E-07,4.0000006),.PIECEWISE_BEZIER_KNOTS.);
#8327 = CARTESIAN_POINT('',(117.5,9.9999994));
#8328 = CARTESIAN_POINT('',(117.5,14.0000006));
#8329 = ( GEOMETRIC_REPRESENTATION_CONTEXT(2) 
PARAMETRIC_REPRESENTATION_CONTEXT() REPRESENTATION_CONTEXT('2D SPACE',''
  ) );
#8330 = ORIENTED_EDGE('',*,*,#8331,.T.);
#8331 = EDGE_CURVE('',#8306,#8242,#8332,.T.);
#8332 = SURFACE_CURVE('',#8333,(#8338,#8345),.PCURVE_S1.);
#8333 = CIRCLE('',#8334,32.5);
#8334 = AXIS2_PLACEMENT_3D('',#8335,#8336,#8337);
#8335 = CARTESIAN_POINT('',(0.,0.,0.));
#8336 = DIRECTION('',(1.,0.,0.));
#8337 = DIRECTION('',(-0.,0.,1.));
#8338 = PCURVE('',#8252,#8339);
#8339 = DEFINITIONAL_REPRESENTATION('',(#8340),#8344);
#8340 = LINE('',#8341,#8342);
#8341 = CARTESIAN_POINT('',(0.,0.));
#8342 = VECTOR('',#8343,1.);
#8343 = DIRECTION('',(1.,0.));
#8344 = ( GEOMETRIC_REPRESENTATION_CONTEXT(2) 
PARAMETRIC_REPRESENTATION_CONTEXT() REPRESENTATION_CONTEXT('2D SPACE',''
  ) );
#8345 = PCURVE('',#8346,#8351);
#8346 = PLANE('',#8347);
#8347 = AXIS2_PLACEMENT_3D('',#8348,#8349,#8350);
#8348 = CARTESIAN_POINT('',(0.,0.,0.));
#8349 = DIRECTION('',(1.,0.,0.));
#8350 = DIRECTION('',(-0.,0.,1.));
#8351 = DEFINITIONAL_REPRESENTATION('',(#8352),#8356);
#8352 = CIRCLE('',#8353,32.5);
#8353 = AXIS2_PLACEMENT_2D('',#8354,#8355);
#8354 = CARTESIAN_POINT('',(0.,0.));
#8355 = DIRECTION('',(1.,0.));
#8356 = ( GEOMETRIC_REPRESENTATION_CONTEXT(2) 
PARAMETRIC_REPRESENTATION_CONTEXT() REPRESENTATION_CONTEXT('2D SPACE',''
  ) );
#8357 = ADVANCED_FACE('',(#8358),#8264,.F.);
#8358 = FACE_BOUND('',#8359,.F.);
#8359 = EDGE_LOOP('',(#8360,#8361,#8382,#8410));
#8360 = ORIENTED_EDGE('',*,*,#8241,.T.);
#8361 = ORIENTED_EDGE('',*,*,#8362,.F.);
#8362 = EDGE_CURVE('',#8363,#8244,#8365,.T.);
#8363 = VERTEX_POINT('',#8364);
#8364 = CARTESIAN_POINT('',(4.,7.347880794884E-15,30.));
#8365 = SURFACE_CURVE('',#8366,(#8370,#8376),.PCURVE_S1.);
#8366 = LINE('',#8367,#8368);
#8367 = CARTESIAN_POINT('',(4.,0.,-75.));
#8368 = VECTOR('',#8369,1.);
#8369 = DIRECTION('',(0.,-0.,1.));
#8370 = PCURVE('',#8264,#8371);
#8371 = DEFINITIONAL_REPRESENTATION('',(#8372),#8375);
#8372 = B_SPLINE_CURVE_WITH_KNOTS('',1,(#8373,#8374),.UNSPECIFIED.,.F.,
  .F.,(2,2),(42.5,107.5),.PIECEWISE_BEZIER_KNOTS.);
#8373 = CARTESIAN_POINT('',(117.5,14.));
#8374 = CARTESIAN_POINT('',(182.5,14.));
#8375 = ( GEOMETRIC_REPRESENTATION_CONTEXT(2) 
PARAMETRIC_REPRESENTATION_CONTEXT() REPRESENTATION_CONTEXT('2D SPACE',''
  ) );
#8376 = PCURVE('',#8293,#8377);
#8377 = DEFINITIONAL_REPRESENTATION('',(#8378),#8381);
#8378 = B_SPLINE_CURVE_WITH_KNOTS('',1,(#8379,#8380),.UNSPECIFIED.,.F.,
  .F.,(2,2),(42.5,107.5),.PIECEWISE_BEZIER_KNOTS.);
#8379 = CARTESIAN_POINT('',(-32.5,0.));
#8380 = CARTESIAN_POINT('',(32.5,0.));
#8381 = ( GEOMETRIC_REPRESENTATION_CONTEXT(2) 
PARAMETRIC_REPRESENTATION_CONTEXT() REPRESENTATION_CONTEXT('2D SPACE',''
  ) );
#8382 = ORIENTED_EDGE('',*,*,#8383,.F.);
#8383 = EDGE_CURVE('',#8384,#8363,#8386,.T.);
#8384 = VERTEX_POINT('',#8385);
#8385 = CARTESIAN_POINT('',(0.,7.347880794884E-15,30.));
#8386 = SURFACE_CURVE('',#8387,(#8391,#8398),.PCURVE_S1.);
#8387 = LINE('',#8388,#8389);
#8388 = CARTESIAN_POINT('',(-1.E-02,7.347880794884E-15,30.));
#8389 = VECTOR('',#8390,1.);
#8390 = DIRECTION('',(1.,0.,0.));
#8391 = PCURVE('',#8264,#8392);
#8392 = DEFINITIONAL_REPRESENTATION('',(#8393),#8397);
#8393 = LINE('',#8394,#8395);
#8394 = CARTESIAN_POINT('',(180.,9.99));
#8395 = VECTOR('',#8396,1.);
#8396 = DIRECTION('',(0.,1.));
#8397 = ( GEOMETRIC_REPRESENTATION_CONTEXT(2) 
PARAMETRIC_REPRESENTATION_CONTEXT() REPRESENTATION_CONTEXT('2D SPACE',''
  ) );
#8398 = PCURVE('',#8399,#8404);
#8399 = CYLINDRICAL_SURFACE('',#8400,30.);
#8400 = AXIS2_PLACEMENT_3D('',#8401,#8402,#8403);
#8401 = CARTESIAN_POINT('',(-1.E-02,0.,0.));
#8402 = DIRECTION('',(1.,0.,0.));
#8403 = DIRECTION('',(-0.,0.,1.));
#8404 = DEFINITIONAL_REPRESENTATION('',(#8405),#8409);
#8405 = LINE('',#8406,#8407);
#8406 = CARTESIAN_POINT('',(6.28318530718,-0.));
#8407 = VECTOR('',#8408,1.);
#8408 = DIRECTION('',(0.,1.));
#8409 = ( GEOMETRIC_REPRESENTATION_CONTEXT(2) 
PARAMETRIC_REPRESENTATION_CONTEXT() REPRESENTATION_CONTEXT('2D SPACE',''
  ) );
#8410 = ORIENTED_EDGE('',*,*,#8411,.T.);
#8411 = EDGE_CURVE('',#8384,#8242,#8412,.T.);
#8412 = SURFACE_CURVE('',#8413,(#8417,#8423),.PCURVE_S1.);
#8413 = LINE('',#8414,#8415);
#8414 = CARTESIAN_POINT('',(0.,0.,-75.));
#8415 = VECTOR('',#8416,1.);
#8416 = DIRECTION('',(0.,-0.,1.));
#8417 = PCURVE('',#8264,#8418);
#8418 = DEFINITIONAL_REPRESENTATION('',(#8419),#8422);
#8419 = B_SPLINE_CURVE_WITH_KNOTS('',1,(#8420,#8421),.UNSPECIFIED.,.F.,
  .F.,(2,2),(42.5,107.5),.PIECEWISE_BEZIER_KNOTS.);
#8420 = CARTESIAN_POINT('',(117.5,10.));
#8421 = CARTESIAN_POINT('',(182.5,10.));
#8422 = ( GEOMETRIC_REPRESENTATION_CONTEXT(2) 
PARAMETRIC_REPRESENTATION_CONTEXT() REPRESENTATION_CONTEXT('2D SPACE',''
  ) );
#8423 = PCURVE('',#8346,#8424);
#8424 = DEFINITIONAL_REPRESENTATION('',(#8425),#8428);
#8425 = B_SPLINE_CURVE_WITH_KNOTS('',1,(#8426,#8427),.UNSPECIFIED.,.F.,
  .F.,(2,2),(42.5,107.5),.PIECEWISE_BEZIER_KNOTS.);
#8426 = CARTESIAN_POINT('',(-32.5,0.));
#8427 = CARTESIAN_POINT('',(32.5,0.));
#8428 = ( GEOMETRIC_REPRESENTATION_CONTEXT(2) 
PARAMETRIC_REPRESENTATION_CONTEXT() REPRESENTATION_CONTEXT('2D SPACE',''
  ) );
#8429 = ADVANCED_FACE('',(#8430),#8346,.F.);
#8430 = FACE_BOUND('',#8431,.F.);
#8431 = EDGE_LOOP('',(#8432,#8433,#8434,#8458));
#8432 = ORIENTED_EDGE('',*,*,#8331,.T.);
#8433 = ORIENTED_EDGE('',*,*,#8411,.F.);
#8434 = ORIENTED_EDGE('',*,*,#8435,.F.);
#8435 = EDGE_CURVE('',#8436,#8384,#8438,.T.);
#8436 = VERTEX_POINT('',#8437);
#8437 = CARTESIAN_POINT('',(0.,-3.673940397442E-15,-30.));
#8438 = SURFACE_CURVE('',#8439,(#8444,#8451),.PCURVE_S1.);
#8439 = CIRCLE('',#8440,30.);
#8440 = AXIS2_PLACEMENT_3D('',#8441,#8442,#8443);
#8441 = CARTESIAN_POINT('',(0.,0.,0.));
#8442 = DIRECTION('',(1.,0.,0.));
#8443 = DIRECTION('',(-0.,0.,1.));
#8444 = PCURVE('',#8346,#8445);
#8445 = DEFINITIONAL_REPRESENTATION('',(#8446),#8450);
#8446 = CIRCLE('',#8447,30.);
#8447 = AXIS2_PLACEMENT_2D('',#8448,#8449);
#8448 = CARTESIAN_POINT('',(0.,0.));
#8449 = DIRECTION('',(1.,0.));
#8450 = ( GEOMETRIC_REPRESENTATION_CONTEXT(2) 
PARAMETRIC_REPRESENTATION_CONTEXT() REPRESENTATION_CONTEXT('2D SPACE',''
  ) );
#8451 = PCURVE('',#8399,#8452);
#8452 = DEFINITIONAL_REPRESENTATION('',(#8453),#8457);
#8453 = LINE('',#8454,#8455);
#8454 = CARTESIAN_POINT('',(0.,1.E-02));
#8455 = VECTOR('',#8456,1.);
#8456 = DIRECTION('',(1.,0.));
#8457 = ( GEOMETRIC_REPRESENTATION_CONTEXT(2) 
PARAMETRIC_REPRESENTATION_CONTEXT() REPRESENTATION_CONTEXT('2D SPACE',''
  ) );
#8458 = ORIENTED_EDGE('',*,*,#8459,.F.);
#8459 = EDGE_CURVE('',#8306,#8436,#8460,.T.);
#8460 = SURFACE_CURVE('',#8461,(#8465,#8471),.PCURVE_S1.);
#8461 = LINE('',#8462,#8463);
#8462 = CARTESIAN_POINT('',(0.,0.,-75.));
#8463 = VECTOR('',#8464,1.);
#8464 = DIRECTION('',(0.,-0.,1.));
#8465 = PCURVE('',#8346,#8466);
#8466 = DEFINITIONAL_REPRESENTATION('',(#8467),#8470);
#8467 = B_SPLINE_CURVE_WITH_KNOTS('',1,(#8468,#8469),.UNSPECIFIED.,.F.,
  .F.,(2,2),(42.5,107.5),.PIECEWISE_BEZIER_KNOTS.);
#8468 = CARTESIAN_POINT('',(-32.5,0.));
#8469 = CARTESIAN_POINT('',(32.5,0.));
#8470 = ( GEOMETRIC_REPRESENTATION_CONTEXT(2) 
PARAMETRIC_REPRESENTATION_CONTEXT() REPRESENTATION_CONTEXT('2D SPACE',''
  ) );
#8471 = PCURVE('',#8320,#8472);
#8472 = DEFINITIONAL_REPRESENTATION('',(#8473),#8476);
#8473 = B_SPLINE_CURVE_WITH_KNOTS('',1,(#8474,#8475),.UNSPECIFIED.,.F.,
  .F.,(2,2),(42.5,107.5),.PIECEWISE_BEZIER_KNOTS.);
#8474 = CARTESIAN_POINT('',(117.5,10.));
#8475 = CARTESIAN_POINT('',(182.5,10.));
#8476 = ( GEOMETRIC_REPRESENTATION_CONTEXT(2) 
PARAMETRIC_REPRESENTATION_CONTEXT() REPRESENTATION_CONTEXT('2D SPACE',''
  ) );
#8477 = ADVANCED_FACE('',(#8478),#8320,.F.);
#8478 = FACE_BOUND('',#8479,.F.);
#8479 = EDGE_LOOP('',(#8480,#8481,#8482,#8503));
#8480 = ORIENTED_EDGE('',*,*,#8305,.F.);
#8481 = ORIENTED_EDGE('',*,*,#8459,.T.);
#8482 = ORIENTED_EDGE('',*,*,#8483,.T.);
#8483 = EDGE_CURVE('',#8436,#8484,#8486,.T.);
#8484 = VERTEX_POINT('',#8485);
#8485 = CARTESIAN_POINT('',(4.,-3.673940397442E-15,-30.));
#8486 = SURFACE_CURVE('',#8487,(#8491,#8497),.PCURVE_S1.);
#8487 = LINE('',#8488,#8489);
#8488 = CARTESIAN_POINT('',(-1.E-02,0.,-30.));
#8489 = VECTOR('',#8490,1.);
#8490 = DIRECTION('',(1.,0.,0.));
#8491 = PCURVE('',#8320,#8492);
#8492 = DEFINITIONAL_REPRESENTATION('',(#8493),#8496);
#8493 = B_SPLINE_CURVE_WITH_KNOTS('',1,(#8494,#8495),.UNSPECIFIED.,.F.,
  .F.,(2,2),(9.9994E-03,4.0100006),.PIECEWISE_BEZIER_KNOTS.);
#8494 = CARTESIAN_POINT('',(120.,9.9999994));
#8495 = CARTESIAN_POINT('',(120.,14.0000006));
#8496 = ( GEOMETRIC_REPRESENTATION_CONTEXT(2) 
PARAMETRIC_REPRESENTATION_CONTEXT() REPRESENTATION_CONTEXT('2D SPACE',''
  ) );
#8497 = PCURVE('',#8399,#8498);
#8498 = DEFINITIONAL_REPRESENTATION('',(#8499),#8502);
#8499 = B_SPLINE_CURVE_WITH_KNOTS('',1,(#8500,#8501),.UNSPECIFIED.,.F.,
  .F.,(2,2),(9.9994E-03,4.0100006),.PIECEWISE_BEZIER_KNOTS.);
#8500 = CARTESIAN_POINT('',(3.14159265359,9.9994E-03));
#8501 = CARTESIAN_POINT('',(3.14159265359,4.0100006));
#8502 = ( GEOMETRIC_REPRESENTATION_CONTEXT(2) 
PARAMETRIC_REPRESENTATION_CONTEXT() REPRESENTATION_CONTEXT('2D SPACE',''
  ) );
#8503 = ORIENTED_EDGE('',*,*,#8504,.F.);
#8504 = EDGE_CURVE('',#8277,#8484,#8505,.T.);
#8505 = SURFACE_CURVE('',#8506,(#8510,#8516),.PCURVE_S1.);
#8506 = LINE('',#8507,#8508);
#8507 = CARTESIAN_POINT('',(4.,0.,-75.));
#8508 = VECTOR('',#8509,1.);
#8509 = DIRECTION('',(0.,-0.,1.));
#8510 = PCURVE('',#8320,#8511);
#8511 = DEFINITIONAL_REPRESENTATION('',(#8512),#8515);
#8512 = B_SPLINE_CURVE_WITH_KNOTS('',1,(#8513,#8514),.UNSPECIFIED.,.F.,
  .F.,(2,2),(42.5,107.5),.PIECEWISE_BEZIER_KNOTS.);
#8513 = CARTESIAN_POINT('',(117.5,14.));
#8514 = CARTESIAN_POINT('',(182.5,14.));
#8515 = ( GEOMETRIC_REPRESENTATION_CONTEXT(2) 
PARAMETRIC_REPRESENTATION_CONTEXT() REPRESENTATION_CONTEXT('2D SPACE',''
  ) );
#8516 = PCURVE('',#8293,#8517);
#8517 = DEFINITIONAL_REPRESENTATION('',(#8518),#8521);
#8518 = B_SPLINE_CURVE_WITH_KNOTS('',1,(#8519,#8520),.UNSPECIFIED.,.F.,
  .F.,(2,2),(42.5,107.5),.PIECEWISE_BEZIER_KNOTS.);
#8519 = CARTESIAN_POINT('',(-32.5,0.));
#8520 = CARTESIAN_POINT('',(32.5,0.));
#8521 = ( GEOMETRIC_REPRESENTATION_CONTEXT(2) 
PARAMETRIC_REPRESENTATION_CONTEXT() REPRESENTATION_CONTEXT('2D SPACE',''
  ) );
#8522 = ADVANCED_FACE('',(#8523),#8293,.T.);
#8523 = FACE_BOUND('',#8524,.T.);
#8524 = EDGE_LOOP('',(#8525,#8526,#8527,#8549));
#8525 = ORIENTED_EDGE('',*,*,#8276,.T.);
#8526 = ORIENTED_EDGE('',*,*,#8362,.F.);
#8527 = ORIENTED_EDGE('',*,*,#8528,.F.);
#8528 = EDGE_CURVE('',#8484,#8363,#8529,.T.);
#8529 = SURFACE_CURVE('',#8530,(#8535,#8542),.PCURVE_S1.);
#8530 = CIRCLE('',#8531,30.);
#8531 = AXIS2_PLACEMENT_3D('',#8532,#8533,#8534);
#8532 = CARTESIAN_POINT('',(4.,0.,0.));
#8533 = DIRECTION('',(1.,0.,0.));
#8534 = DIRECTION('',(-0.,0.,1.));
#8535 = PCURVE('',#8293,#8536);
#8536 = DEFINITIONAL_REPRESENTATION('',(#8537),#8541);
#8537 = CIRCLE('',#8538,30.);
#8538 = AXIS2_PLACEMENT_2D('',#8539,#8540);
#8539 = CARTESIAN_POINT('',(0.,0.));
#8540 = DIRECTION('',(1.,0.));
#8541 = ( GEOMETRIC_REPRESENTATION_CONTEXT(2) 
PARAMETRIC_REPRESENTATION_CONTEXT() REPRESENTATION_CONTEXT('2D SPACE',''
  ) );
#8542 = PCURVE('',#8399,#8543);
#8543 = DEFINITIONAL_REPRESENTATION('',(#8544),#8548);
#8544 = LINE('',#8545,#8546);
#8545 = CARTESIAN_POINT('',(0.,4.01));
#8546 = VECTOR('',#8547,1.);
#8547 = DIRECTION('',(1.,0.));
#8548 = ( GEOMETRIC_REPRESENTATION_CONTEXT(2) 
PARAMETRIC_REPRESENTATION_CONTEXT() REPRESENTATION_CONTEXT('2D SPACE',''
  ) );
#8549 = ORIENTED_EDGE('',*,*,#8504,.F.);
#8550 = ADVANCED_FACE('',(#8551),#8399,.F.);
#8551 = FACE_BOUND('',#8552,.F.);
#8552 = EDGE_LOOP('',(#8553,#8554,#8555,#8556));
#8553 = ORIENTED_EDGE('',*,*,#8383,.T.);
#8554 = ORIENTED_EDGE('',*,*,#8528,.F.);
#8555 = ORIENTED_EDGE('',*,*,#8483,.F.);
#8556 = ORIENTED_EDGE('',*,*,#8435,.T.);
#8557 = ( GEOMETRIC_REPRESENTATION_CONTEXT(3) 
GLOBAL_UNCERTAINTY_ASSIGNED_CONTEXT((#8561)) 
GLOBAL_UNIT_ASSIGNED_CONTEXT((#8558,#8559,#8560)) REPRESENTATION_CONTEXT
('Context #1','3D Context with UNIT and UNCERTAINTY') );
#8558 = ( LENGTH_UNIT() NAMED_UNIT(*) SI_UNIT(.MILLI.,.METRE.) );
#8559 = ( NAMED_UNIT(*) PLANE_ANGLE_UNIT() SI_UNIT($,.RADIAN.) );
#8560 = ( NAMED_UNIT(*) SI_UNIT($,.STERADIAN.) SOLID_ANGLE_UNIT() );
#8561 = UNCERTAINTY_MEASURE_WITH_UNIT(LENGTH_MEASURE(2.E-07),#8558,
  'distance_accuracy_value','confusion accuracy');
#8562 = CONTEXT_DEPENDENT_SHAPE_REPRESENTATION(#8563,#8565);
#8563 = ( REPRESENTATION_RELATIONSHIP('','',#8234,#10) 
REPRESENTATION_RELATIONSHIP_WITH_TRANSFORMATION(#8564) 
SHAPE_REPRESENTATION_RELATIONSHIP() );
#8564 = ITEM_DEFINED_TRANSFORMATION('','',#11,#39);
#8565 = PRODUCT_DEFINITION_SHAPE('Placement','Placement of an item',
  #8566);
#8566 = NEXT_ASSEMBLY_USAGE_OCCURRENCE('21','07_Magnet_ring','',#5,#8229
  ,$);
#8567 = PRODUCT_RELATED_PRODUCT_CATEGORY('part',$,(#8231));
#8568 = SHAPE_DEFINITION_REPRESENTATION(#8569,#8575);
#8569 = PRODUCT_DEFINITION_SHAPE('','',#8570);
#8570 = PRODUCT_DEFINITION('design','',#8571,#8574);
#8571 = PRODUCT_DEFINITION_FORMATION('','',#8572);
#8572 = PRODUCT('08_Solenoid','08_Solenoid','',(#8573));
#8573 = PRODUCT_CONTEXT('',#2,'mechanical');
#8574 = PRODUCT_DEFINITION_CONTEXT('part definition',#2,'design');
#8575 = ADVANCED_BREP_SHAPE_REPRESENTATION('',(#11,#8576),#8746);
#8576 = MANIFOLD_SOLID_BREP('',#8577);
#8577 = CLOSED_SHELL('',(#8578,#8693,#8736,#8741));
#8578 = ADVANCED_FACE('',(#8579),#8593,.T.);
#8579 = FACE_BOUND('',#8580,.T.);
#8580 = EDGE_LOOP('',(#8581,#8616,#8645,#8666));
#8581 = ORIENTED_EDGE('',*,*,#8582,.T.);
#8582 = EDGE_CURVE('',#8583,#8585,#8587,.T.);
#8583 = VERTEX_POINT('',#8584);
#8584 = CARTESIAN_POINT('',(10.5,2.449293598295E-15,10.));
#8585 = VERTEX_POINT('',#8586);
#8586 = CARTESIAN_POINT('',(40.5,2.449293598295E-15,10.));
#8587 = SURFACE_CURVE('',#8588,(#8592,#8604),.PCURVE_S1.);
#8588 = LINE('',#8589,#8590);
#8589 = CARTESIAN_POINT('',(10.5,2.449293598295E-15,10.));
#8590 = VECTOR('',#8591,1.);
#8591 = DIRECTION('',(1.,0.,0.));
#8592 = PCURVE('',#8593,#8598);
#8593 = CYLINDRICAL_SURFACE('',#8594,10.);
#8594 = AXIS2_PLACEMENT_3D('',#8595,#8596,#8597);
#8595 = CARTESIAN_POINT('',(10.5,0.,0.));
#8596 = DIRECTION('',(1.,0.,0.));
#8597 = DIRECTION('',(-0.,0.,1.));
#8598 = DEFINITIONAL_REPRESENTATION('',(#8599),#8603);
#8599 = LINE('',#8600,#8601);
#8600 = CARTESIAN_POINT('',(6.28318530718,-0.));
#8601 = VECTOR('',#8602,1.);
#8602 = DIRECTION('',(0.,1.));
#8603 = ( GEOMETRIC_REPRESENTATION_CONTEXT(2) 
PARAMETRIC_REPRESENTATION_CONTEXT() REPRESENTATION_CONTEXT('2D SPACE',''
  ) );
#8604 = PCURVE('',#8605,#8610);
#8605 = PLANE('',#8606);
#8606 = AXIS2_PLACEMENT_3D('',#8607,#8608,#8609);
#8607 = CARTESIAN_POINT('',(-10.,0.,-150.));
#8608 = DIRECTION('',(-0.,1.,0.));
#8609 = DIRECTION('',(0.,0.,1.));
#8610 = DEFINITIONAL_REPRESENTATION('',(#8611),#8615);
#8611 = LINE('',#8612,#8613);
#8612 = CARTESIAN_POINT('',(160.,20.5));
#8613 = VECTOR('',#8614,1.);
#8614 = DIRECTION('',(0.,1.));
#8615 = ( GEOMETRIC_REPRESENTATION_CONTEXT(2) 
PARAMETRIC_REPRESENTATION_CONTEXT() REPRESENTATION_CONTEXT('2D SPACE',''
  ) );
#8616 = ORIENTED_EDGE('',*,*,#8617,.F.);
#8617 = EDGE_CURVE('',#8618,#8585,#8620,.T.);
#8618 = VERTEX_POINT('',#8619);
#8619 = CARTESIAN_POINT('',(40.5,-1.224646799147E-15,-10.));
#8620 = SURFACE_CURVE('',#8621,(#8626,#8633),.PCURVE_S1.);
#8621 = CIRCLE('',#8622,10.);
#8622 = AXIS2_PLACEMENT_3D('',#8623,#8624,#8625);
#8623 = CARTESIAN_POINT('',(40.5,0.,0.));
#8624 = DIRECTION('',(1.,0.,0.));
#8625 = DIRECTION('',(-0.,0.,1.));
#8626 = PCURVE('',#8593,#8627);
#8627 = DEFINITIONAL_REPRESENTATION('',(#8628),#8632);
#8628 = LINE('',#8629,#8630);
#8629 = CARTESIAN_POINT('',(0.,30.));
#8630 = VECTOR('',#8631,1.);
#8631 = DIRECTION('',(1.,0.));
#8632 = ( GEOMETRIC_REPRESENTATION_CONTEXT(2) 
PARAMETRIC_REPRESENTATION_CONTEXT() REPRESENTATION_CONTEXT('2D SPACE',''
  ) );
#8633 = PCURVE('',#8634,#8639);
#8634 = PLANE('',#8635);
#8635 = AXIS2_PLACEMENT_3D('',#8636,#8637,#8638);
#8636 = CARTESIAN_POINT('',(40.5,0.,0.));
#8637 = DIRECTION('',(1.,0.,0.));
#8638 = DIRECTION('',(-0.,0.,1.));
#8639 = DEFINITIONAL_REPRESENTATION('',(#8640),#8644);
#8640 = CIRCLE('',#8641,10.);
#8641 = AXIS2_PLACEMENT_2D('',#8642,#8643);
#8642 = CARTESIAN_POINT('',(0.,0.));
#8643 = DIRECTION('',(1.,0.));
#8644 = ( GEOMETRIC_REPRESENTATION_CONTEXT(2) 
PARAMETRIC_REPRESENTATION_CONTEXT() REPRESENTATION_CONTEXT('2D SPACE',''
  ) );
#8645 = ORIENTED_EDGE('',*,*,#8646,.F.);
#8646 = EDGE_CURVE('',#8647,#8618,#8649,.T.);
#8647 = VERTEX_POINT('',#8648);
#8648 = CARTESIAN_POINT('',(10.5,-1.224646799147E-15,-10.));
#8649 = SURFACE_CURVE('',#8650,(#8654,#8660),.PCURVE_S1.);
#8650 = LINE('',#8651,#8652);
#8651 = CARTESIAN_POINT('',(10.5,0.,-10.));
#8652 = VECTOR('',#8653,1.);
#8653 = DIRECTION('',(1.,0.,0.));
#8654 = PCURVE('',#8593,#8655);
#8655 = DEFINITIONAL_REPRESENTATION('',(#8656),#8659);
#8656 = B_SPLINE_CURVE_WITH_KNOTS('',1,(#8657,#8658),.UNSPECIFIED.,.F.,
  .F.,(2,2),(-5.999999999062E-07,30.0000006),.PIECEWISE_BEZIER_KNOTS.);
#8657 = CARTESIAN_POINT('',(3.14159265359,-5.999999999062E-07));
#8658 = CARTESIAN_POINT('',(3.14159265359,30.0000006));
#8659 = ( GEOMETRIC_REPRESENTATION_CONTEXT(2) 
PARAMETRIC_REPRESENTATION_CONTEXT() REPRESENTATION_CONTEXT('2D SPACE',''
  ) );
#8660 = PCURVE('',#8605,#8661);
#8661 = DEFINITIONAL_REPRESENTATION('',(#8662),#8665);
#8662 = B_SPLINE_CURVE_WITH_KNOTS('',1,(#8663,#8664),.UNSPECIFIED.,.F.,
  .F.,(2,2),(-5.999999999062E-07,30.0000006),.PIECEWISE_BEZIER_KNOTS.);
#8663 = CARTESIAN_POINT('',(140.,20.4999994));
#8664 = CARTESIAN_POINT('',(140.,50.5000006));
#8665 = ( GEOMETRIC_REPRESENTATION_CONTEXT(2) 
PARAMETRIC_REPRESENTATION_CONTEXT() REPRESENTATION_CONTEXT('2D SPACE',''
  ) );
#8666 = ORIENTED_EDGE('',*,*,#8667,.T.);
#8667 = EDGE_CURVE('',#8647,#8583,#8668,.T.);
#8668 = SURFACE_CURVE('',#8669,(#8674,#8681),.PCURVE_S1.);
#8669 = CIRCLE('',#8670,10.);
#8670 = AXIS2_PLACEMENT_3D('',#8671,#8672,#8673);
#8671 = CARTESIAN_POINT('',(10.5,0.,0.));
#8672 = DIRECTION('',(1.,0.,0.));
#8673 = DIRECTION('',(-0.,0.,1.));
#8674 = PCURVE('',#8593,#8675);
#8675 = DEFINITIONAL_REPRESENTATION('',(#8676),#8680);
#8676 = LINE('',#8677,#8678);
#8677 = CARTESIAN_POINT('',(0.,0.));
#8678 = VECTOR('',#8679,1.);
#8679 = DIRECTION('',(1.,0.));
#8680 = ( GEOMETRIC_REPRESENTATION_CONTEXT(2) 
PARAMETRIC_REPRESENTATION_CONTEXT() REPRESENTATION_CONTEXT('2D SPACE',''
  ) );
#8681 = PCURVE('',#8682,#8687);
#8682 = PLANE('',#8683);
#8683 = AXIS2_PLACEMENT_3D('',#8684,#8685,#8686);
#8684 = CARTESIAN_POINT('',(10.5,0.,0.));
#8685 = DIRECTION('',(1.,0.,0.));
#8686 = DIRECTION('',(-0.,0.,1.));
#8687 = DEFINITIONAL_REPRESENTATION('',(#8688),#8692);
#8688 = CIRCLE('',#8689,10.);
#8689 = AXIS2_PLACEMENT_2D('',#8690,#8691);
#8690 = CARTESIAN_POINT('',(0.,0.));
#8691 = DIRECTION('',(1.,0.));
#8692 = ( GEOMETRIC_REPRESENTATION_CONTEXT(2) 
PARAMETRIC_REPRESENTATION_CONTEXT() REPRESENTATION_CONTEXT('2D SPACE',''
  ) );
#8693 = ADVANCED_FACE('',(#8694),#8605,.F.);
#8694 = FACE_BOUND('',#8695,.F.);
#8695 = EDGE_LOOP('',(#8696,#8697,#8716,#8717));
#8696 = ORIENTED_EDGE('',*,*,#8582,.T.);
#8697 = ORIENTED_EDGE('',*,*,#8698,.F.);
#8698 = EDGE_CURVE('',#8618,#8585,#8699,.T.);
#8699 = SURFACE_CURVE('',#8700,(#8704,#8710),.PCURVE_S1.);
#8700 = LINE('',#8701,#8702);
#8701 = CARTESIAN_POINT('',(40.5,0.,-75.));
#8702 = VECTOR('',#8703,1.);
#8703 = DIRECTION('',(0.,-0.,1.));
#8704 = PCURVE('',#8605,#8705);
#8705 = DEFINITIONAL_REPRESENTATION('',(#8706),#8709);
#8706 = B_SPLINE_CURVE_WITH_KNOTS('',1,(#8707,#8708),.UNSPECIFIED.,.F.,
  .F.,(2,2),(65.,85.),.PIECEWISE_BEZIER_KNOTS.);
#8707 = CARTESIAN_POINT('',(140.,50.5));
#8708 = CARTESIAN_POINT('',(160.,50.5));
#8709 = ( GEOMETRIC_REPRESENTATION_CONTEXT(2) 
PARAMETRIC_REPRESENTATION_CONTEXT() REPRESENTATION_CONTEXT('2D SPACE',''
  ) );
#8710 = PCURVE('',#8634,#8711);
#8711 = DEFINITIONAL_REPRESENTATION('',(#8712),#8715);
#8712 = B_SPLINE_CURVE_WITH_KNOTS('',1,(#8713,#8714),.UNSPECIFIED.,.F.,
  .F.,(2,2),(65.,85.),.PIECEWISE_BEZIER_KNOTS.);
#8713 = CARTESIAN_POINT('',(-10.,0.));
#8714 = CARTESIAN_POINT('',(10.,0.));
#8715 = ( GEOMETRIC_REPRESENTATION_CONTEXT(2) 
PARAMETRIC_REPRESENTATION_CONTEXT() REPRESENTATION_CONTEXT('2D SPACE',''
  ) );
#8716 = ORIENTED_EDGE('',*,*,#8646,.F.);
#8717 = ORIENTED_EDGE('',*,*,#8718,.T.);
#8718 = EDGE_CURVE('',#8647,#8583,#8719,.T.);
#8719 = SURFACE_CURVE('',#8720,(#8724,#8730),.PCURVE_S1.);
#8720 = LINE('',#8721,#8722);
#8721 = CARTESIAN_POINT('',(10.5,0.,-75.));
#8722 = VECTOR('',#8723,1.);
#8723 = DIRECTION('',(0.,-0.,1.));
#8724 = PCURVE('',#8605,#8725);
#8725 = DEFINITIONAL_REPRESENTATION('',(#8726),#8729);
#8726 = B_SPLINE_CURVE_WITH_KNOTS('',1,(#8727,#8728),.UNSPECIFIED.,.F.,
  .F.,(2,2),(65.,85.),.PIECEWISE_BEZIER_KNOTS.);
#8727 = CARTESIAN_POINT('',(140.,20.5));
#8728 = CARTESIAN_POINT('',(160.,20.5));
#8729 = ( GEOMETRIC_REPRESENTATION_CONTEXT(2) 
PARAMETRIC_REPRESENTATION_CONTEXT() REPRESENTATION_CONTEXT('2D SPACE',''
  ) );
#8730 = PCURVE('',#8682,#8731);
#8731 = DEFINITIONAL_REPRESENTATION('',(#8732),#8735);
#8732 = B_SPLINE_CURVE_WITH_KNOTS('',1,(#8733,#8734),.UNSPECIFIED.,.F.,
  .F.,(2,2),(65.,85.),.PIECEWISE_BEZIER_KNOTS.);
#8733 = CARTESIAN_POINT('',(-10.,0.));
#8734 = CARTESIAN_POINT('',(10.,0.));
#8735 = ( GEOMETRIC_REPRESENTATION_CONTEXT(2) 
PARAMETRIC_REPRESENTATION_CONTEXT() REPRESENTATION_CONTEXT('2D SPACE',''
  ) );
#8736 = ADVANCED_FACE('',(#8737),#8682,.F.);
#8737 = FACE_BOUND('',#8738,.F.);
#8738 = EDGE_LOOP('',(#8739,#8740));
#8739 = ORIENTED_EDGE('',*,*,#8667,.T.);
#8740 = ORIENTED_EDGE('',*,*,#8718,.F.);
#8741 = ADVANCED_FACE('',(#8742),#8634,.T.);
#8742 = FACE_BOUND('',#8743,.T.);
#8743 = EDGE_LOOP('',(#8744,#8745));
#8744 = ORIENTED_EDGE('',*,*,#8617,.T.);
#8745 = ORIENTED_EDGE('',*,*,#8698,.F.);
#8746 = ( GEOMETRIC_REPRESENTATION_CONTEXT(3) 
GLOBAL_UNCERTAINTY_ASSIGNED_CONTEXT((#8750)) 
GLOBAL_UNIT_ASSIGNED_CONTEXT((#8747,#8748,#8749)) REPRESENTATION_CONTEXT
('Context #1','3D Context with UNIT and UNCERTAINTY') );
#8747 = ( LENGTH_UNIT() NAMED_UNIT(*) SI_UNIT(.MILLI.,.METRE.) );
#8748 = ( NAMED_UNIT(*) PLANE_ANGLE_UNIT() SI_UNIT($,.RADIAN.) );
#8749 = ( NAMED_UNIT(*) SI_UNIT($,.STERADIAN.) SOLID_ANGLE_UNIT() );
#8750 = UNCERTAINTY_MEASURE_WITH_UNIT(LENGTH_MEASURE(2.E-07),#8747,
  'distance_accuracy_value','confusion accuracy');
#8751 = CONTEXT_DEPENDENT_SHAPE_REPRESENTATION(#8752,#8754);
#8752 = ( REPRESENTATION_RELATIONSHIP('','',#8575,#10) 
REPRESENTATION_RELATIONSHIP_WITH_TRANSFORMATION(#8753) 
SHAPE_REPRESENTATION_RELATIONSHIP() );
#8753 = ITEM_DEFINED_TRANSFORMATION('','',#11,#43);
#8754 = PRODUCT_DEFINITION_SHAPE('Placement','Placement of an item',
  #8755);
#8755 = NEXT_ASSEMBLY_USAGE_OCCURRENCE('22','08_Solenoid','',#5,#8570,$
  );
#8756 = PRODUCT_RELATED_PRODUCT_CATEGORY('part',$,(#8572));
#8757 = SHAPE_DEFINITION_REPRESENTATION(#8758,#8764);
#8758 = PRODUCT_DEFINITION_SHAPE('','',#8759);
#8759 = PRODUCT_DEFINITION('design','',#8760,#8763);
#8760 = PRODUCT_DEFINITION_FORMATION('','',#8761);
#8761 = PRODUCT('09_Solenoid_plunger','09_Solenoid_plunger','',(#8762));
#8762 = PRODUCT_CONTEXT('',#2,'mechanical');
#8763 = PRODUCT_DEFINITION_CONTEXT('part definition',#2,'design');
#8764 = ADVANCED_BREP_SHAPE_REPRESENTATION('',(#11,#8765),#8935);
#8765 = MANIFOLD_SOLID_BREP('',#8766);
#8766 = CLOSED_SHELL('',(#8767,#8882,#8925,#8930));
#8767 = ADVANCED_FACE('',(#8768),#8782,.T.);
#8768 = FACE_BOUND('',#8769,.T.);
#8769 = EDGE_LOOP('',(#8770,#8805,#8834,#8855));
#8770 = ORIENTED_EDGE('',*,*,#8771,.T.);
#8771 = EDGE_CURVE('',#8772,#8774,#8776,.T.);
#8772 = VERTEX_POINT('',#8773);
#8773 = CARTESIAN_POINT('',(8.5,6.123233995737E-16,2.5));
#8774 = VERTEX_POINT('',#8775);
#8775 = CARTESIAN_POINT('',(10.5,6.123233995737E-16,2.5));
#8776 = SURFACE_CURVE('',#8777,(#8781,#8793),.PCURVE_S1.);
#8777 = LINE('',#8778,#8779);
#8778 = CARTESIAN_POINT('',(8.5,6.123233995737E-16,2.5));
#8779 = VECTOR('',#8780,1.);
#8780 = DIRECTION('',(1.,0.,0.));
#8781 = PCURVE('',#8782,#8787);
#8782 = CYLINDRICAL_SURFACE('',#8783,2.5);
#8783 = AXIS2_PLACEMENT_3D('',#8784,#8785,#8786);
#8784 = CARTESIAN_POINT('',(8.5,0.,0.));
#8785 = DIRECTION('',(1.,0.,0.));
#8786 = DIRECTION('',(-0.,0.,1.));
#8787 = DEFINITIONAL_REPRESENTATION('',(#8788),#8792);
#8788 = LINE('',#8789,#8790);
#8789 = CARTESIAN_POINT('',(6.28318530718,-0.));
#8790 = VECTOR('',#8791,1.);
#8791 = DIRECTION('',(0.,1.));
#8792 = ( GEOMETRIC_REPRESENTATION_CONTEXT(2) 
PARAMETRIC_REPRESENTATION_CONTEXT() REPRESENTATION_CONTEXT('2D SPACE',''
  ) );
#8793 = PCURVE('',#8794,#8799);
#8794 = PLANE('',#8795);
#8795 = AXIS2_PLACEMENT_3D('',#8796,#8797,#8798);
#8796 = CARTESIAN_POINT('',(-10.,0.,-150.));
#8797 = DIRECTION('',(-0.,1.,0.));
#8798 = DIRECTION('',(0.,0.,1.));
#8799 = DEFINITIONAL_REPRESENTATION('',(#8800),#8804);
#8800 = LINE('',#8801,#8802);
#8801 = CARTESIAN_POINT('',(152.5,18.5));
#8802 = VECTOR('',#8803,1.);
#8803 = DIRECTION('',(0.,1.));
#8804 = ( GEOMETRIC_REPRESENTATION_CONTEXT(2) 
PARAMETRIC_REPRESENTATION_CONTEXT() REPRESENTATION_CONTEXT('2D SPACE',''
  ) );
#8805 = ORIENTED_EDGE('',*,*,#8806,.F.);
#8806 = EDGE_CURVE('',#8807,#8774,#8809,.T.);
#8807 = VERTEX_POINT('',#8808);
#8808 = CARTESIAN_POINT('',(10.5,-3.061616997868E-16,-2.5));
#8809 = SURFACE_CURVE('',#8810,(#8815,#8822),.PCURVE_S1.);
#8810 = CIRCLE('',#8811,2.5);
#8811 = AXIS2_PLACEMENT_3D('',#8812,#8813,#8814);
#8812 = CARTESIAN_POINT('',(10.5,0.,0.));
#8813 = DIRECTION('',(1.,0.,0.));
#8814 = DIRECTION('',(-0.,0.,1.));
#8815 = PCURVE('',#8782,#8816);
#8816 = DEFINITIONAL_REPRESENTATION('',(#8817),#8821);
#8817 = LINE('',#8818,#8819);
#8818 = CARTESIAN_POINT('',(0.,2.));
#8819 = VECTOR('',#8820,1.);
#8820 = DIRECTION('',(1.,0.));
#8821 = ( GEOMETRIC_REPRESENTATION_CONTEXT(2) 
PARAMETRIC_REPRESENTATION_CONTEXT() REPRESENTATION_CONTEXT('2D SPACE',''
  ) );
#8822 = PCURVE('',#8823,#8828);
#8823 = PLANE('',#8824);
#8824 = AXIS2_PLACEMENT_3D('',#8825,#8826,#8827);
#8825 = CARTESIAN_POINT('',(10.5,0.,0.));
#8826 = DIRECTION('',(1.,0.,0.));
#8827 = DIRECTION('',(-0.,0.,1.));
#8828 = DEFINITIONAL_REPRESENTATION('',(#8829),#8833);
#8829 = CIRCLE('',#8830,2.5);
#8830 = AXIS2_PLACEMENT_2D('',#8831,#8832);
#8831 = CARTESIAN_POINT('',(0.,0.));
#8832 = DIRECTION('',(1.,0.));
#8833 = ( GEOMETRIC_REPRESENTATION_CONTEXT(2) 
PARAMETRIC_REPRESENTATION_CONTEXT() REPRESENTATION_CONTEXT('2D SPACE',''
  ) );
#8834 = ORIENTED_EDGE('',*,*,#8835,.F.);
#8835 = EDGE_CURVE('',#8836,#8807,#8838,.T.);
#8836 = VERTEX_POINT('',#8837);
#8837 = CARTESIAN_POINT('',(8.5,-3.061616997868E-16,-2.5));
#8838 = SURFACE_CURVE('',#8839,(#8843,#8849),.PCURVE_S1.);
#8839 = LINE('',#8840,#8841);
#8840 = CARTESIAN_POINT('',(8.5,0.,-2.5));
#8841 = VECTOR('',#8842,1.);
#8842 = DIRECTION('',(1.,0.,0.));
#8843 = PCURVE('',#8782,#8844);
#8844 = DEFINITIONAL_REPRESENTATION('',(#8845),#8848);
#8845 = B_SPLINE_CURVE_WITH_KNOTS('',1,(#8846,#8847),.UNSPECIFIED.,.F.,
  .F.,(2,2),(-5.999999999062E-07,2.0000006),.PIECEWISE_BEZIER_KNOTS.);
#8846 = CARTESIAN_POINT('',(3.14159265359,-5.999999999062E-07));
#8847 = CARTESIAN_POINT('',(3.14159265359,2.0000006));
#8848 = ( GEOMETRIC_REPRESENTATION_CONTEXT(2) 
PARAMETRIC_REPRESENTATION_CONTEXT() REPRESENTATION_CONTEXT('2D SPACE',''
  ) );
#8849 = PCURVE('',#8794,#8850);
#8850 = DEFINITIONAL_REPRESENTATION('',(#8851),#8854);
#8851 = B_SPLINE_CURVE_WITH_KNOTS('',1,(#8852,#8853),.UNSPECIFIED.,.F.,
  .F.,(2,2),(-5.999999999062E-07,2.0000006),.PIECEWISE_BEZIER_KNOTS.);
#8852 = CARTESIAN_POINT('',(147.5,18.4999994));
#8853 = CARTESIAN_POINT('',(147.5,20.5000006));
#8854 = ( GEOMETRIC_REPRESENTATION_CONTEXT(2) 
PARAMETRIC_REPRESENTATION_CONTEXT() REPRESENTATION_CONTEXT('2D SPACE',''
  ) );
#8855 = ORIENTED_EDGE('',*,*,#8856,.T.);
#8856 = EDGE_CURVE('',#8836,#8772,#8857,.T.);
#8857 = SURFACE_CURVE('',#8858,(#8863,#8870),.PCURVE_S1.);
#8858 = CIRCLE('',#8859,2.5);
#8859 = AXIS2_PLACEMENT_3D('',#8860,#8861,#8862);
#8860 = CARTESIAN_POINT('',(8.5,0.,0.));
#8861 = DIRECTION('',(1.,0.,0.));
#8862 = DIRECTION('',(-0.,0.,1.));
#8863 = PCURVE('',#8782,#8864);
#8864 = DEFINITIONAL_REPRESENTATION('',(#8865),#8869);
#8865 = LINE('',#8866,#8867);
#8866 = CARTESIAN_POINT('',(0.,0.));
#8867 = VECTOR('',#8868,1.);
#8868 = DIRECTION('',(1.,0.));
#8869 = ( GEOMETRIC_REPRESENTATION_CONTEXT(2) 
PARAMETRIC_REPRESENTATION_CONTEXT() REPRESENTATION_CONTEXT('2D SPACE',''
  ) );
#8870 = PCURVE('',#8871,#8876);
#8871 = PLANE('',#8872);
#8872 = AXIS2_PLACEMENT_3D('',#8873,#8874,#8875);
#8873 = CARTESIAN_POINT('',(8.5,0.,0.));
#8874 = DIRECTION('',(1.,0.,0.));
#8875 = DIRECTION('',(-0.,0.,1.));
#8876 = DEFINITIONAL_REPRESENTATION('',(#8877),#8881);
#8877 = CIRCLE('',#8878,2.5);
#8878 = AXIS2_PLACEMENT_2D('',#8879,#8880);
#8879 = CARTESIAN_POINT('',(0.,0.));
#8880 = DIRECTION('',(1.,0.));
#8881 = ( GEOMETRIC_REPRESENTATION_CONTEXT(2) 
PARAMETRIC_REPRESENTATION_CONTEXT() REPRESENTATION_CONTEXT('2D SPACE',''
  ) );
#8882 = ADVANCED_FACE('',(#8883),#8794,.F.);
#8883 = FACE_BOUND('',#8884,.F.);
#8884 = EDGE_LOOP('',(#8885,#8886,#8905,#8906));
#8885 = ORIENTED_EDGE('',*,*,#8771,.T.);
#8886 = ORIENTED_EDGE('',*,*,#8887,.F.);
#8887 = EDGE_CURVE('',#8807,#8774,#8888,.T.);
#8888 = SURFACE_CURVE('',#8889,(#8893,#8899),.PCURVE_S1.);
#8889 = LINE('',#8890,#8891);
#8890 = CARTESIAN_POINT('',(10.5,0.,-75.));
#8891 = VECTOR('',#8892,1.);
#8892 = DIRECTION('',(0.,-0.,1.));
#8893 = PCURVE('',#8794,#8894);
#8894 = DEFINITIONAL_REPRESENTATION('',(#8895),#8898);
#8895 = B_SPLINE_CURVE_WITH_KNOTS('',1,(#8896,#8897),.UNSPECIFIED.,.F.,
  .F.,(2,2),(72.5,77.5),.PIECEWISE_BEZIER_KNOTS.);
#8896 = CARTESIAN_POINT('',(147.5,20.5));
#8897 = CARTESIAN_POINT('',(152.5,20.5));
#8898 = ( GEOMETRIC_REPRESENTATION_CONTEXT(2) 
PARAMETRIC_REPRESENTATION_CONTEXT() REPRESENTATION_CONTEXT('2D SPACE',''
  ) );
#8899 = PCURVE('',#8823,#8900);
#8900 = DEFINITIONAL_REPRESENTATION('',(#8901),#8904);
#8901 = B_SPLINE_CURVE_WITH_KNOTS('',1,(#8902,#8903),.UNSPECIFIED.,.F.,
  .F.,(2,2),(72.5,77.5),.PIECEWISE_BEZIER_KNOTS.);
#8902 = CARTESIAN_POINT('',(-2.5,0.));
#8903 = CARTESIAN_POINT('',(2.5,0.));
#8904 = ( GEOMETRIC_REPRESENTATION_CONTEXT(2) 
PARAMETRIC_REPRESENTATION_CONTEXT() REPRESENTATION_CONTEXT('2D SPACE',''
  ) );
#8905 = ORIENTED_EDGE('',*,*,#8835,.F.);
#8906 = ORIENTED_EDGE('',*,*,#8907,.T.);
#8907 = EDGE_CURVE('',#8836,#8772,#8908,.T.);
#8908 = SURFACE_CURVE('',#8909,(#8913,#8919),.PCURVE_S1.);
#8909 = LINE('',#8910,#8911);
#8910 = CARTESIAN_POINT('',(8.5,0.,-75.));
#8911 = VECTOR('',#8912,1.);
#8912 = DIRECTION('',(0.,-0.,1.));
#8913 = PCURVE('',#8794,#8914);
#8914 = DEFINITIONAL_REPRESENTATION('',(#8915),#8918);
#8915 = B_SPLINE_CURVE_WITH_KNOTS('',1,(#8916,#8917),.UNSPECIFIED.,.F.,
  .F.,(2,2),(72.5,77.5),.PIECEWISE_BEZIER_KNOTS.);
#8916 = CARTESIAN_POINT('',(147.5,18.5));
#8917 = CARTESIAN_POINT('',(152.5,18.5));
#8918 = ( GEOMETRIC_REPRESENTATION_CONTEXT(2) 
PARAMETRIC_REPRESENTATION_CONTEXT() REPRESENTATION_CONTEXT('2D SPACE',''
  ) );
#8919 = PCURVE('',#8871,#8920);
#8920 = DEFINITIONAL_REPRESENTATION('',(#8921),#8924);
#8921 = B_SPLINE_CURVE_WITH_KNOTS('',1,(#8922,#8923),.UNSPECIFIED.,.F.,
  .F.,(2,2),(72.5,77.5),.PIECEWISE_BEZIER_KNOTS.);
#8922 = CARTESIAN_POINT('',(-2.5,0.));
#8923 = CARTESIAN_POINT('',(2.5,0.));
#8924 = ( GEOMETRIC_REPRESENTATION_CONTEXT(2) 
PARAMETRIC_REPRESENTATION_CONTEXT() REPRESENTATION_CONTEXT('2D SPACE',''
  ) );
#8925 = ADVANCED_FACE('',(#8926),#8871,.F.);
#8926 = FACE_BOUND('',#8927,.F.);
#8927 = EDGE_LOOP('',(#8928,#8929));
#8928 = ORIENTED_EDGE('',*,*,#8856,.T.);
#8929 = ORIENTED_EDGE('',*,*,#8907,.F.);
#8930 = ADVANCED_FACE('',(#8931),#8823,.T.);
#8931 = FACE_BOUND('',#8932,.T.);
#8932 = EDGE_LOOP('',(#8933,#8934));
#8933 = ORIENTED_EDGE('',*,*,#8806,.T.);
#8934 = ORIENTED_EDGE('',*,*,#8887,.F.);
#8935 = ( GEOMETRIC_REPRESENTATION_CONTEXT(3) 
GLOBAL_UNCERTAINTY_ASSIGNED_CONTEXT((#8939)) 
GLOBAL_UNIT_ASSIGNED_CONTEXT((#8936,#8937,#8938)) REPRESENTATION_CONTEXT
('Context #1','3D Context with UNIT and UNCERTAINTY') );
#8936 = ( LENGTH_UNIT() NAMED_UNIT(*) SI_UNIT(.MILLI.,.METRE.) );
#8937 = ( NAMED_UNIT(*) PLANE_ANGLE_UNIT() SI_UNIT($,.RADIAN.) );
#8938 = ( NAMED_UNIT(*) SI_UNIT($,.STERADIAN.) SOLID_ANGLE_UNIT() );
#8939 = UNCERTAINTY_MEASURE_WITH_UNIT(LENGTH_MEASURE(2.E-07),#8936,
  'distance_accuracy_value','confusion accuracy');
#8940 = CONTEXT_DEPENDENT_SHAPE_REPRESENTATION(#8941,#8943);
#8941 = ( REPRESENTATION_RELATIONSHIP('','',#8764,#10) 
REPRESENTATION_RELATIONSHIP_WITH_TRANSFORMATION(#8942) 
SHAPE_REPRESENTATION_RELATIONSHIP() );
#8942 = ITEM_DEFINED_TRANSFORMATION('','',#11,#47);
#8943 = PRODUCT_DEFINITION_SHAPE('Placement','Placement of an item',
  #8944);
#8944 = NEXT_ASSEMBLY_USAGE_OCCURRENCE('23','09_Solenoid_plunger','',#5,
  #8759,$);
#8945 = PRODUCT_RELATED_PRODUCT_CATEGORY('part',$,(#8761));
#8946 = SHAPE_DEFINITION_REPRESENTATION(#8947,#8953);
#8947 = PRODUCT_DEFINITION_SHAPE('','',#8948);
#8948 = PRODUCT_DEFINITION('design','',#8949,#8952);
#8949 = PRODUCT_DEFINITION_FORMATION('','',#8950);
#8950 = PRODUCT('10_Battery','10_Battery','',(#8951));
#8951 = PRODUCT_CONTEXT('',#2,'mechanical');
#8952 = PRODUCT_DEFINITION_CONTEXT('part definition',#2,'design');
#8953 = ADVANCED_BREP_SHAPE_REPRESENTATION('',(#11,#8954),#9276);
#8954 = MANIFOLD_SOLID_BREP('',#8955);
#8955 = CLOSED_SHELL('',(#8956,#9074,#9148,#9197,#9244,#9269));
#8956 = ADVANCED_FACE('',(#8957),#8971,.F.);
#8957 = FACE_BOUND('',#8958,.F.);
#8958 = EDGE_LOOP('',(#8959,#8994,#9020,#9048));
#8959 = ORIENTED_EDGE('',*,*,#8960,.F.);
#8960 = EDGE_CURVE('',#8961,#8963,#8965,.T.);
#8961 = VERTEX_POINT('',#8962);
#8962 = CARTESIAN_POINT('',(47.,0.,-6.));
#8963 = VERTEX_POINT('',#8964);
#8964 = CARTESIAN_POINT('',(47.,17.5,-6.));
#8965 = SURFACE_CURVE('',#8966,(#8970,#8982),.PCURVE_S1.);
#8966 = LINE('',#8967,#8968);
#8967 = CARTESIAN_POINT('',(47.,-17.5,-6.));
#8968 = VECTOR('',#8969,1.);
#8969 = DIRECTION('',(-0.,1.,0.));
#8970 = PCURVE('',#8971,#8976);
#8971 = PLANE('',#8972);
#8972 = AXIS2_PLACEMENT_3D('',#8973,#8974,#8975);
#8973 = CARTESIAN_POINT('',(47.,-17.5,-14.));
#8974 = DIRECTION('',(1.,0.,-0.));
#8975 = DIRECTION('',(0.,0.,1.));
#8976 = DEFINITIONAL_REPRESENTATION('',(#8977),#8981);
#8977 = LINE('',#8978,#8979);
#8978 = CARTESIAN_POINT('',(8.,0.));
#8979 = VECTOR('',#8980,1.);
#8980 = DIRECTION('',(0.,-1.));
#8981 = ( GEOMETRIC_REPRESENTATION_CONTEXT(2) 
PARAMETRIC_REPRESENTATION_CONTEXT() REPRESENTATION_CONTEXT('2D SPACE',''
  ) );
#8982 = PCURVE('',#8983,#8988);
#8983 = PLANE('',#8984);
#8984 = AXIS2_PLACEMENT_3D('',#8985,#8986,#8987);
#8985 = CARTESIAN_POINT('',(47.,-17.5,-6.));
#8986 = DIRECTION('',(0.,0.,1.));
#8987 = DIRECTION('',(1.,0.,-0.));
#8988 = DEFINITIONAL_REPRESENTATION('',(#8989),#8993);
#8989 = LINE('',#8990,#8991);
#8990 = CARTESIAN_POINT('',(0.,0.));
#8991 = VECTOR('',#8992,1.);
#8992 = DIRECTION('',(0.,1.));
#8993 = ( GEOMETRIC_REPRESENTATION_CONTEXT(2) 
PARAMETRIC_REPRESENTATION_CONTEXT() REPRESENTATION_CONTEXT('2D SPACE',''
  ) );
#8994 = ORIENTED_EDGE('',*,*,#8995,.F.);
#8995 = EDGE_CURVE('',#8996,#8961,#8998,.T.);
#8996 = VERTEX_POINT('',#8997);
#8997 = CARTESIAN_POINT('',(47.,0.,-14.));
#8998 = SURFACE_CURVE('',#8999,(#9003,#9009),.PCURVE_S1.);
#8999 = LINE('',#9000,#9001);
#9000 = CARTESIAN_POINT('',(47.,0.,-82.));
#9001 = VECTOR('',#9002,1.);
#9002 = DIRECTION('',(0.,0.,1.));
#9003 = PCURVE('',#8971,#9004);
#9004 = DEFINITIONAL_REPRESENTATION('',(#9005),#9008);
#9005 = B_SPLINE_CURVE_WITH_KNOTS('',1,(#9006,#9007),.UNSPECIFIED.,.F.,
  .F.,(2,2),(68.,76.),.PIECEWISE_BEZIER_KNOTS.);
#9006 = CARTESIAN_POINT('',(0.,-17.5));
#9007 = CARTESIAN_POINT('',(8.,-17.5));
#9008 = ( GEOMETRIC_REPRESENTATION_CONTEXT(2) 
PARAMETRIC_REPRESENTATION_CONTEXT() REPRESENTATION_CONTEXT('2D SPACE',''
  ) );
#9009 = PCURVE('',#9010,#9015);
#9010 = PLANE('',#9011);
#9011 = AXIS2_PLACEMENT_3D('',#9012,#9013,#9014);
#9012 = CARTESIAN_POINT('',(-10.,0.,-150.));
#9013 = DIRECTION('',(-0.,1.,0.));
#9014 = DIRECTION('',(0.,0.,1.));
#9015 = DEFINITIONAL_REPRESENTATION('',(#9016),#9019);
#9016 = B_SPLINE_CURVE_WITH_KNOTS('',1,(#9017,#9018),.UNSPECIFIED.,.F.,
  .F.,(2,2),(68.,76.),.PIECEWISE_BEZIER_KNOTS.);
#9017 = CARTESIAN_POINT('',(136.,57.));
#9018 = CARTESIAN_POINT('',(144.,57.));
#9019 = ( GEOMETRIC_REPRESENTATION_CONTEXT(2) 
PARAMETRIC_REPRESENTATION_CONTEXT() REPRESENTATION_CONTEXT('2D SPACE',''
  ) );
#9020 = ORIENTED_EDGE('',*,*,#9021,.T.);
#9021 = EDGE_CURVE('',#8996,#9022,#9024,.T.);
#9022 = VERTEX_POINT('',#9023);
#9023 = CARTESIAN_POINT('',(47.,17.5,-14.));
#9024 = SURFACE_CURVE('',#9025,(#9029,#9036),.PCURVE_S1.);
#9025 = LINE('',#9026,#9027);
#9026 = CARTESIAN_POINT('',(47.,-17.5,-14.));
#9027 = VECTOR('',#9028,1.);
#9028 = DIRECTION('',(-0.,1.,0.));
#9029 = PCURVE('',#8971,#9030);
#9030 = DEFINITIONAL_REPRESENTATION('',(#9031),#9035);
#9031 = LINE('',#9032,#9033);
#9032 = CARTESIAN_POINT('',(0.,0.));
#9033 = VECTOR('',#9034,1.);
#9034 = DIRECTION('',(0.,-1.));
#9035 = ( GEOMETRIC_REPRESENTATION_CONTEXT(2) 
PARAMETRIC_REPRESENTATION_CONTEXT() REPRESENTATION_CONTEXT('2D SPACE',''
  ) );
#9036 = PCURVE('',#9037,#9042);
#9037 = PLANE('',#9038);
#9038 = AXIS2_PLACEMENT_3D('',#9039,#9040,#9041);
#9039 = CARTESIAN_POINT('',(47.,-17.5,-14.));
#9040 = DIRECTION('',(0.,0.,1.));
#9041 = DIRECTION('',(1.,0.,-0.));
#9042 = DEFINITIONAL_REPRESENTATION('',(#9043),#9047);
#9043 = LINE('',#9044,#9045);
#9044 = CARTESIAN_POINT('',(0.,0.));
#9045 = VECTOR('',#9046,1.);
#9046 = DIRECTION('',(0.,1.));
#9047 = ( GEOMETRIC_REPRESENTATION_CONTEXT(2) 
PARAMETRIC_REPRESENTATION_CONTEXT() REPRESENTATION_CONTEXT('2D SPACE',''
  ) );
#9048 = ORIENTED_EDGE('',*,*,#9049,.T.);
#9049 = EDGE_CURVE('',#9022,#8963,#9050,.T.);
#9050 = SURFACE_CURVE('',#9051,(#9055,#9062),.PCURVE_S1.);
#9051 = LINE('',#9052,#9053);
#9052 = CARTESIAN_POINT('',(47.,17.5,-14.));
#9053 = VECTOR('',#9054,1.);
#9054 = DIRECTION('',(0.,0.,1.));
#9055 = PCURVE('',#8971,#9056);
#9056 = DEFINITIONAL_REPRESENTATION('',(#9057),#9061);
#9057 = LINE('',#9058,#9059);
#9058 = CARTESIAN_POINT('',(0.,-35.));
#9059 = VECTOR('',#9060,1.);
#9060 = DIRECTION('',(1.,0.));
#9061 = ( GEOMETRIC_REPRESENTATION_CONTEXT(2) 
PARAMETRIC_REPRESENTATION_CONTEXT() REPRESENTATION_CONTEXT('2D SPACE',''
  ) );
#9062 = PCURVE('',#9063,#9068);
#9063 = PLANE('',#9064);
#9064 = AXIS2_PLACEMENT_3D('',#9065,#9066,#9067);
#9065 = CARTESIAN_POINT('',(47.,17.5,-14.));
#9066 = DIRECTION('',(-0.,1.,0.));
#9067 = DIRECTION('',(0.,0.,1.));
#9068 = DEFINITIONAL_REPRESENTATION('',(#9069),#9073);
#9069 = LINE('',#9070,#9071);
#9070 = CARTESIAN_POINT('',(0.,0.));
#9071 = VECTOR('',#9072,1.);
#9072 = DIRECTION('',(1.,0.));
#9073 = ( GEOMETRIC_REPRESENTATION_CONTEXT(2) 
PARAMETRIC_REPRESENTATION_CONTEXT() REPRESENTATION_CONTEXT('2D SPACE',''
  ) );
#9074 = ADVANCED_FACE('',(#9075),#8983,.T.);
#9075 = FACE_BOUND('',#9076,.T.);
#9076 = EDGE_LOOP('',(#9077,#9078,#9099,#9127));
#9077 = ORIENTED_EDGE('',*,*,#8960,.F.);
#9078 = ORIENTED_EDGE('',*,*,#9079,.F.);
#9079 = EDGE_CURVE('',#9080,#8961,#9082,.T.);
#9080 = VERTEX_POINT('',#9081);
#9081 = CARTESIAN_POINT('',(107.,0.,-6.));
#9082 = SURFACE_CURVE('',#9083,(#9087,#9093),.PCURVE_S1.);
#9083 = LINE('',#9084,#9085);
#9084 = CARTESIAN_POINT('',(18.5,0.,-6.));
#9085 = VECTOR('',#9086,1.);
#9086 = DIRECTION('',(-1.,-0.,0.));
#9087 = PCURVE('',#8983,#9088);
#9088 = DEFINITIONAL_REPRESENTATION('',(#9089),#9092);
#9089 = B_SPLINE_CURVE_WITH_KNOTS('',1,(#9090,#9091),.UNSPECIFIED.,.F.,
  .F.,(2,2),(-88.5,-28.5),.PIECEWISE_BEZIER_KNOTS.);
#9090 = CARTESIAN_POINT('',(60.,17.5));
#9091 = CARTESIAN_POINT('',(0.,17.5));
#9092 = ( GEOMETRIC_REPRESENTATION_CONTEXT(2) 
PARAMETRIC_REPRESENTATION_CONTEXT() REPRESENTATION_CONTEXT('2D SPACE',''
  ) );
#9093 = PCURVE('',#9010,#9094);
#9094 = DEFINITIONAL_REPRESENTATION('',(#9095),#9098);
#9095 = B_SPLINE_CURVE_WITH_KNOTS('',1,(#9096,#9097),.UNSPECIFIED.,.F.,
  .F.,(2,2),(-88.5,-28.5),.PIECEWISE_BEZIER_KNOTS.);
#9096 = CARTESIAN_POINT('',(144.,117.));
#9097 = CARTESIAN_POINT('',(144.,57.));
#9098 = ( GEOMETRIC_REPRESENTATION_CONTEXT(2) 
PARAMETRIC_REPRESENTATION_CONTEXT() REPRESENTATION_CONTEXT('2D SPACE',''
  ) );
#9099 = ORIENTED_EDGE('',*,*,#9100,.T.);
#9100 = EDGE_CURVE('',#9080,#9101,#9103,.T.);
#9101 = VERTEX_POINT('',#9102);
#9102 = CARTESIAN_POINT('',(107.,17.5,-6.));
#9103 = SURFACE_CURVE('',#9104,(#9108,#9115),.PCURVE_S1.);
#9104 = LINE('',#9105,#9106);
#9105 = CARTESIAN_POINT('',(107.,-17.5,-6.));
#9106 = VECTOR('',#9107,1.);
#9107 = DIRECTION('',(-0.,1.,0.));
#9108 = PCURVE('',#8983,#9109);
#9109 = DEFINITIONAL_REPRESENTATION('',(#9110),#9114);
#9110 = LINE('',#9111,#9112);
#9111 = CARTESIAN_POINT('',(60.,0.));
#9112 = VECTOR('',#9113,1.);
#9113 = DIRECTION('',(0.,1.));
#9114 = ( GEOMETRIC_REPRESENTATION_CONTEXT(2) 
PARAMETRIC_REPRESENTATION_CONTEXT() REPRESENTATION_CONTEXT('2D SPACE',''
  ) );
#9115 = PCURVE('',#9116,#9121);
#9116 = PLANE('',#9117);
#9117 = AXIS2_PLACEMENT_3D('',#9118,#9119,#9120);
#9118 = CARTESIAN_POINT('',(107.,-17.5,-14.));
#9119 = DIRECTION('',(1.,0.,-0.));
#9120 = DIRECTION('',(0.,0.,1.));
#9121 = DEFINITIONAL_REPRESENTATION('',(#9122),#9126);
#9122 = LINE('',#9123,#9124);
#9123 = CARTESIAN_POINT('',(8.,0.));
#9124 = VECTOR('',#9125,1.);
#9125 = DIRECTION('',(0.,-1.));
#9126 = ( GEOMETRIC_REPRESENTATION_CONTEXT(2) 
PARAMETRIC_REPRESENTATION_CONTEXT() REPRESENTATION_CONTEXT('2D SPACE',''
  ) );
#9127 = ORIENTED_EDGE('',*,*,#9128,.F.);
#9128 = EDGE_CURVE('',#8963,#9101,#9129,.T.);
#9129 = SURFACE_CURVE('',#9130,(#9134,#9141),.PCURVE_S1.);
#9130 = LINE('',#9131,#9132);
#9131 = CARTESIAN_POINT('',(47.,17.5,-6.));
#9132 = VECTOR('',#9133,1.);
#9133 = DIRECTION('',(1.,0.,-0.));
#9134 = PCURVE('',#8983,#9135);
#9135 = DEFINITIONAL_REPRESENTATION('',(#9136),#9140);
#9136 = LINE('',#9137,#9138);
#9137 = CARTESIAN_POINT('',(0.,35.));
#9138 = VECTOR('',#9139,1.);
#9139 = DIRECTION('',(1.,0.));
#9140 = ( GEOMETRIC_REPRESENTATION_CONTEXT(2) 
PARAMETRIC_REPRESENTATION_CONTEXT() REPRESENTATION_CONTEXT('2D SPACE',''
  ) );
#9141 = PCURVE('',#9063,#9142);
#9142 = DEFINITIONAL_REPRESENTATION('',(#9143),#9147);
#9143 = LINE('',#9144,#9145);
#9144 = CARTESIAN_POINT('',(8.,0.));
#9145 = VECTOR('',#9146,1.);
#9146 = DIRECTION('',(0.,1.));
#9147 = ( GEOMETRIC_REPRESENTATION_CONTEXT(2) 
PARAMETRIC_REPRESENTATION_CONTEXT() REPRESENTATION_CONTEXT('2D SPACE',''
  ) );
#9148 = ADVANCED_FACE('',(#9149),#9063,.T.);
#9149 = FACE_BOUND('',#9150,.T.);
#9150 = EDGE_LOOP('',(#9151,#9174,#9175,#9176));
#9151 = ORIENTED_EDGE('',*,*,#9152,.F.);
#9152 = EDGE_CURVE('',#9022,#9153,#9155,.T.);
#9153 = VERTEX_POINT('',#9154);
#9154 = CARTESIAN_POINT('',(107.,17.5,-14.));
#9155 = SURFACE_CURVE('',#9156,(#9160,#9167),.PCURVE_S1.);
#9156 = LINE('',#9157,#9158);
#9157 = CARTESIAN_POINT('',(47.,17.5,-14.));
#9158 = VECTOR('',#9159,1.);
#9159 = DIRECTION('',(1.,0.,-0.));
#9160 = PCURVE('',#9063,#9161);
#9161 = DEFINITIONAL_REPRESENTATION('',(#9162),#9166);
#9162 = LINE('',#9163,#9164);
#9163 = CARTESIAN_POINT('',(0.,0.));
#9164 = VECTOR('',#9165,1.);
#9165 = DIRECTION('',(0.,1.));
#9166 = ( GEOMETRIC_REPRESENTATION_CONTEXT(2) 
PARAMETRIC_REPRESENTATION_CONTEXT() REPRESENTATION_CONTEXT('2D SPACE',''
  ) );
#9167 = PCURVE('',#9037,#9168);
#9168 = DEFINITIONAL_REPRESENTATION('',(#9169),#9173);
#9169 = LINE('',#9170,#9171);
#9170 = CARTESIAN_POINT('',(0.,35.));
#9171 = VECTOR('',#9172,1.);
#9172 = DIRECTION('',(1.,0.));
#9173 = ( GEOMETRIC_REPRESENTATION_CONTEXT(2) 
PARAMETRIC_REPRESENTATION_CONTEXT() REPRESENTATION_CONTEXT('2D SPACE',''
  ) );
#9174 = ORIENTED_EDGE('',*,*,#9049,.T.);
#9175 = ORIENTED_EDGE('',*,*,#9128,.T.);
#9176 = ORIENTED_EDGE('',*,*,#9177,.F.);
#9177 = EDGE_CURVE('',#9153,#9101,#9178,.T.);
#9178 = SURFACE_CURVE('',#9179,(#9183,#9190),.PCURVE_S1.);
#9179 = LINE('',#9180,#9181);
#9180 = CARTESIAN_POINT('',(107.,17.5,-14.));
#9181 = VECTOR('',#9182,1.);
#9182 = DIRECTION('',(0.,0.,1.));
#9183 = PCURVE('',#9063,#9184);
#9184 = DEFINITIONAL_REPRESENTATION('',(#9185),#9189);
#9185 = LINE('',#9186,#9187);
#9186 = CARTESIAN_POINT('',(0.,60.));
#9187 = VECTOR('',#9188,1.);
#9188 = DIRECTION('',(1.,0.));
#9189 = ( GEOMETRIC_REPRESENTATION_CONTEXT(2) 
PARAMETRIC_REPRESENTATION_CONTEXT() REPRESENTATION_CONTEXT('2D SPACE',''
  ) );
#9190 = PCURVE('',#9116,#9191);
#9191 = DEFINITIONAL_REPRESENTATION('',(#9192),#9196);
#9192 = LINE('',#9193,#9194);
#9193 = CARTESIAN_POINT('',(0.,-35.));
#9194 = VECTOR('',#9195,1.);
#9195 = DIRECTION('',(1.,0.));
#9196 = ( GEOMETRIC_REPRESENTATION_CONTEXT(2) 
PARAMETRIC_REPRESENTATION_CONTEXT() REPRESENTATION_CONTEXT('2D SPACE',''
  ) );
#9197 = ADVANCED_FACE('',(#9198),#9037,.F.);
#9198 = FACE_BOUND('',#9199,.F.);
#9199 = EDGE_LOOP('',(#9200,#9201,#9222,#9243));
#9200 = ORIENTED_EDGE('',*,*,#9021,.F.);
#9201 = ORIENTED_EDGE('',*,*,#9202,.F.);
#9202 = EDGE_CURVE('',#9203,#8996,#9205,.T.);
#9203 = VERTEX_POINT('',#9204);
#9204 = CARTESIAN_POINT('',(107.,0.,-14.));
#9205 = SURFACE_CURVE('',#9206,(#9210,#9216),.PCURVE_S1.);
#9206 = LINE('',#9207,#9208);
#9207 = CARTESIAN_POINT('',(18.5,0.,-14.));
#9208 = VECTOR('',#9209,1.);
#9209 = DIRECTION('',(-1.,-0.,0.));
#9210 = PCURVE('',#9037,#9211);
#9211 = DEFINITIONAL_REPRESENTATION('',(#9212),#9215);
#9212 = B_SPLINE_CURVE_WITH_KNOTS('',1,(#9213,#9214),.UNSPECIFIED.,.F.,
  .F.,(2,2),(-88.5,-28.5),.PIECEWISE_BEZIER_KNOTS.);
#9213 = CARTESIAN_POINT('',(60.,17.5));
#9214 = CARTESIAN_POINT('',(0.,17.5));
#9215 = ( GEOMETRIC_REPRESENTATION_CONTEXT(2) 
PARAMETRIC_REPRESENTATION_CONTEXT() REPRESENTATION_CONTEXT('2D SPACE',''
  ) );
#9216 = PCURVE('',#9010,#9217);
#9217 = DEFINITIONAL_REPRESENTATION('',(#9218),#9221);
#9218 = B_SPLINE_CURVE_WITH_KNOTS('',1,(#9219,#9220),.UNSPECIFIED.,.F.,
  .F.,(2,2),(-88.5,-28.5),.PIECEWISE_BEZIER_KNOTS.);
#9219 = CARTESIAN_POINT('',(136.,117.));
#9220 = CARTESIAN_POINT('',(136.,57.));
#9221 = ( GEOMETRIC_REPRESENTATION_CONTEXT(2) 
PARAMETRIC_REPRESENTATION_CONTEXT() REPRESENTATION_CONTEXT('2D SPACE',''
  ) );
#9222 = ORIENTED_EDGE('',*,*,#9223,.T.);
#9223 = EDGE_CURVE('',#9203,#9153,#9224,.T.);
#9224 = SURFACE_CURVE('',#9225,(#9229,#9236),.PCURVE_S1.);
#9225 = LINE('',#9226,#9227);
#9226 = CARTESIAN_POINT('',(107.,-17.5,-14.));
#9227 = VECTOR('',#9228,1.);
#9228 = DIRECTION('',(-0.,1.,0.));
#9229 = PCURVE('',#9037,#9230);
#9230 = DEFINITIONAL_REPRESENTATION('',(#9231),#9235);
#9231 = LINE('',#9232,#9233);
#9232 = CARTESIAN_POINT('',(60.,0.));
#9233 = VECTOR('',#9234,1.);
#9234 = DIRECTION('',(0.,1.));
#9235 = ( GEOMETRIC_REPRESENTATION_CONTEXT(2) 
PARAMETRIC_REPRESENTATION_CONTEXT() REPRESENTATION_CONTEXT('2D SPACE',''
  ) );
#9236 = PCURVE('',#9116,#9237);
#9237 = DEFINITIONAL_REPRESENTATION('',(#9238),#9242);
#9238 = LINE('',#9239,#9240);
#9239 = CARTESIAN_POINT('',(0.,0.));
#9240 = VECTOR('',#9241,1.);
#9241 = DIRECTION('',(0.,-1.));
#9242 = ( GEOMETRIC_REPRESENTATION_CONTEXT(2) 
PARAMETRIC_REPRESENTATION_CONTEXT() REPRESENTATION_CONTEXT('2D SPACE',''
  ) );
#9243 = ORIENTED_EDGE('',*,*,#9152,.F.);
#9244 = ADVANCED_FACE('',(#9245),#9010,.F.);
#9245 = FACE_BOUND('',#9246,.F.);
#9246 = EDGE_LOOP('',(#9247,#9248,#9249,#9250));
#9247 = ORIENTED_EDGE('',*,*,#9202,.T.);
#9248 = ORIENTED_EDGE('',*,*,#8995,.T.);
#9249 = ORIENTED_EDGE('',*,*,#9079,.F.);
#9250 = ORIENTED_EDGE('',*,*,#9251,.F.);
#9251 = EDGE_CURVE('',#9203,#9080,#9252,.T.);
#9252 = SURFACE_CURVE('',#9253,(#9257,#9263),.PCURVE_S1.);
#9253 = LINE('',#9254,#9255);
#9254 = CARTESIAN_POINT('',(107.,0.,-82.));
#9255 = VECTOR('',#9256,1.);
#9256 = DIRECTION('',(0.,0.,1.));
#9257 = PCURVE('',#9010,#9258);
#9258 = DEFINITIONAL_REPRESENTATION('',(#9259),#9262);
#9259 = B_SPLINE_CURVE_WITH_KNOTS('',1,(#9260,#9261),.UNSPECIFIED.,.F.,
  .F.,(2,2),(68.,76.),.PIECEWISE_BEZIER_KNOTS.);
#9260 = CARTESIAN_POINT('',(136.,117.));
#9261 = CARTESIAN_POINT('',(144.,117.));
#9262 = ( GEOMETRIC_REPRESENTATION_CONTEXT(2) 
PARAMETRIC_REPRESENTATION_CONTEXT() REPRESENTATION_CONTEXT('2D SPACE',''
  ) );
#9263 = PCURVE('',#9116,#9264);
#9264 = DEFINITIONAL_REPRESENTATION('',(#9265),#9268);
#9265 = B_SPLINE_CURVE_WITH_KNOTS('',1,(#9266,#9267),.UNSPECIFIED.,.F.,
  .F.,(2,2),(68.,76.),.PIECEWISE_BEZIER_KNOTS.);
#9266 = CARTESIAN_POINT('',(0.,-17.5));
#9267 = CARTESIAN_POINT('',(8.,-17.5));
#9268 = ( GEOMETRIC_REPRESENTATION_CONTEXT(2) 
PARAMETRIC_REPRESENTATION_CONTEXT() REPRESENTATION_CONTEXT('2D SPACE',''
  ) );
#9269 = ADVANCED_FACE('',(#9270),#9116,.T.);
#9270 = FACE_BOUND('',#9271,.T.);
#9271 = EDGE_LOOP('',(#9272,#9273,#9274,#9275));
#9272 = ORIENTED_EDGE('',*,*,#9100,.F.);
#9273 = ORIENTED_EDGE('',*,*,#9251,.F.);
#9274 = ORIENTED_EDGE('',*,*,#9223,.T.);
#9275 = ORIENTED_EDGE('',*,*,#9177,.T.);
#9276 = ( GEOMETRIC_REPRESENTATION_CONTEXT(3) 
GLOBAL_UNCERTAINTY_ASSIGNED_CONTEXT((#9280)) 
GLOBAL_UNIT_ASSIGNED_CONTEXT((#9277,#9278,#9279)) REPRESENTATION_CONTEXT
('Context #1','3D Context with UNIT and UNCERTAINTY') );
#9277 = ( LENGTH_UNIT() NAMED_UNIT(*) SI_UNIT(.MILLI.,.METRE.) );
#9278 = ( NAMED_UNIT(*) PLANE_ANGLE_UNIT() SI_UNIT($,.RADIAN.) );
#9279 = ( NAMED_UNIT(*) SI_UNIT($,.STERADIAN.) SOLID_ANGLE_UNIT() );
#9280 = UNCERTAINTY_MEASURE_WITH_UNIT(LENGTH_MEASURE(1.E-07),#9277,
  'distance_accuracy_value','confusion accuracy');
#9281 = CONTEXT_DEPENDENT_SHAPE_REPRESENTATION(#9282,#9284);
#9282 = ( REPRESENTATION_RELATIONSHIP('','',#8953,#10) 
REPRESENTATION_RELATIONSHIP_WITH_TRANSFORMATION(#9283) 
SHAPE_REPRESENTATION_RELATIONSHIP() );
#9283 = ITEM_DEFINED_TRANSFORMATION('','',#11,#51);
#9284 = PRODUCT_DEFINITION_SHAPE('Placement','Placement of an item',
  #9285);
#9285 = NEXT_ASSEMBLY_USAGE_OCCURRENCE('24','10_Battery','',#5,#8948,$);
#9286 = PRODUCT_RELATED_PRODUCT_CATEGORY('part',$,(#8950));
#9287 = SHAPE_DEFINITION_REPRESENTATION(#9288,#9294);
#9288 = PRODUCT_DEFINITION_SHAPE('','',#9289);
#9289 = PRODUCT_DEFINITION('design','',#9290,#9293);
#9290 = PRODUCT_DEFINITION_FORMATION('','',#9291);
#9291 = PRODUCT('11_Circuit_board','11_Circuit_board','',(#9292));
#9292 = PRODUCT_CONTEXT('',#2,'mechanical');
#9293 = PRODUCT_DEFINITION_CONTEXT('part definition',#2,'design');
#9294 = ADVANCED_BREP_SHAPE_REPRESENTATION('',(#11,#9295),#9617);
#9295 = MANIFOLD_SOLID_BREP('',#9296);
#9296 = CLOSED_SHELL('',(#9297,#9415,#9489,#9538,#9585,#9610));
#9297 = ADVANCED_FACE('',(#9298),#9312,.F.);
#9298 = FACE_BOUND('',#9299,.F.);
#9299 = EDGE_LOOP('',(#9300,#9335,#9361,#9389));
#9300 = ORIENTED_EDGE('',*,*,#9301,.F.);
#9301 = EDGE_CURVE('',#9302,#9304,#9306,.T.);
#9302 = VERTEX_POINT('',#9303);
#9303 = CARTESIAN_POINT('',(109.,0.,4.));
#9304 = VERTEX_POINT('',#9305);
#9305 = CARTESIAN_POINT('',(109.,12.5,4.));
#9306 = SURFACE_CURVE('',#9307,(#9311,#9323),.PCURVE_S1.);
#9307 = LINE('',#9308,#9309);
#9308 = CARTESIAN_POINT('',(109.,-12.5,4.));
#9309 = VECTOR('',#9310,1.);
#9310 = DIRECTION('',(-0.,1.,0.));
#9311 = PCURVE('',#9312,#9317);
#9312 = PLANE('',#9313);
#9313 = AXIS2_PLACEMENT_3D('',#9314,#9315,#9316);
#9314 = CARTESIAN_POINT('',(109.,-12.5,-4.));
#9315 = DIRECTION('',(1.,0.,-0.));
#9316 = DIRECTION('',(0.,0.,1.));
#9317 = DEFINITIONAL_REPRESENTATION('',(#9318),#9322);
#9318 = LINE('',#9319,#9320);
#9319 = CARTESIAN_POINT('',(8.,0.));
#9320 = VECTOR('',#9321,1.);
#9321 = DIRECTION('',(0.,-1.));
#9322 = ( GEOMETRIC_REPRESENTATION_CONTEXT(2) 
PARAMETRIC_REPRESENTATION_CONTEXT() REPRESENTATION_CONTEXT('2D SPACE',''
  ) );
#9323 = PCURVE('',#9324,#9329);
#9324 = PLANE('',#9325);
#9325 = AXIS2_PLACEMENT_3D('',#9326,#9327,#9328);
#9326 = CARTESIAN_POINT('',(109.,-12.5,4.));
#9327 = DIRECTION('',(0.,0.,1.));
#9328 = DIRECTION('',(1.,0.,-0.));
#9329 = DEFINITIONAL_REPRESENTATION('',(#9330),#9334);
#9330 = LINE('',#9331,#9332);
#9331 = CARTESIAN_POINT('',(0.,0.));
#9332 = VECTOR('',#9333,1.);
#9333 = DIRECTION('',(0.,1.));
#9334 = ( GEOMETRIC_REPRESENTATION_CONTEXT(2) 
PARAMETRIC_REPRESENTATION_CONTEXT() REPRESENTATION_CONTEXT('2D SPACE',''
  ) );
#9335 = ORIENTED_EDGE('',*,*,#9336,.F.);
#9336 = EDGE_CURVE('',#9337,#9302,#9339,.T.);
#9337 = VERTEX_POINT('',#9338);
#9338 = CARTESIAN_POINT('',(109.,0.,-4.));
#9339 = SURFACE_CURVE('',#9340,(#9344,#9350),.PCURVE_S1.);
#9340 = LINE('',#9341,#9342);
#9341 = CARTESIAN_POINT('',(109.,0.,-77.));
#9342 = VECTOR('',#9343,1.);
#9343 = DIRECTION('',(0.,0.,1.));
#9344 = PCURVE('',#9312,#9345);
#9345 = DEFINITIONAL_REPRESENTATION('',(#9346),#9349);
#9346 = B_SPLINE_CURVE_WITH_KNOTS('',1,(#9347,#9348),.UNSPECIFIED.,.F.,
  .F.,(2,2),(73.,81.),.PIECEWISE_BEZIER_KNOTS.);
#9347 = CARTESIAN_POINT('',(0.,-12.5));
#9348 = CARTESIAN_POINT('',(8.,-12.5));
#9349 = ( GEOMETRIC_REPRESENTATION_CONTEXT(2) 
PARAMETRIC_REPRESENTATION_CONTEXT() REPRESENTATION_CONTEXT('2D SPACE',''
  ) );
#9350 = PCURVE('',#9351,#9356);
#9351 = PLANE('',#9352);
#9352 = AXIS2_PLACEMENT_3D('',#9353,#9354,#9355);
#9353 = CARTESIAN_POINT('',(-10.,0.,-150.));
#9354 = DIRECTION('',(-0.,1.,0.));
#9355 = DIRECTION('',(0.,0.,1.));
#9356 = DEFINITIONAL_REPRESENTATION('',(#9357),#9360);
#9357 = B_SPLINE_CURVE_WITH_KNOTS('',1,(#9358,#9359),.UNSPECIFIED.,.F.,
  .F.,(2,2),(73.,81.),.PIECEWISE_BEZIER_KNOTS.);
#9358 = CARTESIAN_POINT('',(146.,119.));
#9359 = CARTESIAN_POINT('',(154.,119.));
#9360 = ( GEOMETRIC_REPRESENTATION_CONTEXT(2) 
PARAMETRIC_REPRESENTATION_CONTEXT() REPRESENTATION_CONTEXT('2D SPACE',''
  ) );
#9361 = ORIENTED_EDGE('',*,*,#9362,.T.);
#9362 = EDGE_CURVE('',#9337,#9363,#9365,.T.);
#9363 = VERTEX_POINT('',#9364);
#9364 = CARTESIAN_POINT('',(109.,12.5,-4.));
#9365 = SURFACE_CURVE('',#9366,(#9370,#9377),.PCURVE_S1.);
#9366 = LINE('',#9367,#9368);
#9367 = CARTESIAN_POINT('',(109.,-12.5,-4.));
#9368 = VECTOR('',#9369,1.);
#9369 = DIRECTION('',(-0.,1.,0.));
#9370 = PCURVE('',#9312,#9371);
#9371 = DEFINITIONAL_REPRESENTATION('',(#9372),#9376);
#9372 = LINE('',#9373,#9374);
#9373 = CARTESIAN_POINT('',(0.,0.));
#9374 = VECTOR('',#9375,1.);
#9375 = DIRECTION('',(0.,-1.));
#9376 = ( GEOMETRIC_REPRESENTATION_CONTEXT(2) 
PARAMETRIC_REPRESENTATION_CONTEXT() REPRESENTATION_CONTEXT('2D SPACE',''
  ) );
#9377 = PCURVE('',#9378,#9383);
#9378 = PLANE('',#9379);
#9379 = AXIS2_PLACEMENT_3D('',#9380,#9381,#9382);
#9380 = CARTESIAN_POINT('',(109.,-12.5,-4.));
#9381 = DIRECTION('',(0.,0.,1.));
#9382 = DIRECTION('',(1.,0.,-0.));
#9383 = DEFINITIONAL_REPRESENTATION('',(#9384),#9388);
#9384 = LINE('',#9385,#9386);
#9385 = CARTESIAN_POINT('',(0.,0.));
#9386 = VECTOR('',#9387,1.);
#9387 = DIRECTION('',(0.,1.));
#9388 = ( GEOMETRIC_REPRESENTATION_CONTEXT(2) 
PARAMETRIC_REPRESENTATION_CONTEXT() REPRESENTATION_CONTEXT('2D SPACE',''
  ) );
#9389 = ORIENTED_EDGE('',*,*,#9390,.T.);
#9390 = EDGE_CURVE('',#9363,#9304,#9391,.T.);
#9391 = SURFACE_CURVE('',#9392,(#9396,#9403),.PCURVE_S1.);
#9392 = LINE('',#9393,#9394);
#9393 = CARTESIAN_POINT('',(109.,12.5,-4.));
#9394 = VECTOR('',#9395,1.);
#9395 = DIRECTION('',(0.,0.,1.));
#9396 = PCURVE('',#9312,#9397);
#9397 = DEFINITIONAL_REPRESENTATION('',(#9398),#9402);
#9398 = LINE('',#9399,#9400);
#9399 = CARTESIAN_POINT('',(0.,-25.));
#9400 = VECTOR('',#9401,1.);
#9401 = DIRECTION('',(1.,0.));
#9402 = ( GEOMETRIC_REPRESENTATION_CONTEXT(2) 
PARAMETRIC_REPRESENTATION_CONTEXT() REPRESENTATION_CONTEXT('2D SPACE',''
  ) );
#9403 = PCURVE('',#9404,#9409);
#9404 = PLANE('',#9405);
#9405 = AXIS2_PLACEMENT_3D('',#9406,#9407,#9408);
#9406 = CARTESIAN_POINT('',(109.,12.5,-4.));
#9407 = DIRECTION('',(-0.,1.,0.));
#9408 = DIRECTION('',(0.,0.,1.));
#9409 = DEFINITIONAL_REPRESENTATION('',(#9410),#9414);
#9410 = LINE('',#9411,#9412);
#9411 = CARTESIAN_POINT('',(0.,0.));
#9412 = VECTOR('',#9413,1.);
#9413 = DIRECTION('',(1.,0.));
#9414 = ( GEOMETRIC_REPRESENTATION_CONTEXT(2) 
PARAMETRIC_REPRESENTATION_CONTEXT() REPRESENTATION_CONTEXT('2D SPACE',''
  ) );
#9415 = ADVANCED_FACE('',(#9416),#9324,.T.);
#9416 = FACE_BOUND('',#9417,.T.);
#9417 = EDGE_LOOP('',(#9418,#9419,#9440,#9468));
#9418 = ORIENTED_EDGE('',*,*,#9301,.F.);
#9419 = ORIENTED_EDGE('',*,*,#9420,.F.);
#9420 = EDGE_CURVE('',#9421,#9302,#9423,.T.);
#9421 = VERTEX_POINT('',#9422);
#9422 = CARTESIAN_POINT('',(159.,0.,4.));
#9423 = SURFACE_CURVE('',#9424,(#9428,#9434),.PCURVE_S1.);
#9424 = LINE('',#9425,#9426);
#9425 = CARTESIAN_POINT('',(49.5,0.,4.));
#9426 = VECTOR('',#9427,1.);
#9427 = DIRECTION('',(-1.,-0.,0.));
#9428 = PCURVE('',#9324,#9429);
#9429 = DEFINITIONAL_REPRESENTATION('',(#9430),#9433);
#9430 = B_SPLINE_CURVE_WITH_KNOTS('',1,(#9431,#9432),.UNSPECIFIED.,.F.,
  .F.,(2,2),(-109.5,-59.5),.PIECEWISE_BEZIER_KNOTS.);
#9431 = CARTESIAN_POINT('',(50.,12.5));
#9432 = CARTESIAN_POINT('',(0.,12.5));
#9433 = ( GEOMETRIC_REPRESENTATION_CONTEXT(2) 
PARAMETRIC_REPRESENTATION_CONTEXT() REPRESENTATION_CONTEXT('2D SPACE',''
  ) );
#9434 = PCURVE('',#9351,#9435);
#9435 = DEFINITIONAL_REPRESENTATION('',(#9436),#9439);
#9436 = B_SPLINE_CURVE_WITH_KNOTS('',1,(#9437,#9438),.UNSPECIFIED.,.F.,
  .F.,(2,2),(-109.5,-59.5),.PIECEWISE_BEZIER_KNOTS.);
#9437 = CARTESIAN_POINT('',(154.,169.));
#9438 = CARTESIAN_POINT('',(154.,119.));
#9439 = ( GEOMETRIC_REPRESENTATION_CONTEXT(2) 
PARAMETRIC_REPRESENTATION_CONTEXT() REPRESENTATION_CONTEXT('2D SPACE',''
  ) );
#9440 = ORIENTED_EDGE('',*,*,#9441,.T.);
#9441 = EDGE_CURVE('',#9421,#9442,#9444,.T.);
#9442 = VERTEX_POINT('',#9443);
#9443 = CARTESIAN_POINT('',(159.,12.5,4.));
#9444 = SURFACE_CURVE('',#9445,(#9449,#9456),.PCURVE_S1.);
#9445 = LINE('',#9446,#9447);
#9446 = CARTESIAN_POINT('',(159.,-12.5,4.));
#9447 = VECTOR('',#9448,1.);
#9448 = DIRECTION('',(-0.,1.,0.));
#9449 = PCURVE('',#9324,#9450);
#9450 = DEFINITIONAL_REPRESENTATION('',(#9451),#9455);
#9451 = LINE('',#9452,#9453);
#9452 = CARTESIAN_POINT('',(50.,0.));
#9453 = VECTOR('',#9454,1.);
#9454 = DIRECTION('',(0.,1.));
#9455 = ( GEOMETRIC_REPRESENTATION_CONTEXT(2) 
PARAMETRIC_REPRESENTATION_CONTEXT() REPRESENTATION_CONTEXT('2D SPACE',''
  ) );
#9456 = PCURVE('',#9457,#9462);
#9457 = PLANE('',#9458);
#9458 = AXIS2_PLACEMENT_3D('',#9459,#9460,#9461);
#9459 = CARTESIAN_POINT('',(159.,-12.5,-4.));
#9460 = DIRECTION('',(1.,0.,-0.));
#9461 = DIRECTION('',(0.,0.,1.));
#9462 = DEFINITIONAL_REPRESENTATION('',(#9463),#9467);
#9463 = LINE('',#9464,#9465);
#9464 = CARTESIAN_POINT('',(8.,0.));
#9465 = VECTOR('',#9466,1.);
#9466 = DIRECTION('',(0.,-1.));
#9467 = ( GEOMETRIC_REPRESENTATION_CONTEXT(2) 
PARAMETRIC_REPRESENTATION_CONTEXT() REPRESENTATION_CONTEXT('2D SPACE',''
  ) );
#9468 = ORIENTED_EDGE('',*,*,#9469,.F.);
#9469 = EDGE_CURVE('',#9304,#9442,#9470,.T.);
#9470 = SURFACE_CURVE('',#9471,(#9475,#9482),.PCURVE_S1.);
#9471 = LINE('',#9472,#9473);
#9472 = CARTESIAN_POINT('',(109.,12.5,4.));
#9473 = VECTOR('',#9474,1.);
#9474 = DIRECTION('',(1.,0.,-0.));
#9475 = PCURVE('',#9324,#9476);
#9476 = DEFINITIONAL_REPRESENTATION('',(#9477),#9481);
#9477 = LINE('',#9478,#9479);
#9478 = CARTESIAN_POINT('',(0.,25.));
#9479 = VECTOR('',#9480,1.);
#9480 = DIRECTION('',(1.,0.));
#9481 = ( GEOMETRIC_REPRESENTATION_CONTEXT(2) 
PARAMETRIC_REPRESENTATION_CONTEXT() REPRESENTATION_CONTEXT('2D SPACE',''
  ) );
#9482 = PCURVE('',#9404,#9483);
#9483 = DEFINITIONAL_REPRESENTATION('',(#9484),#9488);
#9484 = LINE('',#9485,#9486);
#9485 = CARTESIAN_POINT('',(8.,0.));
#9486 = VECTOR('',#9487,1.);
#9487 = DIRECTION('',(0.,1.));
#9488 = ( GEOMETRIC_REPRESENTATION_CONTEXT(2) 
PARAMETRIC_REPRESENTATION_CONTEXT() REPRESENTATION_CONTEXT('2D SPACE',''
  ) );
#9489 = ADVANCED_FACE('',(#9490),#9404,.T.);
#9490 = FACE_BOUND('',#9491,.T.);
#9491 = EDGE_LOOP('',(#9492,#9515,#9516,#9517));
#9492 = ORIENTED_EDGE('',*,*,#9493,.F.);
#9493 = EDGE_CURVE('',#9363,#9494,#9496,.T.);
#9494 = VERTEX_POINT('',#9495);
#9495 = CARTESIAN_POINT('',(159.,12.5,-4.));
#9496 = SURFACE_CURVE('',#9497,(#9501,#9508),.PCURVE_S1.);
#9497 = LINE('',#9498,#9499);
#9498 = CARTESIAN_POINT('',(109.,12.5,-4.));
#9499 = VECTOR('',#9500,1.);
#9500 = DIRECTION('',(1.,0.,-0.));
#9501 = PCURVE('',#9404,#9502);
#9502 = DEFINITIONAL_REPRESENTATION('',(#9503),#9507);
#9503 = LINE('',#9504,#9505);
#9504 = CARTESIAN_POINT('',(0.,0.));
#9505 = VECTOR('',#9506,1.);
#9506 = DIRECTION('',(0.,1.));
#9507 = ( GEOMETRIC_REPRESENTATION_CONTEXT(2) 
PARAMETRIC_REPRESENTATION_CONTEXT() REPRESENTATION_CONTEXT('2D SPACE',''
  ) );
#9508 = PCURVE('',#9378,#9509);
#9509 = DEFINITIONAL_REPRESENTATION('',(#9510),#9514);
#9510 = LINE('',#9511,#9512);
#9511 = CARTESIAN_POINT('',(0.,25.));
#9512 = VECTOR('',#9513,1.);
#9513 = DIRECTION('',(1.,0.));
#9514 = ( GEOMETRIC_REPRESENTATION_CONTEXT(2) 
PARAMETRIC_REPRESENTATION_CONTEXT() REPRESENTATION_CONTEXT('2D SPACE',''
  ) );
#9515 = ORIENTED_EDGE('',*,*,#9390,.T.);
#9516 = ORIENTED_EDGE('',*,*,#9469,.T.);
#9517 = ORIENTED_EDGE('',*,*,#9518,.F.);
#9518 = EDGE_CURVE('',#9494,#9442,#9519,.T.);
#9519 = SURFACE_CURVE('',#9520,(#9524,#9531),.PCURVE_S1.);
#9520 = LINE('',#9521,#9522);
#9521 = CARTESIAN_POINT('',(159.,12.5,-4.));
#9522 = VECTOR('',#9523,1.);
#9523 = DIRECTION('',(0.,0.,1.));
#9524 = PCURVE('',#9404,#9525);
#9525 = DEFINITIONAL_REPRESENTATION('',(#9526),#9530);
#9526 = LINE('',#9527,#9528);
#9527 = CARTESIAN_POINT('',(0.,50.));
#9528 = VECTOR('',#9529,1.);
#9529 = DIRECTION('',(1.,0.));
#9530 = ( GEOMETRIC_REPRESENTATION_CONTEXT(2) 
PARAMETRIC_REPRESENTATION_CONTEXT() REPRESENTATION_CONTEXT('2D SPACE',''
  ) );
#9531 = PCURVE('',#9457,#9532);
#9532 = DEFINITIONAL_REPRESENTATION('',(#9533),#9537);
#9533 = LINE('',#9534,#9535);
#9534 = CARTESIAN_POINT('',(0.,-25.));
#9535 = VECTOR('',#9536,1.);
#9536 = DIRECTION('',(1.,0.));
#9537 = ( GEOMETRIC_REPRESENTATION_CONTEXT(2) 
PARAMETRIC_REPRESENTATION_CONTEXT() REPRESENTATION_CONTEXT('2D SPACE',''
  ) );
#9538 = ADVANCED_FACE('',(#9539),#9378,.F.);
#9539 = FACE_BOUND('',#9540,.F.);
#9540 = EDGE_LOOP('',(#9541,#9542,#9563,#9584));
#9541 = ORIENTED_EDGE('',*,*,#9362,.F.);
#9542 = ORIENTED_EDGE('',*,*,#9543,.F.);
#9543 = EDGE_CURVE('',#9544,#9337,#9546,.T.);
#9544 = VERTEX_POINT('',#9545);
#9545 = CARTESIAN_POINT('',(159.,0.,-4.));
#9546 = SURFACE_CURVE('',#9547,(#9551,#9557),.PCURVE_S1.);
#9547 = LINE('',#9548,#9549);
#9548 = CARTESIAN_POINT('',(49.5,0.,-4.));
#9549 = VECTOR('',#9550,1.);
#9550 = DIRECTION('',(-1.,-0.,0.));
#9551 = PCURVE('',#9378,#9552);
#9552 = DEFINITIONAL_REPRESENTATION('',(#9553),#9556);
#9553 = B_SPLINE_CURVE_WITH_KNOTS('',1,(#9554,#9555),.UNSPECIFIED.,.F.,
  .F.,(2,2),(-109.5,-59.5),.PIECEWISE_BEZIER_KNOTS.);
#9554 = CARTESIAN_POINT('',(50.,12.5));
#9555 = CARTESIAN_POINT('',(0.,12.5));
#9556 = ( GEOMETRIC_REPRESENTATION_CONTEXT(2) 
PARAMETRIC_REPRESENTATION_CONTEXT() REPRESENTATION_CONTEXT('2D SPACE',''
  ) );
#9557 = PCURVE('',#9351,#9558);
#9558 = DEFINITIONAL_REPRESENTATION('',(#9559),#9562);
#9559 = B_SPLINE_CURVE_WITH_KNOTS('',1,(#9560,#9561),.UNSPECIFIED.,.F.,
  .F.,(2,2),(-109.5,-59.5),.PIECEWISE_BEZIER_KNOTS.);
#9560 = CARTESIAN_POINT('',(146.,169.));
#9561 = CARTESIAN_POINT('',(146.,119.));
#9562 = ( GEOMETRIC_REPRESENTATION_CONTEXT(2) 
PARAMETRIC_REPRESENTATION_CONTEXT() REPRESENTATION_CONTEXT('2D SPACE',''
  ) );
#9563 = ORIENTED_EDGE('',*,*,#9564,.T.);
#9564 = EDGE_CURVE('',#9544,#9494,#9565,.T.);
#9565 = SURFACE_CURVE('',#9566,(#9570,#9577),.PCURVE_S1.);
#9566 = LINE('',#9567,#9568);
#9567 = CARTESIAN_POINT('',(159.,-12.5,-4.));
#9568 = VECTOR('',#9569,1.);
#9569 = DIRECTION('',(-0.,1.,0.));
#9570 = PCURVE('',#9378,#9571);
#9571 = DEFINITIONAL_REPRESENTATION('',(#9572),#9576);
#9572 = LINE('',#9573,#9574);
#9573 = CARTESIAN_POINT('',(50.,0.));
#9574 = VECTOR('',#9575,1.);
#9575 = DIRECTION('',(0.,1.));
#9576 = ( GEOMETRIC_REPRESENTATION_CONTEXT(2) 
PARAMETRIC_REPRESENTATION_CONTEXT() REPRESENTATION_CONTEXT('2D SPACE',''
  ) );
#9577 = PCURVE('',#9457,#9578);
#9578 = DEFINITIONAL_REPRESENTATION('',(#9579),#9583);
#9579 = LINE('',#9580,#9581);
#9580 = CARTESIAN_POINT('',(0.,0.));
#9581 = VECTOR('',#9582,1.);
#9582 = DIRECTION('',(0.,-1.));
#9583 = ( GEOMETRIC_REPRESENTATION_CONTEXT(2) 
PARAMETRIC_REPRESENTATION_CONTEXT() REPRESENTATION_CONTEXT('2D SPACE',''
  ) );
#9584 = ORIENTED_EDGE('',*,*,#9493,.F.);
#9585 = ADVANCED_FACE('',(#9586),#9351,.F.);
#9586 = FACE_BOUND('',#9587,.F.);
#9587 = EDGE_LOOP('',(#9588,#9589,#9590,#9591));
#9588 = ORIENTED_EDGE('',*,*,#9543,.T.);
#9589 = ORIENTED_EDGE('',*,*,#9336,.T.);
#9590 = ORIENTED_EDGE('',*,*,#9420,.F.);
#9591 = ORIENTED_EDGE('',*,*,#9592,.F.);
#9592 = EDGE_CURVE('',#9544,#9421,#9593,.T.);
#9593 = SURFACE_CURVE('',#9594,(#9598,#9604),.PCURVE_S1.);
#9594 = LINE('',#9595,#9596);
#9595 = CARTESIAN_POINT('',(159.,0.,-77.));
#9596 = VECTOR('',#9597,1.);
#9597 = DIRECTION('',(0.,0.,1.));
#9598 = PCURVE('',#9351,#9599);
#9599 = DEFINITIONAL_REPRESENTATION('',(#9600),#9603);
#9600 = B_SPLINE_CURVE_WITH_KNOTS('',1,(#9601,#9602),.UNSPECIFIED.,.F.,
  .F.,(2,2),(73.,81.),.PIECEWISE_BEZIER_KNOTS.);
#9601 = CARTESIAN_POINT('',(146.,169.));
#9602 = CARTESIAN_POINT('',(154.,169.));
#9603 = ( GEOMETRIC_REPRESENTATION_CONTEXT(2) 
PARAMETRIC_REPRESENTATION_CONTEXT() REPRESENTATION_CONTEXT('2D SPACE',''
  ) );
#9604 = PCURVE('',#9457,#9605);
#9605 = DEFINITIONAL_REPRESENTATION('',(#9606),#9609);
#9606 = B_SPLINE_CURVE_WITH_KNOTS('',1,(#9607,#9608),.UNSPECIFIED.,.F.,
  .F.,(2,2),(73.,81.),.PIECEWISE_BEZIER_KNOTS.);
#9607 = CARTESIAN_POINT('',(0.,-12.5));
#9608 = CARTESIAN_POINT('',(8.,-12.5));
#9609 = ( GEOMETRIC_REPRESENTATION_CONTEXT(2) 
PARAMETRIC_REPRESENTATION_CONTEXT() REPRESENTATION_CONTEXT('2D SPACE',''
  ) );
#9610 = ADVANCED_FACE('',(#9611),#9457,.T.);
#9611 = FACE_BOUND('',#9612,.T.);
#9612 = EDGE_LOOP('',(#9613,#9614,#9615,#9616));
#9613 = ORIENTED_EDGE('',*,*,#9441,.F.);
#9614 = ORIENTED_EDGE('',*,*,#9592,.F.);
#9615 = ORIENTED_EDGE('',*,*,#9564,.T.);
#9616 = ORIENTED_EDGE('',*,*,#9518,.T.);
#9617 = ( GEOMETRIC_REPRESENTATION_CONTEXT(3) 
GLOBAL_UNCERTAINTY_ASSIGNED_CONTEXT((#9621)) 
GLOBAL_UNIT_ASSIGNED_CONTEXT((#9618,#9619,#9620)) REPRESENTATION_CONTEXT
('Context #1','3D Context with UNIT and UNCERTAINTY') );
#9618 = ( LENGTH_UNIT() NAMED_UNIT(*) SI_UNIT(.MILLI.,.METRE.) );
#9619 = ( NAMED_UNIT(*) PLANE_ANGLE_UNIT() SI_UNIT($,.RADIAN.) );
#9620 = ( NAMED_UNIT(*) SI_UNIT($,.STERADIAN.) SOLID_ANGLE_UNIT() );
#9621 = UNCERTAINTY_MEASURE_WITH_UNIT(LENGTH_MEASURE(1.E-07),#9618,
  'distance_accuracy_value','confusion accuracy');
#9622 = CONTEXT_DEPENDENT_SHAPE_REPRESENTATION(#9623,#9625);
#9623 = ( REPRESENTATION_RELATIONSHIP('','',#9294,#10) 
REPRESENTATION_RELATIONSHIP_WITH_TRANSFORMATION(#9624) 
SHAPE_REPRESENTATION_RELATIONSHIP() );
#9624 = ITEM_DEFINED_TRANSFORMATION('','',#11,#55);
#9625 = PRODUCT_DEFINITION_SHAPE('Placement','Placement of an item',
  #9626);
#9626 = NEXT_ASSEMBLY_USAGE_OCCURRENCE('25','11_Circuit_board','',#5,
  #9289,$);
#9627 = PRODUCT_RELATED_PRODUCT_CATEGORY('part',$,(#9291));
#9628 = SHAPE_DEFINITION_REPRESENTATION(#9629,#9635);
#9629 = PRODUCT_DEFINITION_SHAPE('','',#9630);
#9630 = PRODUCT_DEFINITION('design','',#9631,#9634);
#9631 = PRODUCT_DEFINITION_FORMATION('','',#9632);
#9632 = PRODUCT('12_Sensor_module','12_Sensor_module','',(#9633));
#9633 = PRODUCT_CONTEXT('',#2,'mechanical');
#9634 = PRODUCT_DEFINITION_CONTEXT('part definition',#2,'design');
#9635 = ADVANCED_BREP_SHAPE_REPRESENTATION('',(#11,#9636),#9966);
#9636 = MANIFOLD_SOLID_BREP('',#9637);
#9637 = CLOSED_SHELL('',(#9638,#9758,#9858,#9905,#9952,#9959));
#9638 = ADVANCED_FACE('',(#9639),#9653,.F.);
#9639 = FACE_BOUND('',#9640,.F.);
#9640 = EDGE_LOOP('',(#9641,#9676,#9704,#9732));
#9641 = ORIENTED_EDGE('',*,*,#9642,.F.);
#9642 = EDGE_CURVE('',#9643,#9645,#9647,.T.);
#9643 = VERTEX_POINT('',#9644);
#9644 = CARTESIAN_POINT('',(64.,9.,-5.5));
#9645 = VERTEX_POINT('',#9646);
#9646 = CARTESIAN_POINT('',(64.,9.,16.5));
#9647 = SURFACE_CURVE('',#9648,(#9652,#9664),.PCURVE_S1.);
#9648 = LINE('',#9649,#9650);
#9649 = CARTESIAN_POINT('',(64.,9.,-5.5));
#9650 = VECTOR('',#9651,1.);
#9651 = DIRECTION('',(0.,0.,1.));
#9652 = PCURVE('',#9653,#9658);
#9653 = PLANE('',#9654);
#9654 = AXIS2_PLACEMENT_3D('',#9655,#9656,#9657);
#9655 = CARTESIAN_POINT('',(64.,9.,-5.5));
#9656 = DIRECTION('',(1.,0.,-0.));
#9657 = DIRECTION('',(0.,0.,1.));
#9658 = DEFINITIONAL_REPRESENTATION('',(#9659),#9663);
#9659 = LINE('',#9660,#9661);
#9660 = CARTESIAN_POINT('',(0.,0.));
#9661 = VECTOR('',#9662,1.);
#9662 = DIRECTION('',(1.,0.));
#9663 = ( GEOMETRIC_REPRESENTATION_CONTEXT(2) 
PARAMETRIC_REPRESENTATION_CONTEXT() REPRESENTATION_CONTEXT('2D SPACE',''
  ) );
#9664 = PCURVE('',#9665,#9670);
#9665 = PLANE('',#9666);
#9666 = AXIS2_PLACEMENT_3D('',#9667,#9668,#9669);
#9667 = CARTESIAN_POINT('',(64.,9.,-5.5));
#9668 = DIRECTION('',(-0.,1.,0.));
#9669 = DIRECTION('',(0.,0.,1.));
#9670 = DEFINITIONAL_REPRESENTATION('',(#9671),#9675);
#9671 = LINE('',#9672,#9673);
#9672 = CARTESIAN_POINT('',(0.,0.));
#9673 = VECTOR('',#9674,1.);
#9674 = DIRECTION('',(1.,0.));
#9675 = ( GEOMETRIC_REPRESENTATION_CONTEXT(2) 
PARAMETRIC_REPRESENTATION_CONTEXT() REPRESENTATION_CONTEXT('2D SPACE',''
  ) );
#9676 = ORIENTED_EDGE('',*,*,#9677,.T.);
#9677 = EDGE_CURVE('',#9643,#9678,#9680,.T.);
#9678 = VERTEX_POINT('',#9679);
#9679 = CARTESIAN_POINT('',(64.,21.,-5.5));
#9680 = SURFACE_CURVE('',#9681,(#9685,#9692),.PCURVE_S1.);
#9681 = LINE('',#9682,#9683);
#9682 = CARTESIAN_POINT('',(64.,9.,-5.5));
#9683 = VECTOR('',#9684,1.);
#9684 = DIRECTION('',(-0.,1.,0.));
#9685 = PCURVE('',#9653,#9686);
#9686 = DEFINITIONAL_REPRESENTATION('',(#9687),#9691);
#9687 = LINE('',#9688,#9689);
#9688 = CARTESIAN_POINT('',(0.,0.));
#9689 = VECTOR('',#9690,1.);
#9690 = DIRECTION('',(0.,-1.));
#9691 = ( GEOMETRIC_REPRESENTATION_CONTEXT(2) 
PARAMETRIC_REPRESENTATION_CONTEXT() REPRESENTATION_CONTEXT('2D SPACE',''
  ) );
#9692 = PCURVE('',#9693,#9698);
#9693 = PLANE('',#9694);
#9694 = AXIS2_PLACEMENT_3D('',#9695,#9696,#9697);
#9695 = CARTESIAN_POINT('',(64.,9.,-5.5));
#9696 = DIRECTION('',(0.,0.,1.));
#9697 = DIRECTION('',(1.,0.,-0.));
#9698 = DEFINITIONAL_REPRESENTATION('',(#9699),#9703);
#9699 = LINE('',#9700,#9701);
#9700 = CARTESIAN_POINT('',(0.,0.));
#9701 = VECTOR('',#9702,1.);
#9702 = DIRECTION('',(0.,1.));
#9703 = ( GEOMETRIC_REPRESENTATION_CONTEXT(2) 
PARAMETRIC_REPRESENTATION_CONTEXT() REPRESENTATION_CONTEXT('2D SPACE',''
  ) );
#9704 = ORIENTED_EDGE('',*,*,#9705,.T.);
#9705 = EDGE_CURVE('',#9678,#9706,#9708,.T.);
#9706 = VERTEX_POINT('',#9707);
#9707 = CARTESIAN_POINT('',(64.,21.,16.5));
#9708 = SURFACE_CURVE('',#9709,(#9713,#9720),.PCURVE_S1.);
#9709 = LINE('',#9710,#9711);
#9710 = CARTESIAN_POINT('',(64.,21.,-5.5));
#9711 = VECTOR('',#9712,1.);
#9712 = DIRECTION('',(0.,0.,1.));
#9713 = PCURVE('',#9653,#9714);
#9714 = DEFINITIONAL_REPRESENTATION('',(#9715),#9719);
#9715 = LINE('',#9716,#9717);
#9716 = CARTESIAN_POINT('',(0.,-12.));
#9717 = VECTOR('',#9718,1.);
#9718 = DIRECTION('',(1.,0.));
#9719 = ( GEOMETRIC_REPRESENTATION_CONTEXT(2) 
PARAMETRIC_REPRESENTATION_CONTEXT() REPRESENTATION_CONTEXT('2D SPACE',''
  ) );
#9720 = PCURVE('',#9721,#9726);
#9721 = PLANE('',#9722);
#9722 = AXIS2_PLACEMENT_3D('',#9723,#9724,#9725);
#9723 = CARTESIAN_POINT('',(64.,21.,-5.5));
#9724 = DIRECTION('',(-0.,1.,0.));
#9725 = DIRECTION('',(0.,0.,1.));
#9726 = DEFINITIONAL_REPRESENTATION('',(#9727),#9731);
#9727 = LINE('',#9728,#9729);
#9728 = CARTESIAN_POINT('',(0.,0.));
#9729 = VECTOR('',#9730,1.);
#9730 = DIRECTION('',(1.,0.));
#9731 = ( GEOMETRIC_REPRESENTATION_CONTEXT(2) 
PARAMETRIC_REPRESENTATION_CONTEXT() REPRESENTATION_CONTEXT('2D SPACE',''
  ) );
#9732 = ORIENTED_EDGE('',*,*,#9733,.F.);
#9733 = EDGE_CURVE('',#9645,#9706,#9734,.T.);
#9734 = SURFACE_CURVE('',#9735,(#9739,#9746),.PCURVE_S1.);
#9735 = LINE('',#9736,#9737);
#9736 = CARTESIAN_POINT('',(64.,9.,16.5));
#9737 = VECTOR('',#9738,1.);
#9738 = DIRECTION('',(-0.,1.,0.));
#9739 = PCURVE('',#9653,#9740);
#9740 = DEFINITIONAL_REPRESENTATION('',(#9741),#9745);
#9741 = LINE('',#9742,#9743);
#9742 = CARTESIAN_POINT('',(22.,0.));
#9743 = VECTOR('',#9744,1.);
#9744 = DIRECTION('',(0.,-1.));
#9745 = ( GEOMETRIC_REPRESENTATION_CONTEXT(2) 
PARAMETRIC_REPRESENTATION_CONTEXT() REPRESENTATION_CONTEXT('2D SPACE',''
  ) );
#9746 = PCURVE('',#9747,#9752);
#9747 = PLANE('',#9748);
#9748 = AXIS2_PLACEMENT_3D('',#9749,#9750,#9751);
#9749 = CARTESIAN_POINT('',(64.,9.,16.5));
#9750 = DIRECTION('',(0.,0.,1.));
#9751 = DIRECTION('',(1.,0.,-0.));
#9752 = DEFINITIONAL_REPRESENTATION('',(#9753),#9757);
#9753 = LINE('',#9754,#9755);
#9754 = CARTESIAN_POINT('',(0.,0.));
#9755 = VECTOR('',#9756,1.);
#9756 = DIRECTION('',(0.,1.));
#9757 = ( GEOMETRIC_REPRESENTATION_CONTEXT(2) 
PARAMETRIC_REPRESENTATION_CONTEXT() REPRESENTATION_CONTEXT('2D SPACE',''
  ) );
#9758 = ADVANCED_FACE('',(#9759),#9773,.T.);
#9759 = FACE_BOUND('',#9760,.T.);
#9760 = EDGE_LOOP('',(#9761,#9791,#9814,#9837));
#9761 = ORIENTED_EDGE('',*,*,#9762,.F.);
#9762 = EDGE_CURVE('',#9763,#9765,#9767,.T.);
#9763 = VERTEX_POINT('',#9764);
#9764 = CARTESIAN_POINT('',(86.,9.,-5.5));
#9765 = VERTEX_POINT('',#9766);
#9766 = CARTESIAN_POINT('',(86.,9.,16.5));
#9767 = SURFACE_CURVE('',#9768,(#9772,#9784),.PCURVE_S1.);
#9768 = LINE('',#9769,#9770);
#9769 = CARTESIAN_POINT('',(86.,9.,-5.5));
#9770 = VECTOR('',#9771,1.);
#9771 = DIRECTION('',(0.,0.,1.));
#9772 = PCURVE('',#9773,#9778);
#9773 = PLANE('',#9774);
#9774 = AXIS2_PLACEMENT_3D('',#9775,#9776,#9777);
#9775 = CARTESIAN_POINT('',(86.,9.,-5.5));
#9776 = DIRECTION('',(1.,0.,-0.));
#9777 = DIRECTION('',(0.,0.,1.));
#9778 = DEFINITIONAL_REPRESENTATION('',(#9779),#9783);
#9779 = LINE('',#9780,#9781);
#9780 = CARTESIAN_POINT('',(0.,0.));
#9781 = VECTOR('',#9782,1.);
#9782 = DIRECTION('',(1.,0.));
#9783 = ( GEOMETRIC_REPRESENTATION_CONTEXT(2) 
PARAMETRIC_REPRESENTATION_CONTEXT() REPRESENTATION_CONTEXT('2D SPACE',''
  ) );
#9784 = PCURVE('',#9665,#9785);
#9785 = DEFINITIONAL_REPRESENTATION('',(#9786),#9790);
#9786 = LINE('',#9787,#9788);
#9787 = CARTESIAN_POINT('',(0.,22.));
#9788 = VECTOR('',#9789,1.);
#9789 = DIRECTION('',(1.,0.));
#9790 = ( GEOMETRIC_REPRESENTATION_CONTEXT(2) 
PARAMETRIC_REPRESENTATION_CONTEXT() REPRESENTATION_CONTEXT('2D SPACE',''
  ) );
#9791 = ORIENTED_EDGE('',*,*,#9792,.T.);
#9792 = EDGE_CURVE('',#9763,#9793,#9795,.T.);
#9793 = VERTEX_POINT('',#9794);
#9794 = CARTESIAN_POINT('',(86.,21.,-5.5));
#9795 = SURFACE_CURVE('',#9796,(#9800,#9807),.PCURVE_S1.);
#9796 = LINE('',#9797,#9798);
#9797 = CARTESIAN_POINT('',(86.,9.,-5.5));
#9798 = VECTOR('',#9799,1.);
#9799 = DIRECTION('',(-0.,1.,0.));
#9800 = PCURVE('',#9773,#9801);
#9801 = DEFINITIONAL_REPRESENTATION('',(#9802),#9806);
#9802 = LINE('',#9803,#9804);
#9803 = CARTESIAN_POINT('',(0.,0.));
#9804 = VECTOR('',#9805,1.);
#9805 = DIRECTION('',(0.,-1.));
#9806 = ( GEOMETRIC_REPRESENTATION_CONTEXT(2) 
PARAMETRIC_REPRESENTATION_CONTEXT() REPRESENTATION_CONTEXT('2D SPACE',''
  ) );
#9807 = PCURVE('',#9693,#9808);
#9808 = DEFINITIONAL_REPRESENTATION('',(#9809),#9813);
#9809 = LINE('',#9810,#9811);
#9810 = CARTESIAN_POINT('',(22.,0.));
#9811 = VECTOR('',#9812,1.);
#9812 = DIRECTION('',(0.,1.));
#9813 = ( GEOMETRIC_REPRESENTATION_CONTEXT(2) 
PARAMETRIC_REPRESENTATION_CONTEXT() REPRESENTATION_CONTEXT('2D SPACE',''
  ) );
#9814 = ORIENTED_EDGE('',*,*,#9815,.T.);
#9815 = EDGE_CURVE('',#9793,#9816,#9818,.T.);
#9816 = VERTEX_POINT('',#9817);
#9817 = CARTESIAN_POINT('',(86.,21.,16.5));
#9818 = SURFACE_CURVE('',#9819,(#9823,#9830),.PCURVE_S1.);
#9819 = LINE('',#9820,#9821);
#9820 = CARTESIAN_POINT('',(86.,21.,-5.5));
#9821 = VECTOR('',#9822,1.);
#9822 = DIRECTION('',(0.,0.,1.));
#9823 = PCURVE('',#9773,#9824);
#9824 = DEFINITIONAL_REPRESENTATION('',(#9825),#9829);
#9825 = LINE('',#9826,#9827);
#9826 = CARTESIAN_POINT('',(0.,-12.));
#9827 = VECTOR('',#9828,1.);
#9828 = DIRECTION('',(1.,0.));
#9829 = ( GEOMETRIC_REPRESENTATION_CONTEXT(2) 
PARAMETRIC_REPRESENTATION_CONTEXT() REPRESENTATION_CONTEXT('2D SPACE',''
  ) );
#9830 = PCURVE('',#9721,#9831);
#9831 = DEFINITIONAL_REPRESENTATION('',(#9832),#9836);
#9832 = LINE('',#9833,#9834);
#9833 = CARTESIAN_POINT('',(0.,22.));
#9834 = VECTOR('',#9835,1.);
#9835 = DIRECTION('',(1.,0.));
#9836 = ( GEOMETRIC_REPRESENTATION_CONTEXT(2) 
PARAMETRIC_REPRESENTATION_CONTEXT() REPRESENTATION_CONTEXT('2D SPACE',''
  ) );
#9837 = ORIENTED_EDGE('',*,*,#9838,.F.);
#9838 = EDGE_CURVE('',#9765,#9816,#9839,.T.);
#9839 = SURFACE_CURVE('',#9840,(#9844,#9851),.PCURVE_S1.);
#9840 = LINE('',#9841,#9842);
#9841 = CARTESIAN_POINT('',(86.,9.,16.5));
#9842 = VECTOR('',#9843,1.);
#9843 = DIRECTION('',(-0.,1.,0.));
#9844 = PCURVE('',#9773,#9845);
#9845 = DEFINITIONAL_REPRESENTATION('',(#9846),#9850);
#9846 = LINE('',#9847,#9848);
#9847 = CARTESIAN_POINT('',(22.,0.));
#9848 = VECTOR('',#9849,1.);
#9849 = DIRECTION('',(0.,-1.));
#9850 = ( GEOMETRIC_REPRESENTATION_CONTEXT(2) 
PARAMETRIC_REPRESENTATION_CONTEXT() REPRESENTATION_CONTEXT('2D SPACE',''
  ) );
#9851 = PCURVE('',#9747,#9852);
#9852 = DEFINITIONAL_REPRESENTATION('',(#9853),#9857);
#9853 = LINE('',#9854,#9855);
#9854 = CARTESIAN_POINT('',(22.,0.));
#9855 = VECTOR('',#9856,1.);
#9856 = DIRECTION('',(0.,1.));
#9857 = ( GEOMETRIC_REPRESENTATION_CONTEXT(2) 
PARAMETRIC_REPRESENTATION_CONTEXT() REPRESENTATION_CONTEXT('2D SPACE',''
  ) );
#9858 = ADVANCED_FACE('',(#9859),#9665,.F.);
#9859 = FACE_BOUND('',#9860,.F.);
#9860 = EDGE_LOOP('',(#9861,#9882,#9883,#9904));
#9861 = ORIENTED_EDGE('',*,*,#9862,.F.);
#9862 = EDGE_CURVE('',#9643,#9763,#9863,.T.);
#9863 = SURFACE_CURVE('',#9864,(#9868,#9875),.PCURVE_S1.);
#9864 = LINE('',#9865,#9866);
#9865 = CARTESIAN_POINT('',(64.,9.,-5.5));
#9866 = VECTOR('',#9867,1.);
#9867 = DIRECTION('',(1.,0.,-0.));
#9868 = PCURVE('',#9665,#9869);
#9869 = DEFINITIONAL_REPRESENTATION('',(#9870),#9874);
#9870 = LINE('',#9871,#9872);
#9871 = CARTESIAN_POINT('',(0.,0.));
#9872 = VECTOR('',#9873,1.);
#9873 = DIRECTION('',(0.,1.));
#9874 = ( GEOMETRIC_REPRESENTATION_CONTEXT(2) 
PARAMETRIC_REPRESENTATION_CONTEXT() REPRESENTATION_CONTEXT('2D SPACE',''
  ) );
#9875 = PCURVE('',#9693,#9876);
#9876 = DEFINITIONAL_REPRESENTATION('',(#9877),#9881);
#9877 = LINE('',#9878,#9879);
#9878 = CARTESIAN_POINT('',(0.,0.));
#9879 = VECTOR('',#9880,1.);
#9880 = DIRECTION('',(1.,0.));
#9881 = ( GEOMETRIC_REPRESENTATION_CONTEXT(2) 
PARAMETRIC_REPRESENTATION_CONTEXT() REPRESENTATION_CONTEXT('2D SPACE',''
  ) );
#9882 = ORIENTED_EDGE('',*,*,#9642,.T.);
#9883 = ORIENTED_EDGE('',*,*,#9884,.T.);
#9884 = EDGE_CURVE('',#9645,#9765,#9885,.T.);
#9885 = SURFACE_CURVE('',#9886,(#9890,#9897),.PCURVE_S1.);
#9886 = LINE('',#9887,#9888);
#9887 = CARTESIAN_POINT('',(64.,9.,16.5));
#9888 = VECTOR('',#9889,1.);
#9889 = DIRECTION('',(1.,0.,-0.));
#9890 = PCURVE('',#9665,#9891);
#9891 = DEFINITIONAL_REPRESENTATION('',(#9892),#9896);
#9892 = LINE('',#9893,#9894);
#9893 = CARTESIAN_POINT('',(22.,0.));
#9894 = VECTOR('',#9895,1.);
#9895 = DIRECTION('',(0.,1.));
#9896 = ( GEOMETRIC_REPRESENTATION_CONTEXT(2) 
PARAMETRIC_REPRESENTATION_CONTEXT() REPRESENTATION_CONTEXT('2D SPACE',''
  ) );
#9897 = PCURVE('',#9747,#9898);
#9898 = DEFINITIONAL_REPRESENTATION('',(#9899),#9903);
#9899 = LINE('',#9900,#9901);
#9900 = CARTESIAN_POINT('',(0.,0.));
#9901 = VECTOR('',#9902,1.);
#9902 = DIRECTION('',(1.,0.));
#9903 = ( GEOMETRIC_REPRESENTATION_CONTEXT(2) 
PARAMETRIC_REPRESENTATION_CONTEXT() REPRESENTATION_CONTEXT('2D SPACE',''
  ) );
#9904 = ORIENTED_EDGE('',*,*,#9762,.F.);
#9905 = ADVANCED_FACE('',(#9906),#9721,.T.);
#9906 = FACE_BOUND('',#9907,.T.);
#9907 = EDGE_LOOP('',(#9908,#9929,#9930,#9951));
#9908 = ORIENTED_EDGE('',*,*,#9909,.F.);
#9909 = EDGE_CURVE('',#9678,#9793,#9910,.T.);
#9910 = SURFACE_CURVE('',#9911,(#9915,#9922),.PCURVE_S1.);
#9911 = LINE('',#9912,#9913);
#9912 = CARTESIAN_POINT('',(64.,21.,-5.5));
#9913 = VECTOR('',#9914,1.);
#9914 = DIRECTION('',(1.,0.,-0.));
#9915 = PCURVE('',#9721,#9916);
#9916 = DEFINITIONAL_REPRESENTATION('',(#9917),#9921);
#9917 = LINE('',#9918,#9919);
#9918 = CARTESIAN_POINT('',(0.,0.));
#9919 = VECTOR('',#9920,1.);
#9920 = DIRECTION('',(0.,1.));
#9921 = ( GEOMETRIC_REPRESENTATION_CONTEXT(2) 
PARAMETRIC_REPRESENTATION_CONTEXT() REPRESENTATION_CONTEXT('2D SPACE',''
  ) );
#9922 = PCURVE('',#9693,#9923);
#9923 = DEFINITIONAL_REPRESENTATION('',(#9924),#9928);
#9924 = LINE('',#9925,#9926);
#9925 = CARTESIAN_POINT('',(0.,12.));
#9926 = VECTOR('',#9927,1.);
#9927 = DIRECTION('',(1.,0.));
#9928 = ( GEOMETRIC_REPRESENTATION_CONTEXT(2) 
PARAMETRIC_REPRESENTATION_CONTEXT() REPRESENTATION_CONTEXT('2D SPACE',''
  ) );
#9929 = ORIENTED_EDGE('',*,*,#9705,.T.);
#9930 = ORIENTED_EDGE('',*,*,#9931,.T.);
#9931 = EDGE_CURVE('',#9706,#9816,#9932,.T.);
#9932 = SURFACE_CURVE('',#9933,(#9937,#9944),.PCURVE_S1.);
#9933 = LINE('',#9934,#9935);
#9934 = CARTESIAN_POINT('',(64.,21.,16.5));
#9935 = VECTOR('',#9936,1.);
#9936 = DIRECTION('',(1.,0.,-0.));
#9937 = PCURVE('',#9721,#9938);
#9938 = DEFINITIONAL_REPRESENTATION('',(#9939),#9943);
#9939 = LINE('',#9940,#9941);
#9940 = CARTESIAN_POINT('',(22.,0.));
#9941 = VECTOR('',#9942,1.);
#9942 = DIRECTION('',(0.,1.));
#9943 = ( GEOMETRIC_REPRESENTATION_CONTEXT(2) 
PARAMETRIC_REPRESENTATION_CONTEXT() REPRESENTATION_CONTEXT('2D SPACE',''
  ) );
#9944 = PCURVE('',#9747,#9945);
#9945 = DEFINITIONAL_REPRESENTATION('',(#9946),#9950);
#9946 = LINE('',#9947,#9948);
#9947 = CARTESIAN_POINT('',(0.,12.));
#9948 = VECTOR('',#9949,1.);
#9949 = DIRECTION('',(1.,0.));
#9950 = ( GEOMETRIC_REPRESENTATION_CONTEXT(2) 
PARAMETRIC_REPRESENTATION_CONTEXT() REPRESENTATION_CONTEXT('2D SPACE',''
  ) );
#9951 = ORIENTED_EDGE('',*,*,#9815,.F.);
#9952 = ADVANCED_FACE('',(#9953),#9693,.F.);
#9953 = FACE_BOUND('',#9954,.F.);
#9954 = EDGE_LOOP('',(#9955,#9956,#9957,#9958));
#9955 = ORIENTED_EDGE('',*,*,#9677,.F.);
#9956 = ORIENTED_EDGE('',*,*,#9862,.T.);
#9957 = ORIENTED_EDGE('',*,*,#9792,.T.);
#9958 = ORIENTED_EDGE('',*,*,#9909,.F.);
#9959 = ADVANCED_FACE('',(#9960),#9747,.T.);
#9960 = FACE_BOUND('',#9961,.T.);
#9961 = EDGE_LOOP('',(#9962,#9963,#9964,#9965));
#9962 = ORIENTED_EDGE('',*,*,#9733,.F.);
#9963 = ORIENTED_EDGE('',*,*,#9884,.T.);
#9964 = ORIENTED_EDGE('',*,*,#9838,.T.);
#9965 = ORIENTED_EDGE('',*,*,#9931,.F.);
#9966 = ( GEOMETRIC_REPRESENTATION_CONTEXT(3) 
GLOBAL_UNCERTAINTY_ASSIGNED_CONTEXT((#9970)) 
GLOBAL_UNIT_ASSIGNED_CONTEXT((#9967,#9968,#9969)) REPRESENTATION_CONTEXT
('Context #1','3D Context with UNIT and UNCERTAINTY') );
#9967 = ( LENGTH_UNIT() NAMED_UNIT(*) SI_UNIT(.MILLI.,.METRE.) );
#9968 = ( NAMED_UNIT(*) PLANE_ANGLE_UNIT() SI_UNIT($,.RADIAN.) );
#9969 = ( NAMED_UNIT(*) SI_UNIT($,.STERADIAN.) SOLID_ANGLE_UNIT() );
#9970 = UNCERTAINTY_MEASURE_WITH_UNIT(LENGTH_MEASURE(1.E-07),#9967,
  'distance_accuracy_value','confusion accuracy');
#9971 = CONTEXT_DEPENDENT_SHAPE_REPRESENTATION(#9972,#9974);
#9972 = ( REPRESENTATION_RELATIONSHIP('','',#9635,#10) 
REPRESENTATION_RELATIONSHIP_WITH_TRANSFORMATION(#9973) 
SHAPE_REPRESENTATION_RELATIONSHIP() );
#9973 = ITEM_DEFINED_TRANSFORMATION('','',#11,#59);
#9974 = PRODUCT_DEFINITION_SHAPE('Placement','Placement of an item',
  #9975);
#9975 = NEXT_ASSEMBLY_USAGE_OCCURRENCE('26','12_Sensor_module','',#5,
  #9630,$);
#9976 = PRODUCT_RELATED_PRODUCT_CATEGORY('part',$,(#9632));
#9977 = SHAPE_DEFINITION_REPRESENTATION(#9978,#9984);
#9978 = PRODUCT_DEFINITION_SHAPE('','',#9979);
#9979 = PRODUCT_DEFINITION('design','',#9980,#9983);
#9980 = PRODUCT_DEFINITION_FORMATION('','',#9981);
#9981 = PRODUCT('13_Antenna','13_Antenna','',(#9982));
#9982 = PRODUCT_CONTEXT('',#2,'mechanical');
#9983 = PRODUCT_DEFINITION_CONTEXT('part definition',#2,'design');
#9984 = ADVANCED_BREP_SHAPE_REPRESENTATION('',(#11,#9985),#10155);
#9985 = MANIFOLD_SOLID_BREP('',#9986);
#9986 = CLOSED_SHELL('',(#9987,#10102,#10145,#10150));
#9987 = ADVANCED_FACE('',(#9988),#10002,.T.);
#9988 = FACE_BOUND('',#9989,.T.);
#9989 = EDGE_LOOP('',(#9990,#10025,#10054,#10075));
#9990 = ORIENTED_EDGE('',*,*,#9991,.T.);
#9991 = EDGE_CURVE('',#9992,#9994,#9996,.T.);
#9992 = VERTEX_POINT('',#9993);
#9993 = CARTESIAN_POINT('',(177.5,6.123233995737E-16,2.5));
#9994 = VERTEX_POINT('',#9995);
#9995 = CARTESIAN_POINT('',(257.5,6.123233995737E-16,2.5));
#9996 = SURFACE_CURVE('',#9997,(#10001,#10013),.PCURVE_S1.);
#9997 = LINE('',#9998,#9999);
#9998 = CARTESIAN_POINT('',(177.5,6.123233995737E-16,2.5));
#9999 = VECTOR('',#10000,1.);
#10000 = DIRECTION('',(1.,0.,0.));
#10001 = PCURVE('',#10002,#10007);
#10002 = CYLINDRICAL_SURFACE('',#10003,2.5);
#10003 = AXIS2_PLACEMENT_3D('',#10004,#10005,#10006);
#10004 = CARTESIAN_POINT('',(177.5,0.,0.));
#10005 = DIRECTION('',(1.,0.,0.));
#10006 = DIRECTION('',(-0.,0.,1.));
#10007 = DEFINITIONAL_REPRESENTATION('',(#10008),#10012);
#10008 = LINE('',#10009,#10010);
#10009 = CARTESIAN_POINT('',(6.28318530718,-0.));
#10010 = VECTOR('',#10011,1.);
#10011 = DIRECTION('',(0.,1.));
#10012 = ( GEOMETRIC_REPRESENTATION_CONTEXT(2) 
PARAMETRIC_REPRESENTATION_CONTEXT() REPRESENTATION_CONTEXT('2D SPACE',''
  ) );
#10013 = PCURVE('',#10014,#10019);
#10014 = PLANE('',#10015);
#10015 = AXIS2_PLACEMENT_3D('',#10016,#10017,#10018);
#10016 = CARTESIAN_POINT('',(-10.,0.,-150.));
#10017 = DIRECTION('',(-0.,1.,0.));
#10018 = DIRECTION('',(0.,0.,1.));
#10019 = DEFINITIONAL_REPRESENTATION('',(#10020),#10024);
#10020 = LINE('',#10021,#10022);
#10021 = CARTESIAN_POINT('',(152.5,187.5));
#10022 = VECTOR('',#10023,1.);
#10023 = DIRECTION('',(0.,1.));
#10024 = ( GEOMETRIC_REPRESENTATION_CONTEXT(2) 
PARAMETRIC_REPRESENTATION_CONTEXT() REPRESENTATION_CONTEXT('2D SPACE',''
  ) );
#10025 = ORIENTED_EDGE('',*,*,#10026,.F.);
#10026 = EDGE_CURVE('',#10027,#9994,#10029,.T.);
#10027 = VERTEX_POINT('',#10028);
#10028 = CARTESIAN_POINT('',(257.5,-3.061616997868E-16,-2.5));
#10029 = SURFACE_CURVE('',#10030,(#10035,#10042),.PCURVE_S1.);
#10030 = CIRCLE('',#10031,2.5);
#10031 = AXIS2_PLACEMENT_3D('',#10032,#10033,#10034);
#10032 = CARTESIAN_POINT('',(257.5,0.,0.));
#10033 = DIRECTION('',(1.,0.,0.));
#10034 = DIRECTION('',(-0.,0.,1.));
#10035 = PCURVE('',#10002,#10036);
#10036 = DEFINITIONAL_REPRESENTATION('',(#10037),#10041);
#10037 = LINE('',#10038,#10039);
#10038 = CARTESIAN_POINT('',(0.,80.));
#10039 = VECTOR('',#10040,1.);
#10040 = DIRECTION('',(1.,0.));
#10041 = ( GEOMETRIC_REPRESENTATION_CONTEXT(2) 
PARAMETRIC_REPRESENTATION_CONTEXT() REPRESENTATION_CONTEXT('2D SPACE',''
  ) );
#10042 = PCURVE('',#10043,#10048);
#10043 = PLANE('',#10044);
#10044 = AXIS2_PLACEMENT_3D('',#10045,#10046,#10047);
#10045 = CARTESIAN_POINT('',(257.5,0.,0.));
#10046 = DIRECTION('',(1.,0.,0.));
#10047 = DIRECTION('',(-0.,0.,1.));
#10048 = DEFINITIONAL_REPRESENTATION('',(#10049),#10053);
#10049 = CIRCLE('',#10050,2.5);
#10050 = AXIS2_PLACEMENT_2D('',#10051,#10052);
#10051 = CARTESIAN_POINT('',(0.,0.));
#10052 = DIRECTION('',(1.,0.));
#10053 = ( GEOMETRIC_REPRESENTATION_CONTEXT(2) 
PARAMETRIC_REPRESENTATION_CONTEXT() REPRESENTATION_CONTEXT('2D SPACE',''
  ) );
#10054 = ORIENTED_EDGE('',*,*,#10055,.F.);
#10055 = EDGE_CURVE('',#10056,#10027,#10058,.T.);
#10056 = VERTEX_POINT('',#10057);
#10057 = CARTESIAN_POINT('',(177.5,-3.061616997868E-16,-2.5));
#10058 = SURFACE_CURVE('',#10059,(#10063,#10069),.PCURVE_S1.);
#10059 = LINE('',#10060,#10061);
#10060 = CARTESIAN_POINT('',(177.5,0.,-2.5));
#10061 = VECTOR('',#10062,1.);
#10062 = DIRECTION('',(1.,0.,0.));
#10063 = PCURVE('',#10002,#10064);
#10064 = DEFINITIONAL_REPRESENTATION('',(#10065),#10068);
#10065 = B_SPLINE_CURVE_WITH_KNOTS('',1,(#10066,#10067),.UNSPECIFIED.,
  .F.,.F.,(2,2),(-5.999999928008E-07,80.0000006),
  .PIECEWISE_BEZIER_KNOTS.);
#10066 = CARTESIAN_POINT('',(3.14159265359,-5.999999928008E-07));
#10067 = CARTESIAN_POINT('',(3.14159265359,80.0000006));
#10068 = ( GEOMETRIC_REPRESENTATION_CONTEXT(2) 
PARAMETRIC_REPRESENTATION_CONTEXT() REPRESENTATION_CONTEXT('2D SPACE',''
  ) );
#10069 = PCURVE('',#10014,#10070);
#10070 = DEFINITIONAL_REPRESENTATION('',(#10071),#10074);
#10071 = B_SPLINE_CURVE_WITH_KNOTS('',1,(#10072,#10073),.UNSPECIFIED.,
  .F.,.F.,(2,2),(-5.999999928008E-07,80.0000006),
  .PIECEWISE_BEZIER_KNOTS.);
#10072 = CARTESIAN_POINT('',(147.5,187.4999994));
#10073 = CARTESIAN_POINT('',(147.5,267.5000006));
#10074 = ( GEOMETRIC_REPRESENTATION_CONTEXT(2) 
PARAMETRIC_REPRESENTATION_CONTEXT() REPRESENTATION_CONTEXT('2D SPACE',''
  ) );
#10075 = ORIENTED_EDGE('',*,*,#10076,.T.);
#10076 = EDGE_CURVE('',#10056,#9992,#10077,.T.);
#10077 = SURFACE_CURVE('',#10078,(#10083,#10090),.PCURVE_S1.);
#10078 = CIRCLE('',#10079,2.5);
#10079 = AXIS2_PLACEMENT_3D('',#10080,#10081,#10082);
#10080 = CARTESIAN_POINT('',(177.5,0.,0.));
#10081 = DIRECTION('',(1.,0.,0.));
#10082 = DIRECTION('',(-0.,0.,1.));
#10083 = PCURVE('',#10002,#10084);
#10084 = DEFINITIONAL_REPRESENTATION('',(#10085),#10089);
#10085 = LINE('',#10086,#10087);
#10086 = CARTESIAN_POINT('',(0.,0.));
#10087 = VECTOR('',#10088,1.);
#10088 = DIRECTION('',(1.,0.));
#10089 = ( GEOMETRIC_REPRESENTATION_CONTEXT(2) 
PARAMETRIC_REPRESENTATION_CONTEXT() REPRESENTATION_CONTEXT('2D SPACE',''
  ) );
#10090 = PCURVE('',#10091,#10096);
#10091 = PLANE('',#10092);
#10092 = AXIS2_PLACEMENT_3D('',#10093,#10094,#10095);
#10093 = CARTESIAN_POINT('',(177.5,0.,0.));
#10094 = DIRECTION('',(1.,0.,0.));
#10095 = DIRECTION('',(-0.,0.,1.));
#10096 = DEFINITIONAL_REPRESENTATION('',(#10097),#10101);
#10097 = CIRCLE('',#10098,2.5);
#10098 = AXIS2_PLACEMENT_2D('',#10099,#10100);
#10099 = CARTESIAN_POINT('',(0.,0.));
#10100 = DIRECTION('',(1.,0.));
#10101 = ( GEOMETRIC_REPRESENTATION_CONTEXT(2) 
PARAMETRIC_REPRESENTATION_CONTEXT() REPRESENTATION_CONTEXT('2D SPACE',''
  ) );
#10102 = ADVANCED_FACE('',(#10103),#10014,.F.);
#10103 = FACE_BOUND('',#10104,.F.);
#10104 = EDGE_LOOP('',(#10105,#10106,#10125,#10126));
#10105 = ORIENTED_EDGE('',*,*,#9991,.T.);
#10106 = ORIENTED_EDGE('',*,*,#10107,.F.);
#10107 = EDGE_CURVE('',#10027,#9994,#10108,.T.);
#10108 = SURFACE_CURVE('',#10109,(#10113,#10119),.PCURVE_S1.);
#10109 = LINE('',#10110,#10111);
#10110 = CARTESIAN_POINT('',(257.5,0.,-75.));
#10111 = VECTOR('',#10112,1.);
#10112 = DIRECTION('',(0.,-0.,1.));
#10113 = PCURVE('',#10014,#10114);
#10114 = DEFINITIONAL_REPRESENTATION('',(#10115),#10118);
#10115 = B_SPLINE_CURVE_WITH_KNOTS('',1,(#10116,#10117),.UNSPECIFIED.,
  .F.,.F.,(2,2),(72.5,77.5),.PIECEWISE_BEZIER_KNOTS.);
#10116 = CARTESIAN_POINT('',(147.5,267.5));
#10117 = CARTESIAN_POINT('',(152.5,267.5));
#10118 = ( GEOMETRIC_REPRESENTATION_CONTEXT(2) 
PARAMETRIC_REPRESENTATION_CONTEXT() REPRESENTATION_CONTEXT('2D SPACE',''
  ) );
#10119 = PCURVE('',#10043,#10120);
#10120 = DEFINITIONAL_REPRESENTATION('',(#10121),#10124);
#10121 = B_SPLINE_CURVE_WITH_KNOTS('',1,(#10122,#10123),.UNSPECIFIED.,
  .F.,.F.,(2,2),(72.5,77.5),.PIECEWISE_BEZIER_KNOTS.);
#10122 = CARTESIAN_POINT('',(-2.5,0.));
#10123 = CARTESIAN_POINT('',(2.5,0.));
#10124 = ( GEOMETRIC_REPRESENTATION_CONTEXT(2) 
PARAMETRIC_REPRESENTATION_CONTEXT() REPRESENTATION_CONTEXT('2D SPACE',''
  ) );
#10125 = ORIENTED_EDGE('',*,*,#10055,.F.);
#10126 = ORIENTED_EDGE('',*,*,#10127,.T.);
#10127 = EDGE_CURVE('',#10056,#9992,#10128,.T.);
#10128 = SURFACE_CURVE('',#10129,(#10133,#10139),.PCURVE_S1.);
#10129 = LINE('',#10130,#10131);
#10130 = CARTESIAN_POINT('',(177.5,0.,-75.));
#10131 = VECTOR('',#10132,1.);
#10132 = DIRECTION('',(0.,-0.,1.));
#10133 = PCURVE('',#10014,#10134);
#10134 = DEFINITIONAL_REPRESENTATION('',(#10135),#10138);
#10135 = B_SPLINE_CURVE_WITH_KNOTS('',1,(#10136,#10137),.UNSPECIFIED.,
  .F.,.F.,(2,2),(72.5,77.5),.PIECEWISE_BEZIER_KNOTS.);
#10136 = CARTESIAN_POINT('',(147.5,187.5));
#10137 = CARTESIAN_POINT('',(152.5,187.5));
#10138 = ( GEOMETRIC_REPRESENTATION_CONTEXT(2) 
PARAMETRIC_REPRESENTATION_CONTEXT() REPRESENTATION_CONTEXT('2D SPACE',''
  ) );
#10139 = PCURVE('',#10091,#10140);
#10140 = DEFINITIONAL_REPRESENTATION('',(#10141),#10144);
#10141 = B_SPLINE_CURVE_WITH_KNOTS('',1,(#10142,#10143),.UNSPECIFIED.,
  .F.,.F.,(2,2),(72.5,77.5),.PIECEWISE_BEZIER_KNOTS.);
#10142 = CARTESIAN_POINT('',(-2.5,0.));
#10143 = CARTESIAN_POINT('',(2.5,0.));
#10144 = ( GEOMETRIC_REPRESENTATION_CONTEXT(2) 
PARAMETRIC_REPRESENTATION_CONTEXT() REPRESENTATION_CONTEXT('2D SPACE',''
  ) );
#10145 = ADVANCED_FACE('',(#10146),#10091,.F.);
#10146 = FACE_BOUND('',#10147,.F.);
#10147 = EDGE_LOOP('',(#10148,#10149));
#10148 = ORIENTED_EDGE('',*,*,#10076,.T.);
#10149 = ORIENTED_EDGE('',*,*,#10127,.F.);
#10150 = ADVANCED_FACE('',(#10151),#10043,.T.);
#10151 = FACE_BOUND('',#10152,.T.);
#10152 = EDGE_LOOP('',(#10153,#10154));
#10153 = ORIENTED_EDGE('',*,*,#10026,.T.);
#10154 = ORIENTED_EDGE('',*,*,#10107,.F.);
#10155 = ( GEOMETRIC_REPRESENTATION_CONTEXT(3) 
GLOBAL_UNCERTAINTY_ASSIGNED_CONTEXT((#10159)) 
GLOBAL_UNIT_ASSIGNED_CONTEXT((#10156,#10157,#10158)) 
REPRESENTATION_CONTEXT('Context #1',
  '3D Context with UNIT and UNCERTAINTY') );
#10156 = ( LENGTH_UNIT() NAMED_UNIT(*) SI_UNIT(.MILLI.,.METRE.) );
#10157 = ( NAMED_UNIT(*) PLANE_ANGLE_UNIT() SI_UNIT($,.RADIAN.) );
#10158 = ( NAMED_UNIT(*) SI_UNIT($,.STERADIAN.) SOLID_ANGLE_UNIT() );
#10159 = UNCERTAINTY_MEASURE_WITH_UNIT(LENGTH_MEASURE(2.E-07),#10156,
  'distance_accuracy_value','confusion accuracy');
#10160 = CONTEXT_DEPENDENT_SHAPE_REPRESENTATION(#10161,#10163);
#10161 = ( REPRESENTATION_RELATIONSHIP('','',#9984,#10) 
REPRESENTATION_RELATIONSHIP_WITH_TRANSFORMATION(#10162) 
SHAPE_REPRESENTATION_RELATIONSHIP() );
#10162 = ITEM_DEFINED_TRANSFORMATION('','',#11,#63);
#10163 = PRODUCT_DEFINITION_SHAPE('Placement','Placement of an item',
  #10164);
#10164 = NEXT_ASSEMBLY_USAGE_OCCURRENCE('27','13_Antenna','',#5,#9979,$
  );
#10165 = PRODUCT_RELATED_PRODUCT_CATEGORY('part',$,(#9981));
#10166 = SHAPE_DEFINITION_REPRESENTATION(#10167,#10173);
#10167 = PRODUCT_DEFINITION_SHAPE('','',#10168);
#10168 = PRODUCT_DEFINITION('design','',#10169,#10172);
#10169 = PRODUCT_DEFINITION_FORMATION('','',#10170);
#10170 = PRODUCT('14_Steel_shot_volume','14_Steel_shot_volume','',(
    #10171));
#10171 = PRODUCT_CONTEXT('',#2,'mechanical');
#10172 = PRODUCT_DEFINITION_CONTEXT('part definition',#2,'design');
#10173 = ADVANCED_BREP_SHAPE_REPRESENTATION('',(#11,#10174),#10496);
#10174 = MANIFOLD_SOLID_BREP('',#10175);
#10175 = CLOSED_SHELL('',(#10176,#10296,#10368,#10416,#10461,#10489));
#10176 = ADVANCED_FACE('',(#10177),#10191,.T.);
#10177 = FACE_BOUND('',#10178,.T.);
#10178 = EDGE_LOOP('',(#10179,#10214,#10243,#10269));
#10179 = ORIENTED_EDGE('',*,*,#10180,.T.);
#10180 = EDGE_CURVE('',#10181,#10183,#10185,.T.);
#10181 = VERTEX_POINT('',#10182);
#10182 = CARTESIAN_POINT('',(6.25,7.531577814756E-15,30.75));
#10183 = VERTEX_POINT('',#10184);
#10184 = CARTESIAN_POINT('',(29.75,7.531577814756E-15,30.75));
#10185 = SURFACE_CURVE('',#10186,(#10190,#10202),.PCURVE_S1.);
#10186 = LINE('',#10187,#10188);
#10187 = CARTESIAN_POINT('',(6.25,7.531577814756E-15,30.75));
#10188 = VECTOR('',#10189,1.);
#10189 = DIRECTION('',(1.,0.,0.));
#10190 = PCURVE('',#10191,#10196);
#10191 = CYLINDRICAL_SURFACE('',#10192,30.75);
#10192 = AXIS2_PLACEMENT_3D('',#10193,#10194,#10195);
#10193 = CARTESIAN_POINT('',(6.25,0.,0.));
#10194 = DIRECTION('',(1.,0.,0.));
#10195 = DIRECTION('',(-0.,0.,1.));
#10196 = DEFINITIONAL_REPRESENTATION('',(#10197),#10201);
#10197 = LINE('',#10198,#10199);
#10198 = CARTESIAN_POINT('',(6.28318530718,-0.));
#10199 = VECTOR('',#10200,1.);
#10200 = DIRECTION('',(0.,1.));
#10201 = ( GEOMETRIC_REPRESENTATION_CONTEXT(2) 
PARAMETRIC_REPRESENTATION_CONTEXT() REPRESENTATION_CONTEXT('2D SPACE',''
  ) );
#10202 = PCURVE('',#10203,#10208);
#10203 = PLANE('',#10204);
#10204 = AXIS2_PLACEMENT_3D('',#10205,#10206,#10207);
#10205 = CARTESIAN_POINT('',(-10.,0.,-150.));
#10206 = DIRECTION('',(-0.,1.,0.));
#10207 = DIRECTION('',(0.,0.,1.));
#10208 = DEFINITIONAL_REPRESENTATION('',(#10209),#10213);
#10209 = LINE('',#10210,#10211);
#10210 = CARTESIAN_POINT('',(180.75,16.25));
#10211 = VECTOR('',#10212,1.);
#10212 = DIRECTION('',(0.,1.));
#10213 = ( GEOMETRIC_REPRESENTATION_CONTEXT(2) 
PARAMETRIC_REPRESENTATION_CONTEXT() REPRESENTATION_CONTEXT('2D SPACE',''
  ) );
#10214 = ORIENTED_EDGE('',*,*,#10215,.F.);
#10215 = EDGE_CURVE('',#10216,#10183,#10218,.T.);
#10216 = VERTEX_POINT('',#10217);
#10217 = CARTESIAN_POINT('',(29.75,-3.765788907378E-15,-30.75));
#10218 = SURFACE_CURVE('',#10219,(#10224,#10231),.PCURVE_S1.);
#10219 = CIRCLE('',#10220,30.75);
#10220 = AXIS2_PLACEMENT_3D('',#10221,#10222,#10223);
#10221 = CARTESIAN_POINT('',(29.75,0.,0.));
#10222 = DIRECTION('',(1.,0.,0.));
#10223 = DIRECTION('',(-0.,0.,1.));
#10224 = PCURVE('',#10191,#10225);
#10225 = DEFINITIONAL_REPRESENTATION('',(#10226),#10230);
#10226 = LINE('',#10227,#10228);
#10227 = CARTESIAN_POINT('',(0.,23.5));
#10228 = VECTOR('',#10229,1.);
#10229 = DIRECTION('',(1.,0.));
#10230 = ( GEOMETRIC_REPRESENTATION_CONTEXT(2) 
PARAMETRIC_REPRESENTATION_CONTEXT() REPRESENTATION_CONTEXT('2D SPACE',''
  ) );
#10231 = PCURVE('',#10232,#10237);
#10232 = PLANE('',#10233);
#10233 = AXIS2_PLACEMENT_3D('',#10234,#10235,#10236);
#10234 = CARTESIAN_POINT('',(29.75,0.,0.));
#10235 = DIRECTION('',(1.,0.,0.));
#10236 = DIRECTION('',(-0.,0.,1.));
#10237 = DEFINITIONAL_REPRESENTATION('',(#10238),#10242);
#10238 = CIRCLE('',#10239,30.75);
#10239 = AXIS2_PLACEMENT_2D('',#10240,#10241);
#10240 = CARTESIAN_POINT('',(0.,0.));
#10241 = DIRECTION('',(1.,0.));
#10242 = ( GEOMETRIC_REPRESENTATION_CONTEXT(2) 
PARAMETRIC_REPRESENTATION_CONTEXT() REPRESENTATION_CONTEXT('2D SPACE',''
  ) );
#10243 = ORIENTED_EDGE('',*,*,#10244,.F.);
#10244 = EDGE_CURVE('',#10245,#10216,#10247,.T.);
#10245 = VERTEX_POINT('',#10246);
#10246 = CARTESIAN_POINT('',(6.25,-3.765788907378E-15,-30.75));
#10247 = SURFACE_CURVE('',#10248,(#10252,#10258),.PCURVE_S1.);
#10248 = LINE('',#10249,#10250);
#10249 = CARTESIAN_POINT('',(6.25,0.,-30.75));
#10250 = VECTOR('',#10251,1.);
#10251 = DIRECTION('',(1.,0.,0.));
#10252 = PCURVE('',#10191,#10253);
#10253 = DEFINITIONAL_REPRESENTATION('',(#10254),#10257);
#10254 = B_SPLINE_CURVE_WITH_KNOTS('',1,(#10255,#10256),.UNSPECIFIED.,
  .F.,.F.,(2,2),(-5.999999999062E-07,23.5000006),
  .PIECEWISE_BEZIER_KNOTS.);
#10255 = CARTESIAN_POINT('',(3.14159265359,-5.999999999062E-07));
#10256 = CARTESIAN_POINT('',(3.14159265359,23.5000006));
#10257 = ( GEOMETRIC_REPRESENTATION_CONTEXT(2) 
PARAMETRIC_REPRESENTATION_CONTEXT() REPRESENTATION_CONTEXT('2D SPACE',''
  ) );
#10258 = PCURVE('',#10259,#10264);
#10259 = PLANE('',#10260);
#10260 = AXIS2_PLACEMENT_3D('',#10261,#10262,#10263);
#10261 = CARTESIAN_POINT('',(-10.,0.,-150.));
#10262 = DIRECTION('',(-0.,1.,0.));
#10263 = DIRECTION('',(0.,0.,1.));
#10264 = DEFINITIONAL_REPRESENTATION('',(#10265),#10268);
#10265 = B_SPLINE_CURVE_WITH_KNOTS('',1,(#10266,#10267),.UNSPECIFIED.,
  .F.,.F.,(2,2),(-5.999999999062E-07,23.5000006),
  .PIECEWISE_BEZIER_KNOTS.);
#10266 = CARTESIAN_POINT('',(119.25,16.2499994));
#10267 = CARTESIAN_POINT('',(119.25,39.7500006));
#10268 = ( GEOMETRIC_REPRESENTATION_CONTEXT(2) 
PARAMETRIC_REPRESENTATION_CONTEXT() REPRESENTATION_CONTEXT('2D SPACE',''
  ) );
#10269 = ORIENTED_EDGE('',*,*,#10270,.T.);
#10270 = EDGE_CURVE('',#10245,#10181,#10271,.T.);
#10271 = SURFACE_CURVE('',#10272,(#10277,#10284),.PCURVE_S1.);
#10272 = CIRCLE('',#10273,30.75);
#10273 = AXIS2_PLACEMENT_3D('',#10274,#10275,#10276);
#10274 = CARTESIAN_POINT('',(6.25,0.,0.));
#10275 = DIRECTION('',(1.,0.,0.));
#10276 = DIRECTION('',(-0.,0.,1.));
#10277 = PCURVE('',#10191,#10278);
#10278 = DEFINITIONAL_REPRESENTATION('',(#10279),#10283);
#10279 = LINE('',#10280,#10281);
#10280 = CARTESIAN_POINT('',(0.,0.));
#10281 = VECTOR('',#10282,1.);
#10282 = DIRECTION('',(1.,0.));
#10283 = ( GEOMETRIC_REPRESENTATION_CONTEXT(2) 
PARAMETRIC_REPRESENTATION_CONTEXT() REPRESENTATION_CONTEXT('2D SPACE',''
  ) );
#10284 = PCURVE('',#10285,#10290);
#10285 = PLANE('',#10286);
#10286 = AXIS2_PLACEMENT_3D('',#10287,#10288,#10289);
#10287 = CARTESIAN_POINT('',(6.25,0.,0.));
#10288 = DIRECTION('',(1.,0.,0.));
#10289 = DIRECTION('',(-0.,0.,1.));
#10290 = DEFINITIONAL_REPRESENTATION('',(#10291),#10295);
#10291 = CIRCLE('',#10292,30.75);
#10292 = AXIS2_PLACEMENT_2D('',#10293,#10294);
#10293 = CARTESIAN_POINT('',(0.,0.));
#10294 = DIRECTION('',(1.,0.));
#10295 = ( GEOMETRIC_REPRESENTATION_CONTEXT(2) 
PARAMETRIC_REPRESENTATION_CONTEXT() REPRESENTATION_CONTEXT('2D SPACE',''
  ) );
#10296 = ADVANCED_FACE('',(#10297),#10203,.F.);
#10297 = FACE_BOUND('',#10298,.F.);
#10298 = EDGE_LOOP('',(#10299,#10300,#10321,#10349));
#10299 = ORIENTED_EDGE('',*,*,#10180,.T.);
#10300 = ORIENTED_EDGE('',*,*,#10301,.F.);
#10301 = EDGE_CURVE('',#10302,#10183,#10304,.T.);
#10302 = VERTEX_POINT('',#10303);
#10303 = CARTESIAN_POINT('',(29.75,5.449678256206E-15,22.25));
#10304 = SURFACE_CURVE('',#10305,(#10309,#10315),.PCURVE_S1.);
#10305 = LINE('',#10306,#10307);
#10306 = CARTESIAN_POINT('',(29.75,0.,-75.));
#10307 = VECTOR('',#10308,1.);
#10308 = DIRECTION('',(0.,-0.,1.));
#10309 = PCURVE('',#10203,#10310);
#10310 = DEFINITIONAL_REPRESENTATION('',(#10311),#10314);
#10311 = B_SPLINE_CURVE_WITH_KNOTS('',1,(#10312,#10313),.UNSPECIFIED.,
  .F.,.F.,(2,2),(44.25,105.75),.PIECEWISE_BEZIER_KNOTS.);
#10312 = CARTESIAN_POINT('',(119.25,39.75));
#10313 = CARTESIAN_POINT('',(180.75,39.75));
#10314 = ( GEOMETRIC_REPRESENTATION_CONTEXT(2) 
PARAMETRIC_REPRESENTATION_CONTEXT() REPRESENTATION_CONTEXT('2D SPACE',''
  ) );
#10315 = PCURVE('',#10232,#10316);
#10316 = DEFINITIONAL_REPRESENTATION('',(#10317),#10320);
#10317 = B_SPLINE_CURVE_WITH_KNOTS('',1,(#10318,#10319),.UNSPECIFIED.,
  .F.,.F.,(2,2),(44.25,105.75),.PIECEWISE_BEZIER_KNOTS.);
#10318 = CARTESIAN_POINT('',(-30.75,0.));
#10319 = CARTESIAN_POINT('',(30.75,0.));
#10320 = ( GEOMETRIC_REPRESENTATION_CONTEXT(2) 
PARAMETRIC_REPRESENTATION_CONTEXT() REPRESENTATION_CONTEXT('2D SPACE',''
  ) );
#10321 = ORIENTED_EDGE('',*,*,#10322,.F.);
#10322 = EDGE_CURVE('',#10323,#10302,#10325,.T.);
#10323 = VERTEX_POINT('',#10324);
#10324 = CARTESIAN_POINT('',(6.25,5.449678256206E-15,22.25));
#10325 = SURFACE_CURVE('',#10326,(#10330,#10337),.PCURVE_S1.);
#10326 = LINE('',#10327,#10328);
#10327 = CARTESIAN_POINT('',(6.24,5.449678256206E-15,22.25));
#10328 = VECTOR('',#10329,1.);
#10329 = DIRECTION('',(1.,0.,0.));
#10330 = PCURVE('',#10203,#10331);
#10331 = DEFINITIONAL_REPRESENTATION('',(#10332),#10336);
#10332 = LINE('',#10333,#10334);
#10333 = CARTESIAN_POINT('',(172.25,16.24));
#10334 = VECTOR('',#10335,1.);
#10335 = DIRECTION('',(0.,1.));
#10336 = ( GEOMETRIC_REPRESENTATION_CONTEXT(2) 
PARAMETRIC_REPRESENTATION_CONTEXT() REPRESENTATION_CONTEXT('2D SPACE',''
  ) );
#10337 = PCURVE('',#10338,#10343);
#10338 = CYLINDRICAL_SURFACE('',#10339,22.25);
#10339 = AXIS2_PLACEMENT_3D('',#10340,#10341,#10342);
#10340 = CARTESIAN_POINT('',(6.24,0.,0.));
#10341 = DIRECTION('',(1.,0.,0.));
#10342 = DIRECTION('',(-0.,0.,1.));
#10343 = DEFINITIONAL_REPRESENTATION('',(#10344),#10348);
#10344 = LINE('',#10345,#10346);
#10345 = CARTESIAN_POINT('',(6.28318530718,-0.));
#10346 = VECTOR('',#10347,1.);
#10347 = DIRECTION('',(0.,1.));
#10348 = ( GEOMETRIC_REPRESENTATION_CONTEXT(2) 
PARAMETRIC_REPRESENTATION_CONTEXT() REPRESENTATION_CONTEXT('2D SPACE',''
  ) );
#10349 = ORIENTED_EDGE('',*,*,#10350,.T.);
#10350 = EDGE_CURVE('',#10323,#10181,#10351,.T.);
#10351 = SURFACE_CURVE('',#10352,(#10356,#10362),.PCURVE_S1.);
#10352 = LINE('',#10353,#10354);
#10353 = CARTESIAN_POINT('',(6.25,0.,-75.));
#10354 = VECTOR('',#10355,1.);
#10355 = DIRECTION('',(0.,-0.,1.));
#10356 = PCURVE('',#10203,#10357);
#10357 = DEFINITIONAL_REPRESENTATION('',(#10358),#10361);
#10358 = B_SPLINE_CURVE_WITH_KNOTS('',1,(#10359,#10360),.UNSPECIFIED.,
  .F.,.F.,(2,2),(44.25,105.75),.PIECEWISE_BEZIER_KNOTS.);
#10359 = CARTESIAN_POINT('',(119.25,16.25));
#10360 = CARTESIAN_POINT('',(180.75,16.25));
#10361 = ( GEOMETRIC_REPRESENTATION_CONTEXT(2) 
PARAMETRIC_REPRESENTATION_CONTEXT() REPRESENTATION_CONTEXT('2D SPACE',''
  ) );
#10362 = PCURVE('',#10285,#10363);
#10363 = DEFINITIONAL_REPRESENTATION('',(#10364),#10367);
#10364 = B_SPLINE_CURVE_WITH_KNOTS('',1,(#10365,#10366),.UNSPECIFIED.,
  .F.,.F.,(2,2),(44.25,105.75),.PIECEWISE_BEZIER_KNOTS.);
#10365 = CARTESIAN_POINT('',(-30.75,0.));
#10366 = CARTESIAN_POINT('',(30.75,0.));
#10367 = ( GEOMETRIC_REPRESENTATION_CONTEXT(2) 
PARAMETRIC_REPRESENTATION_CONTEXT() REPRESENTATION_CONTEXT('2D SPACE',''
  ) );
#10368 = ADVANCED_FACE('',(#10369),#10285,.F.);
#10369 = FACE_BOUND('',#10370,.F.);
#10370 = EDGE_LOOP('',(#10371,#10372,#10373,#10397));
#10371 = ORIENTED_EDGE('',*,*,#10270,.T.);
#10372 = ORIENTED_EDGE('',*,*,#10350,.F.);
#10373 = ORIENTED_EDGE('',*,*,#10374,.F.);
#10374 = EDGE_CURVE('',#10375,#10323,#10377,.T.);
#10375 = VERTEX_POINT('',#10376);
#10376 = CARTESIAN_POINT('',(6.25,-2.724839128103E-15,-22.25));
#10377 = SURFACE_CURVE('',#10378,(#10383,#10390),.PCURVE_S1.);
#10378 = CIRCLE('',#10379,22.25);
#10379 = AXIS2_PLACEMENT_3D('',#10380,#10381,#10382);
#10380 = CARTESIAN_POINT('',(6.25,0.,0.));
#10381 = DIRECTION('',(1.,0.,0.));
#10382 = DIRECTION('',(-0.,0.,1.));
#10383 = PCURVE('',#10285,#10384);
#10384 = DEFINITIONAL_REPRESENTATION('',(#10385),#10389);
#10385 = CIRCLE('',#10386,22.25);
#10386 = AXIS2_PLACEMENT_2D('',#10387,#10388);
#10387 = CARTESIAN_POINT('',(0.,0.));
#10388 = DIRECTION('',(1.,0.));
#10389 = ( GEOMETRIC_REPRESENTATION_CONTEXT(2) 
PARAMETRIC_REPRESENTATION_CONTEXT() REPRESENTATION_CONTEXT('2D SPACE',''
  ) );
#10390 = PCURVE('',#10338,#10391);
#10391 = DEFINITIONAL_REPRESENTATION('',(#10392),#10396);
#10392 = LINE('',#10393,#10394);
#10393 = CARTESIAN_POINT('',(0.,1.E-02));
#10394 = VECTOR('',#10395,1.);
#10395 = DIRECTION('',(1.,0.));
#10396 = ( GEOMETRIC_REPRESENTATION_CONTEXT(2) 
PARAMETRIC_REPRESENTATION_CONTEXT() REPRESENTATION_CONTEXT('2D SPACE',''
  ) );
#10397 = ORIENTED_EDGE('',*,*,#10398,.F.);
#10398 = EDGE_CURVE('',#10245,#10375,#10399,.T.);
#10399 = SURFACE_CURVE('',#10400,(#10404,#10410),.PCURVE_S1.);
#10400 = LINE('',#10401,#10402);
#10401 = CARTESIAN_POINT('',(6.25,0.,-75.));
#10402 = VECTOR('',#10403,1.);
#10403 = DIRECTION('',(0.,-0.,1.));
#10404 = PCURVE('',#10285,#10405);
#10405 = DEFINITIONAL_REPRESENTATION('',(#10406),#10409);
#10406 = B_SPLINE_CURVE_WITH_KNOTS('',1,(#10407,#10408),.UNSPECIFIED.,
  .F.,.F.,(2,2),(44.25,105.75),.PIECEWISE_BEZIER_KNOTS.);
#10407 = CARTESIAN_POINT('',(-30.75,0.));
#10408 = CARTESIAN_POINT('',(30.75,0.));
#10409 = ( GEOMETRIC_REPRESENTATION_CONTEXT(2) 
PARAMETRIC_REPRESENTATION_CONTEXT() REPRESENTATION_CONTEXT('2D SPACE',''
  ) );
#10410 = PCURVE('',#10259,#10411);
#10411 = DEFINITIONAL_REPRESENTATION('',(#10412),#10415);
#10412 = B_SPLINE_CURVE_WITH_KNOTS('',1,(#10413,#10414),.UNSPECIFIED.,
  .F.,.F.,(2,2),(44.25,105.75),.PIECEWISE_BEZIER_KNOTS.);
#10413 = CARTESIAN_POINT('',(119.25,16.25));
#10414 = CARTESIAN_POINT('',(180.75,16.25));
#10415 = ( GEOMETRIC_REPRESENTATION_CONTEXT(2) 
PARAMETRIC_REPRESENTATION_CONTEXT() REPRESENTATION_CONTEXT('2D SPACE',''
  ) );
#10416 = ADVANCED_FACE('',(#10417),#10259,.F.);
#10417 = FACE_BOUND('',#10418,.F.);
#10418 = EDGE_LOOP('',(#10419,#10420,#10421,#10442));
#10419 = ORIENTED_EDGE('',*,*,#10244,.F.);
#10420 = ORIENTED_EDGE('',*,*,#10398,.T.);
#10421 = ORIENTED_EDGE('',*,*,#10422,.T.);
#10422 = EDGE_CURVE('',#10375,#10423,#10425,.T.);
#10423 = VERTEX_POINT('',#10424);
#10424 = CARTESIAN_POINT('',(29.75,-2.724839128103E-15,-22.25));
#10425 = SURFACE_CURVE('',#10426,(#10430,#10436),.PCURVE_S1.);
#10426 = LINE('',#10427,#10428);
#10427 = CARTESIAN_POINT('',(6.24,0.,-22.25));
#10428 = VECTOR('',#10429,1.);
#10429 = DIRECTION('',(1.,0.,0.));
#10430 = PCURVE('',#10259,#10431);
#10431 = DEFINITIONAL_REPRESENTATION('',(#10432),#10435);
#10432 = B_SPLINE_CURVE_WITH_KNOTS('',1,(#10433,#10434),.UNSPECIFIED.,
  .F.,.F.,(2,2),(9.9994E-03,23.5100006),.PIECEWISE_BEZIER_KNOTS.);
#10433 = CARTESIAN_POINT('',(127.75,16.2499994));
#10434 = CARTESIAN_POINT('',(127.75,39.7500006));
#10435 = ( GEOMETRIC_REPRESENTATION_CONTEXT(2) 
PARAMETRIC_REPRESENTATION_CONTEXT() REPRESENTATION_CONTEXT('2D SPACE',''
  ) );
#10436 = PCURVE('',#10338,#10437);
#10437 = DEFINITIONAL_REPRESENTATION('',(#10438),#10441);
#10438 = B_SPLINE_CURVE_WITH_KNOTS('',1,(#10439,#10440),.UNSPECIFIED.,
  .F.,.F.,(2,2),(9.9994E-03,23.5100006),.PIECEWISE_BEZIER_KNOTS.);
#10439 = CARTESIAN_POINT('',(3.14159265359,9.9994E-03));
#10440 = CARTESIAN_POINT('',(3.14159265359,23.5100006));
#10441 = ( GEOMETRIC_REPRESENTATION_CONTEXT(2) 
PARAMETRIC_REPRESENTATION_CONTEXT() REPRESENTATION_CONTEXT('2D SPACE',''
  ) );
#10442 = ORIENTED_EDGE('',*,*,#10443,.F.);
#10443 = EDGE_CURVE('',#10216,#10423,#10444,.T.);
#10444 = SURFACE_CURVE('',#10445,(#10449,#10455),.PCURVE_S1.);
#10445 = LINE('',#10446,#10447);
#10446 = CARTESIAN_POINT('',(29.75,0.,-75.));
#10447 = VECTOR('',#10448,1.);
#10448 = DIRECTION('',(0.,-0.,1.));
#10449 = PCURVE('',#10259,#10450);
#10450 = DEFINITIONAL_REPRESENTATION('',(#10451),#10454);
#10451 = B_SPLINE_CURVE_WITH_KNOTS('',1,(#10452,#10453),.UNSPECIFIED.,
  .F.,.F.,(2,2),(44.25,105.75),.PIECEWISE_BEZIER_KNOTS.);
#10452 = CARTESIAN_POINT('',(119.25,39.75));
#10453 = CARTESIAN_POINT('',(180.75,39.75));
#10454 = ( GEOMETRIC_REPRESENTATION_CONTEXT(2) 
PARAMETRIC_REPRESENTATION_CONTEXT() REPRESENTATION_CONTEXT('2D SPACE',''
  ) );
#10455 = PCURVE('',#10232,#10456);
#10456 = DEFINITIONAL_REPRESENTATION('',(#10457),#10460);
#10457 = B_SPLINE_CURVE_WITH_KNOTS('',1,(#10458,#10459),.UNSPECIFIED.,
  .F.,.F.,(2,2),(44.25,105.75),.PIECEWISE_BEZIER_KNOTS.);
#10458 = CARTESIAN_POINT('',(-30.75,0.));
#10459 = CARTESIAN_POINT('',(30.75,0.));
#10460 = ( GEOMETRIC_REPRESENTATION_CONTEXT(2) 
PARAMETRIC_REPRESENTATION_CONTEXT() REPRESENTATION_CONTEXT('2D SPACE',''
  ) );
#10461 = ADVANCED_FACE('',(#10462),#10232,.T.);
#10462 = FACE_BOUND('',#10463,.T.);
#10463 = EDGE_LOOP('',(#10464,#10465,#10466,#10488));
#10464 = ORIENTED_EDGE('',*,*,#10215,.T.);
#10465 = ORIENTED_EDGE('',*,*,#10301,.F.);
#10466 = ORIENTED_EDGE('',*,*,#10467,.F.);
#10467 = EDGE_CURVE('',#10423,#10302,#10468,.T.);
#10468 = SURFACE_CURVE('',#10469,(#10474,#10481),.PCURVE_S1.);
#10469 = CIRCLE('',#10470,22.25);
#10470 = AXIS2_PLACEMENT_3D('',#10471,#10472,#10473);
#10471 = CARTESIAN_POINT('',(29.75,0.,0.));
#10472 = DIRECTION('',(1.,0.,0.));
#10473 = DIRECTION('',(-0.,0.,1.));
#10474 = PCURVE('',#10232,#10475);
#10475 = DEFINITIONAL_REPRESENTATION('',(#10476),#10480);
#10476 = CIRCLE('',#10477,22.25);
#10477 = AXIS2_PLACEMENT_2D('',#10478,#10479);
#10478 = CARTESIAN_POINT('',(0.,0.));
#10479 = DIRECTION('',(1.,0.));
#10480 = ( GEOMETRIC_REPRESENTATION_CONTEXT(2) 
PARAMETRIC_REPRESENTATION_CONTEXT() REPRESENTATION_CONTEXT('2D SPACE',''
  ) );
#10481 = PCURVE('',#10338,#10482);
#10482 = DEFINITIONAL_REPRESENTATION('',(#10483),#10487);
#10483 = LINE('',#10484,#10485);
#10484 = CARTESIAN_POINT('',(0.,23.51));
#10485 = VECTOR('',#10486,1.);
#10486 = DIRECTION('',(1.,0.));
#10487 = ( GEOMETRIC_REPRESENTATION_CONTEXT(2) 
PARAMETRIC_REPRESENTATION_CONTEXT() REPRESENTATION_CONTEXT('2D SPACE',''
  ) );
#10488 = ORIENTED_EDGE('',*,*,#10443,.F.);
#10489 = ADVANCED_FACE('',(#10490),#10338,.F.);
#10490 = FACE_BOUND('',#10491,.F.);
#10491 = EDGE_LOOP('',(#10492,#10493,#10494,#10495));
#10492 = ORIENTED_EDGE('',*,*,#10322,.T.);
#10493 = ORIENTED_EDGE('',*,*,#10467,.F.);
#10494 = ORIENTED_EDGE('',*,*,#10422,.F.);
#10495 = ORIENTED_EDGE('',*,*,#10374,.T.);
#10496 = ( GEOMETRIC_REPRESENTATION_CONTEXT(3) 
GLOBAL_UNCERTAINTY_ASSIGNED_CONTEXT((#10500)) 
GLOBAL_UNIT_ASSIGNED_CONTEXT((#10497,#10498,#10499)) 
REPRESENTATION_CONTEXT('Context #1',
  '3D Context with UNIT and UNCERTAINTY') );
#10497 = ( LENGTH_UNIT() NAMED_UNIT(*) SI_UNIT(.MILLI.,.METRE.) );
#10498 = ( NAMED_UNIT(*) PLANE_ANGLE_UNIT() SI_UNIT($,.RADIAN.) );
#10499 = ( NAMED_UNIT(*) SI_UNIT($,.STERADIAN.) SOLID_ANGLE_UNIT() );
#10500 = UNCERTAINTY_MEASURE_WITH_UNIT(LENGTH_MEASURE(2.E-07),#10497,
  'distance_accuracy_value','confusion accuracy');
#10501 = CONTEXT_DEPENDENT_SHAPE_REPRESENTATION(#10502,#10504);
#10502 = ( REPRESENTATION_RELATIONSHIP('','',#10173,#10) 
REPRESENTATION_RELATIONSHIP_WITH_TRANSFORMATION(#10503) 
SHAPE_REPRESENTATION_RELATIONSHIP() );
#10503 = ITEM_DEFINED_TRANSFORMATION('','',#11,#67);
#10504 = PRODUCT_DEFINITION_SHAPE('Placement','Placement of an item',
  #10505);
#10505 = NEXT_ASSEMBLY_USAGE_OCCURRENCE('28','14_Steel_shot_volume','',
  #5,#10168,$);
#10506 = PRODUCT_RELATED_PRODUCT_CATEGORY('part',$,(#10170));
#10507 = MECHANICAL_DESIGN_GEOMETRIC_PRESENTATION_REPRESENTATION('',(
    #10508),#3259);
#10508 = STYLED_ITEM('color',(#10509),#1668);
#10509 = PRESENTATION_STYLE_ASSIGNMENT((#10510));
#10510 = SURFACE_STYLE_USAGE(.BOTH.,#10511);
#10511 = SURFACE_SIDE_STYLE('',(#10512));
#10512 = SURFACE_STYLE_FILL_AREA(#10513);
#10513 = FILL_AREA_STYLE('',(#10514));
#10514 = FILL_AREA_STYLE_COLOUR('',#10515);
#10515 = COLOUR_RGB('',0.940000008746,0.299999996101,5.500000063064E-02
  );
#10516 = MECHANICAL_DESIGN_GEOMETRIC_PRESENTATION_REPRESENTATION('',(
    #10517),#7838);
#10517 = STYLED_ITEM('color',(#10518),#7668);
#10518 = PRESENTATION_STYLE_ASSIGNMENT((#10519));
#10519 = SURFACE_STYLE_USAGE(.BOTH.,#10520);
#10520 = SURFACE_SIDE_STYLE('',(#10521));
#10521 = SURFACE_STYLE_FILL_AREA(#10522);
#10522 = FILL_AREA_STYLE('',(#10523));
#10523 = FILL_AREA_STYLE_COLOUR('',#10524);
#10524 = COLOUR_RGB('',0.969999999008,0.460000000054,0.130000001093);
#10525 = MECHANICAL_DESIGN_GEOMETRIC_PRESENTATION_REPRESENTATION('',(
    #10526),#8935);
#10526 = STYLED_ITEM('color',(#10527),#8765);
#10527 = PRESENTATION_STYLE_ASSIGNMENT((#10528));
#10528 = SURFACE_STYLE_USAGE(.BOTH.,#10529);
#10529 = SURFACE_SIDE_STYLE('',(#10530));
#10530 = SURFACE_STYLE_FILL_AREA(#10531);
#10531 = FILL_AREA_STYLE('',(#10532));
#10532 = FILL_AREA_STYLE_COLOUR('',#10533);
#10533 = COLOUR_RGB('',0.839999997739,0.859999984366,0.879999997771);
#10534 = MECHANICAL_DESIGN_GEOMETRIC_PRESENTATION_REPRESENTATION('',(
    #10535),#7649);
#10535 = STYLED_ITEM('color',(#10536),#3278);
#10536 = PRESENTATION_STYLE_ASSIGNMENT((#10537));
#10537 = SURFACE_STYLE_USAGE(.BOTH.,#10538);
#10538 = SURFACE_SIDE_STYLE('',(#10539));
#10539 = SURFACE_STYLE_FILL_AREA(#10540);
#10540 = FILL_AREA_STYLE('',(#10541));
#10541 = FILL_AREA_STYLE_COLOUR('',#10542);
#10542 = COLOUR_RGB('',0.130000001093,0.149999997808,0.170000001676);
#10543 = MECHANICAL_DESIGN_GEOMETRIC_PRESENTATION_REPRESENTATION('',(
    #10544),#9276);
#10544 = STYLED_ITEM('color',(#10545),#8954);
#10545 = PRESENTATION_STYLE_ASSIGNMENT((#10546));
#10546 = SURFACE_STYLE_USAGE(.BOTH.,#10547);
#10547 = SURFACE_SIDE_STYLE('',(#10548));
#10548 = SURFACE_STYLE_FILL_AREA(#10549);
#10549 = FILL_AREA_STYLE('',(#10550));
#10550 = FILL_AREA_STYLE_COLOUR('',#10551);
#10551 = COLOUR_RGB('',0.750000000934,0.78000000177,0.810000015885);
#10552 = MECHANICAL_DESIGN_GEOMETRIC_PRESENTATION_REPRESENTATION('',(
    #10553),#8027);
#10553 = STYLED_ITEM('color',(#10554),#7857);
#10554 = PRESENTATION_STYLE_ASSIGNMENT((#10555));
#10555 = SURFACE_STYLE_USAGE(.BOTH.,#10556);
#10556 = SURFACE_SIDE_STYLE('',(#10557));
#10557 = SURFACE_STYLE_FILL_AREA(#10558);
#10558 = FILL_AREA_STYLE('',(#10559));
#10559 = FILL_AREA_STYLE_COLOUR('',#10560);
#10560 = COLOUR_RGB('',0.839999997739,0.690000002877,0.24000000363);
#10561 = MECHANICAL_DESIGN_GEOMETRIC_PRESENTATION_REPRESENTATION('',(
    #10562),#1649);
#10562 = STYLED_ITEM('color',(#10563),#85);
#10563 = PRESENTATION_STYLE_ASSIGNMENT((#10564));
#10564 = SURFACE_STYLE_USAGE(.BOTH.,#10565);
#10565 = SURFACE_SIDE_STYLE('',(#10566));
#10566 = SURFACE_STYLE_FILL_AREA(#10567);
#10567 = FILL_AREA_STYLE('',(#10568));
#10568 = FILL_AREA_STYLE_COLOUR('',#10542);
#10569 = MECHANICAL_DESIGN_GEOMETRIC_PRESENTATION_REPRESENTATION('',(
    #10570),#10155);
#10570 = STYLED_ITEM('color',(#10571),#9985);
#10571 = PRESENTATION_STYLE_ASSIGNMENT((#10572));
#10572 = SURFACE_STYLE_USAGE(.BOTH.,#10573);
#10573 = SURFACE_SIDE_STYLE('',(#10574));
#10574 = SURFACE_STYLE_FILL_AREA(#10575);
#10575 = FILL_AREA_STYLE('',(#10576));
#10576 = FILL_AREA_STYLE_COLOUR('',#10542);
#10577 = MECHANICAL_DESIGN_GEOMETRIC_PRESENTATION_REPRESENTATION('',(
    #10578),#9617);
#10578 = STYLED_ITEM('color',(#10579),#9295);
#10579 = PRESENTATION_STYLE_ASSIGNMENT((#10580));
#10580 = SURFACE_STYLE_USAGE(.BOTH.,#10581);
#10581 = SURFACE_SIDE_STYLE('',(#10582));
#10582 = SURFACE_STYLE_FILL_AREA(#10583);
#10583 = FILL_AREA_STYLE('',(#10584));
#10584 = FILL_AREA_STYLE_COLOUR('',#10585);
#10585 = COLOUR_RGB('',5.000000142576E-02,0.399999997426,0.230000002338
  );
#10586 = MECHANICAL_DESIGN_GEOMETRIC_PRESENTATION_REPRESENTATION('',(
    #10587),#10496);
#10587 = STYLED_ITEM('color',(#10588),#10174);
#10588 = PRESENTATION_STYLE_ASSIGNMENT((#10589));
#10589 = SURFACE_STYLE_USAGE(.BOTH.,#10590);
#10590 = SURFACE_SIDE_STYLE('',(#10591));
#10591 = SURFACE_STYLE_FILL_AREA(#10592);
#10592 = FILL_AREA_STYLE('',(#10593));
#10593 = FILL_AREA_STYLE_COLOUR('',#10594);
#10594 = COLOUR_RGB('',0.47000000295,0.520000005207,0.569999999601);
#10595 = MECHANICAL_DESIGN_GEOMETRIC_PRESENTATION_REPRESENTATION('',(
    #10596),#8557);
#10596 = STYLED_ITEM('color',(#10597),#8235);
#10597 = PRESENTATION_STYLE_ASSIGNMENT((#10598));
#10598 = SURFACE_STYLE_USAGE(.BOTH.,#10599);
#10599 = SURFACE_SIDE_STYLE('',(#10600));
#10600 = SURFACE_STYLE_FILL_AREA(#10601);
#10601 = FILL_AREA_STYLE('',(#10602));
#10602 = FILL_AREA_STYLE_COLOUR('',#10603);
#10603 = COLOUR_RGB('',0.480000004686,0.500000003429,0.530000000233);
#10604 = MECHANICAL_DESIGN_GEOMETRIC_PRESENTATION_REPRESENTATION('',(
    #10605),#8216);
#10605 = STYLED_ITEM('color',(#10606),#8046);
#10606 = PRESENTATION_STYLE_ASSIGNMENT((#10607));
#10607 = SURFACE_STYLE_USAGE(.BOTH.,#10608);
#10608 = SURFACE_SIDE_STYLE('',(#10609));
#10609 = SURFACE_STYLE_FILL_AREA(#10610);
#10610 = FILL_AREA_STYLE('',(#10611));
#10611 = FILL_AREA_STYLE_COLOUR('',#10612);
#10612 = COLOUR_RGB('',0.690000002877,0.729999995167,0.769999993182);
#10613 = MECHANICAL_DESIGN_GEOMETRIC_PRESENTATION_REPRESENTATION('',(
    #10614),#9966);
#10614 = STYLED_ITEM('color',(#10615),#9636);
#10615 = PRESENTATION_STYLE_ASSIGNMENT((#10616));
#10616 = SURFACE_STYLE_USAGE(.BOTH.,#10617);
#10617 = SURFACE_SIDE_STYLE('',(#10618));
#10618 = SURFACE_STYLE_FILL_AREA(#10619);
#10619 = FILL_AREA_STYLE('',(#10620));
#10620 = FILL_AREA_STYLE_COLOUR('',#10621);
#10621 = COLOUR_RGB('',0.1599999992,0.230000002338,0.270000000334);
#10622 = MECHANICAL_DESIGN_GEOMETRIC_PRESENTATION_REPRESENTATION('',(
    #10623),#8746);
#10623 = STYLED_ITEM('color',(#10624),#8576);
#10624 = PRESENTATION_STYLE_ASSIGNMENT((#10625));
#10625 = SURFACE_STYLE_USAGE(.BOTH.,#10626);
#10626 = SURFACE_SIDE_STYLE('',(#10627));
#10627 = SURFACE_STYLE_FILL_AREA(#10628);
#10628 = FILL_AREA_STYLE('',(#10629));
#10629 = FILL_AREA_STYLE_COLOUR('',#10612);
ENDSEC;
END-ISO-10303-21;
