ISO-10303-21;
HEADER;
FILE_DESCRIPTION(('Open CASCADE Model'),'2;1');
FILE_NAME('Open CASCADE Shape Model','2026-09-22T19:05:58',('Author'),(
    'Open CASCADE'),'Open CASCADE STEP processor 7.8','Open CASCADE 7.8'
  ,'Unknown');
FILE_SCHEMA(('AUTOMOTIVE_DESIGN { 1 0 10303 214 1 1 1 1 }'));
ENDSEC;
DATA;
#1 = APPLICATION_PROTOCOL_DEFINITION('international standard',
  'automotive_design',2000,#2);
#2 = APPLICATION_CONTEXT(
  'core data for automotive mechanical design processes');
#3 = SHAPE_DEFINITION_REPRESENTATION(#4,#10);
#4 = PRODUCT_DEFINITION_SHAPE('','',#5);
#5 = PRODUCT_DEFINITION('design','',#6,#9);
#6 = PRODUCT_DEFINITION_FORMATION('','',#7);
#7 = PRODUCT('rescue_node_full_AP214','rescue_node_full_AP214','',(#8));
#8 = PRODUCT_CONTEXT('',#2,'mechanical');
#9 = PRODUCT_DEFINITION_CONTEXT('part definition',#2,'design');
#10 = SHAPE_REPRESENTATION('',(#11,#15,#19,#23,#27,#31,#35,#39,#43,#47,
    #51,#55,#59,#63,#67),#71);
#11 = AXIS2_PLACEMENT_3D('',#12,#13,#14);
#12 = CARTESIAN_POINT('',(0.,0.,0.));
#13 = DIRECTION('',(0.,0.,1.));
#14 = DIRECTION('',(1.,0.,-0.));
#15 = AXIS2_PLACEMENT_3D('',#16,#17,#18);
#16 = CARTESIAN_POINT('',(0.,0.,0.));
#17 = DIRECTION('',(0.,0.,1.));
#18 = DIRECTION('',(1.,0.,-0.));
#19 = AXIS2_PLACEMENT_3D('',#20,#21,#22);
#20 = CARTESIAN_POINT('',(0.,0.,0.));
#21 = DIRECTION('',(0.,0.,1.));
#22 = DIRECTION('',(1.,0.,-0.));
#23 = AXIS2_PLACEMENT_3D('',#24,#25,#26);
#24 = CARTESIAN_POINT('',(0.,0.,0.));
#25 = DIRECTION('',(0.,0.,1.));
#26 = DIRECTION('',(1.,0.,-0.));
#27 = AXIS2_PLACEMENT_3D('',#28,#29,#30);
#28 = CARTESIAN_POINT('',(0.,0.,0.));
#29 = DIRECTION('',(0.,0.,1.));
#30 = DIRECTION('',(1.,0.,-0.));
#31 = AXIS2_PLACEMENT_3D('',#32,#33,#34);
#32 = CARTESIAN_POINT('',(0.,0.,0.));
#33 = DIRECTION('',(0.,0.,1.));
#34 = DIRECTION('',(1.,0.,-0.));
#35 = AXIS2_PLACEMENT_3D('',#36,#37,#38);
#36 = CARTESIAN_POINT('',(0.,0.,0.));
#37 = DIRECTION('',(0.,0.,1.));
#38 = DIRECTION('',(1.,0.,-0.));
#39 = AXIS2_PLACEMENT_3D('',#40,#41,#42);
#40 = CARTESIAN_POINT('',(0.,0.,0.));
#41 = DIRECTION('',(0.,0.,1.));
#42 = DIRECTION('',(1.,0.,-0.));
#43 = AXIS2_PLACEMENT_3D('',#44,#45,#46);
#44 = CARTESIAN_POINT('',(0.,0.,0.));
#45 = DIRECTION('',(0.,0.,1.));
#46 = DIRECTION('',(1.,0.,-0.));
#47 = AXIS2_PLACEMENT_3D('',#48,#49,#50);
#48 = CARTESIAN_POINT('',(0.,0.,0.));
#49 = DIRECTION('',(0.,0.,1.));
#50 = DIRECTION('',(1.,0.,-0.));
#51 = AXIS2_PLACEMENT_3D('',#52,#53,#54);
#52 = CARTESIAN_POINT('',(0.,0.,0.));
#53 = DIRECTION('',(0.,0.,1.));
#54 = DIRECTION('',(1.,0.,-0.));
#55 = AXIS2_PLACEMENT_3D('',#56,#57,#58);
#56 = CARTESIAN_POINT('',(0.,0.,0.));
#57 = DIRECTION('',(0.,0.,1.));
#58 = DIRECTION('',(1.,0.,-0.));
#59 = AXIS2_PLACEMENT_3D('',#60,#61,#62);
#60 = CARTESIAN_POINT('',(0.,0.,0.));
#61 = DIRECTION('',(0.,0.,1.));
#62 = DIRECTION('',(1.,0.,-0.));
#63 = AXIS2_PLACEMENT_3D('',#64,#65,#66);
#64 = CARTESIAN_POINT('',(0.,0.,0.));
#65 = DIRECTION('',(0.,0.,1.));
#66 = DIRECTION('',(1.,0.,-0.));
#67 = AXIS2_PLACEMENT_3D('',#68,#69,#70);
#68 = CARTESIAN_POINT('',(0.,0.,0.));
#69 = DIRECTION('',(0.,0.,1.));
#70 = DIRECTION('',(1.,0.,-0.));
#71 = ( GEOMETRIC_REPRESENTATION_CONTEXT(3) 
GLOBAL_UNCERTAINTY_ASSIGNED_CONTEXT((#75)) GLOBAL_UNIT_ASSIGNED_CONTEXT(
(#72,#73,#74)) REPRESENTATION_CONTEXT('Context #1',
  '3D Context with UNIT and UNCERTAINTY') );
#72 = ( LENGTH_UNIT() NAMED_UNIT(*) SI_UNIT(.MILLI.,.METRE.) );
#73 = ( NAMED_UNIT(*) PLANE_ANGLE_UNIT() SI_UNIT($,.RADIAN.) );
#74 = ( NAMED_UNIT(*) SI_UNIT($,.STERADIAN.) SOLID_ANGLE_UNIT() );
#75 = UNCERTAINTY_MEASURE_WITH_UNIT(LENGTH_MEASURE(1.E-07),#72,
  'distance_accuracy_value','confusion accuracy');
#76 = PRODUCT_RELATED_PRODUCT_CATEGORY('part',$,(#7));
#77 = SHAPE_DEFINITION_REPRESENTATION(#78,#84);
#78 = PRODUCT_DEFINITION_SHAPE('','',#79);
#79 = PRODUCT_DEFINITION('design','',#80,#83);
#80 = PRODUCT_DEFINITION_FORMATION('','',#81);
#81 = PRODUCT('01_Nose_cap','01_Nose_cap','',(#82));
#82 = PRODUCT_CONTEXT('',#2,'mechanical');
#83 = PRODUCT_DEFINITION_CONTEXT('part definition',#2,'design');
#84 = ADVANCED_BREP_SHAPE_REPRESENTATION('',(#11,#85),#1223);
#85 = BREP_WITH_VOIDS('',#86,(#1041));
#86 = CLOSED_SHELL('',(#87,#175,#229,#264,#299,#354,#409,#537,#572,#627,
    #682,#737,#792,#847,#851,#886,#890,#894,#929,#984,#1034));
#87 = ADVANCED_FACE('',(#88),#102,.T.);
#88 = FACE_BOUND('',#89,.T.);
#89 = EDGE_LOOP('',(#90,#120,#147,#148));
#90 = ORIENTED_EDGE('',*,*,#91,.T.);
#91 = EDGE_CURVE('',#92,#94,#96,.T.);
#92 = VERTEX_POINT('',#93);
#93 = CARTESIAN_POINT('',(0.5,0.,35.));
#94 = VERTEX_POINT('',#95);
#95 = CARTESIAN_POINT('',(35.,8.572527594031E-15,35.));
#96 = SEAM_CURVE('',#97,(#101,#113),.PCURVE_S1.);
#97 = LINE('',#98,#99);
#98 = CARTESIAN_POINT('',(0.,8.572527594031E-15,35.));
#99 = VECTOR('',#100,1.);
#100 = DIRECTION('',(1.,0.,0.));
#101 = PCURVE('',#102,#107);
#102 = CYLINDRICAL_SURFACE('',#103,35.);
#103 = AXIS2_PLACEMENT_3D('',#104,#105,#106);
#104 = CARTESIAN_POINT('',(0.,0.,0.));
#105 = DIRECTION('',(1.,0.,0.));
#106 = DIRECTION('',(-0.,0.,1.));
#107 = DEFINITIONAL_REPRESENTATION('',(#108),#112);
#108 = LINE('',#109,#110);
#109 = CARTESIAN_POINT('',(6.28318530718,-0.));
#110 = VECTOR('',#111,1.);
#111 = DIRECTION('',(0.,1.));
#112 = ( GEOMETRIC_REPRESENTATION_CONTEXT(2) 
PARAMETRIC_REPRESENTATION_CONTEXT() REPRESENTATION_CONTEXT('2D SPACE',''
  ) );
#113 = PCURVE('',#102,#114);
#114 = DEFINITIONAL_REPRESENTATION('',(#115),#119);
#115 = LINE('',#116,#117);
#116 = CARTESIAN_POINT('',(0.,-0.));
#117 = VECTOR('',#118,1.);
#118 = DIRECTION('',(0.,1.));
#119 = ( GEOMETRIC_REPRESENTATION_CONTEXT(2) 
PARAMETRIC_REPRESENTATION_CONTEXT() REPRESENTATION_CONTEXT('2D SPACE',''
  ) );
#120 = ORIENTED_EDGE('',*,*,#121,.F.);
#121 = EDGE_CURVE('',#94,#94,#122,.T.);
#122 = SURFACE_CURVE('',#123,(#128,#135),.PCURVE_S1.);
#123 = CIRCLE('',#124,35.);
#124 = AXIS2_PLACEMENT_3D('',#125,#126,#127);
#125 = CARTESIAN_POINT('',(35.,0.,0.));
#126 = DIRECTION('',(1.,0.,0.));
#127 = DIRECTION('',(-0.,0.,1.));
#128 = PCURVE('',#102,#129);
#129 = DEFINITIONAL_REPRESENTATION('',(#130),#134);
#130 = LINE('',#131,#132);
#131 = CARTESIAN_POINT('',(0.,35.));
#132 = VECTOR('',#133,1.);
#133 = DIRECTION('',(1.,0.));
#134 = ( GEOMETRIC_REPRESENTATION_CONTEXT(2) 
PARAMETRIC_REPRESENTATION_CONTEXT() REPRESENTATION_CONTEXT('2D SPACE',''
  ) );
#135 = PCURVE('',#136,#141);
#136 = PLANE('',#137);
#137 = AXIS2_PLACEMENT_3D('',#138,#139,#140);
#138 = CARTESIAN_POINT('',(35.,0.,0.));
#139 = DIRECTION('',(1.,0.,0.));
#140 = DIRECTION('',(-0.,0.,1.));
#141 = DEFINITIONAL_REPRESENTATION('',(#142),#146);
#142 = CIRCLE('',#143,35.);
#143 = AXIS2_PLACEMENT_2D('',#144,#145);
#144 = CARTESIAN_POINT('',(0.,0.));
#145 = DIRECTION('',(1.,0.));
#146 = ( GEOMETRIC_REPRESENTATION_CONTEXT(2) 
PARAMETRIC_REPRESENTATION_CONTEXT() REPRESENTATION_CONTEXT('2D SPACE',''
  ) );
#147 = ORIENTED_EDGE('',*,*,#91,.F.);
#148 = ORIENTED_EDGE('',*,*,#149,.T.);
#149 = EDGE_CURVE('',#92,#92,#150,.T.);
#150 = SURFACE_CURVE('',#151,(#156,#163),.PCURVE_S1.);
#151 = CIRCLE('',#152,35.);
#152 = AXIS2_PLACEMENT_3D('',#153,#154,#155);
#153 = CARTESIAN_POINT('',(0.5,0.,0.));
#154 = DIRECTION('',(1.,0.,0.));
#155 = DIRECTION('',(-0.,0.,1.));
#156 = PCURVE('',#102,#157);
#157 = DEFINITIONAL_REPRESENTATION('',(#158),#162);
#158 = LINE('',#159,#160);
#159 = CARTESIAN_POINT('',(0.,0.5));
#160 = VECTOR('',#161,1.);
#161 = DIRECTION('',(1.,0.));
#162 = ( GEOMETRIC_REPRESENTATION_CONTEXT(2) 
PARAMETRIC_REPRESENTATION_CONTEXT() REPRESENTATION_CONTEXT('2D SPACE',''
  ) );
#163 = PCURVE('',#164,#169);
#164 = TOROIDAL_SURFACE('',#165,34.5,0.5);
#165 = AXIS2_PLACEMENT_3D('',#166,#167,#168);
#166 = CARTESIAN_POINT('',(0.5,0.,0.));
#167 = DIRECTION('',(-1.,-0.,-0.));
#168 = DIRECTION('',(-0.,0.,1.));
#169 = DEFINITIONAL_REPRESENTATION('',(#170),#174);
#170 = LINE('',#171,#172);
#171 = CARTESIAN_POINT('',(-0.,0.));
#172 = VECTOR('',#173,1.);
#173 = DIRECTION('',(-1.,0.));
#174 = ( GEOMETRIC_REPRESENTATION_CONTEXT(2) 
PARAMETRIC_REPRESENTATION_CONTEXT() REPRESENTATION_CONTEXT('2D SPACE',''
  ) );
#175 = ADVANCED_FACE('',(#176),#164,.T.);
#176 = FACE_BOUND('',#177,.F.);
#177 = EDGE_LOOP('',(#178,#200,#201,#202));
#178 = ORIENTED_EDGE('',*,*,#179,.F.);
#179 = EDGE_CURVE('',#92,#180,#182,.T.);
#180 = VERTEX_POINT('',#181);
#181 = CARTESIAN_POINT('',(0.,0.,34.5));
#182 = SEAM_CURVE('',#183,(#188,#194),.PCURVE_S1.);
#183 = CIRCLE('',#184,0.5);
#184 = AXIS2_PLACEMENT_3D('',#185,#186,#187);
#185 = CARTESIAN_POINT('',(0.5,0.,34.5));
#186 = DIRECTION('',(0.,-1.,0.));
#187 = DIRECTION('',(-0.,0.,1.));
#188 = PCURVE('',#164,#189);
#189 = DEFINITIONAL_REPRESENTATION('',(#190),#193);
#190 = B_SPLINE_CURVE_WITH_KNOTS('',1,(#191,#192),.UNSPECIFIED.,.F.,.F.,
  (2,2),(0.,1.570796326795),.PIECEWISE_BEZIER_KNOTS.);
#191 = CARTESIAN_POINT('',(0.,0.));
#192 = CARTESIAN_POINT('',(0.,1.570796326795));
#193 = ( GEOMETRIC_REPRESENTATION_CONTEXT(2) 
PARAMETRIC_REPRESENTATION_CONTEXT() REPRESENTATION_CONTEXT('2D SPACE',''
  ) );
#194 = PCURVE('',#164,#195);
#195 = DEFINITIONAL_REPRESENTATION('',(#196),#199);
#196 = B_SPLINE_CURVE_WITH_KNOTS('',1,(#197,#198),.UNSPECIFIED.,.F.,.F.,
  (2,2),(0.,1.570796326795),.PIECEWISE_BEZIER_KNOTS.);
#197 = CARTESIAN_POINT('',(-6.28318530718,0.));
#198 = CARTESIAN_POINT('',(-6.28318530718,1.570796326795));
#199 = ( GEOMETRIC_REPRESENTATION_CONTEXT(2) 
PARAMETRIC_REPRESENTATION_CONTEXT() REPRESENTATION_CONTEXT('2D SPACE',''
  ) );
#200 = ORIENTED_EDGE('',*,*,#149,.F.);
#201 = ORIENTED_EDGE('',*,*,#179,.T.);
#202 = ORIENTED_EDGE('',*,*,#203,.T.);
#203 = EDGE_CURVE('',#180,#180,#204,.T.);
#204 = SURFACE_CURVE('',#205,(#210,#217),.PCURVE_S1.);
#205 = CIRCLE('',#206,34.5);
#206 = AXIS2_PLACEMENT_3D('',#207,#208,#209);
#207 = CARTESIAN_POINT('',(0.,0.,0.));
#208 = DIRECTION('',(1.,0.,0.));
#209 = DIRECTION('',(-0.,0.,1.));
#210 = PCURVE('',#164,#211);
#211 = DEFINITIONAL_REPRESENTATION('',(#212),#216);
#212 = LINE('',#213,#214);
#213 = CARTESIAN_POINT('',(-0.,1.570796326795));
#214 = VECTOR('',#215,1.);
#215 = DIRECTION('',(-1.,0.));
#216 = ( GEOMETRIC_REPRESENTATION_CONTEXT(2) 
PARAMETRIC_REPRESENTATION_CONTEXT() REPRESENTATION_CONTEXT('2D SPACE',''
  ) );
#217 = PCURVE('',#218,#223);
#218 = PLANE('',#219);
#219 = AXIS2_PLACEMENT_3D('',#220,#221,#222);
#220 = CARTESIAN_POINT('',(0.,0.,0.));
#221 = DIRECTION('',(1.,0.,0.));
#222 = DIRECTION('',(-0.,0.,1.));
#223 = DEFINITIONAL_REPRESENTATION('',(#224),#228);
#224 = CIRCLE('',#225,34.5);
#225 = AXIS2_PLACEMENT_2D('',#226,#227);
#226 = CARTESIAN_POINT('',(0.,0.));
#227 = DIRECTION('',(1.,0.));
#228 = ( GEOMETRIC_REPRESENTATION_CONTEXT(2) 
PARAMETRIC_REPRESENTATION_CONTEXT() REPRESENTATION_CONTEXT('2D SPACE',''
  ) );
#229 = ADVANCED_FACE('',(#230,#233),#136,.T.);
#230 = FACE_BOUND('',#231,.T.);
#231 = EDGE_LOOP('',(#232));
#232 = ORIENTED_EDGE('',*,*,#121,.T.);
#233 = FACE_BOUND('',#234,.T.);
#234 = EDGE_LOOP('',(#235));
#235 = ORIENTED_EDGE('',*,*,#236,.F.);
#236 = EDGE_CURVE('',#237,#237,#239,.T.);
#237 = VERTEX_POINT('',#238);
#238 = CARTESIAN_POINT('',(35.,7.347880794884E-15,30.));
#239 = SURFACE_CURVE('',#240,(#245,#252),.PCURVE_S1.);
#240 = CIRCLE('',#241,30.);
#241 = AXIS2_PLACEMENT_3D('',#242,#243,#244);
#242 = CARTESIAN_POINT('',(35.,0.,0.));
#243 = DIRECTION('',(1.,0.,0.));
#244 = DIRECTION('',(-0.,0.,1.));
#245 = PCURVE('',#136,#246);
#246 = DEFINITIONAL_REPRESENTATION('',(#247),#251);
#247 = CIRCLE('',#248,30.);
#248 = AXIS2_PLACEMENT_2D('',#249,#250);
#249 = CARTESIAN_POINT('',(0.,0.));
#250 = DIRECTION('',(1.,0.));
#251 = ( GEOMETRIC_REPRESENTATION_CONTEXT(2) 
PARAMETRIC_REPRESENTATION_CONTEXT() REPRESENTATION_CONTEXT('2D SPACE',''
  ) );
#252 = PCURVE('',#253,#258);
#253 = CYLINDRICAL_SURFACE('',#254,30.);
#254 = AXIS2_PLACEMENT_3D('',#255,#256,#257);
#255 = CARTESIAN_POINT('',(35.,0.,0.));
#256 = DIRECTION('',(1.,0.,0.));
#257 = DIRECTION('',(-0.,0.,1.));
#258 = DEFINITIONAL_REPRESENTATION('',(#259),#263);
#259 = LINE('',#260,#261);
#260 = CARTESIAN_POINT('',(0.,0.));
#261 = VECTOR('',#262,1.);
#262 = DIRECTION('',(1.,0.));
#263 = ( GEOMETRIC_REPRESENTATION_CONTEXT(2) 
PARAMETRIC_REPRESENTATION_CONTEXT() REPRESENTATION_CONTEXT('2D SPACE',''
  ) );
#264 = ADVANCED_FACE('',(#265,#268),#218,.F.);
#265 = FACE_BOUND('',#266,.F.);
#266 = EDGE_LOOP('',(#267));
#267 = ORIENTED_EDGE('',*,*,#203,.T.);
#268 = FACE_BOUND('',#269,.F.);
#269 = EDGE_LOOP('',(#270));
#270 = ORIENTED_EDGE('',*,*,#271,.F.);
#271 = EDGE_CURVE('',#272,#272,#274,.T.);
#272 = VERTEX_POINT('',#273);
#273 = CARTESIAN_POINT('',(0.,7.960204194458E-15,32.5));
#274 = SURFACE_CURVE('',#275,(#280,#287),.PCURVE_S1.);
#275 = CIRCLE('',#276,32.5);
#276 = AXIS2_PLACEMENT_3D('',#277,#278,#279);
#277 = CARTESIAN_POINT('',(0.,0.,0.));
#278 = DIRECTION('',(1.,0.,0.));
#279 = DIRECTION('',(-0.,0.,1.));
#280 = PCURVE('',#218,#281);
#281 = DEFINITIONAL_REPRESENTATION('',(#282),#286);
#282 = CIRCLE('',#283,32.5);
#283 = AXIS2_PLACEMENT_2D('',#284,#285);
#284 = CARTESIAN_POINT('',(0.,0.));
#285 = DIRECTION('',(1.,0.));
#286 = ( GEOMETRIC_REPRESENTATION_CONTEXT(2) 
PARAMETRIC_REPRESENTATION_CONTEXT() REPRESENTATION_CONTEXT('2D SPACE',''
  ) );
#287 = PCURVE('',#288,#293);
#288 = CYLINDRICAL_SURFACE('',#289,32.5);
#289 = AXIS2_PLACEMENT_3D('',#290,#291,#292);
#290 = CARTESIAN_POINT('',(-0.1,0.,0.));
#291 = DIRECTION('',(1.,0.,0.));
#292 = DIRECTION('',(-0.,0.,1.));
#293 = DEFINITIONAL_REPRESENTATION('',(#294),#298);
#294 = LINE('',#295,#296);
#295 = CARTESIAN_POINT('',(0.,0.1));
#296 = VECTOR('',#297,1.);
#297 = DIRECTION('',(1.,0.));
#298 = ( GEOMETRIC_REPRESENTATION_CONTEXT(2) 
PARAMETRIC_REPRESENTATION_CONTEXT() REPRESENTATION_CONTEXT('2D SPACE',''
  ) );
#299 = ADVANCED_FACE('',(#300),#253,.T.);
#300 = FACE_BOUND('',#301,.T.);
#301 = EDGE_LOOP('',(#302,#331,#352,#353));
#302 = ORIENTED_EDGE('',*,*,#303,.F.);
#303 = EDGE_CURVE('',#304,#304,#306,.T.);
#304 = VERTEX_POINT('',#305);
#305 = CARTESIAN_POINT('',(43.,7.347880794884E-15,30.));
#306 = SURFACE_CURVE('',#307,(#312,#319),.PCURVE_S1.);
#307 = CIRCLE('',#308,30.);
#308 = AXIS2_PLACEMENT_3D('',#309,#310,#311);
#309 = CARTESIAN_POINT('',(43.,0.,0.));
#310 = DIRECTION('',(1.,0.,0.));
#311 = DIRECTION('',(-0.,0.,1.));
#312 = PCURVE('',#253,#313);
#313 = DEFINITIONAL_REPRESENTATION('',(#314),#318);
#314 = LINE('',#315,#316);
#315 = CARTESIAN_POINT('',(0.,8.));
#316 = VECTOR('',#317,1.);
#317 = DIRECTION('',(1.,0.));
#318 = ( GEOMETRIC_REPRESENTATION_CONTEXT(2) 
PARAMETRIC_REPRESENTATION_CONTEXT() REPRESENTATION_CONTEXT('2D SPACE',''
  ) );
#319 = PCURVE('',#320,#325);
#320 = PLANE('',#321);
#321 = AXIS2_PLACEMENT_3D('',#322,#323,#324);
#322 = CARTESIAN_POINT('',(43.,0.,0.));
#323 = DIRECTION('',(1.,0.,0.));
#324 = DIRECTION('',(-0.,0.,1.));
#325 = DEFINITIONAL_REPRESENTATION('',(#326),#330);
#326 = CIRCLE('',#327,30.);
#327 = AXIS2_PLACEMENT_2D('',#328,#329);
#328 = CARTESIAN_POINT('',(0.,0.));
#329 = DIRECTION('',(1.,0.));
#330 = ( GEOMETRIC_REPRESENTATION_CONTEXT(2) 
PARAMETRIC_REPRESENTATION_CONTEXT() REPRESENTATION_CONTEXT('2D SPACE',''
  ) );
#331 = ORIENTED_EDGE('',*,*,#332,.F.);
#332 = EDGE_CURVE('',#237,#304,#333,.T.);
#333 = SEAM_CURVE('',#334,(#338,#345),.PCURVE_S1.);
#334 = LINE('',#335,#336);
#335 = CARTESIAN_POINT('',(35.,7.347880794884E-15,30.));
#336 = VECTOR('',#337,1.);
#337 = DIRECTION('',(1.,0.,0.));
#338 = PCURVE('',#253,#339);
#339 = DEFINITIONAL_REPRESENTATION('',(#340),#344);
#340 = LINE('',#341,#342);
#341 = CARTESIAN_POINT('',(6.28318530718,-0.));
#342 = VECTOR('',#343,1.);
#343 = DIRECTION('',(0.,1.));
#344 = ( GEOMETRIC_REPRESENTATION_CONTEXT(2) 
PARAMETRIC_REPRESENTATION_CONTEXT() REPRESENTATION_CONTEXT('2D SPACE',''
  ) );
#345 = PCURVE('',#253,#346);
#346 = DEFINITIONAL_REPRESENTATION('',(#347),#351);
#347 = LINE('',#348,#349);
#348 = CARTESIAN_POINT('',(0.,-0.));
#349 = VECTOR('',#350,1.);
#350 = DIRECTION('',(0.,1.));
#351 = ( GEOMETRIC_REPRESENTATION_CONTEXT(2) 
PARAMETRIC_REPRESENTATION_CONTEXT() REPRESENTATION_CONTEXT('2D SPACE',''
  ) );
#352 = ORIENTED_EDGE('',*,*,#236,.T.);
#353 = ORIENTED_EDGE('',*,*,#332,.T.);
#354 = ADVANCED_FACE('',(#355),#288,.F.);
#355 = FACE_BOUND('',#356,.F.);
#356 = EDGE_LOOP('',(#357,#380,#407,#408));
#357 = ORIENTED_EDGE('',*,*,#358,.T.);
#358 = EDGE_CURVE('',#272,#359,#361,.T.);
#359 = VERTEX_POINT('',#360);
#360 = CARTESIAN_POINT('',(4.,7.960204194458E-15,32.5));
#361 = SEAM_CURVE('',#362,(#366,#373),.PCURVE_S1.);
#362 = LINE('',#363,#364);
#363 = CARTESIAN_POINT('',(-0.1,7.960204194458E-15,32.5));
#364 = VECTOR('',#365,1.);
#365 = DIRECTION('',(1.,0.,0.));
#366 = PCURVE('',#288,#367);
#367 = DEFINITIONAL_REPRESENTATION('',(#368),#372);
#368 = LINE('',#369,#370);
#369 = CARTESIAN_POINT('',(6.28318530718,-0.));
#370 = VECTOR('',#371,1.);
#371 = DIRECTION('',(0.,1.));
#372 = ( GEOMETRIC_REPRESENTATION_CONTEXT(2) 
PARAMETRIC_REPRESENTATION_CONTEXT() REPRESENTATION_CONTEXT('2D SPACE',''
  ) );
#373 = PCURVE('',#288,#374);
#374 = DEFINITIONAL_REPRESENTATION('',(#375),#379);
#375 = LINE('',#376,#377);
#376 = CARTESIAN_POINT('',(0.,-0.));
#377 = VECTOR('',#378,1.);
#378 = DIRECTION('',(0.,1.));
#379 = ( GEOMETRIC_REPRESENTATION_CONTEXT(2) 
PARAMETRIC_REPRESENTATION_CONTEXT() REPRESENTATION_CONTEXT('2D SPACE',''
  ) );
#380 = ORIENTED_EDGE('',*,*,#381,.F.);
#381 = EDGE_CURVE('',#359,#359,#382,.T.);
#382 = SURFACE_CURVE('',#383,(#388,#395),.PCURVE_S1.);
#383 = CIRCLE('',#384,32.5);
#384 = AXIS2_PLACEMENT_3D('',#385,#386,#387);
#385 = CARTESIAN_POINT('',(4.,0.,0.));
#386 = DIRECTION('',(1.,0.,0.));
#387 = DIRECTION('',(-0.,0.,1.));
#388 = PCURVE('',#288,#389);
#389 = DEFINITIONAL_REPRESENTATION('',(#390),#394);
#390 = LINE('',#391,#392);
#391 = CARTESIAN_POINT('',(0.,4.1));
#392 = VECTOR('',#393,1.);
#393 = DIRECTION('',(1.,0.));
#394 = ( GEOMETRIC_REPRESENTATION_CONTEXT(2) 
PARAMETRIC_REPRESENTATION_CONTEXT() REPRESENTATION_CONTEXT('2D SPACE',''
  ) );
#395 = PCURVE('',#396,#401);
#396 = PLANE('',#397);
#397 = AXIS2_PLACEMENT_3D('',#398,#399,#400);
#398 = CARTESIAN_POINT('',(4.,0.,0.));
#399 = DIRECTION('',(1.,0.,0.));
#400 = DIRECTION('',(-0.,0.,1.));
#401 = DEFINITIONAL_REPRESENTATION('',(#402),#406);
#402 = CIRCLE('',#403,32.5);
#403 = AXIS2_PLACEMENT_2D('',#404,#405);
#404 = CARTESIAN_POINT('',(0.,0.));
#405 = DIRECTION('',(1.,0.));
#406 = ( GEOMETRIC_REPRESENTATION_CONTEXT(2) 
PARAMETRIC_REPRESENTATION_CONTEXT() REPRESENTATION_CONTEXT('2D SPACE',''
  ) );
#407 = ORIENTED_EDGE('',*,*,#358,.F.);
#408 = ORIENTED_EDGE('',*,*,#271,.T.);
#409 = ADVANCED_FACE('',(#410,#413,#444,#475,#506),#320,.T.);
#410 = FACE_BOUND('',#411,.T.);
#411 = EDGE_LOOP('',(#412));
#412 = ORIENTED_EDGE('',*,*,#303,.T.);
#413 = FACE_BOUND('',#414,.T.);
#414 = EDGE_LOOP('',(#415));
#415 = ORIENTED_EDGE('',*,*,#416,.F.);
#416 = EDGE_CURVE('',#417,#417,#419,.T.);
#417 = VERTEX_POINT('',#418);
#418 = CARTESIAN_POINT('',(43.,25.,2.));
#419 = SURFACE_CURVE('',#420,(#425,#432),.PCURVE_S1.);
#420 = CIRCLE('',#421,2.);
#421 = AXIS2_PLACEMENT_3D('',#422,#423,#424);
#422 = CARTESIAN_POINT('',(43.,25.,0.));
#423 = DIRECTION('',(1.,0.,0.));
#424 = DIRECTION('',(-0.,0.,1.));
#425 = PCURVE('',#320,#426);
#426 = DEFINITIONAL_REPRESENTATION('',(#427),#431);
#427 = CIRCLE('',#428,2.);
#428 = AXIS2_PLACEMENT_2D('',#429,#430);
#429 = CARTESIAN_POINT('',(0.,-25.));
#430 = DIRECTION('',(1.,0.));
#431 = ( GEOMETRIC_REPRESENTATION_CONTEXT(2) 
PARAMETRIC_REPRESENTATION_CONTEXT() REPRESENTATION_CONTEXT('2D SPACE',''
  ) );
#432 = PCURVE('',#433,#438);
#433 = CYLINDRICAL_SURFACE('',#434,2.);
#434 = AXIS2_PLACEMENT_3D('',#435,#436,#437);
#435 = CARTESIAN_POINT('',(37.,25.,0.));
#436 = DIRECTION('',(1.,0.,0.));
#437 = DIRECTION('',(-0.,0.,1.));
#438 = DEFINITIONAL_REPRESENTATION('',(#439),#443);
#439 = LINE('',#440,#441);
#440 = CARTESIAN_POINT('',(0.,6.));
#441 = VECTOR('',#442,1.);
#442 = DIRECTION('',(1.,0.));
#443 = ( GEOMETRIC_REPRESENTATION_CONTEXT(2) 
PARAMETRIC_REPRESENTATION_CONTEXT() REPRESENTATION_CONTEXT('2D SPACE',''
  ) );
#444 = FACE_BOUND('',#445,.T.);
#445 = EDGE_LOOP('',(#446));
#446 = ORIENTED_EDGE('',*,*,#447,.F.);
#447 = EDGE_CURVE('',#448,#448,#450,.T.);
#448 = VERTEX_POINT('',#449);
#449 = CARTESIAN_POINT('',(43.,2.694222958124E-15,11.));
#450 = SURFACE_CURVE('',#451,(#456,#463),.PCURVE_S1.);
#451 = CIRCLE('',#452,11.);
#452 = AXIS2_PLACEMENT_3D('',#453,#454,#455);
#453 = CARTESIAN_POINT('',(43.,0.,0.));
#454 = DIRECTION('',(1.,0.,0.));
#455 = DIRECTION('',(-0.,0.,1.));
#456 = PCURVE('',#320,#457);
#457 = DEFINITIONAL_REPRESENTATION('',(#458),#462);
#458 = CIRCLE('',#459,11.);
#459 = AXIS2_PLACEMENT_2D('',#460,#461);
#460 = CARTESIAN_POINT('',(0.,0.));
#461 = DIRECTION('',(1.,0.));
#462 = ( GEOMETRIC_REPRESENTATION_CONTEXT(2) 
PARAMETRIC_REPRESENTATION_CONTEXT() REPRESENTATION_CONTEXT('2D SPACE',''
  ) );
#463 = PCURVE('',#464,#469);
#464 = CYLINDRICAL_SURFACE('',#465,11.);
#465 = AXIS2_PLACEMENT_3D('',#466,#467,#468);
#466 = CARTESIAN_POINT('',(9.,0.,0.));
#467 = DIRECTION('',(1.,0.,0.));
#468 = DIRECTION('',(-0.,0.,1.));
#469 = DEFINITIONAL_REPRESENTATION('',(#470),#474);
#470 = LINE('',#471,#472);
#471 = CARTESIAN_POINT('',(0.,34.));
#472 = VECTOR('',#473,1.);
#473 = DIRECTION('',(1.,0.));
#474 = ( GEOMETRIC_REPRESENTATION_CONTEXT(2) 
PARAMETRIC_REPRESENTATION_CONTEXT() REPRESENTATION_CONTEXT('2D SPACE',''
  ) );
#475 = FACE_BOUND('',#476,.T.);
#476 = EDGE_LOOP('',(#477));
#477 = ORIENTED_EDGE('',*,*,#478,.F.);
#478 = EDGE_CURVE('',#479,#479,#481,.T.);
#479 = VERTEX_POINT('',#480);
#480 = CARTESIAN_POINT('',(43.,-12.5,-19.65063509461));
#481 = SURFACE_CURVE('',#482,(#487,#494),.PCURVE_S1.);
#482 = CIRCLE('',#483,2.);
#483 = AXIS2_PLACEMENT_3D('',#484,#485,#486);
#484 = CARTESIAN_POINT('',(43.,-12.5,-21.65063509461));
#485 = DIRECTION('',(1.,0.,0.));
#486 = DIRECTION('',(-0.,0.,1.));
#487 = PCURVE('',#320,#488);
#488 = DEFINITIONAL_REPRESENTATION('',(#489),#493);
#489 = CIRCLE('',#490,2.);
#490 = AXIS2_PLACEMENT_2D('',#491,#492);
#491 = CARTESIAN_POINT('',(-21.65063509461,12.5));
#492 = DIRECTION('',(1.,0.));
#493 = ( GEOMETRIC_REPRESENTATION_CONTEXT(2) 
PARAMETRIC_REPRESENTATION_CONTEXT() REPRESENTATION_CONTEXT('2D SPACE',''
  ) );
#494 = PCURVE('',#495,#500);
#495 = CYLINDRICAL_SURFACE('',#496,2.);
#496 = AXIS2_PLACEMENT_3D('',#497,#498,#499);
#497 = CARTESIAN_POINT('',(37.,-12.5,-21.65063509461));
#498 = DIRECTION('',(1.,0.,0.));
#499 = DIRECTION('',(-0.,0.,1.));
#500 = DEFINITIONAL_REPRESENTATION('',(#501),#505);
#501 = LINE('',#502,#503);
#502 = CARTESIAN_POINT('',(0.,6.));
#503 = VECTOR('',#504,1.);
#504 = DIRECTION('',(1.,0.));
#505 = ( GEOMETRIC_REPRESENTATION_CONTEXT(2) 
PARAMETRIC_REPRESENTATION_CONTEXT() REPRESENTATION_CONTEXT('2D SPACE',''
  ) );
#506 = FACE_BOUND('',#507,.T.);
#507 = EDGE_LOOP('',(#508));
#508 = ORIENTED_EDGE('',*,*,#509,.F.);
#509 = EDGE_CURVE('',#510,#510,#512,.T.);
#510 = VERTEX_POINT('',#511);
#511 = CARTESIAN_POINT('',(43.,-12.5,23.650635094611));
#512 = SURFACE_CURVE('',#513,(#518,#525),.PCURVE_S1.);
#513 = CIRCLE('',#514,2.);
#514 = AXIS2_PLACEMENT_3D('',#515,#516,#517);
#515 = CARTESIAN_POINT('',(43.,-12.5,21.650635094611));
#516 = DIRECTION('',(1.,0.,0.));
#517 = DIRECTION('',(-0.,0.,1.));
#518 = PCURVE('',#320,#519);
#519 = DEFINITIONAL_REPRESENTATION('',(#520),#524);
#520 = CIRCLE('',#521,2.);
#521 = AXIS2_PLACEMENT_2D('',#522,#523);
#522 = CARTESIAN_POINT('',(21.650635094611,12.5));
#523 = DIRECTION('',(1.,0.));
#524 = ( GEOMETRIC_REPRESENTATION_CONTEXT(2) 
PARAMETRIC_REPRESENTATION_CONTEXT() REPRESENTATION_CONTEXT('2D SPACE',''
  ) );
#525 = PCURVE('',#526,#531);
#526 = CYLINDRICAL_SURFACE('',#527,2.);
#527 = AXIS2_PLACEMENT_3D('',#528,#529,#530);
#528 = CARTESIAN_POINT('',(37.,-12.5,21.650635094611));
#529 = DIRECTION('',(1.,0.,0.));
#530 = DIRECTION('',(-0.,0.,1.));
#531 = DEFINITIONAL_REPRESENTATION('',(#532),#536);
#532 = LINE('',#533,#534);
#533 = CARTESIAN_POINT('',(0.,6.));
#534 = VECTOR('',#535,1.);
#535 = DIRECTION('',(1.,0.));
#536 = ( GEOMETRIC_REPRESENTATION_CONTEXT(2) 
PARAMETRIC_REPRESENTATION_CONTEXT() REPRESENTATION_CONTEXT('2D SPACE',''
  ) );
#537 = ADVANCED_FACE('',(#538,#541),#396,.F.);
#538 = FACE_BOUND('',#539,.F.);
#539 = EDGE_LOOP('',(#540));
#540 = ORIENTED_EDGE('',*,*,#381,.T.);
#541 = FACE_BOUND('',#542,.F.);
#542 = EDGE_LOOP('',(#543));
#543 = ORIENTED_EDGE('',*,*,#544,.F.);
#544 = EDGE_CURVE('',#545,#545,#547,.T.);
#545 = VERTEX_POINT('',#546);
#546 = CARTESIAN_POINT('',(4.,7.347880794884E-15,30.));
#547 = SURFACE_CURVE('',#548,(#553,#560),.PCURVE_S1.);
#548 = CIRCLE('',#549,30.);
#549 = AXIS2_PLACEMENT_3D('',#550,#551,#552);
#550 = CARTESIAN_POINT('',(4.,0.,0.));
#551 = DIRECTION('',(1.,0.,0.));
#552 = DIRECTION('',(-0.,0.,1.));
#553 = PCURVE('',#396,#554);
#554 = DEFINITIONAL_REPRESENTATION('',(#555),#559);
#555 = CIRCLE('',#556,30.);
#556 = AXIS2_PLACEMENT_2D('',#557,#558);
#557 = CARTESIAN_POINT('',(0.,0.));
#558 = DIRECTION('',(1.,0.));
#559 = ( GEOMETRIC_REPRESENTATION_CONTEXT(2) 
PARAMETRIC_REPRESENTATION_CONTEXT() REPRESENTATION_CONTEXT('2D SPACE',''
  ) );
#560 = PCURVE('',#561,#566);
#561 = CYLINDRICAL_SURFACE('',#562,30.);
#562 = AXIS2_PLACEMENT_3D('',#563,#564,#565);
#563 = CARTESIAN_POINT('',(-0.11,0.,0.));
#564 = DIRECTION('',(1.,0.,0.));
#565 = DIRECTION('',(-0.,0.,1.));
#566 = DEFINITIONAL_REPRESENTATION('',(#567),#571);
#567 = LINE('',#568,#569);
#568 = CARTESIAN_POINT('',(0.,4.11));
#569 = VECTOR('',#570,1.);
#570 = DIRECTION('',(1.,0.));
#571 = ( GEOMETRIC_REPRESENTATION_CONTEXT(2) 
PARAMETRIC_REPRESENTATION_CONTEXT() REPRESENTATION_CONTEXT('2D SPACE',''
  ) );
#572 = ADVANCED_FACE('',(#573),#433,.F.);
#573 = FACE_BOUND('',#574,.F.);
#574 = EDGE_LOOP('',(#575,#576,#599,#626));
#575 = ORIENTED_EDGE('',*,*,#416,.F.);
#576 = ORIENTED_EDGE('',*,*,#577,.F.);
#577 = EDGE_CURVE('',#578,#417,#580,.T.);
#578 = VERTEX_POINT('',#579);
#579 = CARTESIAN_POINT('',(37.,25.,2.));
#580 = SEAM_CURVE('',#581,(#585,#592),.PCURVE_S1.);
#581 = LINE('',#582,#583);
#582 = CARTESIAN_POINT('',(37.,25.,2.));
#583 = VECTOR('',#584,1.);
#584 = DIRECTION('',(1.,0.,0.));
#585 = PCURVE('',#433,#586);
#586 = DEFINITIONAL_REPRESENTATION('',(#587),#591);
#587 = LINE('',#588,#589);
#588 = CARTESIAN_POINT('',(6.28318530718,-0.));
#589 = VECTOR('',#590,1.);
#590 = DIRECTION('',(0.,1.));
#591 = ( GEOMETRIC_REPRESENTATION_CONTEXT(2) 
PARAMETRIC_REPRESENTATION_CONTEXT() REPRESENTATION_CONTEXT('2D SPACE',''
  ) );
#592 = PCURVE('',#433,#593);
#593 = DEFINITIONAL_REPRESENTATION('',(#594),#598);
#594 = LINE('',#595,#596);
#595 = CARTESIAN_POINT('',(0.,-0.));
#596 = VECTOR('',#597,1.);
#597 = DIRECTION('',(0.,1.));
#598 = ( GEOMETRIC_REPRESENTATION_CONTEXT(2) 
PARAMETRIC_REPRESENTATION_CONTEXT() REPRESENTATION_CONTEXT('2D SPACE',''
  ) );
#599 = ORIENTED_EDGE('',*,*,#600,.T.);
#600 = EDGE_CURVE('',#578,#578,#601,.T.);
#601 = SURFACE_CURVE('',#602,(#607,#614),.PCURVE_S1.);
#602 = CIRCLE('',#603,2.);
#603 = AXIS2_PLACEMENT_3D('',#604,#605,#606);
#604 = CARTESIAN_POINT('',(37.,25.,0.));
#605 = DIRECTION('',(1.,0.,0.));
#606 = DIRECTION('',(-0.,0.,1.));
#607 = PCURVE('',#433,#608);
#608 = DEFINITIONAL_REPRESENTATION('',(#609),#613);
#609 = LINE('',#610,#611);
#610 = CARTESIAN_POINT('',(0.,0.));
#611 = VECTOR('',#612,1.);
#612 = DIRECTION('',(1.,0.));
#613 = ( GEOMETRIC_REPRESENTATION_CONTEXT(2) 
PARAMETRIC_REPRESENTATION_CONTEXT() REPRESENTATION_CONTEXT('2D SPACE',''
  ) );
#614 = PCURVE('',#615,#620);
#615 = PLANE('',#616);
#616 = AXIS2_PLACEMENT_3D('',#617,#618,#619);
#617 = CARTESIAN_POINT('',(37.,25.,0.));
#618 = DIRECTION('',(1.,0.,0.));
#619 = DIRECTION('',(-0.,0.,1.));
#620 = DEFINITIONAL_REPRESENTATION('',(#621),#625);
#621 = CIRCLE('',#622,2.);
#622 = AXIS2_PLACEMENT_2D('',#623,#624);
#623 = CARTESIAN_POINT('',(0.,0.));
#624 = DIRECTION('',(1.,0.));
#625 = ( GEOMETRIC_REPRESENTATION_CONTEXT(2) 
PARAMETRIC_REPRESENTATION_CONTEXT() REPRESENTATION_CONTEXT('2D SPACE',''
  ) );
#626 = ORIENTED_EDGE('',*,*,#577,.T.);
#627 = ADVANCED_FACE('',(#628),#464,.F.);
#628 = FACE_BOUND('',#629,.F.);
#629 = EDGE_LOOP('',(#630,#631,#654,#681));
#630 = ORIENTED_EDGE('',*,*,#447,.F.);
#631 = ORIENTED_EDGE('',*,*,#632,.F.);
#632 = EDGE_CURVE('',#633,#448,#635,.T.);
#633 = VERTEX_POINT('',#634);
#634 = CARTESIAN_POINT('',(9.,2.694222958124E-15,11.));
#635 = SEAM_CURVE('',#636,(#640,#647),.PCURVE_S1.);
#636 = LINE('',#637,#638);
#637 = CARTESIAN_POINT('',(9.,2.694222958124E-15,11.));
#638 = VECTOR('',#639,1.);
#639 = DIRECTION('',(1.,0.,0.));
#640 = PCURVE('',#464,#641);
#641 = DEFINITIONAL_REPRESENTATION('',(#642),#646);
#642 = LINE('',#643,#644);
#643 = CARTESIAN_POINT('',(6.28318530718,-0.));
#644 = VECTOR('',#645,1.);
#645 = DIRECTION('',(0.,1.));
#646 = ( GEOMETRIC_REPRESENTATION_CONTEXT(2) 
PARAMETRIC_REPRESENTATION_CONTEXT() REPRESENTATION_CONTEXT('2D SPACE',''
  ) );
#647 = PCURVE('',#464,#648);
#648 = DEFINITIONAL_REPRESENTATION('',(#649),#653);
#649 = LINE('',#650,#651);
#650 = CARTESIAN_POINT('',(0.,-0.));
#651 = VECTOR('',#652,1.);
#652 = DIRECTION('',(0.,1.));
#653 = ( GEOMETRIC_REPRESENTATION_CONTEXT(2) 
PARAMETRIC_REPRESENTATION_CONTEXT() REPRESENTATION_CONTEXT('2D SPACE',''
  ) );
#654 = ORIENTED_EDGE('',*,*,#655,.T.);
#655 = EDGE_CURVE('',#633,#633,#656,.T.);
#656 = SURFACE_CURVE('',#657,(#662,#669),.PCURVE_S1.);
#657 = CIRCLE('',#658,11.);
#658 = AXIS2_PLACEMENT_3D('',#659,#660,#661);
#659 = CARTESIAN_POINT('',(9.,0.,0.));
#660 = DIRECTION('',(1.,0.,0.));
#661 = DIRECTION('',(-0.,0.,1.));
#662 = PCURVE('',#464,#663);
#663 = DEFINITIONAL_REPRESENTATION('',(#664),#668);
#664 = LINE('',#665,#666);
#665 = CARTESIAN_POINT('',(0.,0.));
#666 = VECTOR('',#667,1.);
#667 = DIRECTION('',(1.,0.));
#668 = ( GEOMETRIC_REPRESENTATION_CONTEXT(2) 
PARAMETRIC_REPRESENTATION_CONTEXT() REPRESENTATION_CONTEXT('2D SPACE',''
  ) );
#669 = PCURVE('',#670,#675);
#670 = PLANE('',#671);
#671 = AXIS2_PLACEMENT_3D('',#672,#673,#674);
#672 = CARTESIAN_POINT('',(9.,0.,0.));
#673 = DIRECTION('',(1.,0.,0.));
#674 = DIRECTION('',(-0.,0.,1.));
#675 = DEFINITIONAL_REPRESENTATION('',(#676),#680);
#676 = CIRCLE('',#677,11.);
#677 = AXIS2_PLACEMENT_2D('',#678,#679);
#678 = CARTESIAN_POINT('',(0.,0.));
#679 = DIRECTION('',(1.,0.));
#680 = ( GEOMETRIC_REPRESENTATION_CONTEXT(2) 
PARAMETRIC_REPRESENTATION_CONTEXT() REPRESENTATION_CONTEXT('2D SPACE',''
  ) );
#681 = ORIENTED_EDGE('',*,*,#632,.T.);
#682 = ADVANCED_FACE('',(#683),#495,.F.);
#683 = FACE_BOUND('',#684,.F.);
#684 = EDGE_LOOP('',(#685,#686,#709,#736));
#685 = ORIENTED_EDGE('',*,*,#478,.F.);
#686 = ORIENTED_EDGE('',*,*,#687,.F.);
#687 = EDGE_CURVE('',#688,#479,#690,.T.);
#688 = VERTEX_POINT('',#689);
#689 = CARTESIAN_POINT('',(37.,-12.5,-19.65063509461));
#690 = SEAM_CURVE('',#691,(#695,#702),.PCURVE_S1.);
#691 = LINE('',#692,#693);
#692 = CARTESIAN_POINT('',(37.,-12.5,-19.65063509461));
#693 = VECTOR('',#694,1.);
#694 = DIRECTION('',(1.,0.,0.));
#695 = PCURVE('',#495,#696);
#696 = DEFINITIONAL_REPRESENTATION('',(#697),#701);
#697 = LINE('',#698,#699);
#698 = CARTESIAN_POINT('',(6.28318530718,-0.));
#699 = VECTOR('',#700,1.);
#700 = DIRECTION('',(0.,1.));
#701 = ( GEOMETRIC_REPRESENTATION_CONTEXT(2) 
PARAMETRIC_REPRESENTATION_CONTEXT() REPRESENTATION_CONTEXT('2D SPACE',''
  ) );
#702 = PCURVE('',#495,#703);
#703 = DEFINITIONAL_REPRESENTATION('',(#704),#708);
#704 = LINE('',#705,#706);
#705 = CARTESIAN_POINT('',(0.,-0.));
#706 = VECTOR('',#707,1.);
#707 = DIRECTION('',(0.,1.));
#708 = ( GEOMETRIC_REPRESENTATION_CONTEXT(2) 
PARAMETRIC_REPRESENTATION_CONTEXT() REPRESENTATION_CONTEXT('2D SPACE',''
  ) );
#709 = ORIENTED_EDGE('',*,*,#710,.T.);
#710 = EDGE_CURVE('',#688,#688,#711,.T.);
#711 = SURFACE_CURVE('',#712,(#717,#724),.PCURVE_S1.);
#712 = CIRCLE('',#713,2.);
#713 = AXIS2_PLACEMENT_3D('',#714,#715,#716);
#714 = CARTESIAN_POINT('',(37.,-12.5,-21.65063509461));
#715 = DIRECTION('',(1.,0.,0.));
#716 = DIRECTION('',(-0.,0.,1.));
#717 = PCURVE('',#495,#718);
#718 = DEFINITIONAL_REPRESENTATION('',(#719),#723);
#719 = LINE('',#720,#721);
#720 = CARTESIAN_POINT('',(0.,0.));
#721 = VECTOR('',#722,1.);
#722 = DIRECTION('',(1.,0.));
#723 = ( GEOMETRIC_REPRESENTATION_CONTEXT(2) 
PARAMETRIC_REPRESENTATION_CONTEXT() REPRESENTATION_CONTEXT('2D SPACE',''
  ) );
#724 = PCURVE('',#725,#730);
#725 = PLANE('',#726);
#726 = AXIS2_PLACEMENT_3D('',#727,#728,#729);
#727 = CARTESIAN_POINT('',(37.,-12.5,-21.65063509461));
#728 = DIRECTION('',(1.,0.,0.));
#729 = DIRECTION('',(-0.,0.,1.));
#730 = DEFINITIONAL_REPRESENTATION('',(#731),#735);
#731 = CIRCLE('',#732,2.);
#732 = AXIS2_PLACEMENT_2D('',#733,#734);
#733 = CARTESIAN_POINT('',(0.,0.));
#734 = DIRECTION('',(1.,0.));
#735 = ( GEOMETRIC_REPRESENTATION_CONTEXT(2) 
PARAMETRIC_REPRESENTATION_CONTEXT() REPRESENTATION_CONTEXT('2D SPACE',''
  ) );
#736 = ORIENTED_EDGE('',*,*,#687,.T.);
#737 = ADVANCED_FACE('',(#738),#526,.F.);
#738 = FACE_BOUND('',#739,.F.);
#739 = EDGE_LOOP('',(#740,#741,#764,#791));
#740 = ORIENTED_EDGE('',*,*,#509,.F.);
#741 = ORIENTED_EDGE('',*,*,#742,.F.);
#742 = EDGE_CURVE('',#743,#510,#745,.T.);
#743 = VERTEX_POINT('',#744);
#744 = CARTESIAN_POINT('',(37.,-12.5,23.650635094611));
#745 = SEAM_CURVE('',#746,(#750,#757),.PCURVE_S1.);
#746 = LINE('',#747,#748);
#747 = CARTESIAN_POINT('',(37.,-12.5,23.650635094611));
#748 = VECTOR('',#749,1.);
#749 = DIRECTION('',(1.,0.,0.));
#750 = PCURVE('',#526,#751);
#751 = DEFINITIONAL_REPRESENTATION('',(#752),#756);
#752 = LINE('',#753,#754);
#753 = CARTESIAN_POINT('',(6.28318530718,-0.));
#754 = VECTOR('',#755,1.);
#755 = DIRECTION('',(0.,1.));
#756 = ( GEOMETRIC_REPRESENTATION_CONTEXT(2) 
PARAMETRIC_REPRESENTATION_CONTEXT() REPRESENTATION_CONTEXT('2D SPACE',''
  ) );
#757 = PCURVE('',#526,#758);
#758 = DEFINITIONAL_REPRESENTATION('',(#759),#763);
#759 = LINE('',#760,#761);
#760 = CARTESIAN_POINT('',(0.,-0.));
#761 = VECTOR('',#762,1.);
#762 = DIRECTION('',(0.,1.));
#763 = ( GEOMETRIC_REPRESENTATION_CONTEXT(2) 
PARAMETRIC_REPRESENTATION_CONTEXT() REPRESENTATION_CONTEXT('2D SPACE',''
  ) );
#764 = ORIENTED_EDGE('',*,*,#765,.T.);
#765 = EDGE_CURVE('',#743,#743,#766,.T.);
#766 = SURFACE_CURVE('',#767,(#772,#779),.PCURVE_S1.);
#767 = CIRCLE('',#768,2.);
#768 = AXIS2_PLACEMENT_3D('',#769,#770,#771);
#769 = CARTESIAN_POINT('',(37.,-12.5,21.650635094611));
#770 = DIRECTION('',(1.,0.,0.));
#771 = DIRECTION('',(-0.,0.,1.));
#772 = PCURVE('',#526,#773);
#773 = DEFINITIONAL_REPRESENTATION('',(#774),#778);
#774 = LINE('',#775,#776);
#775 = CARTESIAN_POINT('',(0.,0.));
#776 = VECTOR('',#777,1.);
#777 = DIRECTION('',(1.,0.));
#778 = ( GEOMETRIC_REPRESENTATION_CONTEXT(2) 
PARAMETRIC_REPRESENTATION_CONTEXT() REPRESENTATION_CONTEXT('2D SPACE',''
  ) );
#779 = PCURVE('',#780,#785);
#780 = PLANE('',#781);
#781 = AXIS2_PLACEMENT_3D('',#782,#783,#784);
#782 = CARTESIAN_POINT('',(37.,-12.5,21.650635094611));
#783 = DIRECTION('',(1.,0.,0.));
#784 = DIRECTION('',(-0.,0.,1.));
#785 = DEFINITIONAL_REPRESENTATION('',(#786),#790);
#786 = CIRCLE('',#787,2.);
#787 = AXIS2_PLACEMENT_2D('',#788,#789);
#788 = CARTESIAN_POINT('',(0.,0.));
#789 = DIRECTION('',(1.,0.));
#790 = ( GEOMETRIC_REPRESENTATION_CONTEXT(2) 
PARAMETRIC_REPRESENTATION_CONTEXT() REPRESENTATION_CONTEXT('2D SPACE',''
  ) );
#791 = ORIENTED_EDGE('',*,*,#742,.T.);
#792 = ADVANCED_FACE('',(#793),#561,.T.);
#793 = FACE_BOUND('',#794,.T.);
#794 = EDGE_LOOP('',(#795,#818,#819,#820));
#795 = ORIENTED_EDGE('',*,*,#796,.T.);
#796 = EDGE_CURVE('',#797,#545,#799,.T.);
#797 = VERTEX_POINT('',#798);
#798 = CARTESIAN_POINT('',(0.,7.347880794884E-15,30.));
#799 = SEAM_CURVE('',#800,(#804,#811),.PCURVE_S1.);
#800 = LINE('',#801,#802);
#801 = CARTESIAN_POINT('',(-0.11,7.347880794884E-15,30.));
#802 = VECTOR('',#803,1.);
#803 = DIRECTION('',(1.,0.,0.));
#804 = PCURVE('',#561,#805);
#805 = DEFINITIONAL_REPRESENTATION('',(#806),#810);
#806 = LINE('',#807,#808);
#807 = CARTESIAN_POINT('',(6.28318530718,-0.));
#808 = VECTOR('',#809,1.);
#809 = DIRECTION('',(0.,1.));
#810 = ( GEOMETRIC_REPRESENTATION_CONTEXT(2) 
PARAMETRIC_REPRESENTATION_CONTEXT() REPRESENTATION_CONTEXT('2D SPACE',''
  ) );
#811 = PCURVE('',#561,#812);
#812 = DEFINITIONAL_REPRESENTATION('',(#813),#817);
#813 = LINE('',#814,#815);
#814 = CARTESIAN_POINT('',(0.,-0.));
#815 = VECTOR('',#816,1.);
#816 = DIRECTION('',(0.,1.));
#817 = ( GEOMETRIC_REPRESENTATION_CONTEXT(2) 
PARAMETRIC_REPRESENTATION_CONTEXT() REPRESENTATION_CONTEXT('2D SPACE',''
  ) );
#818 = ORIENTED_EDGE('',*,*,#544,.F.);
#819 = ORIENTED_EDGE('',*,*,#796,.F.);
#820 = ORIENTED_EDGE('',*,*,#821,.T.);
#821 = EDGE_CURVE('',#797,#797,#822,.T.);
#822 = SURFACE_CURVE('',#823,(#828,#835),.PCURVE_S1.);
#823 = CIRCLE('',#824,30.);
#824 = AXIS2_PLACEMENT_3D('',#825,#826,#827);
#825 = CARTESIAN_POINT('',(0.,0.,0.));
#826 = DIRECTION('',(1.,0.,0.));
#827 = DIRECTION('',(-0.,0.,1.));
#828 = PCURVE('',#561,#829);
#829 = DEFINITIONAL_REPRESENTATION('',(#830),#834);
#830 = LINE('',#831,#832);
#831 = CARTESIAN_POINT('',(0.,0.11));
#832 = VECTOR('',#833,1.);
#833 = DIRECTION('',(1.,0.));
#834 = ( GEOMETRIC_REPRESENTATION_CONTEXT(2) 
PARAMETRIC_REPRESENTATION_CONTEXT() REPRESENTATION_CONTEXT('2D SPACE',''
  ) );
#835 = PCURVE('',#836,#841);
#836 = PLANE('',#837);
#837 = AXIS2_PLACEMENT_3D('',#838,#839,#840);
#838 = CARTESIAN_POINT('',(0.,0.,0.));
#839 = DIRECTION('',(1.,0.,0.));
#840 = DIRECTION('',(-0.,0.,1.));
#841 = DEFINITIONAL_REPRESENTATION('',(#842),#846);
#842 = CIRCLE('',#843,30.);
#843 = AXIS2_PLACEMENT_2D('',#844,#845);
#844 = CARTESIAN_POINT('',(0.,0.));
#845 = DIRECTION('',(1.,0.));
#846 = ( GEOMETRIC_REPRESENTATION_CONTEXT(2) 
PARAMETRIC_REPRESENTATION_CONTEXT() REPRESENTATION_CONTEXT('2D SPACE',''
  ) );
#847 = ADVANCED_FACE('',(#848),#615,.T.);
#848 = FACE_BOUND('',#849,.F.);
#849 = EDGE_LOOP('',(#850));
#850 = ORIENTED_EDGE('',*,*,#600,.F.);
#851 = ADVANCED_FACE('',(#852,#883),#670,.F.);
#852 = FACE_BOUND('',#853,.F.);
#853 = EDGE_LOOP('',(#854));
#854 = ORIENTED_EDGE('',*,*,#855,.T.);
#855 = EDGE_CURVE('',#856,#856,#858,.T.);
#856 = VERTEX_POINT('',#857);
#857 = CARTESIAN_POINT('',(9.,4.898587196589E-15,20.));
#858 = SURFACE_CURVE('',#859,(#864,#871),.PCURVE_S1.);
#859 = CIRCLE('',#860,20.);
#860 = AXIS2_PLACEMENT_3D('',#861,#862,#863);
#861 = CARTESIAN_POINT('',(9.,0.,0.));
#862 = DIRECTION('',(1.,0.,0.));
#863 = DIRECTION('',(-0.,0.,1.));
#864 = PCURVE('',#670,#865);
#865 = DEFINITIONAL_REPRESENTATION('',(#866),#870);
#866 = CIRCLE('',#867,20.);
#867 = AXIS2_PLACEMENT_2D('',#868,#869);
#868 = CARTESIAN_POINT('',(0.,0.));
#869 = DIRECTION('',(1.,0.));
#870 = ( GEOMETRIC_REPRESENTATION_CONTEXT(2) 
PARAMETRIC_REPRESENTATION_CONTEXT() REPRESENTATION_CONTEXT('2D SPACE',''
  ) );
#871 = PCURVE('',#872,#877);
#872 = CYLINDRICAL_SURFACE('',#873,20.);
#873 = AXIS2_PLACEMENT_3D('',#874,#875,#876);
#874 = CARTESIAN_POINT('',(3.,0.,0.));
#875 = DIRECTION('',(1.,0.,0.));
#876 = DIRECTION('',(-0.,0.,1.));
#877 = DEFINITIONAL_REPRESENTATION('',(#878),#882);
#878 = LINE('',#879,#880);
#879 = CARTESIAN_POINT('',(0.,6.));
#880 = VECTOR('',#881,1.);
#881 = DIRECTION('',(1.,0.));
#882 = ( GEOMETRIC_REPRESENTATION_CONTEXT(2) 
PARAMETRIC_REPRESENTATION_CONTEXT() REPRESENTATION_CONTEXT('2D SPACE',''
  ) );
#883 = FACE_BOUND('',#884,.F.);
#884 = EDGE_LOOP('',(#885));
#885 = ORIENTED_EDGE('',*,*,#655,.F.);
#886 = ADVANCED_FACE('',(#887),#725,.T.);
#887 = FACE_BOUND('',#888,.F.);
#888 = EDGE_LOOP('',(#889));
#889 = ORIENTED_EDGE('',*,*,#710,.F.);
#890 = ADVANCED_FACE('',(#891),#780,.T.);
#891 = FACE_BOUND('',#892,.F.);
#892 = EDGE_LOOP('',(#893));
#893 = ORIENTED_EDGE('',*,*,#765,.F.);
#894 = ADVANCED_FACE('',(#895,#898),#836,.F.);
#895 = FACE_BOUND('',#896,.F.);
#896 = EDGE_LOOP('',(#897));
#897 = ORIENTED_EDGE('',*,*,#821,.T.);
#898 = FACE_BOUND('',#899,.F.);
#899 = EDGE_LOOP('',(#900));
#900 = ORIENTED_EDGE('',*,*,#901,.F.);
#901 = EDGE_CURVE('',#902,#902,#904,.T.);
#902 = VERTEX_POINT('',#903);
#903 = CARTESIAN_POINT('',(0.,6.858022075225E-15,28.));
#904 = SURFACE_CURVE('',#905,(#910,#917),.PCURVE_S1.);
#905 = CIRCLE('',#906,28.);
#906 = AXIS2_PLACEMENT_3D('',#907,#908,#909);
#907 = CARTESIAN_POINT('',(0.,0.,0.));
#908 = DIRECTION('',(1.,0.,0.));
#909 = DIRECTION('',(-0.,0.,1.));
#910 = PCURVE('',#836,#911);
#911 = DEFINITIONAL_REPRESENTATION('',(#912),#916);
#912 = CIRCLE('',#913,28.);
#913 = AXIS2_PLACEMENT_2D('',#914,#915);
#914 = CARTESIAN_POINT('',(0.,0.));
#915 = DIRECTION('',(1.,0.));
#916 = ( GEOMETRIC_REPRESENTATION_CONTEXT(2) 
PARAMETRIC_REPRESENTATION_CONTEXT() REPRESENTATION_CONTEXT('2D SPACE',''
  ) );
#917 = PCURVE('',#918,#923);
#918 = CYLINDRICAL_SURFACE('',#919,28.);
#919 = AXIS2_PLACEMENT_3D('',#920,#921,#922);
#920 = CARTESIAN_POINT('',(-0.1,0.,0.));
#921 = DIRECTION('',(1.,0.,0.));
#922 = DIRECTION('',(-0.,0.,1.));
#923 = DEFINITIONAL_REPRESENTATION('',(#924),#928);
#924 = LINE('',#925,#926);
#925 = CARTESIAN_POINT('',(0.,0.1));
#926 = VECTOR('',#927,1.);
#927 = DIRECTION('',(1.,0.));
#928 = ( GEOMETRIC_REPRESENTATION_CONTEXT(2) 
PARAMETRIC_REPRESENTATION_CONTEXT() REPRESENTATION_CONTEXT('2D SPACE',''
  ) );
#929 = ADVANCED_FACE('',(#930),#872,.F.);
#930 = FACE_BOUND('',#931,.F.);
#931 = EDGE_LOOP('',(#932,#933,#956,#983));
#932 = ORIENTED_EDGE('',*,*,#855,.F.);
#933 = ORIENTED_EDGE('',*,*,#934,.F.);
#934 = EDGE_CURVE('',#935,#856,#937,.T.);
#935 = VERTEX_POINT('',#936);
#936 = CARTESIAN_POINT('',(3.,4.898587196589E-15,20.));
#937 = SEAM_CURVE('',#938,(#942,#949),.PCURVE_S1.);
#938 = LINE('',#939,#940);
#939 = CARTESIAN_POINT('',(3.,4.898587196589E-15,20.));
#940 = VECTOR('',#941,1.);
#941 = DIRECTION('',(1.,0.,0.));
#942 = PCURVE('',#872,#943);
#943 = DEFINITIONAL_REPRESENTATION('',(#944),#948);
#944 = LINE('',#945,#946);
#945 = CARTESIAN_POINT('',(6.28318530718,-0.));
#946 = VECTOR('',#947,1.);
#947 = DIRECTION('',(0.,1.));
#948 = ( GEOMETRIC_REPRESENTATION_CONTEXT(2) 
PARAMETRIC_REPRESENTATION_CONTEXT() REPRESENTATION_CONTEXT('2D SPACE',''
  ) );
#949 = PCURVE('',#872,#950);
#950 = DEFINITIONAL_REPRESENTATION('',(#951),#955);
#951 = LINE('',#952,#953);
#952 = CARTESIAN_POINT('',(0.,-0.));
#953 = VECTOR('',#954,1.);
#954 = DIRECTION('',(0.,1.));
#955 = ( GEOMETRIC_REPRESENTATION_CONTEXT(2) 
PARAMETRIC_REPRESENTATION_CONTEXT() REPRESENTATION_CONTEXT('2D SPACE',''
  ) );
#956 = ORIENTED_EDGE('',*,*,#957,.T.);
#957 = EDGE_CURVE('',#935,#935,#958,.T.);
#958 = SURFACE_CURVE('',#959,(#964,#971),.PCURVE_S1.);
#959 = CIRCLE('',#960,20.);
#960 = AXIS2_PLACEMENT_3D('',#961,#962,#963);
#961 = CARTESIAN_POINT('',(3.,0.,0.));
#962 = DIRECTION('',(1.,0.,0.));
#963 = DIRECTION('',(-0.,0.,1.));
#964 = PCURVE('',#872,#965);
#965 = DEFINITIONAL_REPRESENTATION('',(#966),#970);
#966 = LINE('',#967,#968);
#967 = CARTESIAN_POINT('',(0.,0.));
#968 = VECTOR('',#969,1.);
#969 = DIRECTION('',(1.,0.));
#970 = ( GEOMETRIC_REPRESENTATION_CONTEXT(2) 
PARAMETRIC_REPRESENTATION_CONTEXT() REPRESENTATION_CONTEXT('2D SPACE',''
  ) );
#971 = PCURVE('',#972,#977);
#972 = PLANE('',#973);
#973 = AXIS2_PLACEMENT_3D('',#974,#975,#976);
#974 = CARTESIAN_POINT('',(3.,0.,0.));
#975 = DIRECTION('',(1.,0.,0.));
#976 = DIRECTION('',(-0.,0.,1.));
#977 = DEFINITIONAL_REPRESENTATION('',(#978),#982);
#978 = CIRCLE('',#979,20.);
#979 = AXIS2_PLACEMENT_2D('',#980,#981);
#980 = CARTESIAN_POINT('',(0.,0.));
#981 = DIRECTION('',(1.,0.));
#982 = ( GEOMETRIC_REPRESENTATION_CONTEXT(2) 
PARAMETRIC_REPRESENTATION_CONTEXT() REPRESENTATION_CONTEXT('2D SPACE',''
  ) );
#983 = ORIENTED_EDGE('',*,*,#934,.T.);
#984 = ADVANCED_FACE('',(#985),#918,.F.);
#985 = FACE_BOUND('',#986,.F.);
#986 = EDGE_LOOP('',(#987,#1010,#1032,#1033));
#987 = ORIENTED_EDGE('',*,*,#988,.T.);
#988 = EDGE_CURVE('',#902,#989,#991,.T.);
#989 = VERTEX_POINT('',#990);
#990 = CARTESIAN_POINT('',(3.,6.858022075225E-15,28.));
#991 = SEAM_CURVE('',#992,(#996,#1003),.PCURVE_S1.);
#992 = LINE('',#993,#994);
#993 = CARTESIAN_POINT('',(-0.1,6.858022075225E-15,28.));
#994 = VECTOR('',#995,1.);
#995 = DIRECTION('',(1.,0.,0.));
#996 = PCURVE('',#918,#997);
#997 = DEFINITIONAL_REPRESENTATION('',(#998),#1002);
#998 = LINE('',#999,#1000);
#999 = CARTESIAN_POINT('',(6.28318530718,-0.));
#1000 = VECTOR('',#1001,1.);
#1001 = DIRECTION('',(0.,1.));
#1002 = ( GEOMETRIC_REPRESENTATION_CONTEXT(2) 
PARAMETRIC_REPRESENTATION_CONTEXT() REPRESENTATION_CONTEXT('2D SPACE',''
  ) );
#1003 = PCURVE('',#918,#1004);
#1004 = DEFINITIONAL_REPRESENTATION('',(#1005),#1009);
#1005 = LINE('',#1006,#1007);
#1006 = CARTESIAN_POINT('',(0.,-0.));
#1007 = VECTOR('',#1008,1.);
#1008 = DIRECTION('',(0.,1.));
#1009 = ( GEOMETRIC_REPRESENTATION_CONTEXT(2) 
PARAMETRIC_REPRESENTATION_CONTEXT() REPRESENTATION_CONTEXT('2D SPACE',''
  ) );
#1010 = ORIENTED_EDGE('',*,*,#1011,.F.);
#1011 = EDGE_CURVE('',#989,#989,#1012,.T.);
#1012 = SURFACE_CURVE('',#1013,(#1018,#1025),.PCURVE_S1.);
#1013 = CIRCLE('',#1014,28.);
#1014 = AXIS2_PLACEMENT_3D('',#1015,#1016,#1017);
#1015 = CARTESIAN_POINT('',(3.,0.,0.));
#1016 = DIRECTION('',(1.,0.,0.));
#1017 = DIRECTION('',(-0.,0.,1.));
#1018 = PCURVE('',#918,#1019);
#1019 = DEFINITIONAL_REPRESENTATION('',(#1020),#1024);
#1020 = LINE('',#1021,#1022);
#1021 = CARTESIAN_POINT('',(0.,3.1));
#1022 = VECTOR('',#1023,1.);
#1023 = DIRECTION('',(1.,0.));
#1024 = ( GEOMETRIC_REPRESENTATION_CONTEXT(2) 
PARAMETRIC_REPRESENTATION_CONTEXT() REPRESENTATION_CONTEXT('2D SPACE',''
  ) );
#1025 = PCURVE('',#972,#1026);
#1026 = DEFINITIONAL_REPRESENTATION('',(#1027),#1031);
#1027 = CIRCLE('',#1028,28.);
#1028 = AXIS2_PLACEMENT_2D('',#1029,#1030);
#1029 = CARTESIAN_POINT('',(0.,0.));
#1030 = DIRECTION('',(1.,0.));
#1031 = ( GEOMETRIC_REPRESENTATION_CONTEXT(2) 
PARAMETRIC_REPRESENTATION_CONTEXT() REPRESENTATION_CONTEXT('2D SPACE',''
  ) );
#1032 = ORIENTED_EDGE('',*,*,#988,.F.);
#1033 = ORIENTED_EDGE('',*,*,#901,.T.);
#1034 = ADVANCED_FACE('',(#1035,#1038),#972,.F.);
#1035 = FACE_BOUND('',#1036,.F.);
#1036 = EDGE_LOOP('',(#1037));
#1037 = ORIENTED_EDGE('',*,*,#1011,.T.);
#1038 = FACE_BOUND('',#1039,.F.);
#1039 = EDGE_LOOP('',(#1040));
#1040 = ORIENTED_EDGE('',*,*,#957,.F.);
#1041 = ORIENTED_CLOSED_SHELL('',*,#1042,.F.);
#1042 = CLOSED_SHELL('',(#1043,#1131,#1166,#1196));
#1043 = ADVANCED_FACE('',(#1044),#1057,.T.);
#1044 = FACE_BOUND('',#1045,.T.);
#1045 = EDGE_LOOP('',(#1046,#1080,#1103,#1130));
#1046 = ORIENTED_EDGE('',*,*,#1047,.F.);
#1047 = EDGE_CURVE('',#1048,#1048,#1050,.T.);
#1048 = VERTEX_POINT('',#1049);
#1049 = CARTESIAN_POINT('',(30.,7.592810154714E-15,31.));
#1050 = SURFACE_CURVE('',#1051,(#1056,#1068),.PCURVE_S1.);
#1051 = CIRCLE('',#1052,31.);
#1052 = AXIS2_PLACEMENT_3D('',#1053,#1054,#1055);
#1053 = CARTESIAN_POINT('',(30.,0.,0.));
#1054 = DIRECTION('',(1.,0.,0.));
#1055 = DIRECTION('',(-0.,0.,1.));
#1056 = PCURVE('',#1057,#1062);
#1057 = CYLINDRICAL_SURFACE('',#1058,31.);
#1058 = AXIS2_PLACEMENT_3D('',#1059,#1060,#1061);
#1059 = CARTESIAN_POINT('',(6.,0.,0.));
#1060 = DIRECTION('',(1.,0.,0.));
#1061 = DIRECTION('',(-0.,0.,1.));
#1062 = DEFINITIONAL_REPRESENTATION('',(#1063),#1067);
#1063 = LINE('',#1064,#1065);
#1064 = CARTESIAN_POINT('',(0.,24.));
#1065 = VECTOR('',#1066,1.);
#1066 = DIRECTION('',(1.,0.));
#1067 = ( GEOMETRIC_REPRESENTATION_CONTEXT(2) 
PARAMETRIC_REPRESENTATION_CONTEXT() REPRESENTATION_CONTEXT('2D SPACE',''
  ) );
#1068 = PCURVE('',#1069,#1074);
#1069 = PLANE('',#1070);
#1070 = AXIS2_PLACEMENT_3D('',#1071,#1072,#1073);
#1071 = CARTESIAN_POINT('',(30.,0.,0.));
#1072 = DIRECTION('',(1.,0.,0.));
#1073 = DIRECTION('',(-0.,0.,1.));
#1074 = DEFINITIONAL_REPRESENTATION('',(#1075),#1079);
#1075 = CIRCLE('',#1076,31.);
#1076 = AXIS2_PLACEMENT_2D('',#1077,#1078);
#1077 = CARTESIAN_POINT('',(0.,0.));
#1078 = DIRECTION('',(1.,0.));
#1079 = ( GEOMETRIC_REPRESENTATION_CONTEXT(2) 
PARAMETRIC_REPRESENTATION_CONTEXT() REPRESENTATION_CONTEXT('2D SPACE',''
  ) );
#1080 = ORIENTED_EDGE('',*,*,#1081,.F.);
#1081 = EDGE_CURVE('',#1082,#1048,#1084,.T.);
#1082 = VERTEX_POINT('',#1083);
#1083 = CARTESIAN_POINT('',(6.,7.592810154714E-15,31.));
#1084 = SEAM_CURVE('',#1085,(#1089,#1096),.PCURVE_S1.);
#1085 = LINE('',#1086,#1087);
#1086 = CARTESIAN_POINT('',(6.,7.592810154714E-15,31.));
#1087 = VECTOR('',#1088,1.);
#1088 = DIRECTION('',(1.,0.,0.));
#1089 = PCURVE('',#1057,#1090);
#1090 = DEFINITIONAL_REPRESENTATION('',(#1091),#1095);
#1091 = LINE('',#1092,#1093);
#1092 = CARTESIAN_POINT('',(6.28318530718,-0.));
#1093 = VECTOR('',#1094,1.);
#1094 = DIRECTION('',(0.,1.));
#1095 = ( GEOMETRIC_REPRESENTATION_CONTEXT(2) 
PARAMETRIC_REPRESENTATION_CONTEXT() REPRESENTATION_CONTEXT('2D SPACE',''
  ) );
#1096 = PCURVE('',#1057,#1097);
#1097 = DEFINITIONAL_REPRESENTATION('',(#1098),#1102);
#1098 = LINE('',#1099,#1100);
#1099 = CARTESIAN_POINT('',(0.,-0.));
#1100 = VECTOR('',#1101,1.);
#1101 = DIRECTION('',(0.,1.));
#1102 = ( GEOMETRIC_REPRESENTATION_CONTEXT(2) 
PARAMETRIC_REPRESENTATION_CONTEXT() REPRESENTATION_CONTEXT('2D SPACE',''
  ) );
#1103 = ORIENTED_EDGE('',*,*,#1104,.T.);
#1104 = EDGE_CURVE('',#1082,#1082,#1105,.T.);
#1105 = SURFACE_CURVE('',#1106,(#1111,#1118),.PCURVE_S1.);
#1106 = CIRCLE('',#1107,31.);
#1107 = AXIS2_PLACEMENT_3D('',#1108,#1109,#1110);
#1108 = CARTESIAN_POINT('',(6.,0.,0.));
#1109 = DIRECTION('',(1.,0.,0.));
#1110 = DIRECTION('',(-0.,0.,1.));
#1111 = PCURVE('',#1057,#1112);
#1112 = DEFINITIONAL_REPRESENTATION('',(#1113),#1117);
#1113 = LINE('',#1114,#1115);
#1114 = CARTESIAN_POINT('',(0.,0.));
#1115 = VECTOR('',#1116,1.);
#1116 = DIRECTION('',(1.,0.));
#1117 = ( GEOMETRIC_REPRESENTATION_CONTEXT(2) 
PARAMETRIC_REPRESENTATION_CONTEXT() REPRESENTATION_CONTEXT('2D SPACE',''
  ) );
#1118 = PCURVE('',#1119,#1124);
#1119 = PLANE('',#1120);
#1120 = AXIS2_PLACEMENT_3D('',#1121,#1122,#1123);
#1121 = CARTESIAN_POINT('',(6.,0.,0.));
#1122 = DIRECTION('',(1.,0.,0.));
#1123 = DIRECTION('',(-0.,0.,1.));
#1124 = DEFINITIONAL_REPRESENTATION('',(#1125),#1129);
#1125 = CIRCLE('',#1126,31.);
#1126 = AXIS2_PLACEMENT_2D('',#1127,#1128);
#1127 = CARTESIAN_POINT('',(0.,0.));
#1128 = DIRECTION('',(1.,0.));
#1129 = ( GEOMETRIC_REPRESENTATION_CONTEXT(2) 
PARAMETRIC_REPRESENTATION_CONTEXT() REPRESENTATION_CONTEXT('2D SPACE',''
  ) );
#1130 = ORIENTED_EDGE('',*,*,#1081,.T.);
#1131 = ADVANCED_FACE('',(#1132,#1135),#1069,.T.);
#1132 = FACE_BOUND('',#1133,.T.);
#1133 = EDGE_LOOP('',(#1134));
#1134 = ORIENTED_EDGE('',*,*,#1047,.T.);
#1135 = FACE_BOUND('',#1136,.T.);
#1136 = EDGE_LOOP('',(#1137));
#1137 = ORIENTED_EDGE('',*,*,#1138,.F.);
#1138 = EDGE_CURVE('',#1139,#1139,#1141,.T.);
#1139 = VERTEX_POINT('',#1140);
#1140 = CARTESIAN_POINT('',(30.,5.388445916248E-15,22.));
#1141 = SURFACE_CURVE('',#1142,(#1147,#1154),.PCURVE_S1.);
#1142 = CIRCLE('',#1143,22.);
#1143 = AXIS2_PLACEMENT_3D('',#1144,#1145,#1146);
#1144 = CARTESIAN_POINT('',(30.,0.,0.));
#1145 = DIRECTION('',(1.,0.,0.));
#1146 = DIRECTION('',(-0.,0.,1.));
#1147 = PCURVE('',#1069,#1148);
#1148 = DEFINITIONAL_REPRESENTATION('',(#1149),#1153);
#1149 = CIRCLE('',#1150,22.);
#1150 = AXIS2_PLACEMENT_2D('',#1151,#1152);
#1151 = CARTESIAN_POINT('',(0.,0.));
#1152 = DIRECTION('',(1.,0.));
#1153 = ( GEOMETRIC_REPRESENTATION_CONTEXT(2) 
PARAMETRIC_REPRESENTATION_CONTEXT() REPRESENTATION_CONTEXT('2D SPACE',''
  ) );
#1154 = PCURVE('',#1155,#1160);
#1155 = CYLINDRICAL_SURFACE('',#1156,22.);
#1156 = AXIS2_PLACEMENT_3D('',#1157,#1158,#1159);
#1157 = CARTESIAN_POINT('',(5.99,0.,0.));
#1158 = DIRECTION('',(1.,0.,0.));
#1159 = DIRECTION('',(-0.,0.,1.));
#1160 = DEFINITIONAL_REPRESENTATION('',(#1161),#1165);
#1161 = LINE('',#1162,#1163);
#1162 = CARTESIAN_POINT('',(0.,24.01));
#1163 = VECTOR('',#1164,1.);
#1164 = DIRECTION('',(1.,0.));
#1165 = ( GEOMETRIC_REPRESENTATION_CONTEXT(2) 
PARAMETRIC_REPRESENTATION_CONTEXT() REPRESENTATION_CONTEXT('2D SPACE',''
  ) );
#1166 = ADVANCED_FACE('',(#1167,#1170),#1119,.F.);
#1167 = FACE_BOUND('',#1168,.F.);
#1168 = EDGE_LOOP('',(#1169));
#1169 = ORIENTED_EDGE('',*,*,#1104,.T.);
#1170 = FACE_BOUND('',#1171,.F.);
#1171 = EDGE_LOOP('',(#1172));
#1172 = ORIENTED_EDGE('',*,*,#1173,.F.);
#1173 = EDGE_CURVE('',#1174,#1174,#1176,.T.);
#1174 = VERTEX_POINT('',#1175);
#1175 = CARTESIAN_POINT('',(6.,5.388445916248E-15,22.));
#1176 = SURFACE_CURVE('',#1177,(#1182,#1189),.PCURVE_S1.);
#1177 = CIRCLE('',#1178,22.);
#1178 = AXIS2_PLACEMENT_3D('',#1179,#1180,#1181);
#1179 = CARTESIAN_POINT('',(6.,0.,0.));
#1180 = DIRECTION('',(1.,0.,0.));
#1181 = DIRECTION('',(-0.,0.,1.));
#1182 = PCURVE('',#1119,#1183);
#1183 = DEFINITIONAL_REPRESENTATION('',(#1184),#1188);
#1184 = CIRCLE('',#1185,22.);
#1185 = AXIS2_PLACEMENT_2D('',#1186,#1187);
#1186 = CARTESIAN_POINT('',(0.,0.));
#1187 = DIRECTION('',(1.,0.));
#1188 = ( GEOMETRIC_REPRESENTATION_CONTEXT(2) 
PARAMETRIC_REPRESENTATION_CONTEXT() REPRESENTATION_CONTEXT('2D SPACE',''
  ) );
#1189 = PCURVE('',#1155,#1190);
#1190 = DEFINITIONAL_REPRESENTATION('',(#1191),#1195);
#1191 = LINE('',#1192,#1193);
#1192 = CARTESIAN_POINT('',(0.,1.E-02));
#1193 = VECTOR('',#1194,1.);
#1194 = DIRECTION('',(1.,0.));
#1195 = ( GEOMETRIC_REPRESENTATION_CONTEXT(2) 
PARAMETRIC_REPRESENTATION_CONTEXT() REPRESENTATION_CONTEXT('2D SPACE',''
  ) );
#1196 = ADVANCED_FACE('',(#1197),#1155,.F.);
#1197 = FACE_BOUND('',#1198,.F.);
#1198 = EDGE_LOOP('',(#1199,#1200,#1221,#1222));
#1199 = ORIENTED_EDGE('',*,*,#1138,.F.);
#1200 = ORIENTED_EDGE('',*,*,#1201,.F.);
#1201 = EDGE_CURVE('',#1174,#1139,#1202,.T.);
#1202 = SEAM_CURVE('',#1203,(#1207,#1214),.PCURVE_S1.);
#1203 = LINE('',#1204,#1205);
#1204 = CARTESIAN_POINT('',(5.99,5.388445916248E-15,22.));
#1205 = VECTOR('',#1206,1.);
#1206 = DIRECTION('',(1.,0.,0.));
#1207 = PCURVE('',#1155,#1208);
#1208 = DEFINITIONAL_REPRESENTATION('',(#1209),#1213);
#1209 = LINE('',#1210,#1211);
#1210 = CARTESIAN_POINT('',(6.28318530718,-0.));
#1211 = VECTOR('',#1212,1.);
#1212 = DIRECTION('',(0.,1.));
#1213 = ( GEOMETRIC_REPRESENTATION_CONTEXT(2) 
PARAMETRIC_REPRESENTATION_CONTEXT() REPRESENTATION_CONTEXT('2D SPACE',''
  ) );
#1214 = PCURVE('',#1155,#1215);
#1215 = DEFINITIONAL_REPRESENTATION('',(#1216),#1220);
#1216 = LINE('',#1217,#1218);
#1217 = CARTESIAN_POINT('',(0.,-0.));
#1218 = VECTOR('',#1219,1.);
#1219 = DIRECTION('',(0.,1.));
#1220 = ( GEOMETRIC_REPRESENTATION_CONTEXT(2) 
PARAMETRIC_REPRESENTATION_CONTEXT() REPRESENTATION_CONTEXT('2D SPACE',''
  ) );
#1221 = ORIENTED_EDGE('',*,*,#1173,.T.);
#1222 = ORIENTED_EDGE('',*,*,#1201,.T.);
#1223 = ( GEOMETRIC_REPRESENTATION_CONTEXT(3) 
GLOBAL_UNCERTAINTY_ASSIGNED_CONTEXT((#1227)) 
GLOBAL_UNIT_ASSIGNED_CONTEXT((#1224,#1225,#1226)) REPRESENTATION_CONTEXT
('Context #1','3D Context with UNIT and UNCERTAINTY') );
#1224 = ( LENGTH_UNIT() NAMED_UNIT(*) SI_UNIT(.MILLI.,.METRE.) );
#1225 = ( NAMED_UNIT(*) PLANE_ANGLE_UNIT() SI_UNIT($,.RADIAN.) );
#1226 = ( NAMED_UNIT(*) SI_UNIT($,.STERADIAN.) SOLID_ANGLE_UNIT() );
#1227 = UNCERTAINTY_MEASURE_WITH_UNIT(LENGTH_MEASURE(1.E-07),#1224,
  'distance_accuracy_value','confusion accuracy');
#1228 = CONTEXT_DEPENDENT_SHAPE_REPRESENTATION(#1229,#1231);
#1229 = ( REPRESENTATION_RELATIONSHIP('','',#84,#10) 
REPRESENTATION_RELATIONSHIP_WITH_TRANSFORMATION(#1230) 
SHAPE_REPRESENTATION_RELATIONSHIP() );
#1230 = ITEM_DEFINED_TRANSFORMATION('','',#11,#15);
#1231 = PRODUCT_DEFINITION_SHAPE('Placement','Placement of an item',
  #1232);
#1232 = NEXT_ASSEMBLY_USAGE_OCCURRENCE('1','01_Nose_cap','',#5,#79,$);
#1233 = PRODUCT_RELATED_PRODUCT_CATEGORY('part',$,(#81));
#1234 = SHAPE_DEFINITION_REPRESENTATION(#1235,#1241);
#1235 = PRODUCT_DEFINITION_SHAPE('','',#1236);
#1236 = PRODUCT_DEFINITION('design','',#1237,#1240);
#1237 = PRODUCT_DEFINITION_FORMATION('','',#1238);
#1238 = PRODUCT('02_Main_body','02_Main_body','',(#1239));
#1239 = PRODUCT_CONTEXT('',#2,'mechanical');
#1240 = PRODUCT_DEFINITION_CONTEXT('part definition',#2,'design');
#1241 = ADVANCED_BREP_SHAPE_REPRESENTATION('',(#11,#1242),#3041);
#1242 = MANIFOLD_SOLID_BREP('',#1243);
#1243 = CLOSED_SHELL('',(#1244,#1470,#1505,#1587,#1642,#1697,#1730,#1765
    ,#2168,#2223,#2272,#2400,#2407,#2483,#2533,#2582,#2609,#2685,#2735,
    #2784,#2811,#2919,#2946,#2973,#3000,#3027,#3034));
#1244 = ADVANCED_FACE('',(#1245,#1332),#1258,.T.);
#1245 = FACE_BOUND('',#1246,.T.);
#1246 = EDGE_LOOP('',(#1247,#1281,#1304,#1331));
#1247 = ORIENTED_EDGE('',*,*,#1248,.T.);
#1248 = EDGE_CURVE('',#1249,#1249,#1251,.T.);
#1249 = VERTEX_POINT('',#1250);
#1250 = CARTESIAN_POINT('',(35.,8.572527594031E-15,35.));
#1251 = SURFACE_CURVE('',#1252,(#1257,#1269),.PCURVE_S1.);
#1252 = CIRCLE('',#1253,35.);
#1253 = AXIS2_PLACEMENT_3D('',#1254,#1255,#1256);
#1254 = CARTESIAN_POINT('',(35.,0.,0.));
#1255 = DIRECTION('',(1.,0.,0.));
#1256 = DIRECTION('',(-0.,0.,1.));
#1257 = PCURVE('',#1258,#1263);
#1258 = CONICAL_SURFACE('',#1259,35.,9.966865249116E-02);
#1259 = AXIS2_PLACEMENT_3D('',#1260,#1261,#1262);
#1260 = CARTESIAN_POINT('',(35.,0.,0.));
#1261 = DIRECTION('',(-1.,-0.,-0.));
#1262 = DIRECTION('',(-0.,0.,1.));
#1263 = DEFINITIONAL_REPRESENTATION('',(#1264),#1268);
#1264 = LINE('',#1265,#1266);
#1265 = CARTESIAN_POINT('',(-0.,-0.));
#1266 = VECTOR('',#1267,1.);
#1267 = DIRECTION('',(-1.,-0.));
#1268 = ( GEOMETRIC_REPRESENTATION_CONTEXT(2) 
PARAMETRIC_REPRESENTATION_CONTEXT() REPRESENTATION_CONTEXT('2D SPACE',''
  ) );
#1269 = PCURVE('',#1270,#1275);
#1270 = PLANE('',#1271);
#1271 = AXIS2_PLACEMENT_3D('',#1272,#1273,#1274);
#1272 = CARTESIAN_POINT('',(35.,0.,0.));
#1273 = DIRECTION('',(1.,0.,0.));
#1274 = DIRECTION('',(-0.,0.,1.));
#1275 = DEFINITIONAL_REPRESENTATION('',(#1276),#1280);
#1276 = CIRCLE('',#1277,35.);
#1277 = AXIS2_PLACEMENT_2D('',#1278,#1279);
#1278 = CARTESIAN_POINT('',(0.,0.));
#1279 = DIRECTION('',(1.,0.));
#1280 = ( GEOMETRIC_REPRESENTATION_CONTEXT(2) 
PARAMETRIC_REPRESENTATION_CONTEXT() REPRESENTATION_CONTEXT('2D SPACE',''
  ) );
#1281 = ORIENTED_EDGE('',*,*,#1282,.T.);
#1282 = EDGE_CURVE('',#1249,#1283,#1285,.T.);
#1283 = VERTEX_POINT('',#1284);
#1284 = CARTESIAN_POINT('',(135.,6.123233995737E-15,25.));
#1285 = SEAM_CURVE('',#1286,(#1290,#1297),.PCURVE_S1.);
#1286 = LINE('',#1287,#1288);
#1287 = CARTESIAN_POINT('',(35.,8.572527594031E-15,35.));
#1288 = VECTOR('',#1289,1.);
#1289 = DIRECTION('',(0.99503719021,-2.437138220046E-17,
    -9.9503719021E-02));
#1290 = PCURVE('',#1258,#1291);
#1291 = DEFINITIONAL_REPRESENTATION('',(#1292),#1296);
#1292 = LINE('',#1293,#1294);
#1293 = CARTESIAN_POINT('',(-6.28318530718,0.));
#1294 = VECTOR('',#1295,1.);
#1295 = DIRECTION('',(-0.,-1.));
#1296 = ( GEOMETRIC_REPRESENTATION_CONTEXT(2) 
PARAMETRIC_REPRESENTATION_CONTEXT() REPRESENTATION_CONTEXT('2D SPACE',''
  ) );
#1297 = PCURVE('',#1258,#1298);
#1298 = DEFINITIONAL_REPRESENTATION('',(#1299),#1303);
#1299 = LINE('',#1300,#1301);
#1300 = CARTESIAN_POINT('',(0.,-0.));
#1301 = VECTOR('',#1302,1.);
#1302 = DIRECTION('',(-0.,-1.));
#1303 = ( GEOMETRIC_REPRESENTATION_CONTEXT(2) 
PARAMETRIC_REPRESENTATION_CONTEXT() REPRESENTATION_CONTEXT('2D SPACE',''
  ) );
#1304 = ORIENTED_EDGE('',*,*,#1305,.F.);
#1305 = EDGE_CURVE('',#1283,#1283,#1306,.T.);
#1306 = SURFACE_CURVE('',#1307,(#1312,#1319),.PCURVE_S1.);
#1307 = CIRCLE('',#1308,25.);
#1308 = AXIS2_PLACEMENT_3D('',#1309,#1310,#1311);
#1309 = CARTESIAN_POINT('',(135.,0.,0.));
#1310 = DIRECTION('',(1.,0.,0.));
#1311 = DIRECTION('',(-0.,0.,1.));
#1312 = PCURVE('',#1258,#1313);
#1313 = DEFINITIONAL_REPRESENTATION('',(#1314),#1318);
#1314 = LINE('',#1315,#1316);
#1315 = CARTESIAN_POINT('',(-0.,-100.));
#1316 = VECTOR('',#1317,1.);
#1317 = DIRECTION('',(-1.,-0.));
#1318 = ( GEOMETRIC_REPRESENTATION_CONTEXT(2) 
PARAMETRIC_REPRESENTATION_CONTEXT() REPRESENTATION_CONTEXT('2D SPACE',''
  ) );
#1319 = PCURVE('',#1320,#1325);
#1320 = PLANE('',#1321);
#1321 = AXIS2_PLACEMENT_3D('',#1322,#1323,#1324);
#1322 = CARTESIAN_POINT('',(135.,0.,0.));
#1323 = DIRECTION('',(1.,0.,0.));
#1324 = DIRECTION('',(-0.,0.,1.));
#1325 = DEFINITIONAL_REPRESENTATION('',(#1326),#1330);
#1326 = CIRCLE('',#1327,25.);
#1327 = AXIS2_PLACEMENT_2D('',#1328,#1329);
#1328 = CARTESIAN_POINT('',(0.,0.));
#1329 = DIRECTION('',(1.,0.));
#1330 = ( GEOMETRIC_REPRESENTATION_CONTEXT(2) 
PARAMETRIC_REPRESENTATION_CONTEXT() REPRESENTATION_CONTEXT('2D SPACE',''
  ) );
#1331 = ORIENTED_EDGE('',*,*,#1282,.F.);
#1332 = FACE_BOUND('',#1333,.T.);
#1333 = EDGE_LOOP('',(#1334,#1370,#1404,#1438));
#1334 = ORIENTED_EDGE('',*,*,#1335,.T.);
#1335 = EDGE_CURVE('',#1336,#1338,#1340,.T.);
#1336 = VERTEX_POINT('',#1337);
#1337 = CARTESIAN_POINT('',(75.,24.959967948697,-18.38477631085));
#1338 = VERTEX_POINT('',#1339);
#1339 = CARTESIAN_POINT('',(93.38477631085,29.161522368915,
    7.105427357601E-15));
#1340 = SURFACE_CURVE('',#1341,(#1346,#1358),.PCURVE_S1.);
#1341 = ELLIPSE('',#1342,41.657192357137,29.308432731287);
#1342 = AXIS2_PLACEMENT_3D('',#1343,#1344,#1345);
#1343 = CARTESIAN_POINT('',(90.439167990758,0.,-2.945608320092));
#1344 = DIRECTION('',(0.707106781187,0.,-0.707106781187));
#1345 = DIRECTION('',(-0.707106781187,-0.,-0.707106781187));
#1346 = PCURVE('',#1258,#1347);
#1347 = DEFINITIONAL_REPRESENTATION('',(#1348),#1357);
#1348 = B_SPLINE_CURVE_WITH_KNOTS('',7,(#1349,#1350,#1351,#1352,#1353,
    #1354,#1355,#1356),.UNSPECIFIED.,.F.,.F.,(8,8),(0.943996260648,
    1.73393316701),.PIECEWISE_BEZIER_KNOTS.);
#1349 = CARTESIAN_POINT('',(-4.006754465063,-38.16152236891));
#1350 = CARTESIAN_POINT('',(-4.112815841351,-40.85371027603));
#1351 = CARTESIAN_POINT('',(-4.219945481984,-43.80259480593));
#1352 = CARTESIAN_POINT('',(-4.328291459352,-46.95217805309));
#1353 = CARTESIAN_POINT('',(-4.437980670662,-50.23845508348));
#1354 = CARTESIAN_POINT('',(-4.549111031742,-53.59231768629));
#1355 = CARTESIAN_POINT('',(-4.661740038342,-56.94332473947));
#1356 = CARTESIAN_POINT('',(-4.775876243427,-60.22325394193));
#1357 = ( GEOMETRIC_REPRESENTATION_CONTEXT(2) 
PARAMETRIC_REPRESENTATION_CONTEXT() REPRESENTATION_CONTEXT('2D SPACE',''
  ) );
#1358 = PCURVE('',#1359,#1364);
#1359 = PLANE('',#1360);
#1360 = AXIS2_PLACEMENT_3D('',#1361,#1362,#1363);
#1361 = CARTESIAN_POINT('',(75.,0.,-18.38477631085));
#1362 = DIRECTION('',(0.707106781187,0.,-0.707106781187));
#1363 = DIRECTION('',(0.707106781187,0.,0.707106781187));
#1364 = DEFINITIONAL_REPRESENTATION('',(#1365),#1369);
#1365 = ELLIPSE('',#1366,41.657192357137,29.308432731287);
#1366 = AXIS2_PLACEMENT_2D('',#1367,#1368);
#1367 = CARTESIAN_POINT('',(21.834280764286,0.));
#1368 = DIRECTION('',(-1.,0.));
#1369 = ( GEOMETRIC_REPRESENTATION_CONTEXT(2) 
PARAMETRIC_REPRESENTATION_CONTEXT() REPRESENTATION_CONTEXT('2D SPACE',''
  ) );
#1370 = ORIENTED_EDGE('',*,*,#1371,.T.);
#1371 = EDGE_CURVE('',#1338,#1372,#1374,.T.);
#1372 = VERTEX_POINT('',#1373);
#1373 = CARTESIAN_POINT('',(75.,24.959967948697,18.38477631085));
#1374 = SURFACE_CURVE('',#1375,(#1380,#1392),.PCURVE_S1.);
#1375 = ELLIPSE('',#1376,41.657192357137,29.308432731287);
#1376 = AXIS2_PLACEMENT_3D('',#1377,#1378,#1379);
#1377 = CARTESIAN_POINT('',(90.439167990758,0.,2.945608320092));
#1378 = DIRECTION('',(0.707106781187,0.,0.707106781187));
#1379 = DIRECTION('',(-0.707106781187,-0.,0.707106781187));
#1380 = PCURVE('',#1258,#1381);
#1381 = DEFINITIONAL_REPRESENTATION('',(#1382),#1391);
#1382 = B_SPLINE_CURVE_WITH_KNOTS('',7,(#1383,#1384,#1385,#1386,#1387,
    #1388,#1389,#1390),.UNSPECIFIED.,.F.,.F.,(8,8),(4.54925214017,
    5.339189046531),.PIECEWISE_BEZIER_KNOTS.);
#1383 = CARTESIAN_POINT('',(-4.648901717342,-60.22325394193));
#1384 = CARTESIAN_POINT('',(-4.763037922428,-56.94332473947));
#1385 = CARTESIAN_POINT('',(-4.875666929029,-53.59231768628));
#1386 = CARTESIAN_POINT('',(-4.986797290105,-50.23845508348));
#1387 = CARTESIAN_POINT('',(-5.096486501419,-46.95217805308));
#1388 = CARTESIAN_POINT('',(-5.204832478783,-43.80259480594));
#1389 = CARTESIAN_POINT('',(-5.311962119418,-40.85371027603));
#1390 = CARTESIAN_POINT('',(-5.418023495707,-38.16152236891));
#1391 = ( GEOMETRIC_REPRESENTATION_CONTEXT(2) 
PARAMETRIC_REPRESENTATION_CONTEXT() REPRESENTATION_CONTEXT('2D SPACE',''
  ) );
#1392 = PCURVE('',#1393,#1398);
#1393 = PLANE('',#1394);
#1394 = AXIS2_PLACEMENT_3D('',#1395,#1396,#1397);
#1395 = CARTESIAN_POINT('',(75.,0.,18.38477631085));
#1396 = DIRECTION('',(0.707106781187,0.,0.707106781187));
#1397 = DIRECTION('',(0.707106781187,0.,-0.707106781187));
#1398 = DEFINITIONAL_REPRESENTATION('',(#1399),#1403);
#1399 = ELLIPSE('',#1400,41.657192357137,29.308432731287);
#1400 = AXIS2_PLACEMENT_2D('',#1401,#1402);
#1401 = CARTESIAN_POINT('',(21.834280764286,0.));
#1402 = DIRECTION('',(-1.,0.));
#1403 = ( GEOMETRIC_REPRESENTATION_CONTEXT(2) 
PARAMETRIC_REPRESENTATION_CONTEXT() REPRESENTATION_CONTEXT('2D SPACE',''
  ) );
#1404 = ORIENTED_EDGE('',*,*,#1405,.F.);
#1405 = EDGE_CURVE('',#1406,#1372,#1408,.T.);
#1406 = VERTEX_POINT('',#1407);
#1407 = CARTESIAN_POINT('',(56.61522368915,32.838477631085,
    -7.105427357601E-15));
#1408 = SURFACE_CURVE('',#1409,(#1414,#1426),.PCURVE_S1.);
#1409 = ELLIPSE('',#1410,46.909717609663,33.003911814784);
#1410 = AXIS2_PLACEMENT_3D('',#1411,#1412,#1413);
#1411 = CARTESIAN_POINT('',(53.298205746616,0.,-3.317017942534));
#1412 = DIRECTION('',(0.707106781187,0.,-0.707106781187));
#1413 = DIRECTION('',(-0.707106781187,-0.,-0.707106781187));
#1414 = PCURVE('',#1258,#1415);
#1415 = DEFINITIONAL_REPRESENTATION('',(#1416),#1425);
#1416 = B_SPLINE_CURVE_WITH_KNOTS('',7,(#1417,#1418,#1419,#1420,#1421,
    #1422,#1423,#1424),.UNSPECIFIED.,.F.,.F.,(8,8),(1.615385484526,
    2.359842747447),.PIECEWISE_BEZIER_KNOTS.);
#1417 = CARTESIAN_POINT('',(-4.656686400856,-19.77674605806));
#1418 = CARTESIAN_POINT('',(-4.762978136013,-23.30092277969));
#1419 = CARTESIAN_POINT('',(-4.870593287409,-26.80558918026));
#1420 = CARTESIAN_POINT('',(-4.979562606197,-30.22564037202));
#1421 = CARTESIAN_POINT('',(-5.089881412628,-33.4965104217));
#1422 = CARTESIAN_POINT('',(-5.201502756306,-36.5571855757));
#1423 = CARTESIAN_POINT('',(-5.314332350181,-39.35314603153));
#1424 = CARTESIAN_POINT('',(-5.428233665247,-41.83847763108));
#1425 = ( GEOMETRIC_REPRESENTATION_CONTEXT(2) 
PARAMETRIC_REPRESENTATION_CONTEXT() REPRESENTATION_CONTEXT('2D SPACE',''
  ) );
#1426 = PCURVE('',#1427,#1432);
#1427 = PLANE('',#1428);
#1428 = AXIS2_PLACEMENT_3D('',#1429,#1430,#1431);
#1429 = CARTESIAN_POINT('',(56.61522368915,0.,-7.105427357601E-15));
#1430 = DIRECTION('',(0.707106781187,0.,-0.707106781187));
#1431 = DIRECTION('',(0.707106781187,0.,0.707106781187));
#1432 = DEFINITIONAL_REPRESENTATION('',(#1433),#1437);
#1433 = ELLIPSE('',#1434,46.909717609663,33.003911814784);
#1434 = AXIS2_PLACEMENT_2D('',#1435,#1436);
#1435 = CARTESIAN_POINT('',(-4.690971760966,0.));
#1436 = DIRECTION('',(-1.,0.));
#1437 = ( GEOMETRIC_REPRESENTATION_CONTEXT(2) 
PARAMETRIC_REPRESENTATION_CONTEXT() REPRESENTATION_CONTEXT('2D SPACE',''
  ) );
#1438 = ORIENTED_EDGE('',*,*,#1439,.F.);
#1439 = EDGE_CURVE('',#1336,#1406,#1440,.T.);
#1440 = SURFACE_CURVE('',#1441,(#1446,#1458),.PCURVE_S1.);
#1441 = ELLIPSE('',#1442,46.909717609663,33.003911814784);
#1442 = AXIS2_PLACEMENT_3D('',#1443,#1444,#1445);
#1443 = CARTESIAN_POINT('',(53.298205746616,0.,3.317017942534));
#1444 = DIRECTION('',(0.707106781187,0.,0.707106781187));
#1445 = DIRECTION('',(-0.707106781187,-0.,0.707106781187));
#1446 = PCURVE('',#1258,#1447);
#1447 = DEFINITIONAL_REPRESENTATION('',(#1448),#1457);
#1448 = B_SPLINE_CURVE_WITH_KNOTS('',7,(#1449,#1450,#1451,#1452,#1453,
    #1454,#1455,#1456),.UNSPECIFIED.,.F.,.F.,(8,8),(3.923342559732,
    4.667799822654),.PIECEWISE_BEZIER_KNOTS.);
#1449 = CARTESIAN_POINT('',(-3.996544295522,-41.83847763108));
#1450 = CARTESIAN_POINT('',(-4.110445610588,-39.35314603153));
#1451 = CARTESIAN_POINT('',(-4.223275204464,-36.55718557569));
#1452 = CARTESIAN_POINT('',(-4.33489654814,-33.49651042171));
#1453 = CARTESIAN_POINT('',(-4.445215354574,-30.22564037201));
#1454 = CARTESIAN_POINT('',(-4.554184673359,-26.80558918027));
#1455 = CARTESIAN_POINT('',(-4.661799824757,-23.30092277969));
#1456 = CARTESIAN_POINT('',(-4.768091559913,-19.77674605806));
#1457 = ( GEOMETRIC_REPRESENTATION_CONTEXT(2) 
PARAMETRIC_REPRESENTATION_CONTEXT() REPRESENTATION_CONTEXT('2D SPACE',''
  ) );
#1458 = PCURVE('',#1459,#1464);
#1459 = PLANE('',#1460);
#1460 = AXIS2_PLACEMENT_3D('',#1461,#1462,#1463);
#1461 = CARTESIAN_POINT('',(56.61522368915,0.,-7.105427357601E-15));
#1462 = DIRECTION('',(0.707106781187,0.,0.707106781187));
#1463 = DIRECTION('',(0.707106781187,0.,-0.707106781187));
#1464 = DEFINITIONAL_REPRESENTATION('',(#1465),#1469);
#1465 = ELLIPSE('',#1466,46.909717609663,33.003911814784);
#1466 = AXIS2_PLACEMENT_2D('',#1467,#1468);
#1467 = CARTESIAN_POINT('',(-4.690971760966,0.));
#1468 = DIRECTION('',(-1.,0.));
#1469 = ( GEOMETRIC_REPRESENTATION_CONTEXT(2) 
PARAMETRIC_REPRESENTATION_CONTEXT() REPRESENTATION_CONTEXT('2D SPACE',''
  ) );
#1470 = ADVANCED_FACE('',(#1471,#1474),#1270,.F.);
#1471 = FACE_BOUND('',#1472,.F.);
#1472 = EDGE_LOOP('',(#1473));
#1473 = ORIENTED_EDGE('',*,*,#1248,.T.);
#1474 = FACE_BOUND('',#1475,.F.);
#1475 = EDGE_LOOP('',(#1476));
#1476 = ORIENTED_EDGE('',*,*,#1477,.F.);
#1477 = EDGE_CURVE('',#1478,#1478,#1480,.T.);
#1478 = VERTEX_POINT('',#1479);
#1479 = CARTESIAN_POINT('',(35.,7.39686666685E-15,30.2));
#1480 = SURFACE_CURVE('',#1481,(#1486,#1493),.PCURVE_S1.);
#1481 = CIRCLE('',#1482,30.2);
#1482 = AXIS2_PLACEMENT_3D('',#1483,#1484,#1485);
#1483 = CARTESIAN_POINT('',(35.,0.,0.));
#1484 = DIRECTION('',(1.,0.,0.));
#1485 = DIRECTION('',(-0.,0.,1.));
#1486 = PCURVE('',#1270,#1487);
#1487 = DEFINITIONAL_REPRESENTATION('',(#1488),#1492);
#1488 = CIRCLE('',#1489,30.2);
#1489 = AXIS2_PLACEMENT_2D('',#1490,#1491);
#1490 = CARTESIAN_POINT('',(0.,0.));
#1491 = DIRECTION('',(1.,0.));
#1492 = ( GEOMETRIC_REPRESENTATION_CONTEXT(2) 
PARAMETRIC_REPRESENTATION_CONTEXT() REPRESENTATION_CONTEXT('2D SPACE',''
  ) );
#1493 = PCURVE('',#1494,#1499);
#1494 = CYLINDRICAL_SURFACE('',#1495,30.2);
#1495 = AXIS2_PLACEMENT_3D('',#1496,#1497,#1498);
#1496 = CARTESIAN_POINT('',(34.9,0.,0.));
#1497 = DIRECTION('',(1.,0.,0.));
#1498 = DIRECTION('',(-0.,0.,1.));
#1499 = DEFINITIONAL_REPRESENTATION('',(#1500),#1504);
#1500 = LINE('',#1501,#1502);
#1501 = CARTESIAN_POINT('',(0.,0.1));
#1502 = VECTOR('',#1503,1.);
#1503 = DIRECTION('',(1.,0.));
#1504 = ( GEOMETRIC_REPRESENTATION_CONTEXT(2) 
PARAMETRIC_REPRESENTATION_CONTEXT() REPRESENTATION_CONTEXT('2D SPACE',''
  ) );
#1505 = ADVANCED_FACE('',(#1506),#1427,.T.);
#1506 = FACE_BOUND('',#1507,.T.);
#1507 = EDGE_LOOP('',(#1508,#1531,#1565,#1586));
#1508 = ORIENTED_EDGE('',*,*,#1509,.F.);
#1509 = EDGE_CURVE('',#1510,#1372,#1512,.T.);
#1510 = VERTEX_POINT('',#1511);
#1511 = CARTESIAN_POINT('',(75.,21.760961097172,18.38477631085));
#1512 = SURFACE_CURVE('',#1513,(#1517,#1524),.PCURVE_S1.);
#1513 = LINE('',#1514,#1515);
#1514 = CARTESIAN_POINT('',(75.,0.,18.38477631085));
#1515 = VECTOR('',#1516,1.);
#1516 = DIRECTION('',(0.,1.,0.));
#1517 = PCURVE('',#1427,#1518);
#1518 = DEFINITIONAL_REPRESENTATION('',(#1519),#1523);
#1519 = LINE('',#1520,#1521);
#1520 = CARTESIAN_POINT('',(26.,0.));
#1521 = VECTOR('',#1522,1.);
#1522 = DIRECTION('',(0.,-1.));
#1523 = ( GEOMETRIC_REPRESENTATION_CONTEXT(2) 
PARAMETRIC_REPRESENTATION_CONTEXT() REPRESENTATION_CONTEXT('2D SPACE',''
  ) );
#1524 = PCURVE('',#1393,#1525);
#1525 = DEFINITIONAL_REPRESENTATION('',(#1526),#1530);
#1526 = LINE('',#1527,#1528);
#1527 = CARTESIAN_POINT('',(0.,0.));
#1528 = VECTOR('',#1529,1.);
#1529 = DIRECTION('',(0.,1.));
#1530 = ( GEOMETRIC_REPRESENTATION_CONTEXT(2) 
PARAMETRIC_REPRESENTATION_CONTEXT() REPRESENTATION_CONTEXT('2D SPACE',''
  ) );
#1531 = ORIENTED_EDGE('',*,*,#1532,.F.);
#1532 = EDGE_CURVE('',#1533,#1510,#1535,.T.);
#1533 = VERTEX_POINT('',#1534);
#1534 = CARTESIAN_POINT('',(56.61522368915,30.326008725805,
    -7.105427357601E-15));
#1535 = SURFACE_CURVE('',#1536,(#1541,#1548),.PCURVE_S1.);
#1536 = ELLIPSE('',#1537,43.320659426947,30.478785555315);
#1537 = AXIS2_PLACEMENT_3D('',#1538,#1539,#1540);
#1538 = CARTESIAN_POINT('',(53.551990484523,0.,-3.063233204627));
#1539 = DIRECTION('',(0.707106781187,0.,-0.707106781187));
#1540 = DIRECTION('',(-0.707106781187,-0.,-0.707106781187));
#1541 = PCURVE('',#1427,#1542);
#1542 = DEFINITIONAL_REPRESENTATION('',(#1543),#1547);
#1543 = ELLIPSE('',#1544,43.320659426947,30.478785555315);
#1544 = AXIS2_PLACEMENT_2D('',#1545,#1546);
#1545 = CARTESIAN_POINT('',(-4.332065942695,0.));
#1546 = DIRECTION('',(-1.,0.));
#1547 = ( GEOMETRIC_REPRESENTATION_CONTEXT(2) 
PARAMETRIC_REPRESENTATION_CONTEXT() REPRESENTATION_CONTEXT('2D SPACE',''
  ) );
#1548 = PCURVE('',#1549,#1554);
#1549 = CONICAL_SURFACE('',#1550,32.48753109472,9.966865249116E-02);
#1550 = AXIS2_PLACEMENT_3D('',#1551,#1552,#1553);
#1551 = CARTESIAN_POINT('',(35.,0.,0.));
#1552 = DIRECTION('',(-1.,-0.,-0.));
#1553 = DIRECTION('',(-0.,0.,1.));
#1554 = DEFINITIONAL_REPRESENTATION('',(#1555),#1564);
#1555 = B_SPLINE_CURVE_WITH_KNOTS('',7,(#1556,#1557,#1558,#1559,#1560,
    #1561,#1562,#1563),.UNSPECIFIED.,.F.,.F.,(8,8),(1.610789433476,
    2.43440658986),.PIECEWISE_BEZIER_KNOTS.);
#1556 = CARTESIAN_POINT('',(-4.652093971623,-19.77674605806));
#1557 = CARTESIAN_POINT('',(-4.769633742035,-23.3780518305));
#1558 = CARTESIAN_POINT('',(-4.888792158464,-26.95957638211));
#1559 = CARTESIAN_POINT('',(-5.009612037509,-30.43988955383));
#1560 = CARTESIAN_POINT('',(-5.132083335083,-33.73822833793));
#1561 = CARTESIAN_POINT('',(-5.256131685181,-36.77911422573));
#1562 = CARTESIAN_POINT('',(-5.381610329466,-39.4968469048));
#1563 = CARTESIAN_POINT('',(-5.508311914026,-41.83847763108));
#1564 = ( GEOMETRIC_REPRESENTATION_CONTEXT(2) 
PARAMETRIC_REPRESENTATION_CONTEXT() REPRESENTATION_CONTEXT('2D SPACE',''
  ) );
#1565 = ORIENTED_EDGE('',*,*,#1566,.T.);
#1566 = EDGE_CURVE('',#1533,#1406,#1567,.T.);
#1567 = SURFACE_CURVE('',#1568,(#1572,#1579),.PCURVE_S1.);
#1568 = LINE('',#1569,#1570);
#1569 = CARTESIAN_POINT('',(56.61522368915,0.,-7.105427357601E-15));
#1570 = VECTOR('',#1571,1.);
#1571 = DIRECTION('',(0.,1.,0.));
#1572 = PCURVE('',#1427,#1573);
#1573 = DEFINITIONAL_REPRESENTATION('',(#1574),#1578);
#1574 = LINE('',#1575,#1576);
#1575 = CARTESIAN_POINT('',(0.,0.));
#1576 = VECTOR('',#1577,1.);
#1577 = DIRECTION('',(0.,-1.));
#1578 = ( GEOMETRIC_REPRESENTATION_CONTEXT(2) 
PARAMETRIC_REPRESENTATION_CONTEXT() REPRESENTATION_CONTEXT('2D SPACE',''
  ) );
#1579 = PCURVE('',#1459,#1580);
#1580 = DEFINITIONAL_REPRESENTATION('',(#1581),#1585);
#1581 = LINE('',#1582,#1583);
#1582 = CARTESIAN_POINT('',(0.,0.));
#1583 = VECTOR('',#1584,1.);
#1584 = DIRECTION('',(0.,1.));
#1585 = ( GEOMETRIC_REPRESENTATION_CONTEXT(2) 
PARAMETRIC_REPRESENTATION_CONTEXT() REPRESENTATION_CONTEXT('2D SPACE',''
  ) );
#1586 = ORIENTED_EDGE('',*,*,#1405,.T.);
#1587 = ADVANCED_FACE('',(#1588),#1459,.T.);
#1588 = FACE_BOUND('',#1589,.T.);
#1589 = EDGE_LOOP('',(#1590,#1591,#1620,#1641));
#1590 = ORIENTED_EDGE('',*,*,#1566,.F.);
#1591 = ORIENTED_EDGE('',*,*,#1592,.F.);
#1592 = EDGE_CURVE('',#1593,#1533,#1595,.T.);
#1593 = VERTEX_POINT('',#1594);
#1594 = CARTESIAN_POINT('',(75.,21.760961097172,-18.38477631085));
#1595 = SURFACE_CURVE('',#1596,(#1601,#1608),.PCURVE_S1.);
#1596 = ELLIPSE('',#1597,43.320659426947,30.478785555315);
#1597 = AXIS2_PLACEMENT_3D('',#1598,#1599,#1600);
#1598 = CARTESIAN_POINT('',(53.551990484523,0.,3.063233204627));
#1599 = DIRECTION('',(0.707106781187,0.,0.707106781187));
#1600 = DIRECTION('',(-0.707106781187,-0.,0.707106781187));
#1601 = PCURVE('',#1459,#1602);
#1602 = DEFINITIONAL_REPRESENTATION('',(#1603),#1607);
#1603 = ELLIPSE('',#1604,43.320659426947,30.478785555315);
#1604 = AXIS2_PLACEMENT_2D('',#1605,#1606);
#1605 = CARTESIAN_POINT('',(-4.332065942695,0.));
#1606 = DIRECTION('',(-1.,0.));
#1607 = ( GEOMETRIC_REPRESENTATION_CONTEXT(2) 
PARAMETRIC_REPRESENTATION_CONTEXT() REPRESENTATION_CONTEXT('2D SPACE',''
  ) );
#1608 = PCURVE('',#1549,#1609);
#1609 = DEFINITIONAL_REPRESENTATION('',(#1610),#1619);
#1610 = B_SPLINE_CURVE_WITH_KNOTS('',7,(#1611,#1612,#1613,#1614,#1615,
    #1616,#1617,#1618),.UNSPECIFIED.,.F.,.F.,(8,8),(3.84877871732,
    4.672395873704),.PIECEWISE_BEZIER_KNOTS.);
#1611 = CARTESIAN_POINT('',(-3.916466046743,-41.83847763108));
#1612 = CARTESIAN_POINT('',(-4.043167631304,-39.4968469048));
#1613 = CARTESIAN_POINT('',(-4.168646275589,-36.77911422573));
#1614 = CARTESIAN_POINT('',(-4.292694625685,-33.73822833795));
#1615 = CARTESIAN_POINT('',(-4.415165923263,-30.43988955381));
#1616 = CARTESIAN_POINT('',(-4.535985802304,-26.95957638211));
#1617 = CARTESIAN_POINT('',(-4.655144218735,-23.3780518305));
#1618 = CARTESIAN_POINT('',(-4.772683989147,-19.77674605806));
#1619 = ( GEOMETRIC_REPRESENTATION_CONTEXT(2) 
PARAMETRIC_REPRESENTATION_CONTEXT() REPRESENTATION_CONTEXT('2D SPACE',''
  ) );
#1620 = ORIENTED_EDGE('',*,*,#1621,.T.);
#1621 = EDGE_CURVE('',#1593,#1336,#1622,.T.);
#1622 = SURFACE_CURVE('',#1623,(#1627,#1634),.PCURVE_S1.);
#1623 = LINE('',#1624,#1625);
#1624 = CARTESIAN_POINT('',(75.,0.,-18.38477631085));
#1625 = VECTOR('',#1626,1.);
#1626 = DIRECTION('',(0.,1.,0.));
#1627 = PCURVE('',#1459,#1628);
#1628 = DEFINITIONAL_REPRESENTATION('',(#1629),#1633);
#1629 = LINE('',#1630,#1631);
#1630 = CARTESIAN_POINT('',(26.,0.));
#1631 = VECTOR('',#1632,1.);
#1632 = DIRECTION('',(0.,1.));
#1633 = ( GEOMETRIC_REPRESENTATION_CONTEXT(2) 
PARAMETRIC_REPRESENTATION_CONTEXT() REPRESENTATION_CONTEXT('2D SPACE',''
  ) );
#1634 = PCURVE('',#1359,#1635);
#1635 = DEFINITIONAL_REPRESENTATION('',(#1636),#1640);
#1636 = LINE('',#1637,#1638);
#1637 = CARTESIAN_POINT('',(0.,0.));
#1638 = VECTOR('',#1639,1.);
#1639 = DIRECTION('',(0.,-1.));
#1640 = ( GEOMETRIC_REPRESENTATION_CONTEXT(2) 
PARAMETRIC_REPRESENTATION_CONTEXT() REPRESENTATION_CONTEXT('2D SPACE',''
  ) );
#1641 = ORIENTED_EDGE('',*,*,#1439,.T.);
#1642 = ADVANCED_FACE('',(#1643),#1393,.F.);
#1643 = FACE_BOUND('',#1644,.F.);
#1644 = EDGE_LOOP('',(#1645,#1646,#1675,#1696));
#1645 = ORIENTED_EDGE('',*,*,#1509,.F.);
#1646 = ORIENTED_EDGE('',*,*,#1647,.F.);
#1647 = EDGE_CURVE('',#1648,#1510,#1650,.T.);
#1648 = VERTEX_POINT('',#1649);
#1649 = CARTESIAN_POINT('',(93.38477631085,26.649053463635,
    7.105427357601E-15));
#1650 = SURFACE_CURVE('',#1651,(#1656,#1663),.PCURVE_S1.);
#1651 = ELLIPSE('',#1652,38.068134174422,26.783306471817);
#1652 = AXIS2_PLACEMENT_3D('',#1653,#1654,#1655);
#1653 = CARTESIAN_POINT('',(90.692952728665,0.,2.691823582185));
#1654 = DIRECTION('',(0.707106781187,0.,0.707106781187));
#1655 = DIRECTION('',(-0.707106781187,-0.,0.707106781187));
#1656 = PCURVE('',#1393,#1657);
#1657 = DEFINITIONAL_REPRESENTATION('',(#1658),#1662);
#1658 = ELLIPSE('',#1659,38.068134174422,26.783306471817);
#1659 = AXIS2_PLACEMENT_2D('',#1660,#1661);
#1660 = CARTESIAN_POINT('',(22.193186582558,0.));
#1661 = DIRECTION('',(-1.,0.));
#1662 = ( GEOMETRIC_REPRESENTATION_CONTEXT(2) 
PARAMETRIC_REPRESENTATION_CONTEXT() REPRESENTATION_CONTEXT('2D SPACE',''
  ) );
#1663 = PCURVE('',#1549,#1664);
#1664 = DEFINITIONAL_REPRESENTATION('',(#1665),#1674);
#1665 = B_SPLINE_CURVE_WITH_KNOTS('',7,(#1666,#1667,#1668,#1669,#1670,
    #1671,#1672,#1673),.UNSPECIFIED.,.F.,.F.,(8,8),(4.543285593512,
    5.421664948911),.PIECEWISE_BEZIER_KNOTS.);
#1666 = CARTESIAN_POINT('',(-4.642865261241,-60.22325394193));
#1667 = CARTESIAN_POINT('',(-4.769856276973,-56.89365964943));
#1668 = CARTESIAN_POINT('',(-4.894983341616,-53.48084269761));
#1669 = CARTESIAN_POINT('',(-5.01825616308,-50.0704340818));
#1670 = CARTESIAN_POINT('',(-5.139759632529,-46.75127831569));
#1671 = CARTESIAN_POINT('',(-5.259639206589,-43.60991713164));
#1672 = CARTESIAN_POINT('',(-5.378081228295,-40.72469136079));
#1673 = CARTESIAN_POINT('',(-5.495300681538,-38.16152236891));
#1674 = ( GEOMETRIC_REPRESENTATION_CONTEXT(2) 
PARAMETRIC_REPRESENTATION_CONTEXT() REPRESENTATION_CONTEXT('2D SPACE',''
  ) );
#1675 = ORIENTED_EDGE('',*,*,#1676,.T.);
#1676 = EDGE_CURVE('',#1648,#1338,#1677,.T.);
#1677 = SURFACE_CURVE('',#1678,(#1682,#1689),.PCURVE_S1.);
#1678 = LINE('',#1679,#1680);
#1679 = CARTESIAN_POINT('',(93.38477631085,0.,7.105427357601E-15));
#1680 = VECTOR('',#1681,1.);
#1681 = DIRECTION('',(0.,1.,0.));
#1682 = PCURVE('',#1393,#1683);
#1683 = DEFINITIONAL_REPRESENTATION('',(#1684),#1688);
#1684 = LINE('',#1685,#1686);
#1685 = CARTESIAN_POINT('',(26.,0.));
#1686 = VECTOR('',#1687,1.);
#1687 = DIRECTION('',(0.,1.));
#1688 = ( GEOMETRIC_REPRESENTATION_CONTEXT(2) 
PARAMETRIC_REPRESENTATION_CONTEXT() REPRESENTATION_CONTEXT('2D SPACE',''
  ) );
#1689 = PCURVE('',#1359,#1690);
#1690 = DEFINITIONAL_REPRESENTATION('',(#1691),#1695);
#1691 = LINE('',#1692,#1693);
#1692 = CARTESIAN_POINT('',(26.,0.));
#1693 = VECTOR('',#1694,1.);
#1694 = DIRECTION('',(0.,-1.));
#1695 = ( GEOMETRIC_REPRESENTATION_CONTEXT(2) 
PARAMETRIC_REPRESENTATION_CONTEXT() REPRESENTATION_CONTEXT('2D SPACE',''
  ) );
#1696 = ORIENTED_EDGE('',*,*,#1371,.T.);
#1697 = ADVANCED_FACE('',(#1698),#1359,.F.);
#1698 = FACE_BOUND('',#1699,.F.);
#1699 = EDGE_LOOP('',(#1700,#1701,#1728,#1729));
#1700 = ORIENTED_EDGE('',*,*,#1676,.F.);
#1701 = ORIENTED_EDGE('',*,*,#1702,.F.);
#1702 = EDGE_CURVE('',#1593,#1648,#1703,.T.);
#1703 = SURFACE_CURVE('',#1704,(#1709,#1716),.PCURVE_S1.);
#1704 = ELLIPSE('',#1705,38.068134174422,26.783306471817);
#1705 = AXIS2_PLACEMENT_3D('',#1706,#1707,#1708);
#1706 = CARTESIAN_POINT('',(90.692952728665,0.,-2.691823582185));
#1707 = DIRECTION('',(0.707106781187,0.,-0.707106781187));
#1708 = DIRECTION('',(-0.707106781187,-0.,-0.707106781187));
#1709 = PCURVE('',#1359,#1710);
#1710 = DEFINITIONAL_REPRESENTATION('',(#1711),#1715);
#1711 = ELLIPSE('',#1712,38.068134174422,26.783306471817);
#1712 = AXIS2_PLACEMENT_2D('',#1713,#1714);
#1713 = CARTESIAN_POINT('',(22.193186582558,0.));
#1714 = DIRECTION('',(-1.,0.));
#1715 = ( GEOMETRIC_REPRESENTATION_CONTEXT(2) 
PARAMETRIC_REPRESENTATION_CONTEXT() REPRESENTATION_CONTEXT('2D SPACE',''
  ) );
#1716 = PCURVE('',#1549,#1717);
#1717 = DEFINITIONAL_REPRESENTATION('',(#1718),#1727);
#1718 = B_SPLINE_CURVE_WITH_KNOTS('',7,(#1719,#1720,#1721,#1722,#1723,
    #1724,#1725,#1726),.UNSPECIFIED.,.F.,.F.,(8,8),(0.861520358268,
    1.739899713667),.PIECEWISE_BEZIER_KNOTS.);
#1719 = CARTESIAN_POINT('',(-3.929477279231,-38.16152236891));
#1720 = CARTESIAN_POINT('',(-4.046696732475,-40.72469136079));
#1721 = CARTESIAN_POINT('',(-4.16513875418,-43.60991713164));
#1722 = CARTESIAN_POINT('',(-4.285018328238,-46.75127831569));
#1723 = CARTESIAN_POINT('',(-4.406521797693,-50.07043408178));
#1724 = CARTESIAN_POINT('',(-4.529794619152,-53.48084269761));
#1725 = CARTESIAN_POINT('',(-4.654921683797,-56.89365964943));
#1726 = CARTESIAN_POINT('',(-4.781912699528,-60.22325394193));
#1727 = ( GEOMETRIC_REPRESENTATION_CONTEXT(2) 
PARAMETRIC_REPRESENTATION_CONTEXT() REPRESENTATION_CONTEXT('2D SPACE',''
  ) );
#1728 = ORIENTED_EDGE('',*,*,#1621,.T.);
#1729 = ORIENTED_EDGE('',*,*,#1335,.T.);
#1730 = ADVANCED_FACE('',(#1731,#1734),#1320,.T.);
#1731 = FACE_BOUND('',#1732,.T.);
#1732 = EDGE_LOOP('',(#1733));
#1733 = ORIENTED_EDGE('',*,*,#1305,.T.);
#1734 = FACE_BOUND('',#1735,.T.);
#1735 = EDGE_LOOP('',(#1736));
#1736 = ORIENTED_EDGE('',*,*,#1737,.F.);
#1737 = EDGE_CURVE('',#1738,#1738,#1740,.T.);
#1738 = VERTEX_POINT('',#1739);
#1739 = CARTESIAN_POINT('',(135.,5.559896468129E-15,22.7));
#1740 = SURFACE_CURVE('',#1741,(#1746,#1753),.PCURVE_S1.);
#1741 = CIRCLE('',#1742,22.7);
#1742 = AXIS2_PLACEMENT_3D('',#1743,#1744,#1745);
#1743 = CARTESIAN_POINT('',(135.,0.,0.));
#1744 = DIRECTION('',(1.,0.,0.));
#1745 = DIRECTION('',(-0.,0.,1.));
#1746 = PCURVE('',#1320,#1747);
#1747 = DEFINITIONAL_REPRESENTATION('',(#1748),#1752);
#1748 = CIRCLE('',#1749,22.7);
#1749 = AXIS2_PLACEMENT_2D('',#1750,#1751);
#1750 = CARTESIAN_POINT('',(0.,0.));
#1751 = DIRECTION('',(1.,0.));
#1752 = ( GEOMETRIC_REPRESENTATION_CONTEXT(2) 
PARAMETRIC_REPRESENTATION_CONTEXT() REPRESENTATION_CONTEXT('2D SPACE',''
  ) );
#1753 = PCURVE('',#1754,#1759);
#1754 = CYLINDRICAL_SURFACE('',#1755,22.7);
#1755 = AXIS2_PLACEMENT_3D('',#1756,#1757,#1758);
#1756 = CARTESIAN_POINT('',(127.,0.,0.));
#1757 = DIRECTION('',(1.,0.,0.));
#1758 = DIRECTION('',(-0.,0.,1.));
#1759 = DEFINITIONAL_REPRESENTATION('',(#1760),#1764);
#1760 = LINE('',#1761,#1762);
#1761 = CARTESIAN_POINT('',(0.,8.));
#1762 = VECTOR('',#1763,1.);
#1763 = DIRECTION('',(1.,0.));
#1764 = ( GEOMETRIC_REPRESENTATION_CONTEXT(2) 
PARAMETRIC_REPRESENTATION_CONTEXT() REPRESENTATION_CONTEXT('2D SPACE',''
  ) );
#1765 = ADVANCED_FACE('',(#1766,#1848,#2005,#2162),#1549,.F.);
#1766 = FACE_BOUND('',#1767,.F.);
#1767 = EDGE_LOOP('',(#1768,#1797,#1820,#1847));
#1768 = ORIENTED_EDGE('',*,*,#1769,.T.);
#1769 = EDGE_CURVE('',#1770,#1770,#1772,.T.);
#1770 = VERTEX_POINT('',#1771);
#1771 = CARTESIAN_POINT('',(46.,7.687727897657E-15,31.38753109472));
#1772 = SURFACE_CURVE('',#1773,(#1778,#1785),.PCURVE_S1.);
#1773 = CIRCLE('',#1774,31.38753109472);
#1774 = AXIS2_PLACEMENT_3D('',#1775,#1776,#1777);
#1775 = CARTESIAN_POINT('',(46.,0.,0.));
#1776 = DIRECTION('',(1.,0.,0.));
#1777 = DIRECTION('',(-0.,0.,1.));
#1778 = PCURVE('',#1549,#1779);
#1779 = DEFINITIONAL_REPRESENTATION('',(#1780),#1784);
#1780 = LINE('',#1781,#1782);
#1781 = CARTESIAN_POINT('',(-0.,-11.));
#1782 = VECTOR('',#1783,1.);
#1783 = DIRECTION('',(-1.,-0.));
#1784 = ( GEOMETRIC_REPRESENTATION_CONTEXT(2) 
PARAMETRIC_REPRESENTATION_CONTEXT() REPRESENTATION_CONTEXT('2D SPACE',''
  ) );
#1785 = PCURVE('',#1786,#1791);
#1786 = PLANE('',#1787);
#1787 = AXIS2_PLACEMENT_3D('',#1788,#1789,#1790);
#1788 = CARTESIAN_POINT('',(46.,-80.,-80.));
#1789 = DIRECTION('',(1.,0.,-0.));
#1790 = DIRECTION('',(0.,0.,1.));
#1791 = DEFINITIONAL_REPRESENTATION('',(#1792),#1796);
#1792 = CIRCLE('',#1793,31.38753109472);
#1793 = AXIS2_PLACEMENT_2D('',#1794,#1795);
#1794 = CARTESIAN_POINT('',(80.,-80.));
#1795 = DIRECTION('',(1.,0.));
#1796 = ( GEOMETRIC_REPRESENTATION_CONTEXT(2) 
PARAMETRIC_REPRESENTATION_CONTEXT() REPRESENTATION_CONTEXT('2D SPACE',''
  ) );
#1797 = ORIENTED_EDGE('',*,*,#1798,.T.);
#1798 = EDGE_CURVE('',#1770,#1799,#1801,.T.);
#1799 = VERTEX_POINT('',#1800);
#1800 = CARTESIAN_POINT('',(127.,5.703800083039E-15,23.28753109472));
#1801 = SEAM_CURVE('',#1802,(#1806,#1813),.PCURVE_S1.);
#1802 = LINE('',#1803,#1804);
#1803 = CARTESIAN_POINT('',(35.,7.95715019347E-15,32.48753109472));
#1804 = VECTOR('',#1805,1.);
#1805 = DIRECTION('',(0.99503719021,-2.437138220046E-17,
    -9.9503719021E-02));
#1806 = PCURVE('',#1549,#1807);
#1807 = DEFINITIONAL_REPRESENTATION('',(#1808),#1812);
#1808 = LINE('',#1809,#1810);
#1809 = CARTESIAN_POINT('',(-6.28318530718,0.));
#1810 = VECTOR('',#1811,1.);
#1811 = DIRECTION('',(-0.,-1.));
#1812 = ( GEOMETRIC_REPRESENTATION_CONTEXT(2) 
PARAMETRIC_REPRESENTATION_CONTEXT() REPRESENTATION_CONTEXT('2D SPACE',''
  ) );
#1813 = PCURVE('',#1549,#1814);
#1814 = DEFINITIONAL_REPRESENTATION('',(#1815),#1819);
#1815 = LINE('',#1816,#1817);
#1816 = CARTESIAN_POINT('',(0.,-0.));
#1817 = VECTOR('',#1818,1.);
#1818 = DIRECTION('',(-0.,-1.));
#1819 = ( GEOMETRIC_REPRESENTATION_CONTEXT(2) 
PARAMETRIC_REPRESENTATION_CONTEXT() REPRESENTATION_CONTEXT('2D SPACE',''
  ) );
#1820 = ORIENTED_EDGE('',*,*,#1821,.F.);
#1821 = EDGE_CURVE('',#1799,#1799,#1822,.T.);
#1822 = SURFACE_CURVE('',#1823,(#1828,#1835),.PCURVE_S1.);
#1823 = CIRCLE('',#1824,23.28753109472);
#1824 = AXIS2_PLACEMENT_3D('',#1825,#1826,#1827);
#1825 = CARTESIAN_POINT('',(127.,0.,0.));
#1826 = DIRECTION('',(1.,0.,0.));
#1827 = DIRECTION('',(-0.,0.,1.));
#1828 = PCURVE('',#1549,#1829);
#1829 = DEFINITIONAL_REPRESENTATION('',(#1830),#1834);
#1830 = LINE('',#1831,#1832);
#1831 = CARTESIAN_POINT('',(-0.,-92.));
#1832 = VECTOR('',#1833,1.);
#1833 = DIRECTION('',(-1.,-0.));
#1834 = ( GEOMETRIC_REPRESENTATION_CONTEXT(2) 
PARAMETRIC_REPRESENTATION_CONTEXT() REPRESENTATION_CONTEXT('2D SPACE',''
  ) );
#1835 = PCURVE('',#1836,#1841);
#1836 = PLANE('',#1837);
#1837 = AXIS2_PLACEMENT_3D('',#1838,#1839,#1840);
#1838 = CARTESIAN_POINT('',(127.,-80.,-80.));
#1839 = DIRECTION('',(1.,0.,-0.));
#1840 = DIRECTION('',(0.,0.,1.));
#1841 = DEFINITIONAL_REPRESENTATION('',(#1842),#1846);
#1842 = CIRCLE('',#1843,23.28753109472);
#1843 = AXIS2_PLACEMENT_2D('',#1844,#1845);
#1844 = CARTESIAN_POINT('',(80.,-80.));
#1845 = DIRECTION('',(1.,0.));
#1846 = ( GEOMETRIC_REPRESENTATION_CONTEXT(2) 
PARAMETRIC_REPRESENTATION_CONTEXT() REPRESENTATION_CONTEXT('2D SPACE',''
  ) );
#1847 = ORIENTED_EDGE('',*,*,#1798,.F.);
#1848 = FACE_BOUND('',#1849,.F.);
#1849 = EDGE_LOOP('',(#1850,#1881,#1914,#1941,#1974));
#1850 = ORIENTED_EDGE('',*,*,#1851,.F.);
#1851 = EDGE_CURVE('',#1852,#1854,#1856,.T.);
#1852 = VERTEX_POINT('',#1853);
#1853 = CARTESIAN_POINT('',(47.,-21.,-23.19287826042));
#1854 = VERTEX_POINT('',#1855);
#1855 = CARTESIAN_POINT('',(47.,-17.,-26.2661303203));
#1856 = SURFACE_CURVE('',#1857,(#1862,#1869),.PCURVE_S1.);
#1857 = CIRCLE('',#1858,31.28753109472);
#1858 = AXIS2_PLACEMENT_3D('',#1859,#1860,#1861);
#1859 = CARTESIAN_POINT('',(47.,0.,0.));
#1860 = DIRECTION('',(1.,0.,0.));
#1861 = DIRECTION('',(-0.,0.,1.));
#1862 = PCURVE('',#1549,#1863);
#1863 = DEFINITIONAL_REPRESENTATION('',(#1864),#1868);
#1864 = LINE('',#1865,#1866);
#1865 = CARTESIAN_POINT('',(-0.,-12.));
#1866 = VECTOR('',#1867,1.);
#1867 = DIRECTION('',(-1.,-0.));
#1868 = ( GEOMETRIC_REPRESENTATION_CONTEXT(2) 
PARAMETRIC_REPRESENTATION_CONTEXT() REPRESENTATION_CONTEXT('2D SPACE',''
  ) );
#1869 = PCURVE('',#1870,#1875);
#1870 = PLANE('',#1871);
#1871 = AXIS2_PLACEMENT_3D('',#1872,#1873,#1874);
#1872 = CARTESIAN_POINT('',(47.,-21.,-35.));
#1873 = DIRECTION('',(1.,0.,-0.));
#1874 = DIRECTION('',(0.,0.,1.));
#1875 = DEFINITIONAL_REPRESENTATION('',(#1876),#1880);
#1876 = CIRCLE('',#1877,31.28753109472);
#1877 = AXIS2_PLACEMENT_2D('',#1878,#1879);
#1878 = CARTESIAN_POINT('',(35.,-21.));
#1879 = DIRECTION('',(1.,0.));
#1880 = ( GEOMETRIC_REPRESENTATION_CONTEXT(2) 
PARAMETRIC_REPRESENTATION_CONTEXT() REPRESENTATION_CONTEXT('2D SPACE',''
  ) );
#1881 = ORIENTED_EDGE('',*,*,#1882,.T.);
#1882 = EDGE_CURVE('',#1852,#1883,#1885,.T.);
#1883 = VERTEX_POINT('',#1884);
#1884 = CARTESIAN_POINT('',(89.690189225072,-21.,-17.));
#1885 = SURFACE_CURVE('',#1886,(#1891,#1902),.PCURVE_S1.);
#1886 = HYPERBOLA('',#1887,210.,21.);
#1887 = AXIS2_PLACEMENT_3D('',#1888,#1889,#1890);
#1888 = CARTESIAN_POINT('',(359.87531094719,-21.,0.));
#1889 = DIRECTION('',(0.,1.,0.));
#1890 = DIRECTION('',(-1.,0.,-0.));
#1891 = PCURVE('',#1549,#1892);
#1892 = DEFINITIONAL_REPRESENTATION('',(#1893),#1901);
#1893 = B_SPLINE_CURVE_WITH_KNOTS('',6,(#1894,#1895,#1896,#1897,#1898,
    #1899,#1900),.UNSPECIFIED.,.F.,.F.,(7,7),(-0.957617926144,
    -0.704594427534),.PIECEWISE_BEZIER_KNOTS.);
#1894 = CARTESIAN_POINT('',(-2.408655442033,-11.));
#1895 = CARTESIAN_POINT('',(-2.380440981887,-20.83738662898));
#1896 = CARTESIAN_POINT('',(-2.351165372853,-30.00495403907));
#1897 = CARTESIAN_POINT('',(-2.320819169395,-38.5341920313));
#1898 = CARTESIAN_POINT('',(-2.289402410261,-46.45301739236));
#1899 = CARTESIAN_POINT('',(-2.256927876762,-53.78610778746));
#1900 = CARTESIAN_POINT('',(-2.223423728668,-60.55513105503));
#1901 = ( GEOMETRIC_REPRESENTATION_CONTEXT(2) 
PARAMETRIC_REPRESENTATION_CONTEXT() REPRESENTATION_CONTEXT('2D SPACE',''
  ) );
#1902 = PCURVE('',#1903,#1908);
#1903 = PLANE('',#1904);
#1904 = AXIS2_PLACEMENT_3D('',#1905,#1906,#1907);
#1905 = CARTESIAN_POINT('',(47.,-21.,-35.));
#1906 = DIRECTION('',(-0.,1.,0.));
#1907 = DIRECTION('',(0.,0.,1.));
#1908 = DEFINITIONAL_REPRESENTATION('',(#1909),#1913);
#1909 = HYPERBOLA('',#1910,210.,21.);
#1910 = AXIS2_PLACEMENT_2D('',#1911,#1912);
#1911 = CARTESIAN_POINT('',(35.,312.87531094719));
#1912 = DIRECTION('',(0.,-1.));
#1913 = ( GEOMETRIC_REPRESENTATION_CONTEXT(2) 
PARAMETRIC_REPRESENTATION_CONTEXT() REPRESENTATION_CONTEXT('2D SPACE',''
  ) );
#1914 = ORIENTED_EDGE('',*,*,#1915,.T.);
#1915 = EDGE_CURVE('',#1883,#1916,#1918,.T.);
#1916 = VERTEX_POINT('',#1917);
#1917 = CARTESIAN_POINT('',(95.,-21.,-16.14277867945));
#1918 = SURFACE_CURVE('',#1919,(#1924,#1934),.PCURVE_S1.);
#1919 = HYPERBOLA('',#1920,210.,21.);
#1920 = AXIS2_PLACEMENT_3D('',#1921,#1922,#1923);
#1921 = CARTESIAN_POINT('',(359.87531094719,-21.,0.));
#1922 = DIRECTION('',(0.,1.,0.));
#1923 = DIRECTION('',(-1.,0.,-0.));
#1924 = PCURVE('',#1549,#1925);
#1925 = DEFINITIONAL_REPRESENTATION('',(#1926),#1933);
#1926 = B_SPLINE_CURVE_WITH_KNOTS('',5,(#1927,#1928,#1929,#1930,#1931,
    #1932),.UNSPECIFIED.,.F.,.F.,(6,6),(-0.751152594883,-0.677550237157)
  ,.PIECEWISE_BEZIER_KNOTS.);
#1927 = CARTESIAN_POINT('',(-2.259887604194,-52.79260293362));
#1928 = CARTESIAN_POINT('',(-2.248525989018,-55.33924451095));
#1929 = CARTESIAN_POINT('',(-2.237031445712,-57.81218831079));
#1930 = CARTESIAN_POINT('',(-2.225404955964,-60.21258398626));
#1931 = CARTESIAN_POINT('',(-2.213647811089,-62.54151468796));
#1932 = CARTESIAN_POINT('',(-2.201761642374,-64.8));
#1933 = ( GEOMETRIC_REPRESENTATION_CONTEXT(2) 
PARAMETRIC_REPRESENTATION_CONTEXT() REPRESENTATION_CONTEXT('2D SPACE',''
  ) );
#1934 = PCURVE('',#1903,#1935);
#1935 = DEFINITIONAL_REPRESENTATION('',(#1936),#1940);
#1936 = HYPERBOLA('',#1937,210.,21.);
#1937 = AXIS2_PLACEMENT_2D('',#1938,#1939);
#1938 = CARTESIAN_POINT('',(35.,312.87531094719));
#1939 = DIRECTION('',(0.,-1.));
#1940 = ( GEOMETRIC_REPRESENTATION_CONTEXT(2) 
PARAMETRIC_REPRESENTATION_CONTEXT() REPRESENTATION_CONTEXT('2D SPACE',''
  ) );
#1941 = ORIENTED_EDGE('',*,*,#1942,.F.);
#1942 = EDGE_CURVE('',#1943,#1916,#1945,.T.);
#1943 = VERTEX_POINT('',#1944);
#1944 = CARTESIAN_POINT('',(95.,-17.,-20.31229439265));
#1945 = SURFACE_CURVE('',#1946,(#1951,#1958),.PCURVE_S1.);
#1946 = CIRCLE('',#1947,26.48753109472);
#1947 = AXIS2_PLACEMENT_3D('',#1948,#1949,#1950);
#1948 = CARTESIAN_POINT('',(95.,0.,0.));
#1949 = DIRECTION('',(-1.,0.,0.));
#1950 = DIRECTION('',(-0.,-0.641811422107,-0.766862502965));
#1951 = PCURVE('',#1549,#1952);
#1952 = DEFINITIONAL_REPRESENTATION('',(#1953),#1957);
#1953 = LINE('',#1954,#1955);
#1954 = CARTESIAN_POINT('',(-2.44473459494,-60.));
#1955 = VECTOR('',#1956,1.);
#1956 = DIRECTION('',(1.,-0.));
#1957 = ( GEOMETRIC_REPRESENTATION_CONTEXT(2) 
PARAMETRIC_REPRESENTATION_CONTEXT() REPRESENTATION_CONTEXT('2D SPACE',''
  ) );
#1958 = PCURVE('',#1959,#1964);
#1959 = PLANE('',#1960);
#1960 = AXIS2_PLACEMENT_3D('',#1961,#1962,#1963);
#1961 = CARTESIAN_POINT('',(95.,-21.,-35.));
#1962 = DIRECTION('',(1.,0.,-0.));
#1963 = DIRECTION('',(0.,0.,1.));
#1964 = DEFINITIONAL_REPRESENTATION('',(#1965),#1973);
#1965 = ( BOUNDED_CURVE() B_SPLINE_CURVE(2,(#1966,#1967,#1968,#1969,
#1970,#1971,#1972),.UNSPECIFIED.,.T.,.F.) B_SPLINE_CURVE_WITH_KNOTS((1,2
    ,2,2,2,1),(-2.094395102393,0.,2.094395102393,4.188790204786,
6.28318530718,8.377580409573),.UNSPECIFIED.) CURVE() 
GEOMETRIC_REPRESENTATION_ITEM() RATIONAL_B_SPLINE_CURVE((1.,0.5,1.,0.5,
1.,0.5,1.)) REPRESENTATION_ITEM('') );
#1966 = CARTESIAN_POINT('',(14.687705607348,-4.));
#1967 = CARTESIAN_POINT('',(44.132569336019,31.181925906369));
#1968 = CARTESIAN_POINT('',(59.878579060661,-11.90903704681));
#1969 = CARTESIAN_POINT('',(75.624588785303,-55.));
#1970 = CARTESIAN_POINT('',(30.43371533199,-47.09096295318));
#1971 = CARTESIAN_POINT('',(-14.75715812132,-39.18192590636));
#1972 = CARTESIAN_POINT('',(14.687705607348,-4.));
#1973 = ( GEOMETRIC_REPRESENTATION_CONTEXT(2) 
PARAMETRIC_REPRESENTATION_CONTEXT() REPRESENTATION_CONTEXT('2D SPACE',''
  ) );
#1974 = ORIENTED_EDGE('',*,*,#1975,.F.);
#1975 = EDGE_CURVE('',#1854,#1943,#1976,.T.);
#1976 = SURFACE_CURVE('',#1977,(#1982,#1993),.PCURVE_S1.);
#1977 = HYPERBOLA('',#1978,170.,17.);
#1978 = AXIS2_PLACEMENT_3D('',#1979,#1980,#1981);
#1979 = CARTESIAN_POINT('',(359.87531094719,-17.,0.));
#1980 = DIRECTION('',(0.,1.,0.));
#1981 = DIRECTION('',(-1.,0.,-0.));
#1982 = PCURVE('',#1549,#1983);
#1983 = DEFINITIONAL_REPRESENTATION('',(#1984),#1992);
#1984 = B_SPLINE_CURVE_WITH_KNOTS('',6,(#1985,#1986,#1987,#1988,#1989,
    #1990,#1991),.UNSPECIFIED.,.F.,.F.,(7,7),(-1.223302991886,
    -0.988661714381),.PIECEWISE_BEZIER_KNOTS.);
#1985 = CARTESIAN_POINT('',(-2.569233939877,-11.));
#1986 = CARTESIAN_POINT('',(-2.54805301453,-21.31841600998));
#1987 = CARTESIAN_POINT('',(-2.526036520444,-31.06080252396));
#1988 = CARTESIAN_POINT('',(-2.503160360732,-40.25556427369));
#1989 = CARTESIAN_POINT('',(-2.47940334472,-48.92846349949));
#1990 = CARTESIAN_POINT('',(-2.454748714483,-57.10287915362));
#1991 = CARTESIAN_POINT('',(-2.429186236041,-64.8));
#1992 = ( GEOMETRIC_REPRESENTATION_CONTEXT(2) 
PARAMETRIC_REPRESENTATION_CONTEXT() REPRESENTATION_CONTEXT('2D SPACE',''
  ) );
#1993 = PCURVE('',#1994,#1999);
#1994 = PLANE('',#1995);
#1995 = AXIS2_PLACEMENT_3D('',#1996,#1997,#1998);
#1996 = CARTESIAN_POINT('',(47.,-17.,-35.));
#1997 = DIRECTION('',(-0.,1.,0.));
#1998 = DIRECTION('',(0.,0.,1.));
#1999 = DEFINITIONAL_REPRESENTATION('',(#2000),#2004);
#2000 = HYPERBOLA('',#2001,170.,17.);
#2001 = AXIS2_PLACEMENT_2D('',#2002,#2003);
#2002 = CARTESIAN_POINT('',(35.,312.87531094719));
#2003 = DIRECTION('',(0.,-1.));
#2004 = ( GEOMETRIC_REPRESENTATION_CONTEXT(2) 
PARAMETRIC_REPRESENTATION_CONTEXT() REPRESENTATION_CONTEXT('2D SPACE',''
  ) );
#2005 = FACE_BOUND('',#2006,.F.);
#2006 = EDGE_LOOP('',(#2007,#2038,#2071,#2104,#2136));
#2007 = ORIENTED_EDGE('',*,*,#2008,.F.);
#2008 = EDGE_CURVE('',#2009,#2011,#2013,.T.);
#2009 = VERTEX_POINT('',#2010);
#2010 = CARTESIAN_POINT('',(47.,17.,-26.2661303203));
#2011 = VERTEX_POINT('',#2012);
#2012 = CARTESIAN_POINT('',(47.,21.,-23.19287826042));
#2013 = SURFACE_CURVE('',#2014,(#2019,#2026),.PCURVE_S1.);
#2014 = CIRCLE('',#2015,31.28753109472);
#2015 = AXIS2_PLACEMENT_3D('',#2016,#2017,#2018);
#2016 = CARTESIAN_POINT('',(47.,0.,0.));
#2017 = DIRECTION('',(1.,0.,0.));
#2018 = DIRECTION('',(-0.,0.,1.));
#2019 = PCURVE('',#1549,#2020);
#2020 = DEFINITIONAL_REPRESENTATION('',(#2021),#2025);
#2021 = LINE('',#2022,#2023);
#2022 = CARTESIAN_POINT('',(-0.,-12.));
#2023 = VECTOR('',#2024,1.);
#2024 = DIRECTION('',(-1.,-0.));
#2025 = ( GEOMETRIC_REPRESENTATION_CONTEXT(2) 
PARAMETRIC_REPRESENTATION_CONTEXT() REPRESENTATION_CONTEXT('2D SPACE',''
  ) );
#2026 = PCURVE('',#2027,#2032);
#2027 = PLANE('',#2028);
#2028 = AXIS2_PLACEMENT_3D('',#2029,#2030,#2031);
#2029 = CARTESIAN_POINT('',(47.,17.,-35.));
#2030 = DIRECTION('',(1.,0.,-0.));
#2031 = DIRECTION('',(0.,0.,1.));
#2032 = DEFINITIONAL_REPRESENTATION('',(#2033),#2037);
#2033 = CIRCLE('',#2034,31.28753109472);
#2034 = AXIS2_PLACEMENT_2D('',#2035,#2036);
#2035 = CARTESIAN_POINT('',(35.,17.));
#2036 = DIRECTION('',(1.,0.));
#2037 = ( GEOMETRIC_REPRESENTATION_CONTEXT(2) 
PARAMETRIC_REPRESENTATION_CONTEXT() REPRESENTATION_CONTEXT('2D SPACE',''
  ) );
#2038 = ORIENTED_EDGE('',*,*,#2039,.T.);
#2039 = EDGE_CURVE('',#2009,#2040,#2042,.T.);
#2040 = VERTEX_POINT('',#2041);
#2041 = CARTESIAN_POINT('',(95.,17.,-20.31229439265));
#2042 = SURFACE_CURVE('',#2043,(#2048,#2059),.PCURVE_S1.);
#2043 = HYPERBOLA('',#2044,170.,17.);
#2044 = AXIS2_PLACEMENT_3D('',#2045,#2046,#2047);
#2045 = CARTESIAN_POINT('',(359.87531094719,17.,0.));
#2046 = DIRECTION('',(0.,1.,0.));
#2047 = DIRECTION('',(-1.,0.,-0.));
#2048 = PCURVE('',#1549,#2049);
#2049 = DEFINITIONAL_REPRESENTATION('',(#2050),#2058);
#2050 = B_SPLINE_CURVE_WITH_KNOTS('',6,(#2051,#2052,#2053,#2054,#2055,
    #2056,#2057),.UNSPECIFIED.,.F.,.F.,(7,7),(-1.223302991886,
    -0.988661714381),.PIECEWISE_BEZIER_KNOTS.);
#2051 = CARTESIAN_POINT('',(-3.713951367303,-11.));
#2052 = CARTESIAN_POINT('',(-3.735132292649,-21.31841600998));
#2053 = CARTESIAN_POINT('',(-3.757148786736,-31.06080252396));
#2054 = CARTESIAN_POINT('',(-3.780024946448,-40.25556427369));
#2055 = CARTESIAN_POINT('',(-3.80378196246,-48.92846349949));
#2056 = CARTESIAN_POINT('',(-3.828436592697,-57.10287915362));
#2057 = CARTESIAN_POINT('',(-3.853999071139,-64.8));
#2058 = ( GEOMETRIC_REPRESENTATION_CONTEXT(2) 
PARAMETRIC_REPRESENTATION_CONTEXT() REPRESENTATION_CONTEXT('2D SPACE',''
  ) );
#2059 = PCURVE('',#2060,#2065);
#2060 = PLANE('',#2061);
#2061 = AXIS2_PLACEMENT_3D('',#2062,#2063,#2064);
#2062 = CARTESIAN_POINT('',(47.,17.,-35.));
#2063 = DIRECTION('',(-0.,1.,0.));
#2064 = DIRECTION('',(0.,0.,1.));
#2065 = DEFINITIONAL_REPRESENTATION('',(#2066),#2070);
#2066 = HYPERBOLA('',#2067,170.,17.);
#2067 = AXIS2_PLACEMENT_2D('',#2068,#2069);
#2068 = CARTESIAN_POINT('',(35.,312.87531094719));
#2069 = DIRECTION('',(0.,-1.));
#2070 = ( GEOMETRIC_REPRESENTATION_CONTEXT(2) 
PARAMETRIC_REPRESENTATION_CONTEXT() REPRESENTATION_CONTEXT('2D SPACE',''
  ) );
#2071 = ORIENTED_EDGE('',*,*,#2072,.F.);
#2072 = EDGE_CURVE('',#2073,#2040,#2075,.T.);
#2073 = VERTEX_POINT('',#2074);
#2074 = CARTESIAN_POINT('',(95.,21.,-16.14277867945));
#2075 = SURFACE_CURVE('',#2076,(#2081,#2088),.PCURVE_S1.);
#2076 = CIRCLE('',#2077,26.48753109472);
#2077 = AXIS2_PLACEMENT_3D('',#2078,#2079,#2080);
#2078 = CARTESIAN_POINT('',(95.,0.,0.));
#2079 = DIRECTION('',(-1.,0.,0.));
#2080 = DIRECTION('',(0.,0.792825874367,-0.60944822006));
#2081 = PCURVE('',#1549,#2082);
#2082 = DEFINITIONAL_REPRESENTATION('',(#2083),#2087);
#2083 = LINE('',#2084,#2085);
#2084 = CARTESIAN_POINT('',(-4.057024541895,-60.));
#2085 = VECTOR('',#2086,1.);
#2086 = DIRECTION('',(1.,-0.));
#2087 = ( GEOMETRIC_REPRESENTATION_CONTEXT(2) 
PARAMETRIC_REPRESENTATION_CONTEXT() REPRESENTATION_CONTEXT('2D SPACE',''
  ) );
#2088 = PCURVE('',#2089,#2094);
#2089 = PLANE('',#2090);
#2090 = AXIS2_PLACEMENT_3D('',#2091,#2092,#2093);
#2091 = CARTESIAN_POINT('',(95.,17.,-17.));
#2092 = DIRECTION('',(1.,0.,-0.));
#2093 = DIRECTION('',(0.,0.,1.));
#2094 = DEFINITIONAL_REPRESENTATION('',(#2095),#2103);
#2095 = ( BOUNDED_CURVE() B_SPLINE_CURVE(2,(#2096,#2097,#2098,#2099,
#2100,#2101,#2102),.UNSPECIFIED.,.T.,.F.) B_SPLINE_CURVE_WITH_KNOTS((1,2
    ,2,2,2,1),(-2.094395102393,0.,2.094395102393,4.188790204786,
6.28318530718,8.377580409573),.UNSPECIFIED.) CURVE() 
GEOMETRIC_REPRESENTATION_ITEM() RATIONAL_B_SPLINE_CURVE((1.,0.5,1.,0.5,
1.,0.5,1.)) REPRESENTATION_ITEM('') );
#2096 = CARTESIAN_POINT('',(0.857221320549,-4.));
#2097 = CARTESIAN_POINT('',(-35.51584563839,23.960112848149));
#2098 = CARTESIAN_POINT('',(6.884855860252,41.480056424075));
#2099 = CARTESIAN_POINT('',(49.285557358903,59.));
#2100 = CARTESIAN_POINT('',(43.257922819199,13.519943575925));
#2101 = CARTESIAN_POINT('',(37.230288279495,-31.96011284814));
#2102 = CARTESIAN_POINT('',(0.857221320549,-4.));
#2103 = ( GEOMETRIC_REPRESENTATION_CONTEXT(2) 
PARAMETRIC_REPRESENTATION_CONTEXT() REPRESENTATION_CONTEXT('2D SPACE',''
  ) );
#2104 = ORIENTED_EDGE('',*,*,#2105,.F.);
#2105 = EDGE_CURVE('',#2106,#2073,#2108,.T.);
#2106 = VERTEX_POINT('',#2107);
#2107 = CARTESIAN_POINT('',(89.690189225072,21.,-17.));
#2108 = SURFACE_CURVE('',#2109,(#2114,#2124),.PCURVE_S1.);
#2109 = HYPERBOLA('',#2110,210.,21.);
#2110 = AXIS2_PLACEMENT_3D('',#2111,#2112,#2113);
#2111 = CARTESIAN_POINT('',(359.87531094719,21.,0.));
#2112 = DIRECTION('',(0.,1.,0.));
#2113 = DIRECTION('',(-1.,0.,-0.));
#2114 = PCURVE('',#1549,#2115);
#2115 = DEFINITIONAL_REPRESENTATION('',(#2116),#2123);
#2116 = B_SPLINE_CURVE_WITH_KNOTS('',5,(#2117,#2118,#2119,#2120,#2121,
    #2122),.UNSPECIFIED.,.F.,.F.,(6,6),(-0.751152594883,-0.677550237157)
  ,.PIECEWISE_BEZIER_KNOTS.);
#2117 = CARTESIAN_POINT('',(-4.023297702986,-52.79260293362));
#2118 = CARTESIAN_POINT('',(-4.034659318162,-55.33924451095));
#2119 = CARTESIAN_POINT('',(-4.046153861468,-57.81218831079));
#2120 = CARTESIAN_POINT('',(-4.057780351216,-60.21258398626));
#2121 = CARTESIAN_POINT('',(-4.06953749609,-62.54151468796));
#2122 = CARTESIAN_POINT('',(-4.081423664805,-64.8));
#2123 = ( GEOMETRIC_REPRESENTATION_CONTEXT(2) 
PARAMETRIC_REPRESENTATION_CONTEXT() REPRESENTATION_CONTEXT('2D SPACE',''
  ) );
#2124 = PCURVE('',#2125,#2130);
#2125 = PLANE('',#2126);
#2126 = AXIS2_PLACEMENT_3D('',#2127,#2128,#2129);
#2127 = CARTESIAN_POINT('',(47.,21.,-35.));
#2128 = DIRECTION('',(-0.,1.,0.));
#2129 = DIRECTION('',(0.,0.,1.));
#2130 = DEFINITIONAL_REPRESENTATION('',(#2131),#2135);
#2131 = HYPERBOLA('',#2132,210.,21.);
#2132 = AXIS2_PLACEMENT_2D('',#2133,#2134);
#2133 = CARTESIAN_POINT('',(35.,312.87531094719));
#2134 = DIRECTION('',(0.,-1.));
#2135 = ( GEOMETRIC_REPRESENTATION_CONTEXT(2) 
PARAMETRIC_REPRESENTATION_CONTEXT() REPRESENTATION_CONTEXT('2D SPACE',''
  ) );
#2136 = ORIENTED_EDGE('',*,*,#2137,.F.);
#2137 = EDGE_CURVE('',#2011,#2106,#2138,.T.);
#2138 = SURFACE_CURVE('',#2139,(#2144,#2155),.PCURVE_S1.);
#2139 = HYPERBOLA('',#2140,210.,21.);
#2140 = AXIS2_PLACEMENT_3D('',#2141,#2142,#2143);
#2141 = CARTESIAN_POINT('',(359.87531094719,21.,0.));
#2142 = DIRECTION('',(0.,1.,0.));
#2143 = DIRECTION('',(-1.,0.,-0.));
#2144 = PCURVE('',#1549,#2145);
#2145 = DEFINITIONAL_REPRESENTATION('',(#2146),#2154);
#2146 = B_SPLINE_CURVE_WITH_KNOTS('',6,(#2147,#2148,#2149,#2150,#2151,
    #2152,#2153),.UNSPECIFIED.,.F.,.F.,(7,7),(-0.957617926144,
    -0.704594427534),.PIECEWISE_BEZIER_KNOTS.);
#2147 = CARTESIAN_POINT('',(-3.874529865147,-11.));
#2148 = CARTESIAN_POINT('',(-3.902744325292,-20.83738662898));
#2149 = CARTESIAN_POINT('',(-3.932019934326,-30.00495403907));
#2150 = CARTESIAN_POINT('',(-3.962366137784,-38.5341920313));
#2151 = CARTESIAN_POINT('',(-3.993782896919,-46.45301739236));
#2152 = CARTESIAN_POINT('',(-4.026257430418,-53.78610778746));
#2153 = CARTESIAN_POINT('',(-4.059761578512,-60.55513105503));
#2154 = ( GEOMETRIC_REPRESENTATION_CONTEXT(2) 
PARAMETRIC_REPRESENTATION_CONTEXT() REPRESENTATION_CONTEXT('2D SPACE',''
  ) );
#2155 = PCURVE('',#2125,#2156);
#2156 = DEFINITIONAL_REPRESENTATION('',(#2157),#2161);
#2157 = HYPERBOLA('',#2158,210.,21.);
#2158 = AXIS2_PLACEMENT_2D('',#2159,#2160);
#2159 = CARTESIAN_POINT('',(35.,312.87531094719));
#2160 = DIRECTION('',(0.,-1.));
#2161 = ( GEOMETRIC_REPRESENTATION_CONTEXT(2) 
PARAMETRIC_REPRESENTATION_CONTEXT() REPRESENTATION_CONTEXT('2D SPACE',''
  ) );
#2162 = FACE_BOUND('',#2163,.F.);
#2163 = EDGE_LOOP('',(#2164,#2165,#2166,#2167));
#2164 = ORIENTED_EDGE('',*,*,#1532,.F.);
#2165 = ORIENTED_EDGE('',*,*,#1592,.F.);
#2166 = ORIENTED_EDGE('',*,*,#1702,.T.);
#2167 = ORIENTED_EDGE('',*,*,#1647,.T.);
#2168 = ADVANCED_FACE('',(#2169),#1494,.F.);
#2169 = FACE_BOUND('',#2170,.F.);
#2170 = EDGE_LOOP('',(#2171,#2200,#2221,#2222));
#2171 = ORIENTED_EDGE('',*,*,#2172,.F.);
#2172 = EDGE_CURVE('',#2173,#2173,#2175,.T.);
#2173 = VERTEX_POINT('',#2174);
#2174 = CARTESIAN_POINT('',(43.,7.39686666685E-15,30.2));
#2175 = SURFACE_CURVE('',#2176,(#2181,#2188),.PCURVE_S1.);
#2176 = CIRCLE('',#2177,30.2);
#2177 = AXIS2_PLACEMENT_3D('',#2178,#2179,#2180);
#2178 = CARTESIAN_POINT('',(43.,0.,0.));
#2179 = DIRECTION('',(1.,0.,0.));
#2180 = DIRECTION('',(-0.,0.,1.));
#2181 = PCURVE('',#1494,#2182);
#2182 = DEFINITIONAL_REPRESENTATION('',(#2183),#2187);
#2183 = LINE('',#2184,#2185);
#2184 = CARTESIAN_POINT('',(0.,8.1));
#2185 = VECTOR('',#2186,1.);
#2186 = DIRECTION('',(1.,0.));
#2187 = ( GEOMETRIC_REPRESENTATION_CONTEXT(2) 
PARAMETRIC_REPRESENTATION_CONTEXT() REPRESENTATION_CONTEXT('2D SPACE',''
  ) );
#2188 = PCURVE('',#2189,#2194);
#2189 = PLANE('',#2190);
#2190 = AXIS2_PLACEMENT_3D('',#2191,#2192,#2193);
#2191 = CARTESIAN_POINT('',(43.,-80.,-80.));
#2192 = DIRECTION('',(1.,0.,-0.));
#2193 = DIRECTION('',(0.,0.,1.));
#2194 = DEFINITIONAL_REPRESENTATION('',(#2195),#2199);
#2195 = CIRCLE('',#2196,30.2);
#2196 = AXIS2_PLACEMENT_2D('',#2197,#2198);
#2197 = CARTESIAN_POINT('',(80.,-80.));
#2198 = DIRECTION('',(1.,0.));
#2199 = ( GEOMETRIC_REPRESENTATION_CONTEXT(2) 
PARAMETRIC_REPRESENTATION_CONTEXT() REPRESENTATION_CONTEXT('2D SPACE',''
  ) );
#2200 = ORIENTED_EDGE('',*,*,#2201,.F.);
#2201 = EDGE_CURVE('',#1478,#2173,#2202,.T.);
#2202 = SEAM_CURVE('',#2203,(#2207,#2214),.PCURVE_S1.);
#2203 = LINE('',#2204,#2205);
#2204 = CARTESIAN_POINT('',(34.9,7.39686666685E-15,30.2));
#2205 = VECTOR('',#2206,1.);
#2206 = DIRECTION('',(1.,0.,0.));
#2207 = PCURVE('',#1494,#2208);
#2208 = DEFINITIONAL_REPRESENTATION('',(#2209),#2213);
#2209 = LINE('',#2210,#2211);
#2210 = CARTESIAN_POINT('',(6.28318530718,-0.));
#2211 = VECTOR('',#2212,1.);
#2212 = DIRECTION('',(0.,1.));
#2213 = ( GEOMETRIC_REPRESENTATION_CONTEXT(2) 
PARAMETRIC_REPRESENTATION_CONTEXT() REPRESENTATION_CONTEXT('2D SPACE',''
  ) );
#2214 = PCURVE('',#1494,#2215);
#2215 = DEFINITIONAL_REPRESENTATION('',(#2216),#2220);
#2216 = LINE('',#2217,#2218);
#2217 = CARTESIAN_POINT('',(0.,-0.));
#2218 = VECTOR('',#2219,1.);
#2219 = DIRECTION('',(0.,1.));
#2220 = ( GEOMETRIC_REPRESENTATION_CONTEXT(2) 
PARAMETRIC_REPRESENTATION_CONTEXT() REPRESENTATION_CONTEXT('2D SPACE',''
  ) );
#2221 = ORIENTED_EDGE('',*,*,#1477,.T.);
#2222 = ORIENTED_EDGE('',*,*,#2201,.T.);
#2223 = ADVANCED_FACE('',(#2224),#1754,.F.);
#2224 = FACE_BOUND('',#2225,.F.);
#2225 = EDGE_LOOP('',(#2226,#2227,#2250,#2271));
#2226 = ORIENTED_EDGE('',*,*,#1737,.F.);
#2227 = ORIENTED_EDGE('',*,*,#2228,.F.);
#2228 = EDGE_CURVE('',#2229,#1738,#2231,.T.);
#2229 = VERTEX_POINT('',#2230);
#2230 = CARTESIAN_POINT('',(127.,5.559896468129E-15,22.7));
#2231 = SEAM_CURVE('',#2232,(#2236,#2243),.PCURVE_S1.);
#2232 = LINE('',#2233,#2234);
#2233 = CARTESIAN_POINT('',(127.,5.559896468129E-15,22.7));
#2234 = VECTOR('',#2235,1.);
#2235 = DIRECTION('',(1.,0.,0.));
#2236 = PCURVE('',#1754,#2237);
#2237 = DEFINITIONAL_REPRESENTATION('',(#2238),#2242);
#2238 = LINE('',#2239,#2240);
#2239 = CARTESIAN_POINT('',(0.,0.));
#2240 = VECTOR('',#2241,1.);
#2241 = DIRECTION('',(0.,1.));
#2242 = ( GEOMETRIC_REPRESENTATION_CONTEXT(2) 
PARAMETRIC_REPRESENTATION_CONTEXT() REPRESENTATION_CONTEXT('2D SPACE',''
  ) );
#2243 = PCURVE('',#1754,#2244);
#2244 = DEFINITIONAL_REPRESENTATION('',(#2245),#2249);
#2245 = LINE('',#2246,#2247);
#2246 = CARTESIAN_POINT('',(6.28318530718,0.));
#2247 = VECTOR('',#2248,1.);
#2248 = DIRECTION('',(0.,1.));
#2249 = ( GEOMETRIC_REPRESENTATION_CONTEXT(2) 
PARAMETRIC_REPRESENTATION_CONTEXT() REPRESENTATION_CONTEXT('2D SPACE',''
  ) );
#2250 = ORIENTED_EDGE('',*,*,#2251,.T.);
#2251 = EDGE_CURVE('',#2229,#2229,#2252,.T.);
#2252 = SURFACE_CURVE('',#2253,(#2258,#2264),.PCURVE_S1.);
#2253 = CIRCLE('',#2254,22.7);
#2254 = AXIS2_PLACEMENT_3D('',#2255,#2256,#2257);
#2255 = CARTESIAN_POINT('',(127.,0.,0.));
#2256 = DIRECTION('',(1.,0.,0.));
#2257 = DIRECTION('',(-0.,0.,1.));
#2258 = PCURVE('',#1754,#2259);
#2259 = DEFINITIONAL_REPRESENTATION('',(#2260),#2263);
#2260 = B_SPLINE_CURVE_WITH_KNOTS('',1,(#2261,#2262),.UNSPECIFIED.,.F.,
  .F.,(2,2),(0.,6.28318530718),.PIECEWISE_BEZIER_KNOTS.);
#2261 = CARTESIAN_POINT('',(0.,0.));
#2262 = CARTESIAN_POINT('',(6.28318530718,0.));
#2263 = ( GEOMETRIC_REPRESENTATION_CONTEXT(2) 
PARAMETRIC_REPRESENTATION_CONTEXT() REPRESENTATION_CONTEXT('2D SPACE',''
  ) );
#2264 = PCURVE('',#1836,#2265);
#2265 = DEFINITIONAL_REPRESENTATION('',(#2266),#2270);
#2266 = CIRCLE('',#2267,22.7);
#2267 = AXIS2_PLACEMENT_2D('',#2268,#2269);
#2268 = CARTESIAN_POINT('',(80.,-80.));
#2269 = DIRECTION('',(1.,0.));
#2270 = ( GEOMETRIC_REPRESENTATION_CONTEXT(2) 
PARAMETRIC_REPRESENTATION_CONTEXT() REPRESENTATION_CONTEXT('2D SPACE',''
  ) );
#2271 = ORIENTED_EDGE('',*,*,#2228,.T.);
#2272 = ADVANCED_FACE('',(#2273,#2276,#2307,#2338,#2369),#1786,.T.);
#2273 = FACE_BOUND('',#2274,.T.);
#2274 = EDGE_LOOP('',(#2275));
#2275 = ORIENTED_EDGE('',*,*,#1769,.T.);
#2276 = FACE_BOUND('',#2277,.T.);
#2277 = EDGE_LOOP('',(#2278));
#2278 = ORIENTED_EDGE('',*,*,#2279,.F.);
#2279 = EDGE_CURVE('',#2280,#2280,#2282,.T.);
#2280 = VERTEX_POINT('',#2281);
#2281 = CARTESIAN_POINT('',(46.,25.,1.7));
#2282 = SURFACE_CURVE('',#2283,(#2288,#2295),.PCURVE_S1.);
#2283 = CIRCLE('',#2284,1.7);
#2284 = AXIS2_PLACEMENT_3D('',#2285,#2286,#2287);
#2285 = CARTESIAN_POINT('',(46.,25.,0.));
#2286 = DIRECTION('',(1.,0.,0.));
#2287 = DIRECTION('',(-0.,0.,1.));
#2288 = PCURVE('',#1786,#2289);
#2289 = DEFINITIONAL_REPRESENTATION('',(#2290),#2294);
#2290 = CIRCLE('',#2291,1.7);
#2291 = AXIS2_PLACEMENT_2D('',#2292,#2293);
#2292 = CARTESIAN_POINT('',(80.,-105.));
#2293 = DIRECTION('',(1.,0.));
#2294 = ( GEOMETRIC_REPRESENTATION_CONTEXT(2) 
PARAMETRIC_REPRESENTATION_CONTEXT() REPRESENTATION_CONTEXT('2D SPACE',''
  ) );
#2295 = PCURVE('',#2296,#2301);
#2296 = CYLINDRICAL_SURFACE('',#2297,1.7);
#2297 = AXIS2_PLACEMENT_3D('',#2298,#2299,#2300);
#2298 = CARTESIAN_POINT('',(42.99,25.,0.));
#2299 = DIRECTION('',(1.,0.,0.));
#2300 = DIRECTION('',(-0.,0.,1.));
#2301 = DEFINITIONAL_REPRESENTATION('',(#2302),#2306);
#2302 = LINE('',#2303,#2304);
#2303 = CARTESIAN_POINT('',(0.,3.01));
#2304 = VECTOR('',#2305,1.);
#2305 = DIRECTION('',(1.,0.));
#2306 = ( GEOMETRIC_REPRESENTATION_CONTEXT(2) 
PARAMETRIC_REPRESENTATION_CONTEXT() REPRESENTATION_CONTEXT('2D SPACE',''
  ) );
#2307 = FACE_BOUND('',#2308,.T.);
#2308 = EDGE_LOOP('',(#2309));
#2309 = ORIENTED_EDGE('',*,*,#2310,.F.);
#2310 = EDGE_CURVE('',#2311,#2311,#2313,.T.);
#2311 = VERTEX_POINT('',#2312);
#2312 = CARTESIAN_POINT('',(46.,5.143516556419E-15,21.));
#2313 = SURFACE_CURVE('',#2314,(#2319,#2326),.PCURVE_S1.);
#2314 = CIRCLE('',#2315,21.);
#2315 = AXIS2_PLACEMENT_3D('',#2316,#2317,#2318);
#2316 = CARTESIAN_POINT('',(46.,0.,0.));
#2317 = DIRECTION('',(1.,0.,0.));
#2318 = DIRECTION('',(-0.,0.,1.));
#2319 = PCURVE('',#1786,#2320);
#2320 = DEFINITIONAL_REPRESENTATION('',(#2321),#2325);
#2321 = CIRCLE('',#2322,21.);
#2322 = AXIS2_PLACEMENT_2D('',#2323,#2324);
#2323 = CARTESIAN_POINT('',(80.,-80.));
#2324 = DIRECTION('',(1.,0.));
#2325 = ( GEOMETRIC_REPRESENTATION_CONTEXT(2) 
PARAMETRIC_REPRESENTATION_CONTEXT() REPRESENTATION_CONTEXT('2D SPACE',''
  ) );
#2326 = PCURVE('',#2327,#2332);
#2327 = CYLINDRICAL_SURFACE('',#2328,21.);
#2328 = AXIS2_PLACEMENT_3D('',#2329,#2330,#2331);
#2329 = CARTESIAN_POINT('',(42.9,0.,0.));
#2330 = DIRECTION('',(1.,0.,0.));
#2331 = DIRECTION('',(-0.,0.,1.));
#2332 = DEFINITIONAL_REPRESENTATION('',(#2333),#2337);
#2333 = LINE('',#2334,#2335);
#2334 = CARTESIAN_POINT('',(0.,3.1));
#2335 = VECTOR('',#2336,1.);
#2336 = DIRECTION('',(1.,0.));
#2337 = ( GEOMETRIC_REPRESENTATION_CONTEXT(2) 
PARAMETRIC_REPRESENTATION_CONTEXT() REPRESENTATION_CONTEXT('2D SPACE',''
  ) );
#2338 = FACE_BOUND('',#2339,.T.);
#2339 = EDGE_LOOP('',(#2340));
#2340 = ORIENTED_EDGE('',*,*,#2341,.F.);
#2341 = EDGE_CURVE('',#2342,#2342,#2344,.T.);
#2342 = VERTEX_POINT('',#2343);
#2343 = CARTESIAN_POINT('',(46.,-12.5,-19.95063509461));
#2344 = SURFACE_CURVE('',#2345,(#2350,#2357),.PCURVE_S1.);
#2345 = CIRCLE('',#2346,1.7);
#2346 = AXIS2_PLACEMENT_3D('',#2347,#2348,#2349);
#2347 = CARTESIAN_POINT('',(46.,-12.5,-21.65063509461));
#2348 = DIRECTION('',(1.,0.,0.));
#2349 = DIRECTION('',(-0.,0.,1.));
#2350 = PCURVE('',#1786,#2351);
#2351 = DEFINITIONAL_REPRESENTATION('',(#2352),#2356);
#2352 = CIRCLE('',#2353,1.7);
#2353 = AXIS2_PLACEMENT_2D('',#2354,#2355);
#2354 = CARTESIAN_POINT('',(58.349364905389,-67.5));
#2355 = DIRECTION('',(1.,0.));
#2356 = ( GEOMETRIC_REPRESENTATION_CONTEXT(2) 
PARAMETRIC_REPRESENTATION_CONTEXT() REPRESENTATION_CONTEXT('2D SPACE',''
  ) );
#2357 = PCURVE('',#2358,#2363);
#2358 = CYLINDRICAL_SURFACE('',#2359,1.7);
#2359 = AXIS2_PLACEMENT_3D('',#2360,#2361,#2362);
#2360 = CARTESIAN_POINT('',(42.99,-12.5,-21.65063509461));
#2361 = DIRECTION('',(1.,0.,0.));
#2362 = DIRECTION('',(-0.,0.,1.));
#2363 = DEFINITIONAL_REPRESENTATION('',(#2364),#2368);
#2364 = LINE('',#2365,#2366);
#2365 = CARTESIAN_POINT('',(0.,3.01));
#2366 = VECTOR('',#2367,1.);
#2367 = DIRECTION('',(1.,0.));
#2368 = ( GEOMETRIC_REPRESENTATION_CONTEXT(2) 
PARAMETRIC_REPRESENTATION_CONTEXT() REPRESENTATION_CONTEXT('2D SPACE',''
  ) );
#2369 = FACE_BOUND('',#2370,.T.);
#2370 = EDGE_LOOP('',(#2371));
#2371 = ORIENTED_EDGE('',*,*,#2372,.F.);
#2372 = EDGE_CURVE('',#2373,#2373,#2375,.T.);
#2373 = VERTEX_POINT('',#2374);
#2374 = CARTESIAN_POINT('',(46.,-12.5,23.350635094611));
#2375 = SURFACE_CURVE('',#2376,(#2381,#2388),.PCURVE_S1.);
#2376 = CIRCLE('',#2377,1.7);
#2377 = AXIS2_PLACEMENT_3D('',#2378,#2379,#2380);
#2378 = CARTESIAN_POINT('',(46.,-12.5,21.650635094611));
#2379 = DIRECTION('',(1.,0.,0.));
#2380 = DIRECTION('',(-0.,0.,1.));
#2381 = PCURVE('',#1786,#2382);
#2382 = DEFINITIONAL_REPRESENTATION('',(#2383),#2387);
#2383 = CIRCLE('',#2384,1.7);
#2384 = AXIS2_PLACEMENT_2D('',#2385,#2386);
#2385 = CARTESIAN_POINT('',(101.65063509461,-67.5));
#2386 = DIRECTION('',(1.,0.));
#2387 = ( GEOMETRIC_REPRESENTATION_CONTEXT(2) 
PARAMETRIC_REPRESENTATION_CONTEXT() REPRESENTATION_CONTEXT('2D SPACE',''
  ) );
#2388 = PCURVE('',#2389,#2394);
#2389 = CYLINDRICAL_SURFACE('',#2390,1.7);
#2390 = AXIS2_PLACEMENT_3D('',#2391,#2392,#2393);
#2391 = CARTESIAN_POINT('',(42.99,-12.5,21.650635094611));
#2392 = DIRECTION('',(1.,0.,0.));
#2393 = DIRECTION('',(-0.,0.,1.));
#2394 = DEFINITIONAL_REPRESENTATION('',(#2395),#2399);
#2395 = LINE('',#2396,#2397);
#2396 = CARTESIAN_POINT('',(0.,3.01));
#2397 = VECTOR('',#2398,1.);
#2398 = DIRECTION('',(1.,0.));
#2399 = ( GEOMETRIC_REPRESENTATION_CONTEXT(2) 
PARAMETRIC_REPRESENTATION_CONTEXT() REPRESENTATION_CONTEXT('2D SPACE',''
  ) );
#2400 = ADVANCED_FACE('',(#2401,#2404),#1836,.F.);
#2401 = FACE_BOUND('',#2402,.F.);
#2402 = EDGE_LOOP('',(#2403));
#2403 = ORIENTED_EDGE('',*,*,#1821,.T.);
#2404 = FACE_BOUND('',#2405,.F.);
#2405 = EDGE_LOOP('',(#2406));
#2406 = ORIENTED_EDGE('',*,*,#2251,.F.);
#2407 = ADVANCED_FACE('',(#2408),#1870,.F.);
#2408 = FACE_BOUND('',#2409,.F.);
#2409 = EDGE_LOOP('',(#2410,#2433,#2434,#2457));
#2410 = ORIENTED_EDGE('',*,*,#2411,.F.);
#2411 = EDGE_CURVE('',#1852,#2412,#2414,.T.);
#2412 = VERTEX_POINT('',#2413);
#2413 = CARTESIAN_POINT('',(47.,-21.,-14.));
#2414 = SURFACE_CURVE('',#2415,(#2419,#2426),.PCURVE_S1.);
#2415 = LINE('',#2416,#2417);
#2416 = CARTESIAN_POINT('',(47.,-21.,-23.19287826042));
#2417 = VECTOR('',#2418,1.);
#2418 = DIRECTION('',(0.,0.,1.));
#2419 = PCURVE('',#1870,#2420);
#2420 = DEFINITIONAL_REPRESENTATION('',(#2421),#2425);
#2421 = LINE('',#2422,#2423);
#2422 = CARTESIAN_POINT('',(11.807121739571,0.));
#2423 = VECTOR('',#2424,1.);
#2424 = DIRECTION('',(1.,0.));
#2425 = ( GEOMETRIC_REPRESENTATION_CONTEXT(2) 
PARAMETRIC_REPRESENTATION_CONTEXT() REPRESENTATION_CONTEXT('2D SPACE',''
  ) );
#2426 = PCURVE('',#1903,#2427);
#2427 = DEFINITIONAL_REPRESENTATION('',(#2428),#2432);
#2428 = LINE('',#2429,#2430);
#2429 = CARTESIAN_POINT('',(11.807121739571,0.));
#2430 = VECTOR('',#2431,1.);
#2431 = DIRECTION('',(1.,0.));
#2432 = ( GEOMETRIC_REPRESENTATION_CONTEXT(2) 
PARAMETRIC_REPRESENTATION_CONTEXT() REPRESENTATION_CONTEXT('2D SPACE',''
  ) );
#2433 = ORIENTED_EDGE('',*,*,#1851,.T.);
#2434 = ORIENTED_EDGE('',*,*,#2435,.F.);
#2435 = EDGE_CURVE('',#2436,#1854,#2438,.T.);
#2436 = VERTEX_POINT('',#2437);
#2437 = CARTESIAN_POINT('',(47.,-17.,-14.));
#2438 = SURFACE_CURVE('',#2439,(#2443,#2450),.PCURVE_S1.);
#2439 = LINE('',#2440,#2441);
#2440 = CARTESIAN_POINT('',(47.,-17.,-14.));
#2441 = VECTOR('',#2442,1.);
#2442 = DIRECTION('',(0.,0.,-1.));
#2443 = PCURVE('',#1870,#2444);
#2444 = DEFINITIONAL_REPRESENTATION('',(#2445),#2449);
#2445 = LINE('',#2446,#2447);
#2446 = CARTESIAN_POINT('',(21.,-4.));
#2447 = VECTOR('',#2448,1.);
#2448 = DIRECTION('',(-1.,0.));
#2449 = ( GEOMETRIC_REPRESENTATION_CONTEXT(2) 
PARAMETRIC_REPRESENTATION_CONTEXT() REPRESENTATION_CONTEXT('2D SPACE',''
  ) );
#2450 = PCURVE('',#1994,#2451);
#2451 = DEFINITIONAL_REPRESENTATION('',(#2452),#2456);
#2452 = LINE('',#2453,#2454);
#2453 = CARTESIAN_POINT('',(21.,0.));
#2454 = VECTOR('',#2455,1.);
#2455 = DIRECTION('',(-1.,0.));
#2456 = ( GEOMETRIC_REPRESENTATION_CONTEXT(2) 
PARAMETRIC_REPRESENTATION_CONTEXT() REPRESENTATION_CONTEXT('2D SPACE',''
  ) );
#2457 = ORIENTED_EDGE('',*,*,#2458,.F.);
#2458 = EDGE_CURVE('',#2412,#2436,#2459,.T.);
#2459 = SURFACE_CURVE('',#2460,(#2464,#2471),.PCURVE_S1.);
#2460 = LINE('',#2461,#2462);
#2461 = CARTESIAN_POINT('',(47.,-21.,-14.));
#2462 = VECTOR('',#2463,1.);
#2463 = DIRECTION('',(-0.,1.,0.));
#2464 = PCURVE('',#1870,#2465);
#2465 = DEFINITIONAL_REPRESENTATION('',(#2466),#2470);
#2466 = LINE('',#2467,#2468);
#2467 = CARTESIAN_POINT('',(21.,0.));
#2468 = VECTOR('',#2469,1.);
#2469 = DIRECTION('',(0.,-1.));
#2470 = ( GEOMETRIC_REPRESENTATION_CONTEXT(2) 
PARAMETRIC_REPRESENTATION_CONTEXT() REPRESENTATION_CONTEXT('2D SPACE',''
  ) );
#2471 = PCURVE('',#2472,#2477);
#2472 = PLANE('',#2473);
#2473 = AXIS2_PLACEMENT_3D('',#2474,#2475,#2476);
#2474 = CARTESIAN_POINT('',(47.,-21.,-14.));
#2475 = DIRECTION('',(0.,0.,1.));
#2476 = DIRECTION('',(1.,0.,-0.));
#2477 = DEFINITIONAL_REPRESENTATION('',(#2478),#2482);
#2478 = LINE('',#2479,#2480);
#2479 = CARTESIAN_POINT('',(0.,0.));
#2480 = VECTOR('',#2481,1.);
#2481 = DIRECTION('',(0.,1.));
#2482 = ( GEOMETRIC_REPRESENTATION_CONTEXT(2) 
PARAMETRIC_REPRESENTATION_CONTEXT() REPRESENTATION_CONTEXT('2D SPACE',''
  ) );
#2483 = ADVANCED_FACE('',(#2484),#1903,.F.);
#2484 = FACE_BOUND('',#2485,.F.);
#2485 = EDGE_LOOP('',(#2486,#2487,#2510,#2531,#2532));
#2486 = ORIENTED_EDGE('',*,*,#2411,.T.);
#2487 = ORIENTED_EDGE('',*,*,#2488,.T.);
#2488 = EDGE_CURVE('',#2412,#2489,#2491,.T.);
#2489 = VERTEX_POINT('',#2490);
#2490 = CARTESIAN_POINT('',(95.,-21.,-14.));
#2491 = SURFACE_CURVE('',#2492,(#2496,#2503),.PCURVE_S1.);
#2492 = LINE('',#2493,#2494);
#2493 = CARTESIAN_POINT('',(47.,-21.,-14.));
#2494 = VECTOR('',#2495,1.);
#2495 = DIRECTION('',(1.,0.,-0.));
#2496 = PCURVE('',#1903,#2497);
#2497 = DEFINITIONAL_REPRESENTATION('',(#2498),#2502);
#2498 = LINE('',#2499,#2500);
#2499 = CARTESIAN_POINT('',(21.,0.));
#2500 = VECTOR('',#2501,1.);
#2501 = DIRECTION('',(0.,1.));
#2502 = ( GEOMETRIC_REPRESENTATION_CONTEXT(2) 
PARAMETRIC_REPRESENTATION_CONTEXT() REPRESENTATION_CONTEXT('2D SPACE',''
  ) );
#2503 = PCURVE('',#2472,#2504);
#2504 = DEFINITIONAL_REPRESENTATION('',(#2505),#2509);
#2505 = LINE('',#2506,#2507);
#2506 = CARTESIAN_POINT('',(0.,0.));
#2507 = VECTOR('',#2508,1.);
#2508 = DIRECTION('',(1.,0.));
#2509 = ( GEOMETRIC_REPRESENTATION_CONTEXT(2) 
PARAMETRIC_REPRESENTATION_CONTEXT() REPRESENTATION_CONTEXT('2D SPACE',''
  ) );
#2510 = ORIENTED_EDGE('',*,*,#2511,.F.);
#2511 = EDGE_CURVE('',#1916,#2489,#2512,.T.);
#2512 = SURFACE_CURVE('',#2513,(#2517,#2524),.PCURVE_S1.);
#2513 = LINE('',#2514,#2515);
#2514 = CARTESIAN_POINT('',(95.,-21.,-17.));
#2515 = VECTOR('',#2516,1.);
#2516 = DIRECTION('',(0.,0.,1.));
#2517 = PCURVE('',#1903,#2518);
#2518 = DEFINITIONAL_REPRESENTATION('',(#2519),#2523);
#2519 = LINE('',#2520,#2521);
#2520 = CARTESIAN_POINT('',(18.,48.));
#2521 = VECTOR('',#2522,1.);
#2522 = DIRECTION('',(1.,0.));
#2523 = ( GEOMETRIC_REPRESENTATION_CONTEXT(2) 
PARAMETRIC_REPRESENTATION_CONTEXT() REPRESENTATION_CONTEXT('2D SPACE',''
  ) );
#2524 = PCURVE('',#1959,#2525);
#2525 = DEFINITIONAL_REPRESENTATION('',(#2526),#2530);
#2526 = LINE('',#2527,#2528);
#2527 = CARTESIAN_POINT('',(18.,0.));
#2528 = VECTOR('',#2529,1.);
#2529 = DIRECTION('',(1.,0.));
#2530 = ( GEOMETRIC_REPRESENTATION_CONTEXT(2) 
PARAMETRIC_REPRESENTATION_CONTEXT() REPRESENTATION_CONTEXT('2D SPACE',''
  ) );
#2531 = ORIENTED_EDGE('',*,*,#1915,.F.);
#2532 = ORIENTED_EDGE('',*,*,#1882,.F.);
#2533 = ADVANCED_FACE('',(#2534),#1994,.T.);
#2534 = FACE_BOUND('',#2535,.T.);
#2535 = EDGE_LOOP('',(#2536,#2537,#2538,#2561));
#2536 = ORIENTED_EDGE('',*,*,#1975,.F.);
#2537 = ORIENTED_EDGE('',*,*,#2435,.F.);
#2538 = ORIENTED_EDGE('',*,*,#2539,.T.);
#2539 = EDGE_CURVE('',#2436,#2540,#2542,.T.);
#2540 = VERTEX_POINT('',#2541);
#2541 = CARTESIAN_POINT('',(95.,-17.,-14.));
#2542 = SURFACE_CURVE('',#2543,(#2547,#2554),.PCURVE_S1.);
#2543 = LINE('',#2544,#2545);
#2544 = CARTESIAN_POINT('',(47.,-17.,-14.));
#2545 = VECTOR('',#2546,1.);
#2546 = DIRECTION('',(1.,0.,-0.));
#2547 = PCURVE('',#1994,#2548);
#2548 = DEFINITIONAL_REPRESENTATION('',(#2549),#2553);
#2549 = LINE('',#2550,#2551);
#2550 = CARTESIAN_POINT('',(21.,0.));
#2551 = VECTOR('',#2552,1.);
#2552 = DIRECTION('',(0.,1.));
#2553 = ( GEOMETRIC_REPRESENTATION_CONTEXT(2) 
PARAMETRIC_REPRESENTATION_CONTEXT() REPRESENTATION_CONTEXT('2D SPACE',''
  ) );
#2554 = PCURVE('',#2472,#2555);
#2555 = DEFINITIONAL_REPRESENTATION('',(#2556),#2560);
#2556 = LINE('',#2557,#2558);
#2557 = CARTESIAN_POINT('',(0.,4.));
#2558 = VECTOR('',#2559,1.);
#2559 = DIRECTION('',(1.,0.));
#2560 = ( GEOMETRIC_REPRESENTATION_CONTEXT(2) 
PARAMETRIC_REPRESENTATION_CONTEXT() REPRESENTATION_CONTEXT('2D SPACE',''
  ) );
#2561 = ORIENTED_EDGE('',*,*,#2562,.T.);
#2562 = EDGE_CURVE('',#2540,#1943,#2563,.T.);
#2563 = SURFACE_CURVE('',#2564,(#2568,#2575),.PCURVE_S1.);
#2564 = LINE('',#2565,#2566);
#2565 = CARTESIAN_POINT('',(95.,-17.,-14.));
#2566 = VECTOR('',#2567,1.);
#2567 = DIRECTION('',(0.,0.,-1.));
#2568 = PCURVE('',#1994,#2569);
#2569 = DEFINITIONAL_REPRESENTATION('',(#2570),#2574);
#2570 = LINE('',#2571,#2572);
#2571 = CARTESIAN_POINT('',(21.,48.));
#2572 = VECTOR('',#2573,1.);
#2573 = DIRECTION('',(-1.,0.));
#2574 = ( GEOMETRIC_REPRESENTATION_CONTEXT(2) 
PARAMETRIC_REPRESENTATION_CONTEXT() REPRESENTATION_CONTEXT('2D SPACE',''
  ) );
#2575 = PCURVE('',#1959,#2576);
#2576 = DEFINITIONAL_REPRESENTATION('',(#2577),#2581);
#2577 = LINE('',#2578,#2579);
#2578 = CARTESIAN_POINT('',(21.,-4.));
#2579 = VECTOR('',#2580,1.);
#2580 = DIRECTION('',(-1.,0.));
#2581 = ( GEOMETRIC_REPRESENTATION_CONTEXT(2) 
PARAMETRIC_REPRESENTATION_CONTEXT() REPRESENTATION_CONTEXT('2D SPACE',''
  ) );
#2582 = ADVANCED_FACE('',(#2583),#1959,.T.);
#2583 = FACE_BOUND('',#2584,.T.);
#2584 = EDGE_LOOP('',(#2585,#2586,#2607,#2608));
#2585 = ORIENTED_EDGE('',*,*,#2562,.F.);
#2586 = ORIENTED_EDGE('',*,*,#2587,.F.);
#2587 = EDGE_CURVE('',#2489,#2540,#2588,.T.);
#2588 = SURFACE_CURVE('',#2589,(#2593,#2600),.PCURVE_S1.);
#2589 = LINE('',#2590,#2591);
#2590 = CARTESIAN_POINT('',(95.,-21.,-14.));
#2591 = VECTOR('',#2592,1.);
#2592 = DIRECTION('',(-0.,1.,0.));
#2593 = PCURVE('',#1959,#2594);
#2594 = DEFINITIONAL_REPRESENTATION('',(#2595),#2599);
#2595 = LINE('',#2596,#2597);
#2596 = CARTESIAN_POINT('',(21.,0.));
#2597 = VECTOR('',#2598,1.);
#2598 = DIRECTION('',(0.,-1.));
#2599 = ( GEOMETRIC_REPRESENTATION_CONTEXT(2) 
PARAMETRIC_REPRESENTATION_CONTEXT() REPRESENTATION_CONTEXT('2D SPACE',''
  ) );
#2600 = PCURVE('',#2472,#2601);
#2601 = DEFINITIONAL_REPRESENTATION('',(#2602),#2606);
#2602 = LINE('',#2603,#2604);
#2603 = CARTESIAN_POINT('',(48.,0.));
#2604 = VECTOR('',#2605,1.);
#2605 = DIRECTION('',(0.,1.));
#2606 = ( GEOMETRIC_REPRESENTATION_CONTEXT(2) 
PARAMETRIC_REPRESENTATION_CONTEXT() REPRESENTATION_CONTEXT('2D SPACE',''
  ) );
#2607 = ORIENTED_EDGE('',*,*,#2511,.F.);
#2608 = ORIENTED_EDGE('',*,*,#1942,.F.);
#2609 = ADVANCED_FACE('',(#2610),#2027,.F.);
#2610 = FACE_BOUND('',#2611,.F.);
#2611 = EDGE_LOOP('',(#2612,#2635,#2636,#2659));
#2612 = ORIENTED_EDGE('',*,*,#2613,.F.);
#2613 = EDGE_CURVE('',#2009,#2614,#2616,.T.);
#2614 = VERTEX_POINT('',#2615);
#2615 = CARTESIAN_POINT('',(47.,17.,-14.));
#2616 = SURFACE_CURVE('',#2617,(#2621,#2628),.PCURVE_S1.);
#2617 = LINE('',#2618,#2619);
#2618 = CARTESIAN_POINT('',(47.,17.,-26.2661303203));
#2619 = VECTOR('',#2620,1.);
#2620 = DIRECTION('',(0.,0.,1.));
#2621 = PCURVE('',#2027,#2622);
#2622 = DEFINITIONAL_REPRESENTATION('',(#2623),#2627);
#2623 = LINE('',#2624,#2625);
#2624 = CARTESIAN_POINT('',(8.733869679699,0.));
#2625 = VECTOR('',#2626,1.);
#2626 = DIRECTION('',(1.,0.));
#2627 = ( GEOMETRIC_REPRESENTATION_CONTEXT(2) 
PARAMETRIC_REPRESENTATION_CONTEXT() REPRESENTATION_CONTEXT('2D SPACE',''
  ) );
#2628 = PCURVE('',#2060,#2629);
#2629 = DEFINITIONAL_REPRESENTATION('',(#2630),#2634);
#2630 = LINE('',#2631,#2632);
#2631 = CARTESIAN_POINT('',(8.733869679699,0.));
#2632 = VECTOR('',#2633,1.);
#2633 = DIRECTION('',(1.,0.));
#2634 = ( GEOMETRIC_REPRESENTATION_CONTEXT(2) 
PARAMETRIC_REPRESENTATION_CONTEXT() REPRESENTATION_CONTEXT('2D SPACE',''
  ) );
#2635 = ORIENTED_EDGE('',*,*,#2008,.T.);
#2636 = ORIENTED_EDGE('',*,*,#2637,.F.);
#2637 = EDGE_CURVE('',#2638,#2011,#2640,.T.);
#2638 = VERTEX_POINT('',#2639);
#2639 = CARTESIAN_POINT('',(47.,21.,-14.));
#2640 = SURFACE_CURVE('',#2641,(#2645,#2652),.PCURVE_S1.);
#2641 = LINE('',#2642,#2643);
#2642 = CARTESIAN_POINT('',(47.,21.,-14.));
#2643 = VECTOR('',#2644,1.);
#2644 = DIRECTION('',(0.,0.,-1.));
#2645 = PCURVE('',#2027,#2646);
#2646 = DEFINITIONAL_REPRESENTATION('',(#2647),#2651);
#2647 = LINE('',#2648,#2649);
#2648 = CARTESIAN_POINT('',(21.,-4.));
#2649 = VECTOR('',#2650,1.);
#2650 = DIRECTION('',(-1.,0.));
#2651 = ( GEOMETRIC_REPRESENTATION_CONTEXT(2) 
PARAMETRIC_REPRESENTATION_CONTEXT() REPRESENTATION_CONTEXT('2D SPACE',''
  ) );
#2652 = PCURVE('',#2125,#2653);
#2653 = DEFINITIONAL_REPRESENTATION('',(#2654),#2658);
#2654 = LINE('',#2655,#2656);
#2655 = CARTESIAN_POINT('',(21.,0.));
#2656 = VECTOR('',#2657,1.);
#2657 = DIRECTION('',(-1.,0.));
#2658 = ( GEOMETRIC_REPRESENTATION_CONTEXT(2) 
PARAMETRIC_REPRESENTATION_CONTEXT() REPRESENTATION_CONTEXT('2D SPACE',''
  ) );
#2659 = ORIENTED_EDGE('',*,*,#2660,.F.);
#2660 = EDGE_CURVE('',#2614,#2638,#2661,.T.);
#2661 = SURFACE_CURVE('',#2662,(#2666,#2673),.PCURVE_S1.);
#2662 = LINE('',#2663,#2664);
#2663 = CARTESIAN_POINT('',(47.,17.,-14.));
#2664 = VECTOR('',#2665,1.);
#2665 = DIRECTION('',(-0.,1.,0.));
#2666 = PCURVE('',#2027,#2667);
#2667 = DEFINITIONAL_REPRESENTATION('',(#2668),#2672);
#2668 = LINE('',#2669,#2670);
#2669 = CARTESIAN_POINT('',(21.,0.));
#2670 = VECTOR('',#2671,1.);
#2671 = DIRECTION('',(0.,-1.));
#2672 = ( GEOMETRIC_REPRESENTATION_CONTEXT(2) 
PARAMETRIC_REPRESENTATION_CONTEXT() REPRESENTATION_CONTEXT('2D SPACE',''
  ) );
#2673 = PCURVE('',#2674,#2679);
#2674 = PLANE('',#2675);
#2675 = AXIS2_PLACEMENT_3D('',#2676,#2677,#2678);
#2676 = CARTESIAN_POINT('',(47.,17.,-14.));
#2677 = DIRECTION('',(0.,0.,1.));
#2678 = DIRECTION('',(1.,0.,-0.));
#2679 = DEFINITIONAL_REPRESENTATION('',(#2680),#2684);
#2680 = LINE('',#2681,#2682);
#2681 = CARTESIAN_POINT('',(0.,0.));
#2682 = VECTOR('',#2683,1.);
#2683 = DIRECTION('',(0.,1.));
#2684 = ( GEOMETRIC_REPRESENTATION_CONTEXT(2) 
PARAMETRIC_REPRESENTATION_CONTEXT() REPRESENTATION_CONTEXT('2D SPACE',''
  ) );
#2685 = ADVANCED_FACE('',(#2686),#2125,.T.);
#2686 = FACE_BOUND('',#2687,.T.);
#2687 = EDGE_LOOP('',(#2688,#2689,#2712,#2733,#2734));
#2688 = ORIENTED_EDGE('',*,*,#2637,.F.);
#2689 = ORIENTED_EDGE('',*,*,#2690,.T.);
#2690 = EDGE_CURVE('',#2638,#2691,#2693,.T.);
#2691 = VERTEX_POINT('',#2692);
#2692 = CARTESIAN_POINT('',(95.,21.,-14.));
#2693 = SURFACE_CURVE('',#2694,(#2698,#2705),.PCURVE_S1.);
#2694 = LINE('',#2695,#2696);
#2695 = CARTESIAN_POINT('',(47.,21.,-14.));
#2696 = VECTOR('',#2697,1.);
#2697 = DIRECTION('',(1.,0.,-0.));
#2698 = PCURVE('',#2125,#2699);
#2699 = DEFINITIONAL_REPRESENTATION('',(#2700),#2704);
#2700 = LINE('',#2701,#2702);
#2701 = CARTESIAN_POINT('',(21.,0.));
#2702 = VECTOR('',#2703,1.);
#2703 = DIRECTION('',(0.,1.));
#2704 = ( GEOMETRIC_REPRESENTATION_CONTEXT(2) 
PARAMETRIC_REPRESENTATION_CONTEXT() REPRESENTATION_CONTEXT('2D SPACE',''
  ) );
#2705 = PCURVE('',#2674,#2706);
#2706 = DEFINITIONAL_REPRESENTATION('',(#2707),#2711);
#2707 = LINE('',#2708,#2709);
#2708 = CARTESIAN_POINT('',(0.,4.));
#2709 = VECTOR('',#2710,1.);
#2710 = DIRECTION('',(1.,0.));
#2711 = ( GEOMETRIC_REPRESENTATION_CONTEXT(2) 
PARAMETRIC_REPRESENTATION_CONTEXT() REPRESENTATION_CONTEXT('2D SPACE',''
  ) );
#2712 = ORIENTED_EDGE('',*,*,#2713,.F.);
#2713 = EDGE_CURVE('',#2073,#2691,#2714,.T.);
#2714 = SURFACE_CURVE('',#2715,(#2719,#2726),.PCURVE_S1.);
#2715 = LINE('',#2716,#2717);
#2716 = CARTESIAN_POINT('',(95.,21.,-17.));
#2717 = VECTOR('',#2718,1.);
#2718 = DIRECTION('',(0.,0.,1.));
#2719 = PCURVE('',#2125,#2720);
#2720 = DEFINITIONAL_REPRESENTATION('',(#2721),#2725);
#2721 = LINE('',#2722,#2723);
#2722 = CARTESIAN_POINT('',(18.,48.));
#2723 = VECTOR('',#2724,1.);
#2724 = DIRECTION('',(1.,0.));
#2725 = ( GEOMETRIC_REPRESENTATION_CONTEXT(2) 
PARAMETRIC_REPRESENTATION_CONTEXT() REPRESENTATION_CONTEXT('2D SPACE',''
  ) );
#2726 = PCURVE('',#2089,#2727);
#2727 = DEFINITIONAL_REPRESENTATION('',(#2728),#2732);
#2728 = LINE('',#2729,#2730);
#2729 = CARTESIAN_POINT('',(0.,-4.));
#2730 = VECTOR('',#2731,1.);
#2731 = DIRECTION('',(1.,0.));
#2732 = ( GEOMETRIC_REPRESENTATION_CONTEXT(2) 
PARAMETRIC_REPRESENTATION_CONTEXT() REPRESENTATION_CONTEXT('2D SPACE',''
  ) );
#2733 = ORIENTED_EDGE('',*,*,#2105,.F.);
#2734 = ORIENTED_EDGE('',*,*,#2137,.F.);
#2735 = ADVANCED_FACE('',(#2736),#2089,.T.);
#2736 = FACE_BOUND('',#2737,.T.);
#2737 = EDGE_LOOP('',(#2738,#2761,#2762,#2763));
#2738 = ORIENTED_EDGE('',*,*,#2739,.T.);
#2739 = EDGE_CURVE('',#2740,#2040,#2742,.T.);
#2740 = VERTEX_POINT('',#2741);
#2741 = CARTESIAN_POINT('',(95.,17.,-14.));
#2742 = SURFACE_CURVE('',#2743,(#2747,#2754),.PCURVE_S1.);
#2743 = LINE('',#2744,#2745);
#2744 = CARTESIAN_POINT('',(95.,17.,-14.));
#2745 = VECTOR('',#2746,1.);
#2746 = DIRECTION('',(0.,0.,-1.));
#2747 = PCURVE('',#2089,#2748);
#2748 = DEFINITIONAL_REPRESENTATION('',(#2749),#2753);
#2749 = LINE('',#2750,#2751);
#2750 = CARTESIAN_POINT('',(3.,0.));
#2751 = VECTOR('',#2752,1.);
#2752 = DIRECTION('',(-1.,0.));
#2753 = ( GEOMETRIC_REPRESENTATION_CONTEXT(2) 
PARAMETRIC_REPRESENTATION_CONTEXT() REPRESENTATION_CONTEXT('2D SPACE',''
  ) );
#2754 = PCURVE('',#2060,#2755);
#2755 = DEFINITIONAL_REPRESENTATION('',(#2756),#2760);
#2756 = LINE('',#2757,#2758);
#2757 = CARTESIAN_POINT('',(21.,48.));
#2758 = VECTOR('',#2759,1.);
#2759 = DIRECTION('',(-1.,0.));
#2760 = ( GEOMETRIC_REPRESENTATION_CONTEXT(2) 
PARAMETRIC_REPRESENTATION_CONTEXT() REPRESENTATION_CONTEXT('2D SPACE',''
  ) );
#2761 = ORIENTED_EDGE('',*,*,#2072,.F.);
#2762 = ORIENTED_EDGE('',*,*,#2713,.T.);
#2763 = ORIENTED_EDGE('',*,*,#2764,.F.);
#2764 = EDGE_CURVE('',#2740,#2691,#2765,.T.);
#2765 = SURFACE_CURVE('',#2766,(#2770,#2777),.PCURVE_S1.);
#2766 = LINE('',#2767,#2768);
#2767 = CARTESIAN_POINT('',(95.,17.,-14.));
#2768 = VECTOR('',#2769,1.);
#2769 = DIRECTION('',(-0.,1.,0.));
#2770 = PCURVE('',#2089,#2771);
#2771 = DEFINITIONAL_REPRESENTATION('',(#2772),#2776);
#2772 = LINE('',#2773,#2774);
#2773 = CARTESIAN_POINT('',(3.,0.));
#2774 = VECTOR('',#2775,1.);
#2775 = DIRECTION('',(0.,-1.));
#2776 = ( GEOMETRIC_REPRESENTATION_CONTEXT(2) 
PARAMETRIC_REPRESENTATION_CONTEXT() REPRESENTATION_CONTEXT('2D SPACE',''
  ) );
#2777 = PCURVE('',#2674,#2778);
#2778 = DEFINITIONAL_REPRESENTATION('',(#2779),#2783);
#2779 = LINE('',#2780,#2781);
#2780 = CARTESIAN_POINT('',(48.,0.));
#2781 = VECTOR('',#2782,1.);
#2782 = DIRECTION('',(0.,1.));
#2783 = ( GEOMETRIC_REPRESENTATION_CONTEXT(2) 
PARAMETRIC_REPRESENTATION_CONTEXT() REPRESENTATION_CONTEXT('2D SPACE',''
  ) );
#2784 = ADVANCED_FACE('',(#2785),#2060,.F.);
#2785 = FACE_BOUND('',#2786,.F.);
#2786 = EDGE_LOOP('',(#2787,#2788,#2789,#2810));
#2787 = ORIENTED_EDGE('',*,*,#2039,.F.);
#2788 = ORIENTED_EDGE('',*,*,#2613,.T.);
#2789 = ORIENTED_EDGE('',*,*,#2790,.T.);
#2790 = EDGE_CURVE('',#2614,#2740,#2791,.T.);
#2791 = SURFACE_CURVE('',#2792,(#2796,#2803),.PCURVE_S1.);
#2792 = LINE('',#2793,#2794);
#2793 = CARTESIAN_POINT('',(47.,17.,-14.));
#2794 = VECTOR('',#2795,1.);
#2795 = DIRECTION('',(1.,0.,-0.));
#2796 = PCURVE('',#2060,#2797);
#2797 = DEFINITIONAL_REPRESENTATION('',(#2798),#2802);
#2798 = LINE('',#2799,#2800);
#2799 = CARTESIAN_POINT('',(21.,0.));
#2800 = VECTOR('',#2801,1.);
#2801 = DIRECTION('',(0.,1.));
#2802 = ( GEOMETRIC_REPRESENTATION_CONTEXT(2) 
PARAMETRIC_REPRESENTATION_CONTEXT() REPRESENTATION_CONTEXT('2D SPACE',''
  ) );
#2803 = PCURVE('',#2674,#2804);
#2804 = DEFINITIONAL_REPRESENTATION('',(#2805),#2809);
#2805 = LINE('',#2806,#2807);
#2806 = CARTESIAN_POINT('',(0.,0.));
#2807 = VECTOR('',#2808,1.);
#2808 = DIRECTION('',(1.,0.));
#2809 = ( GEOMETRIC_REPRESENTATION_CONTEXT(2) 
PARAMETRIC_REPRESENTATION_CONTEXT() REPRESENTATION_CONTEXT('2D SPACE',''
  ) );
#2810 = ORIENTED_EDGE('',*,*,#2739,.T.);
#2811 = ADVANCED_FACE('',(#2812,#2815,#2841,#2867,#2893),#2189,.F.);
#2812 = FACE_BOUND('',#2813,.F.);
#2813 = EDGE_LOOP('',(#2814));
#2814 = ORIENTED_EDGE('',*,*,#2172,.T.);
#2815 = FACE_BOUND('',#2816,.F.);
#2816 = EDGE_LOOP('',(#2817));
#2817 = ORIENTED_EDGE('',*,*,#2818,.F.);
#2818 = EDGE_CURVE('',#2819,#2819,#2821,.T.);
#2819 = VERTEX_POINT('',#2820);
#2820 = CARTESIAN_POINT('',(43.,25.,1.7));
#2821 = SURFACE_CURVE('',#2822,(#2827,#2834),.PCURVE_S1.);
#2822 = CIRCLE('',#2823,1.7);
#2823 = AXIS2_PLACEMENT_3D('',#2824,#2825,#2826);
#2824 = CARTESIAN_POINT('',(43.,25.,0.));
#2825 = DIRECTION('',(1.,0.,0.));
#2826 = DIRECTION('',(-0.,0.,1.));
#2827 = PCURVE('',#2189,#2828);
#2828 = DEFINITIONAL_REPRESENTATION('',(#2829),#2833);
#2829 = CIRCLE('',#2830,1.7);
#2830 = AXIS2_PLACEMENT_2D('',#2831,#2832);
#2831 = CARTESIAN_POINT('',(80.,-105.));
#2832 = DIRECTION('',(1.,0.));
#2833 = ( GEOMETRIC_REPRESENTATION_CONTEXT(2) 
PARAMETRIC_REPRESENTATION_CONTEXT() REPRESENTATION_CONTEXT('2D SPACE',''
  ) );
#2834 = PCURVE('',#2296,#2835);
#2835 = DEFINITIONAL_REPRESENTATION('',(#2836),#2840);
#2836 = LINE('',#2837,#2838);
#2837 = CARTESIAN_POINT('',(0.,9.999999999998E-03));
#2838 = VECTOR('',#2839,1.);
#2839 = DIRECTION('',(1.,0.));
#2840 = ( GEOMETRIC_REPRESENTATION_CONTEXT(2) 
PARAMETRIC_REPRESENTATION_CONTEXT() REPRESENTATION_CONTEXT('2D SPACE',''
  ) );
#2841 = FACE_BOUND('',#2842,.F.);
#2842 = EDGE_LOOP('',(#2843));
#2843 = ORIENTED_EDGE('',*,*,#2844,.F.);
#2844 = EDGE_CURVE('',#2845,#2845,#2847,.T.);
#2845 = VERTEX_POINT('',#2846);
#2846 = CARTESIAN_POINT('',(43.,5.143516556419E-15,21.));
#2847 = SURFACE_CURVE('',#2848,(#2853,#2860),.PCURVE_S1.);
#2848 = CIRCLE('',#2849,21.);
#2849 = AXIS2_PLACEMENT_3D('',#2850,#2851,#2852);
#2850 = CARTESIAN_POINT('',(43.,0.,0.));
#2851 = DIRECTION('',(1.,0.,0.));
#2852 = DIRECTION('',(-0.,0.,1.));
#2853 = PCURVE('',#2189,#2854);
#2854 = DEFINITIONAL_REPRESENTATION('',(#2855),#2859);
#2855 = CIRCLE('',#2856,21.);
#2856 = AXIS2_PLACEMENT_2D('',#2857,#2858);
#2857 = CARTESIAN_POINT('',(80.,-80.));
#2858 = DIRECTION('',(1.,0.));
#2859 = ( GEOMETRIC_REPRESENTATION_CONTEXT(2) 
PARAMETRIC_REPRESENTATION_CONTEXT() REPRESENTATION_CONTEXT('2D SPACE',''
  ) );
#2860 = PCURVE('',#2327,#2861);
#2861 = DEFINITIONAL_REPRESENTATION('',(#2862),#2866);
#2862 = LINE('',#2863,#2864);
#2863 = CARTESIAN_POINT('',(0.,0.1));
#2864 = VECTOR('',#2865,1.);
#2865 = DIRECTION('',(1.,0.));
#2866 = ( GEOMETRIC_REPRESENTATION_CONTEXT(2) 
PARAMETRIC_REPRESENTATION_CONTEXT() REPRESENTATION_CONTEXT('2D SPACE',''
  ) );
#2867 = FACE_BOUND('',#2868,.F.);
#2868 = EDGE_LOOP('',(#2869));
#2869 = ORIENTED_EDGE('',*,*,#2870,.F.);
#2870 = EDGE_CURVE('',#2871,#2871,#2873,.T.);
#2871 = VERTEX_POINT('',#2872);
#2872 = CARTESIAN_POINT('',(43.,-12.5,-19.95063509461));
#2873 = SURFACE_CURVE('',#2874,(#2879,#2886),.PCURVE_S1.);
#2874 = CIRCLE('',#2875,1.7);
#2875 = AXIS2_PLACEMENT_3D('',#2876,#2877,#2878);
#2876 = CARTESIAN_POINT('',(43.,-12.5,-21.65063509461));
#2877 = DIRECTION('',(1.,0.,0.));
#2878 = DIRECTION('',(-0.,0.,1.));
#2879 = PCURVE('',#2189,#2880);
#2880 = DEFINITIONAL_REPRESENTATION('',(#2881),#2885);
#2881 = CIRCLE('',#2882,1.7);
#2882 = AXIS2_PLACEMENT_2D('',#2883,#2884);
#2883 = CARTESIAN_POINT('',(58.349364905389,-67.5));
#2884 = DIRECTION('',(1.,0.));
#2885 = ( GEOMETRIC_REPRESENTATION_CONTEXT(2) 
PARAMETRIC_REPRESENTATION_CONTEXT() REPRESENTATION_CONTEXT('2D SPACE',''
  ) );
#2886 = PCURVE('',#2358,#2887);
#2887 = DEFINITIONAL_REPRESENTATION('',(#2888),#2892);
#2888 = LINE('',#2889,#2890);
#2889 = CARTESIAN_POINT('',(0.,9.999999999998E-03));
#2890 = VECTOR('',#2891,1.);
#2891 = DIRECTION('',(1.,0.));
#2892 = ( GEOMETRIC_REPRESENTATION_CONTEXT(2) 
PARAMETRIC_REPRESENTATION_CONTEXT() REPRESENTATION_CONTEXT('2D SPACE',''
  ) );
#2893 = FACE_BOUND('',#2894,.F.);
#2894 = EDGE_LOOP('',(#2895));
#2895 = ORIENTED_EDGE('',*,*,#2896,.F.);
#2896 = EDGE_CURVE('',#2897,#2897,#2899,.T.);
#2897 = VERTEX_POINT('',#2898);
#2898 = CARTESIAN_POINT('',(43.,-12.5,23.350635094611));
#2899 = SURFACE_CURVE('',#2900,(#2905,#2912),.PCURVE_S1.);
#2900 = CIRCLE('',#2901,1.7);
#2901 = AXIS2_PLACEMENT_3D('',#2902,#2903,#2904);
#2902 = CARTESIAN_POINT('',(43.,-12.5,21.650635094611));
#2903 = DIRECTION('',(1.,0.,0.));
#2904 = DIRECTION('',(-0.,0.,1.));
#2905 = PCURVE('',#2189,#2906);
#2906 = DEFINITIONAL_REPRESENTATION('',(#2907),#2911);
#2907 = CIRCLE('',#2908,1.7);
#2908 = AXIS2_PLACEMENT_2D('',#2909,#2910);
#2909 = CARTESIAN_POINT('',(101.65063509461,-67.5));
#2910 = DIRECTION('',(1.,0.));
#2911 = ( GEOMETRIC_REPRESENTATION_CONTEXT(2) 
PARAMETRIC_REPRESENTATION_CONTEXT() REPRESENTATION_CONTEXT('2D SPACE',''
  ) );
#2912 = PCURVE('',#2389,#2913);
#2913 = DEFINITIONAL_REPRESENTATION('',(#2914),#2918);
#2914 = LINE('',#2915,#2916);
#2915 = CARTESIAN_POINT('',(0.,9.999999999998E-03));
#2916 = VECTOR('',#2917,1.);
#2917 = DIRECTION('',(1.,0.));
#2918 = ( GEOMETRIC_REPRESENTATION_CONTEXT(2) 
PARAMETRIC_REPRESENTATION_CONTEXT() REPRESENTATION_CONTEXT('2D SPACE',''
  ) );
#2919 = ADVANCED_FACE('',(#2920),#2296,.F.);
#2920 = FACE_BOUND('',#2921,.F.);
#2921 = EDGE_LOOP('',(#2922,#2923,#2944,#2945));
#2922 = ORIENTED_EDGE('',*,*,#2279,.F.);
#2923 = ORIENTED_EDGE('',*,*,#2924,.F.);
#2924 = EDGE_CURVE('',#2819,#2280,#2925,.T.);
#2925 = SEAM_CURVE('',#2926,(#2930,#2937),.PCURVE_S1.);
#2926 = LINE('',#2927,#2928);
#2927 = CARTESIAN_POINT('',(42.99,25.,1.7));
#2928 = VECTOR('',#2929,1.);
#2929 = DIRECTION('',(1.,0.,0.));
#2930 = PCURVE('',#2296,#2931);
#2931 = DEFINITIONAL_REPRESENTATION('',(#2932),#2936);
#2932 = LINE('',#2933,#2934);
#2933 = CARTESIAN_POINT('',(6.28318530718,-0.));
#2934 = VECTOR('',#2935,1.);
#2935 = DIRECTION('',(0.,1.));
#2936 = ( GEOMETRIC_REPRESENTATION_CONTEXT(2) 
PARAMETRIC_REPRESENTATION_CONTEXT() REPRESENTATION_CONTEXT('2D SPACE',''
  ) );
#2937 = PCURVE('',#2296,#2938);
#2938 = DEFINITIONAL_REPRESENTATION('',(#2939),#2943);
#2939 = LINE('',#2940,#2941);
#2940 = CARTESIAN_POINT('',(0.,-0.));
#2941 = VECTOR('',#2942,1.);
#2942 = DIRECTION('',(0.,1.));
#2943 = ( GEOMETRIC_REPRESENTATION_CONTEXT(2) 
PARAMETRIC_REPRESENTATION_CONTEXT() REPRESENTATION_CONTEXT('2D SPACE',''
  ) );
#2944 = ORIENTED_EDGE('',*,*,#2818,.T.);
#2945 = ORIENTED_EDGE('',*,*,#2924,.T.);
#2946 = ADVANCED_FACE('',(#2947),#2327,.F.);
#2947 = FACE_BOUND('',#2948,.F.);
#2948 = EDGE_LOOP('',(#2949,#2950,#2971,#2972));
#2949 = ORIENTED_EDGE('',*,*,#2310,.F.);
#2950 = ORIENTED_EDGE('',*,*,#2951,.F.);
#2951 = EDGE_CURVE('',#2845,#2311,#2952,.T.);
#2952 = SEAM_CURVE('',#2953,(#2957,#2964),.PCURVE_S1.);
#2953 = LINE('',#2954,#2955);
#2954 = CARTESIAN_POINT('',(42.9,5.143516556419E-15,21.));
#2955 = VECTOR('',#2956,1.);
#2956 = DIRECTION('',(1.,0.,0.));
#2957 = PCURVE('',#2327,#2958);
#2958 = DEFINITIONAL_REPRESENTATION('',(#2959),#2963);
#2959 = LINE('',#2960,#2961);
#2960 = CARTESIAN_POINT('',(6.28318530718,-0.));
#2961 = VECTOR('',#2962,1.);
#2962 = DIRECTION('',(0.,1.));
#2963 = ( GEOMETRIC_REPRESENTATION_CONTEXT(2) 
PARAMETRIC_REPRESENTATION_CONTEXT() REPRESENTATION_CONTEXT('2D SPACE',''
  ) );
#2964 = PCURVE('',#2327,#2965);
#2965 = DEFINITIONAL_REPRESENTATION('',(#2966),#2970);
#2966 = LINE('',#2967,#2968);
#2967 = CARTESIAN_POINT('',(0.,-0.));
#2968 = VECTOR('',#2969,1.);
#2969 = DIRECTION('',(0.,1.));
#2970 = ( GEOMETRIC_REPRESENTATION_CONTEXT(2) 
PARAMETRIC_REPRESENTATION_CONTEXT() REPRESENTATION_CONTEXT('2D SPACE',''
  ) );
#2971 = ORIENTED_EDGE('',*,*,#2844,.T.);
#2972 = ORIENTED_EDGE('',*,*,#2951,.T.);
#2973 = ADVANCED_FACE('',(#2974),#2358,.F.);
#2974 = FACE_BOUND('',#2975,.F.);
#2975 = EDGE_LOOP('',(#2976,#2977,#2998,#2999));
#2976 = ORIENTED_EDGE('',*,*,#2341,.F.);
#2977 = ORIENTED_EDGE('',*,*,#2978,.F.);
#2978 = EDGE_CURVE('',#2871,#2342,#2979,.T.);
#2979 = SEAM_CURVE('',#2980,(#2984,#2991),.PCURVE_S1.);
#2980 = LINE('',#2981,#2982);
#2981 = CARTESIAN_POINT('',(42.99,-12.5,-19.95063509461));
#2982 = VECTOR('',#2983,1.);
#2983 = DIRECTION('',(1.,0.,0.));
#2984 = PCURVE('',#2358,#2985);
#2985 = DEFINITIONAL_REPRESENTATION('',(#2986),#2990);
#2986 = LINE('',#2987,#2988);
#2987 = CARTESIAN_POINT('',(6.28318530718,-0.));
#2988 = VECTOR('',#2989,1.);
#2989 = DIRECTION('',(0.,1.));
#2990 = ( GEOMETRIC_REPRESENTATION_CONTEXT(2) 
PARAMETRIC_REPRESENTATION_CONTEXT() REPRESENTATION_CONTEXT('2D SPACE',''
  ) );
#2991 = PCURVE('',#2358,#2992);
#2992 = DEFINITIONAL_REPRESENTATION('',(#2993),#2997);
#2993 = LINE('',#2994,#2995);
#2994 = CARTESIAN_POINT('',(0.,-0.));
#2995 = VECTOR('',#2996,1.);
#2996 = DIRECTION('',(0.,1.));
#2997 = ( GEOMETRIC_REPRESENTATION_CONTEXT(2) 
PARAMETRIC_REPRESENTATION_CONTEXT() REPRESENTATION_CONTEXT('2D SPACE',''
  ) );
#2998 = ORIENTED_EDGE('',*,*,#2870,.T.);
#2999 = ORIENTED_EDGE('',*,*,#2978,.T.);
#3000 = ADVANCED_FACE('',(#3001),#2389,.F.);
#3001 = FACE_BOUND('',#3002,.F.);
#3002 = EDGE_LOOP('',(#3003,#3004,#3025,#3026));
#3003 = ORIENTED_EDGE('',*,*,#2372,.F.);
#3004 = ORIENTED_EDGE('',*,*,#3005,.F.);
#3005 = EDGE_CURVE('',#2897,#2373,#3006,.T.);
#3006 = SEAM_CURVE('',#3007,(#3011,#3018),.PCURVE_S1.);
#3007 = LINE('',#3008,#3009);
#3008 = CARTESIAN_POINT('',(42.99,-12.5,23.350635094611));
#3009 = VECTOR('',#3010,1.);
#3010 = DIRECTION('',(1.,0.,0.));
#3011 = PCURVE('',#2389,#3012);
#3012 = DEFINITIONAL_REPRESENTATION('',(#3013),#3017);
#3013 = LINE('',#3014,#3015);
#3014 = CARTESIAN_POINT('',(6.28318530718,-0.));
#3015 = VECTOR('',#3016,1.);
#3016 = DIRECTION('',(0.,1.));
#3017 = ( GEOMETRIC_REPRESENTATION_CONTEXT(2) 
PARAMETRIC_REPRESENTATION_CONTEXT() REPRESENTATION_CONTEXT('2D SPACE',''
  ) );
#3018 = PCURVE('',#2389,#3019);
#3019 = DEFINITIONAL_REPRESENTATION('',(#3020),#3024);
#3020 = LINE('',#3021,#3022);
#3021 = CARTESIAN_POINT('',(0.,-0.));
#3022 = VECTOR('',#3023,1.);
#3023 = DIRECTION('',(0.,1.));
#3024 = ( GEOMETRIC_REPRESENTATION_CONTEXT(2) 
PARAMETRIC_REPRESENTATION_CONTEXT() REPRESENTATION_CONTEXT('2D SPACE',''
  ) );
#3025 = ORIENTED_EDGE('',*,*,#2896,.T.);
#3026 = ORIENTED_EDGE('',*,*,#3005,.T.);
#3027 = ADVANCED_FACE('',(#3028),#2472,.T.);
#3028 = FACE_BOUND('',#3029,.T.);
#3029 = EDGE_LOOP('',(#3030,#3031,#3032,#3033));
#3030 = ORIENTED_EDGE('',*,*,#2458,.F.);
#3031 = ORIENTED_EDGE('',*,*,#2488,.T.);
#3032 = ORIENTED_EDGE('',*,*,#2587,.T.);
#3033 = ORIENTED_EDGE('',*,*,#2539,.F.);
#3034 = ADVANCED_FACE('',(#3035),#2674,.T.);
#3035 = FACE_BOUND('',#3036,.T.);
#3036 = EDGE_LOOP('',(#3037,#3038,#3039,#3040));
#3037 = ORIENTED_EDGE('',*,*,#2660,.F.);
#3038 = ORIENTED_EDGE('',*,*,#2790,.T.);
#3039 = ORIENTED_EDGE('',*,*,#2764,.T.);
#3040 = ORIENTED_EDGE('',*,*,#2690,.F.);
#3041 = ( GEOMETRIC_REPRESENTATION_CONTEXT(3) 
GLOBAL_UNCERTAINTY_ASSIGNED_CONTEXT((#3045)) 
GLOBAL_UNIT_ASSIGNED_CONTEXT((#3042,#3043,#3044)) REPRESENTATION_CONTEXT
('Context #1','3D Context with UNIT and UNCERTAINTY') );
#3042 = ( LENGTH_UNIT() NAMED_UNIT(*) SI_UNIT(.MILLI.,.METRE.) );
#3043 = ( NAMED_UNIT(*) PLANE_ANGLE_UNIT() SI_UNIT($,.RADIAN.) );
#3044 = ( NAMED_UNIT(*) SI_UNIT($,.STERADIAN.) SOLID_ANGLE_UNIT() );
#3045 = UNCERTAINTY_MEASURE_WITH_UNIT(LENGTH_MEASURE(1.E-07),#3042,
  'distance_accuracy_value','confusion accuracy');
#3046 = CONTEXT_DEPENDENT_SHAPE_REPRESENTATION(#3047,#3049);
#3047 = ( REPRESENTATION_RELATIONSHIP('','',#1241,#10) 
REPRESENTATION_RELATIONSHIP_WITH_TRANSFORMATION(#3048) 
SHAPE_REPRESENTATION_RELATIONSHIP() );
#3048 = ITEM_DEFINED_TRANSFORMATION('','',#11,#19);
#3049 = PRODUCT_DEFINITION_SHAPE('Placement','Placement of an item',
  #3050);
#3050 = NEXT_ASSEMBLY_USAGE_OCCURRENCE('2','02_Main_body','',#5,#1236,$
  );
#3051 = PRODUCT_RELATED_PRODUCT_CATEGORY('part',$,(#1238));
#3052 = SHAPE_DEFINITION_REPRESENTATION(#3053,#3059);
#3053 = PRODUCT_DEFINITION_SHAPE('','',#3054);
#3054 = PRODUCT_DEFINITION('design','',#3055,#3058);
#3055 = PRODUCT_DEFINITION_FORMATION('','',#3056);
#3056 = PRODUCT('03_Tail_with_four_fins','03_Tail_with_four_fins','',(
    #3057));
#3057 = PRODUCT_CONTEXT('',#2,'mechanical');
#3058 = PRODUCT_DEFINITION_CONTEXT('part definition',#2,'design');
#3059 = ADVANCED_BREP_SHAPE_REPRESENTATION('',(#11,#3060),#10146);
#3060 = MANIFOLD_SOLID_BREP('',#3061);
#3061 = CLOSED_SHELL('',(#3062,#5780,#6138,#6193,#6247,#6331,#6437,#6491
    ,#6524,#6579,#6629,#6679,#6734,#6761,#6837,#6864,#6899,#6927,#6954,
    #7010,#7116,#7143,#7193,#7220,#7298,#7404,#7431,#7481,#7508,#7586,
    #7687,#7714,#7762,#7768,#7800,#7850,#7905,#7932,#7986,#8019,#8074,
    #8106,#8160,#8193,#8248,#8280,#8329,#8357,#8385,#8392,#8446,#8479,
    #8534,#8566,#8706,#8756,#8805,#8833,#8888,#8915,#8947,#8997,#9047,
    #9079,#9129,#9179,#9229,#9256,#9305,#9333,#9388,#9415,#9442,#9449,
    #9499,#9554,#9581,#9608,#9635,#9685,#9713,#9719,#9746,#9773,#9925,
    #9952,#9980,#9986,#10021,#10048,#10075,#10082,#10089,#10119));
#3062 = ADVANCED_FACE('',(#3063,#5466,#5654),#3078,.T.);
#3063 = FACE_BOUND('',#3064,.T.);
#3064 = EDGE_LOOP('',(#3065,#3101,#3124,#3151,#3152,#3176,#3255,#3288,
    #3374,#3435,#3469,#3530,#3616,#3649,#3728,#3752,#3831,#3864,#3950,
    #4011,#4045,#4106,#4192,#4225,#4304,#4328,#4407,#4440,#4526,#4587,
    #4621,#4694,#4780,#4813,#4892,#4916,#4995,#5028,#5114,#5175,#5209,
    #5270,#5356,#5389));
#3065 = ORIENTED_EDGE('',*,*,#3066,.F.);
#3066 = EDGE_CURVE('',#3067,#3069,#3071,.T.);
#3067 = VERTEX_POINT('',#3068);
#3068 = CARTESIAN_POINT('',(180.,3.673940397442E-15,15.));
#3069 = VERTEX_POINT('',#3070);
#3070 = CARTESIAN_POINT('',(180.,-10.24715413296,10.95426091415));
#3071 = SURFACE_CURVE('',#3072,(#3077,#3089),.PCURVE_S1.);
#3072 = CIRCLE('',#3073,15.);
#3073 = AXIS2_PLACEMENT_3D('',#3074,#3075,#3076);
#3074 = CARTESIAN_POINT('',(180.,0.,0.));
#3075 = DIRECTION('',(1.,0.,0.));
#3076 = DIRECTION('',(-0.,0.,1.));
#3077 = PCURVE('',#3078,#3083);
#3078 = CONICAL_SURFACE('',#3079,25.,0.218668945874);
#3079 = AXIS2_PLACEMENT_3D('',#3080,#3081,#3082);
#3080 = CARTESIAN_POINT('',(135.,0.,0.));
#3081 = DIRECTION('',(-1.,-0.,-0.));
#3082 = DIRECTION('',(-0.,0.,1.));
#3083 = DEFINITIONAL_REPRESENTATION('',(#3084),#3088);
#3084 = LINE('',#3085,#3086);
#3085 = CARTESIAN_POINT('',(-0.,-45.));
#3086 = VECTOR('',#3087,1.);
#3087 = DIRECTION('',(-1.,-0.));
#3088 = ( GEOMETRIC_REPRESENTATION_CONTEXT(2) 
PARAMETRIC_REPRESENTATION_CONTEXT() REPRESENTATION_CONTEXT('2D SPACE',''
  ) );
#3089 = PCURVE('',#3090,#3095);
#3090 = PLANE('',#3091);
#3091 = AXIS2_PLACEMENT_3D('',#3092,#3093,#3094);
#3092 = CARTESIAN_POINT('',(180.,0.,0.));
#3093 = DIRECTION('',(1.,0.,0.));
#3094 = DIRECTION('',(-0.,0.,1.));
#3095 = DEFINITIONAL_REPRESENTATION('',(#3096),#3100);
#3096 = CIRCLE('',#3097,15.);
#3097 = AXIS2_PLACEMENT_2D('',#3098,#3099);
#3098 = CARTESIAN_POINT('',(0.,0.));
#3099 = DIRECTION('',(1.,0.));
#3100 = ( GEOMETRIC_REPRESENTATION_CONTEXT(2) 
PARAMETRIC_REPRESENTATION_CONTEXT() REPRESENTATION_CONTEXT('2D SPACE',''
  ) );
#3101 = ORIENTED_EDGE('',*,*,#3102,.T.);
#3102 = EDGE_CURVE('',#3067,#3103,#3105,.T.);
#3103 = VERTEX_POINT('',#3104);
#3104 = CARTESIAN_POINT('',(135.,6.123233995737E-15,25.));
#3105 = SEAM_CURVE('',#3106,(#3110,#3117),.PCURVE_S1.);
#3106 = LINE('',#3107,#3108);
#3107 = CARTESIAN_POINT('',(180.,3.673940397442E-15,15.));
#3108 = VECTOR('',#3109,1.);
#3109 = DIRECTION('',(-0.976187060184,5.313263816104E-17,0.216930457819)
  );
#3110 = PCURVE('',#3078,#3111);
#3111 = DEFINITIONAL_REPRESENTATION('',(#3112),#3116);
#3112 = LINE('',#3113,#3114);
#3113 = CARTESIAN_POINT('',(-0.,-45.));
#3114 = VECTOR('',#3115,1.);
#3115 = DIRECTION('',(0.,1.));
#3116 = ( GEOMETRIC_REPRESENTATION_CONTEXT(2) 
PARAMETRIC_REPRESENTATION_CONTEXT() REPRESENTATION_CONTEXT('2D SPACE',''
  ) );
#3117 = PCURVE('',#3078,#3118);
#3118 = DEFINITIONAL_REPRESENTATION('',(#3119),#3123);
#3119 = LINE('',#3120,#3121);
#3120 = CARTESIAN_POINT('',(-6.28318530718,-45.));
#3121 = VECTOR('',#3122,1.);
#3122 = DIRECTION('',(0.,1.));
#3123 = ( GEOMETRIC_REPRESENTATION_CONTEXT(2) 
PARAMETRIC_REPRESENTATION_CONTEXT() REPRESENTATION_CONTEXT('2D SPACE',''
  ) );
#3124 = ORIENTED_EDGE('',*,*,#3125,.T.);
#3125 = EDGE_CURVE('',#3103,#3103,#3126,.T.);
#3126 = SURFACE_CURVE('',#3127,(#3132,#3139),.PCURVE_S1.);
#3127 = CIRCLE('',#3128,25.);
#3128 = AXIS2_PLACEMENT_3D('',#3129,#3130,#3131);
#3129 = CARTESIAN_POINT('',(135.,0.,0.));
#3130 = DIRECTION('',(1.,0.,0.));
#3131 = DIRECTION('',(-0.,0.,1.));
#3132 = PCURVE('',#3078,#3133);
#3133 = DEFINITIONAL_REPRESENTATION('',(#3134),#3138);
#3134 = LINE('',#3135,#3136);
#3135 = CARTESIAN_POINT('',(-0.,-0.));
#3136 = VECTOR('',#3137,1.);
#3137 = DIRECTION('',(-1.,-0.));
#3138 = ( GEOMETRIC_REPRESENTATION_CONTEXT(2) 
PARAMETRIC_REPRESENTATION_CONTEXT() REPRESENTATION_CONTEXT('2D SPACE',''
  ) );
#3139 = PCURVE('',#3140,#3145);
#3140 = PLANE('',#3141);
#3141 = AXIS2_PLACEMENT_3D('',#3142,#3143,#3144);
#3142 = CARTESIAN_POINT('',(135.,0.,0.));
#3143 = DIRECTION('',(1.,0.,0.));
#3144 = DIRECTION('',(-0.,0.,1.));
#3145 = DEFINITIONAL_REPRESENTATION('',(#3146),#3150);
#3146 = CIRCLE('',#3147,25.);
#3147 = AXIS2_PLACEMENT_2D('',#3148,#3149);
#3148 = CARTESIAN_POINT('',(0.,0.));
#3149 = DIRECTION('',(1.,0.));
#3150 = ( GEOMETRIC_REPRESENTATION_CONTEXT(2) 
PARAMETRIC_REPRESENTATION_CONTEXT() REPRESENTATION_CONTEXT('2D SPACE',''
  ) );
#3151 = ORIENTED_EDGE('',*,*,#3102,.F.);
#3152 = ORIENTED_EDGE('',*,*,#3153,.F.);
#3153 = EDGE_CURVE('',#3154,#3067,#3156,.T.);
#3154 = VERTEX_POINT('',#3155);
#3155 = CARTESIAN_POINT('',(180.,10.247154132964,10.95426091415));
#3156 = SURFACE_CURVE('',#3157,(#3162,#3169),.PCURVE_S1.);
#3157 = CIRCLE('',#3158,15.);
#3158 = AXIS2_PLACEMENT_3D('',#3159,#3160,#3161);
#3159 = CARTESIAN_POINT('',(180.,0.,0.));
#3160 = DIRECTION('',(1.,0.,0.));
#3161 = DIRECTION('',(-0.,0.,1.));
#3162 = PCURVE('',#3078,#3163);
#3163 = DEFINITIONAL_REPRESENTATION('',(#3164),#3168);
#3164 = LINE('',#3165,#3166);
#3165 = CARTESIAN_POINT('',(-0.,-45.));
#3166 = VECTOR('',#3167,1.);
#3167 = DIRECTION('',(-1.,-0.));
#3168 = ( GEOMETRIC_REPRESENTATION_CONTEXT(2) 
PARAMETRIC_REPRESENTATION_CONTEXT() REPRESENTATION_CONTEXT('2D SPACE',''
  ) );
#3169 = PCURVE('',#3090,#3170);
#3170 = DEFINITIONAL_REPRESENTATION('',(#3171),#3175);
#3171 = CIRCLE('',#3172,15.);
#3172 = AXIS2_PLACEMENT_2D('',#3173,#3174);
#3173 = CARTESIAN_POINT('',(0.,0.));
#3174 = DIRECTION('',(1.,0.));
#3175 = ( GEOMETRIC_REPRESENTATION_CONTEXT(2) 
PARAMETRIC_REPRESENTATION_CONTEXT() REPRESENTATION_CONTEXT('2D SPACE',''
  ) );
#3176 = ORIENTED_EDGE('',*,*,#3177,.F.);
#3177 = EDGE_CURVE('',#3178,#3154,#3180,.T.);
#3178 = VERTEX_POINT('',#3179);
#3179 = CARTESIAN_POINT('',(179.,9.650690102175,11.772010445735));
#3180 = SURFACE_CURVE('',#3181,(#3202,#3226),.PCURVE_S1.);
#3181 = B_SPLINE_CURVE_WITH_KNOTS('',7,(#3182,#3183,#3184,#3185,#3186,
    #3187,#3188,#3189,#3190,#3191,#3192,#3193,#3194,#3195,#3196,#3197,
    #3198,#3199,#3200,#3201),.UNSPECIFIED.,.F.,.F.,(8,6,6,8),(0.,
    0.609659804503,0.754727007427,1.),.UNSPECIFIED.);
#3182 = CARTESIAN_POINT('',(179.,9.650690102175,11.772010445735));
#3183 = CARTESIAN_POINT('',(179.12294830347,9.631276153944,
    11.752596497504));
#3184 = CARTESIAN_POINT('',(179.2458739318,9.625569876165,11.72195087061
    ));
#3185 = CARTESIAN_POINT('',(179.36732537371,9.633805561215,
    11.680315127429));
#3186 = CARTESIAN_POINT('',(179.4852363183,9.656751480873,
    11.627504623595));
#3187 = CARTESIAN_POINT('',(179.59673452253,9.695141106316,
    11.563415608108));
#3188 = CARTESIAN_POINT('',(179.69824429457,9.749379291755,
    11.48815525403));
#3189 = CARTESIAN_POINT('',(179.80588441363,9.836126398786,
    11.381882809509));
#3190 = CARTESIAN_POINT('',(179.82573053049,9.853681383287,
    11.360875555363));
#3191 = CARTESIAN_POINT('',(179.84466638686,9.872108010484,
    11.339305573707));
#3192 = CARTESIAN_POINT('',(179.862621169,9.891391118811,11.317196214813
    ));
#3193 = CARTESIAN_POINT('',(179.87952190913,9.911508643115,
    11.294577420193));
#3194 = CARTESIAN_POINT('',(179.89529543547,9.932430321564,
    11.271486705267));
#3195 = CARTESIAN_POINT('',(179.93451287451,9.990782236548,
    11.208209412322));
#3196 = CARTESIAN_POINT('',(179.95574218568,10.029652632219,
    11.167210236604));
#3197 = CARTESIAN_POINT('',(179.97318751139,10.070510188092,
    11.125225069292));
#3198 = CARTESIAN_POINT('',(179.9865277187,10.113071572699,
    11.082557112135));
#3199 = CARTESIAN_POINT('',(179.99551301695,10.156986655868,
    11.03956334391));
#3200 = CARTESIAN_POINT('',(180.,10.201839917378,10.9966500589));
#3201 = CARTESIAN_POINT('',(180.,10.247154132964,10.95426091415));
#3202 = PCURVE('',#3078,#3203);
#3203 = DEFINITIONAL_REPRESENTATION('',(#3204),#3225);
#3204 = B_SPLINE_CURVE_WITH_KNOTS('',7,(#3205,#3206,#3207,#3208,#3209,
    #3210,#3211,#3212,#3213,#3214,#3215,#3216,#3217,#3218,#3219,#3220,
    #3221,#3222,#3223,#3224),.UNSPECIFIED.,.F.,.F.,(8,6,6,8),(0.,
    0.609659804503,0.754727007427,1.),.UNSPECIFIED.);
#3205 = CARTESIAN_POINT('',(-5.596487464089,-44.));
#3206 = CARTESIAN_POINT('',(-5.596665195427,-44.12294830347));
#3207 = CARTESIAN_POINT('',(-5.595679486173,-44.2458739318));
#3208 = CARTESIAN_POINT('',(-5.593519724501,-44.36732537371));
#3209 = CARTESIAN_POINT('',(-5.590130261833,-44.4852363183));
#3210 = CARTESIAN_POINT('',(-5.585460340304,-44.59673452253));
#3211 = CARTESIAN_POINT('',(-5.579487145223,-44.69824429457));
#3212 = CARTESIAN_POINT('',(-5.570510349388,-44.80588441363));
#3213 = CARTESIAN_POINT('',(-5.568714130362,-44.82573053049));
#3214 = CARTESIAN_POINT('',(-5.566848376623,-44.84466638686));
#3215 = CARTESIAN_POINT('',(-5.564914878304,-44.862621169));
#3216 = CARTESIAN_POINT('',(-5.562916085919,-44.87952190913));
#3217 = CARTESIAN_POINT('',(-5.560855221613,-44.89529543547));
#3218 = CARTESIAN_POINT('',(-5.55515396753,-44.93451287451));
#3219 = CARTESIAN_POINT('',(-5.551403938928,-44.95574218568));
#3220 = CARTESIAN_POINT('',(-5.547508711853,-44.97318751139));
#3221 = CARTESIAN_POINT('',(-5.543496485899,-44.9865277187));
#3222 = CARTESIAN_POINT('',(-5.539401431858,-44.99551301695));
#3223 = CARTESIAN_POINT('',(-5.53526332789,-45.));
#3224 = CARTESIAN_POINT('',(-5.531126653043,-45.));
#3225 = ( GEOMETRIC_REPRESENTATION_CONTEXT(2) 
PARAMETRIC_REPRESENTATION_CONTEXT() REPRESENTATION_CONTEXT('2D SPACE',''
  ) );
#3226 = PCURVE('',#3227,#3232);
#3227 = CYLINDRICAL_SURFACE('',#3228,1.);
#3228 = AXIS2_PLACEMENT_3D('',#3229,#3230,#3231);
#3229 = CARTESIAN_POINT('',(179.,35.001785668734,35.708892449921));
#3230 = DIRECTION('',(0.,-0.707106781187,-0.707106781187));
#3231 = DIRECTION('',(0.,-0.707106781187,0.707106781187));
#3232 = DEFINITIONAL_REPRESENTATION('',(#3233),#3254);
#3233 = B_SPLINE_CURVE_WITH_KNOTS('',7,(#3234,#3235,#3236,#3237,#3238,
    #3239,#3240,#3241,#3242,#3243,#3244,#3245,#3246,#3247,#3248,#3249,
    #3250,#3251,#3252,#3253),.UNSPECIFIED.,.F.,.F.,(8,6,6,8),(0.,
    0.609659804503,0.754727007427,1.),.UNSPECIFIED.);
#3234 = CARTESIAN_POINT('',(0.,34.851863171244));
#3235 = CARTESIAN_POINT('',(-0.122948303475,34.879318640132));
#3236 = CARTESIAN_POINT('',(-0.245873613025,34.905023318435));
#3237 = CARTESIAN_POINT('',(-0.370361657894,34.928640726031));
#3238 = CARTESIAN_POINT('',(-0.497375235453,34.949758176019));
#3239 = CARTESIAN_POINT('',(-0.627838057585,34.967930388992));
#3240 = CARTESIAN_POINT('',(-0.762597786916,34.982795306992));
#3241 = CARTESIAN_POINT('',(-0.936421458701,34.996601805536));
#3242 = CARTESIAN_POINT('',(-0.970121599721,34.999042928813));
#3243 = CARTESIAN_POINT('',(-1.004115193734,35.001265616066));
#3244 = CARTESIAN_POINT('',(-1.038402938247,35.003264077007));
#3245 = CARTESIAN_POINT('',(-1.072981350711,35.005032742209));
#3246 = CARTESIAN_POINT('',(-1.107842109949,35.006566482611));
#3247 = CARTESIAN_POINT('',(-1.202366390613,35.010049250767));
#3248 = CARTESIAN_POINT('',(-1.262560281933,35.011554525574));
#3249 = CARTESIAN_POINT('',(-1.323439839869,35.012351867269));
#3250 = CARTESIAN_POINT('',(-1.384876668,35.012427225442));
#3251 = CARTESIAN_POINT('',(-1.446720478261,35.011775757398));
#3252 = CARTESIAN_POINT('',(-1.508780685969,35.010403986858));
#3253 = CARTESIAN_POINT('',(-1.570796326795,35.008335649435));
#3254 = ( GEOMETRIC_REPRESENTATION_CONTEXT(2) 
PARAMETRIC_REPRESENTATION_CONTEXT() REPRESENTATION_CONTEXT('2D SPACE',''
  ) );
#3255 = ORIENTED_EDGE('',*,*,#3256,.T.);
#3256 = EDGE_CURVE('',#3178,#3257,#3259,.T.);
#3257 = VERTEX_POINT('',#3258);
#3258 = CARTESIAN_POINT('',(137.27050163763,16.227728716463,
    18.349049060022));
#3259 = SURFACE_CURVE('',#3260,(#3265,#3276),.PCURVE_S1.);
#3260 = HYPERBOLA('',#3261,6.75,1.5);
#3261 = AXIS2_PLACEMENT_3D('',#3262,#3263,#3264);
#3262 = CARTESIAN_POINT('',(247.5,-1.06066017178,1.06066017178));
#3263 = DIRECTION('',(-0.,0.707106781187,-0.707106781187));
#3264 = DIRECTION('',(-1.,-0.,0.));
#3265 = PCURVE('',#3078,#3266);
#3266 = DEFINITIONAL_REPRESENTATION('',(#3267),#3275);
#3267 = B_SPLINE_CURVE_WITH_KNOTS('',6,(#3268,#3269,#3270,#3271,#3272,
    #3273,#3274),.UNSPECIFIED.,.F.,.F.,(7,7),(2.993222846126,
    3.48768601452),.PIECEWISE_BEZIER_KNOTS.);
#3268 = CARTESIAN_POINT('',(-5.597954564944,-45.));
#3269 = CARTESIAN_POINT('',(-5.589713512137,-39.46517279253));
#3270 = CARTESIAN_POINT('',(-5.582283353711,-33.38023377783));
#3271 = CARTESIAN_POINT('',(-5.575565359383,-26.67752648457));
#3272 = CARTESIAN_POINT('',(-5.569476333834,-19.27816306319));
#3273 = CARTESIAN_POINT('',(-5.563945298192,-11.08935729233));
#3274 = CARTESIAN_POINT('',(-5.558911170912,-2.));
#3275 = ( GEOMETRIC_REPRESENTATION_CONTEXT(2) 
PARAMETRIC_REPRESENTATION_CONTEXT() REPRESENTATION_CONTEXT('2D SPACE',''
  ) );
#3276 = PCURVE('',#3277,#3282);
#3277 = PLANE('',#3278);
#3278 = AXIS2_PLACEMENT_3D('',#3279,#3280,#3281);
#3279 = CARTESIAN_POINT('',(162.58480056418,21.06631722017,
    23.18763756373));
#3280 = DIRECTION('',(-0.,0.707106781187,-0.707106781187));
#3281 = DIRECTION('',(-1.,0.,0.));
#3282 = DEFINITIONAL_REPRESENTATION('',(#3283),#3287);
#3283 = ( BOUNDED_CURVE() B_SPLINE_CURVE(2,(#3284,#3285,#3286),
.UNSPECIFIED.,.F.,.F.) B_SPLINE_CURVE_WITH_KNOTS((3,3),(2.993222846126,
3.48768601452),.PIECEWISE_BEZIER_KNOTS.) CURVE() 
GEOMETRIC_REPRESENTATION_ITEM() RATIONAL_B_SPLINE_CURVE((1.,
1.030717715499,1.)) REPRESENTATION_ITEM('') );
#3284 = CARTESIAN_POINT('',(-17.41519943581,-16.36745996541));
#3285 = CARTESIAN_POINT('',(-1.14095385828,-12.73274169425));
#3286 = CARTESIAN_POINT('',(25.584800564187,-6.782573265166));
#3287 = ( GEOMETRIC_REPRESENTATION_CONTEXT(2) 
PARAMETRIC_REPRESENTATION_CONTEXT() REPRESENTATION_CONTEXT('2D SPACE',''
  ) );
#3288 = ORIENTED_EDGE('',*,*,#3289,.T.);
#3289 = EDGE_CURVE('',#3257,#3290,#3292,.T.);
#3290 = VERTEX_POINT('',#3291);
#3291 = CARTESIAN_POINT('',(136.30378147218,16.754386597037,
    18.162819494053));
#3292 = SURFACE_CURVE('',#3293,(#3311,#3340),.PCURVE_S1.);
#3293 = B_SPLINE_CURVE_WITH_KNOTS('',6,(#3294,#3295,#3296,#3297,#3298,
    #3299,#3300,#3301,#3302,#3303,#3304,#3305,#3306,#3307,#3308,#3309,
    #3310),.UNSPECIFIED.,.F.,.F.,(7,5,5,7),(0.,1.,3.026381957755,
    3.98995434464),.UNSPECIFIED.);
#3294 = CARTESIAN_POINT('',(137.27050163763,16.227728716463,
    18.349049060022));
#3295 = CARTESIAN_POINT('',(137.22515449367,16.23486773031,
    18.356188073869));
#3296 = CARTESIAN_POINT('',(137.1798246904,16.243438669484,
    18.362055540444));
#3297 = CARTESIAN_POINT('',(137.13457502167,16.25344044778,
    18.366633484984));
#3298 = CARTESIAN_POINT('',(137.08947207171,16.264877541671,
    18.369896436581));
#3299 = CARTESIAN_POINT('',(137.04458761231,16.277759866119,
    18.371810958318));
#3300 = CARTESIAN_POINT('',(136.90964846686,16.321166609674,
    18.37339744551));
#3301 = CARTESIAN_POINT('',(136.82058715159,16.356205125715,
    18.368749495837));
#3302 = CARTESIAN_POINT('',(136.73334042366,16.397366437138,
    18.358061751081));
#3303 = CARTESIAN_POINT('',(136.64879613538,16.444880223106,
    18.340793616029));
#3304 = CARTESIAN_POINT('',(136.56818892766,16.498901875282,
    18.316326414854));
#3305 = CARTESIAN_POINT('',(136.45764906868,16.588388070422,
    18.268421203831));
#3306 = CARTESIAN_POINT('',(136.42333102295,16.618710108994,
    18.251181751303));
#3307 = CARTESIAN_POINT('',(136.3905144591,16.65051723346,
    18.232063199442));
#3308 = CARTESIAN_POINT('',(136.35945026984,16.683784445345,
    18.210991771965));
#3309 = CARTESIAN_POINT('',(136.33043166859,16.718446863444,
    18.187915124039));
#3310 = CARTESIAN_POINT('',(136.30378147218,16.754386597037,
    18.162819494053));
#3311 = PCURVE('',#3078,#3312);
#3312 = DEFINITIONAL_REPRESENTATION('',(#3313),#3339);
#3313 = B_SPLINE_CURVE_WITH_KNOTS('',3,(#3314,#3315,#3316,#3317,#3318,
    #3319,#3320,#3321,#3322,#3323,#3324,#3325,#3326,#3327,#3328,#3329,
    #3330,#3331,#3332,#3333,#3334,#3335,#3336,#3337,#3338),
  .UNSPECIFIED.,.F.,.F.,(4,1,1,1,1,1,1,1,1,1,1,1,1,1,1,1,1,1,1,1,1,1,4),
  (0.,0.18136156112,0.36272312224,0.54408468336,0.72544624448,
    0.9068078056,1.08816936672,1.26953092784,1.45089248896,1.63225405008
    ,1.8136156112,1.99497717232,2.17633873344,2.35770029456,
    2.53906185568,2.7204234168,2.90178497792,3.08314653904,3.26450810016
    ,3.44586966128,3.6272312224,3.80859278352,3.98995434464),
  .QUASI_UNIFORM_KNOTS.);
#3314 = CARTESIAN_POINT('',(-5.559061356189,-2.270501637631));
#3315 = CARTESIAN_POINT('',(-5.559052189179,-2.254053322689));
#3316 = CARTESIAN_POINT('',(-5.559008195418,-2.221161860633));
#3317 = CARTESIAN_POINT('',(-5.55886477135,-2.171887754331));
#3318 = CARTESIAN_POINT('',(-5.558643517876,-2.122723630622));
#3319 = CARTESIAN_POINT('',(-5.558343835241,-2.073718791521));
#3320 = CARTESIAN_POINT('',(-5.557964995582,-2.024924828358));
#3321 = CARTESIAN_POINT('',(-5.557506094303,-1.976394181421));
#3322 = CARTESIAN_POINT('',(-5.556966269032,-1.928198166977));
#3323 = CARTESIAN_POINT('',(-5.556344277592,-1.880387165269));
#3324 = CARTESIAN_POINT('',(-5.555638756213,-1.833023717482));
#3325 = CARTESIAN_POINT('',(-5.554848216501,-1.786177790973));
#3326 = CARTESIAN_POINT('',(-5.553971072989,-1.739928203864));
#3327 = CARTESIAN_POINT('',(-5.55300565696,-1.694362500555));
#3328 = CARTESIAN_POINT('',(-5.551950226211,-1.649577285236));
#3329 = CARTESIAN_POINT('',(-5.550802976421,-1.605678693427));
#3330 = CARTESIAN_POINT('',(-5.549562021763,-1.562782273957));
#3331 = CARTESIAN_POINT('',(-5.548225468531,-1.521015511005));
#3332 = CARTESIAN_POINT('',(-5.54679111898,-1.480510794185));
#3333 = CARTESIAN_POINT('',(-5.545257752874,-1.441440459825));
#3334 = CARTESIAN_POINT('',(-5.543624127173,-1.403982580375));
#3335 = CARTESIAN_POINT('',(-5.541889502043,-1.36833532825));
#3336 = CARTESIAN_POINT('',(-5.540053798817,-1.334715764375));
#3337 = CARTESIAN_POINT('',(-5.538763378086,-1.313814891302));
#3338 = CARTESIAN_POINT('',(-5.538101646261,-1.303781472189));
#3339 = ( GEOMETRIC_REPRESENTATION_CONTEXT(2) 
PARAMETRIC_REPRESENTATION_CONTEXT() REPRESENTATION_CONTEXT('2D SPACE',''
  ) );
#3340 = PCURVE('',#3341,#3346);
#3341 = CYLINDRICAL_SURFACE('',#3342,1.);
#3342 = AXIS2_PLACEMENT_3D('',#3343,#3344,#3345);
#3343 = CARTESIAN_POINT('',(135.7273936525,15.778224850044,
    16.48533163123));
#3344 = DIRECTION('',(0.686220426896,0.514344984281,0.514344984281));
#3345 = DIRECTION('',(-0.727393652509,0.485231117247,0.485231117247));
#3346 = DEFINITIONAL_REPRESENTATION('',(#3347),#3373);
#3347 = B_SPLINE_CURVE_WITH_KNOTS('',3,(#3348,#3349,#3350,#3351,#3352,
    #3353,#3354,#3355,#3356,#3357,#3358,#3359,#3360,#3361,#3362,#3363,
    #3364,#3365,#3366,#3367,#3368,#3369,#3370,#3371,#3372),
  .UNSPECIFIED.,.F.,.F.,(4,1,1,1,1,1,1,1,1,1,1,1,1,1,1,1,1,1,1,1,1,1,4),
  (0.,0.18136156112,0.36272312224,0.54408468336,0.72544624448,
    0.9068078056,1.08816936672,1.26953092784,1.45089248896,1.63225405008
    ,1.8136156112,1.99497717232,2.17633873344,2.35770029456,
    2.53906185568,2.7204234168,2.90178497792,3.08314653904,3.26450810016
    ,3.44586966128,3.6272312224,3.80859278352,3.98995434464),
  .QUASI_UNIFORM_KNOTS.);
#3348 = CARTESIAN_POINT('',(1.570796326795,2.248705991021));
#3349 = CARTESIAN_POINT('',(1.556318838496,2.240082562415));
#3350 = CARTESIAN_POINT('',(1.527342352885,2.222866521564));
#3351 = CARTESIAN_POINT('',(1.48377095391,2.197159864901));
#3352 = CARTESIAN_POINT('',(1.440050814823,2.171595273474));
#3353 = CARTESIAN_POINT('',(1.396139607199,2.146198440116));
#3354 = CARTESIAN_POINT('',(1.35199465352,2.120996085473));
#3355 = CARTESIAN_POINT('',(1.307570644741,2.096015202159));
#3356 = CARTESIAN_POINT('',(1.26283580059,2.071292274197));
#3357 = CARTESIAN_POINT('',(1.21773442625,2.046852810269));
#3358 = CARTESIAN_POINT('',(1.172215932523,2.022728407312));
#3359 = CARTESIAN_POINT('',(1.126229885434,1.998954242471));
#3360 = CARTESIAN_POINT('',(1.079726518405,1.975569761834));
#3361 = CARTESIAN_POINT('',(1.032655802216,1.952618568919));
#3362 = CARTESIAN_POINT('',(0.98496679825,1.930148555239));
#3363 = CARTESIAN_POINT('',(0.936607064373,1.908212100734));
#3364 = CARTESIAN_POINT('',(0.887521072296,1.886865990517));
#3365 = CARTESIAN_POINT('',(0.837651795828,1.866172634418));
#3366 = CARTESIAN_POINT('',(0.786929649522,1.846196596893));
#3367 = CARTESIAN_POINT('',(0.735315406067,1.827021814322));
#3368 = CARTESIAN_POINT('',(0.682759712755,1.80873459812));
#3369 = CARTESIAN_POINT('',(0.629219400705,1.791430646347));
#3370 = CARTESIAN_POINT('',(0.574660509293,1.77521446953));
#3371 = CARTESIAN_POINT('',(0.537595183606,1.765205672466));
#3372 = CARTESIAN_POINT('',(0.518885278147,1.760420462528));
#3373 = ( GEOMETRIC_REPRESENTATION_CONTEXT(2) 
PARAMETRIC_REPRESENTATION_CONTEXT() REPRESENTATION_CONTEXT('2D SPACE',''
  ) );
#3374 = ORIENTED_EDGE('',*,*,#3375,.F.);
#3375 = EDGE_CURVE('',#3376,#3290,#3378,.T.);
#3376 = VERTEX_POINT('',#3377);
#3377 = CARTESIAN_POINT('',(136.16797227237,17.137014012936,
    17.844120794122));
#3378 = SURFACE_CURVE('',#3379,(#3394,#3412),.PCURVE_S1.);
#3379 = B_SPLINE_CURVE_WITH_KNOTS('',5,(#3380,#3381,#3382,#3383,#3384,
    #3385,#3386,#3387,#3388,#3389,#3390,#3391,#3392,#3393),
  .UNSPECIFIED.,.F.,.F.,(6,4,4,6),(0.,4.420132099736E-02,0.527259354954,
    1.),.UNSPECIFIED.);
#3380 = CARTESIAN_POINT('',(136.16797227237,17.137014012936,
    17.844120794122));
#3381 = CARTESIAN_POINT('',(136.1679047916,17.133606406546,
    17.847414158932));
#3382 = CARTESIAN_POINT('',(136.16786736064,17.130192900692,
    17.850702357715));
#3383 = CARTESIAN_POINT('',(136.16785999062,17.12677378484,
    17.853985108147));
#3384 = CARTESIAN_POINT('',(136.16788268276,17.12334935053,
    17.857262130039));
#3385 = CARTESIAN_POINT('',(136.16851186324,17.082440744628,
    17.89628072437));
#3386 = CARTESIAN_POINT('',(136.17267785038,17.044357853579,
    17.931314344116));
#3387 = CARTESIAN_POINT('',(136.18042260829,17.006066233012,
    17.965259388935));
#3388 = CARTESIAN_POINT('',(136.19158810457,16.96795456532,
    17.997808927977));
#3389 = CARTESIAN_POINT('',(136.21994820496,16.893592753015,
    18.058994924635));
#3390 = CARTESIAN_POINT('',(136.23701026519,16.857316859706,
    18.087702850278));
#3391 = CARTESIAN_POINT('',(136.25687456199,16.821860944908,
    18.114648700649));
#3392 = CARTESIAN_POINT('',(136.27923856028,16.787484503795,
    18.139708225871));
#3393 = CARTESIAN_POINT('',(136.30378147218,16.754386597037,
    18.162819494053));
#3394 = PCURVE('',#3078,#3395);
#3395 = DEFINITIONAL_REPRESENTATION('',(#3396),#3411);
#3396 = B_SPLINE_CURVE_WITH_KNOTS('',5,(#3397,#3398,#3399,#3400,#3401,
    #3402,#3403,#3404,#3405,#3406,#3407,#3408,#3409,#3410),
  .UNSPECIFIED.,.F.,.F.,(6,4,4,6),(0.,4.420132099736E-02,0.527259354954,
    1.),.UNSPECIFIED.);
#3397 = CARTESIAN_POINT('',(-5.517998337613,-1.167972272378));
#3398 = CARTESIAN_POINT('',(-5.518189884932,-1.167904791608));
#3399 = CARTESIAN_POINT('',(-5.518381459311,-1.167867360642));
#3400 = CARTESIAN_POINT('',(-5.51857304468,-1.167859990624));
#3401 = CARTESIAN_POINT('',(-5.518764624967,-1.167882682769));
#3402 = CARTESIAN_POINT('',(-5.521049654999,-1.168511863245));
#3403 = CARTESIAN_POINT('',(-5.523140800516,-1.172677850384));
#3404 = CARTESIAN_POINT('',(-5.525207975024,-1.180422608298));
#3405 = CARTESIAN_POINT('',(-5.527231597107,-1.191588104578));
#3406 = CARTESIAN_POINT('',(-5.531116928167,-1.219948204962));
#3407 = CARTESIAN_POINT('',(-5.532981347527,-1.237010265192));
#3408 = CARTESIAN_POINT('',(-5.534773674289,-1.256874561991));
#3409 = CARTESIAN_POINT('',(-5.536482958899,-1.279238560284));
#3410 = CARTESIAN_POINT('',(-5.538101646261,-1.303781472189));
#3411 = ( GEOMETRIC_REPRESENTATION_CONTEXT(2) 
PARAMETRIC_REPRESENTATION_CONTEXT() REPRESENTATION_CONTEXT('2D SPACE',''
  ) );
#3412 = PCURVE('',#3413,#3418);
#3413 = SPHERICAL_SURFACE('',#3414,1.);
#3414 = AXIS2_PLACEMENT_3D('',#3415,#3416,#3417);
#3415 = CARTESIAN_POINT('',(136.93543013382,16.683688285171,
    17.390795066358));
#3416 = DIRECTION('',(0.,0.707106781187,-0.707106781187));
#3417 = DIRECTION('',(-0.216930457819,-0.690268489963,-0.690268489963));
#3418 = DEFINITIONAL_REPRESENTATION('',(#3419),#3434);
#3419 = B_SPLINE_CURVE_WITH_KNOTS('',5,(#3420,#3421,#3422,#3423,#3424,
    #3425,#3426,#3427,#3428,#3429,#3430,#3431,#3432,#3433),
  .UNSPECIFIED.,.F.,.F.,(6,4,4,6),(0.,4.420132099736E-02,0.527259354954,
    1.),.UNSPECIFIED.);
#3420 = CARTESIAN_POINT('',(2.048057302664,7.105427357601E-15));
#3421 = CARTESIAN_POINT('',(2.047952044774,-4.738302175531E-03));
#3422 = CARTESIAN_POINT('',(2.047860046833,-9.477122941365E-03));
#3423 = CARTESIAN_POINT('',(2.047781305087,-1.421627972443E-02));
#3424 = CARTESIAN_POINT('',(2.047715819141,-1.895558999775E-02));
#3425 = CARTESIAN_POINT('',(2.047092822707,-7.548852466324E-02));
#3426 = CARTESIAN_POINT('',(2.048105649182,-0.127283555433));
#3427 = CARTESIAN_POINT('',(2.050706070141,-0.178825956026));
#3428 = CARTESIAN_POINT('',(2.054944902987,-0.229906102823));
#3429 = CARTESIAN_POINT('',(2.066795147831,-0.329645867295));
#3430 = CARTESIAN_POINT('',(2.074333052053,-0.378338414141));
#3431 = CARTESIAN_POINT('',(2.08365444612,-0.426212037072));
#3432 = CARTESIAN_POINT('',(2.094928013763,-0.473114727273));
#3433 = CARTESIAN_POINT('',(2.108407562811,-0.518885278146));
#3434 = ( GEOMETRIC_REPRESENTATION_CONTEXT(2) 
PARAMETRIC_REPRESENTATION_CONTEXT() REPRESENTATION_CONTEXT('2D SPACE',''
  ) );
#3435 = ORIENTED_EDGE('',*,*,#3436,.T.);
#3436 = EDGE_CURVE('',#3376,#3437,#3439,.T.);
#3437 = VERTEX_POINT('',#3438);
#3438 = CARTESIAN_POINT('',(136.16797227237,17.844120794122,
    17.137014012936));
#3439 = SURFACE_CURVE('',#3440,(#3446,#3455),.PCURVE_S1.);
#3440 = B_SPLINE_CURVE_WITH_KNOTS('',4,(#3441,#3442,#3443,#3444,#3445),
  .UNSPECIFIED.,.F.,.F.,(5,5),(0.,1.),.PIECEWISE_BEZIER_KNOTS.);
#3441 = CARTESIAN_POINT('',(136.16797226383,17.137013581438,
    17.844121211154));
#3442 = CARTESIAN_POINT('',(136.17153194838,17.316768344167,
    17.670392817102));
#3443 = CARTESIAN_POINT('',(136.17276504559,17.494577492953,
    17.494580304159));
#3444 = CARTESIAN_POINT('',(136.17153193531,17.670393454743,
    17.316767684407));
#3445 = CARTESIAN_POINT('',(136.16797226383,17.844121211153,
    17.137013581439));
#3446 = PCURVE('',#3078,#3447);
#3447 = DEFINITIONAL_REPRESENTATION('',(#3448),#3454);
#3448 = B_SPLINE_CURVE_WITH_KNOTS('',4,(#3449,#3450,#3451,#3452,#3453),
  .UNSPECIFIED.,.F.,.F.,(5,5),(0.,1.),.PIECEWISE_BEZIER_KNOTS.);
#3449 = CARTESIAN_POINT('',(-5.517998361868,-1.167972263831));
#3450 = CARTESIAN_POINT('',(-5.50789404278,-1.171531948381));
#3451 = CARTESIAN_POINT('',(-5.497787226042,-1.172765045599));
#3452 = CARTESIAN_POINT('',(-5.487680207698,-1.171531935316));
#3453 = CARTESIAN_POINT('',(-5.477575925697,-1.167972263831));
#3454 = ( GEOMETRIC_REPRESENTATION_CONTEXT(2) 
PARAMETRIC_REPRESENTATION_CONTEXT() REPRESENTATION_CONTEXT('2D SPACE',''
  ) );
#3455 = PCURVE('',#3456,#3461);
#3456 = CYLINDRICAL_SURFACE('',#3457,1.);
#3457 = AXIS2_PLACEMENT_3D('',#3458,#3459,#3460);
#3458 = CARTESIAN_POINT('',(136.93543013382,18.097901847545,
    15.976581503985));
#3459 = DIRECTION('',(0.,-0.707106781187,0.707106781187));
#3460 = DIRECTION('',(-0.727393652509,0.485231117247,0.485231117247));
#3461 = DEFINITIONAL_REPRESENTATION('',(#3462),#3468);
#3462 = B_SPLINE_CURVE_WITH_KNOTS('',4,(#3463,#3464,#3465,#3466,#3467),
  .UNSPECIFIED.,.F.,.F.,(5,5),(0.,1.),.PIECEWISE_BEZIER_KNOTS.);
#3463 = CARTESIAN_POINT('',(6.035027347625E-02,2.000000600001));
#3464 = CARTESIAN_POINT('',(5.47978043126E-02,1.750050262806));
#3465 = CARTESIAN_POINT('',(5.29236735251E-02,1.500001987822));
#3466 = CARTESIAN_POINT('',(5.479782469203E-02,1.249948819793));
#3467 = CARTESIAN_POINT('',(6.035027347625E-02,0.9999994));
#3468 = ( GEOMETRIC_REPRESENTATION_CONTEXT(2) 
PARAMETRIC_REPRESENTATION_CONTEXT() REPRESENTATION_CONTEXT('2D SPACE',''
  ) );
#3469 = ORIENTED_EDGE('',*,*,#3470,.F.);
#3470 = EDGE_CURVE('',#3471,#3437,#3473,.T.);
#3471 = VERTEX_POINT('',#3472);
#3472 = CARTESIAN_POINT('',(136.30378147218,18.162819494053,
    16.754386597037));
#3473 = SURFACE_CURVE('',#3474,(#3489,#3507),.PCURVE_S1.);
#3474 = B_SPLINE_CURVE_WITH_KNOTS('',5,(#3475,#3476,#3477,#3478,#3479,
    #3480,#3481,#3482,#3483,#3484,#3485,#3486,#3487,#3488),
  .UNSPECIFIED.,.F.,.F.,(6,4,4,6),(0.,0.510031983444,0.963279391802,1.),
  .UNSPECIFIED.);
#3475 = CARTESIAN_POINT('',(136.30378147218,18.162819494053,
    16.754386597037));
#3476 = CARTESIAN_POINT('',(136.27730254105,18.137885139032,
    16.790095366935));
#3477 = CARTESIAN_POINT('',(136.25335969676,18.110682853848,
    16.827292576038));
#3478 = CARTESIAN_POINT('',(136.23235580824,18.081290513991,
    16.865728139999));
#3479 = CARTESIAN_POINT('',(136.21466960234,18.049870604271,
    16.905069661838));
#3480 = CARTESIAN_POINT('',(136.18805636566,17.987222353345,
    16.980312804967));
#3481 = CARTESIAN_POINT('',(136.17837241345,17.956360154775,
    17.016112203841));
#3482 = CARTESIAN_POINT('',(136.17172438553,17.924314987504,
    17.052011894189));
#3483 = CARTESIAN_POINT('',(136.16823163106,17.891346276342,
    17.087689567343));
#3484 = CARTESIAN_POINT('',(136.16787248732,17.855042733178,
    17.125666641245));
#3485 = CARTESIAN_POINT('',(136.16786631553,17.852317919479,
    17.128509258872));
#3486 = CARTESIAN_POINT('',(136.167880891,17.849589217663,
    17.131348137837));
#3487 = CARTESIAN_POINT('',(136.16791621207,17.84685678859,
    17.134183111177));
#3488 = CARTESIAN_POINT('',(136.16797227237,17.844120794122,
    17.137014012936));
#3489 = PCURVE('',#3078,#3490);
#3490 = DEFINITIONAL_REPRESENTATION('',(#3491),#3506);
#3491 = B_SPLINE_CURVE_WITH_KNOTS('',5,(#3492,#3493,#3494,#3495,#3496,
    #3497,#3498,#3499,#3500,#3501,#3502,#3503,#3504,#3505),
  .UNSPECIFIED.,.F.,.F.,(6,4,4,6),(0.,0.510031983444,0.963279391802,1.),
  .UNSPECIFIED.);
#3492 = CARTESIAN_POINT('',(-5.457472641303,-1.303781472189));
#3493 = CARTESIAN_POINT('',(-5.459219015627,-1.277302541051));
#3494 = CARTESIAN_POINT('',(-5.461070856371,-1.253359696765));
#3495 = CARTESIAN_POINT('',(-5.463018669193,-1.232355808248));
#3496 = CARTESIAN_POINT('',(-5.465048345362,-1.214669602348));
#3497 = CARTESIAN_POINT('',(-5.468999756019,-1.188056365667));
#3498 = CARTESIAN_POINT('',(-5.470908476692,-1.178372413459));
#3499 = CARTESIAN_POINT('',(-5.472852617718,-1.17172438553));
#3500 = CARTESIAN_POINT('',(-5.474815806538,-1.168231631069));
#3501 = CARTESIAN_POINT('',(-5.476939355648,-1.167872487325));
#3502 = CARTESIAN_POINT('',(-5.477098513809,-1.167866315531));
#3503 = CARTESIAN_POINT('',(-5.477257671723,-1.167880891002));
#3504 = CARTESIAN_POINT('',(-5.477416820175,-1.167916212078));
#3505 = CARTESIAN_POINT('',(-5.477575949952,-1.167972272376));
#3506 = ( GEOMETRIC_REPRESENTATION_CONTEXT(2) 
PARAMETRIC_REPRESENTATION_CONTEXT() REPRESENTATION_CONTEXT('2D SPACE',''
  ) );
#3507 = PCURVE('',#3508,#3513);
#3508 = SPHERICAL_SURFACE('',#3509,1.);
#3509 = AXIS2_PLACEMENT_3D('',#3510,#3511,#3512);
#3510 = CARTESIAN_POINT('',(136.93543013382,17.390795066358,
    16.683688285171));
#3511 = DIRECTION('',(0.,-0.707106781187,0.707106781187));
#3512 = DIRECTION('',(-0.216930457819,-0.690268489963,-0.690268489963));
#3513 = DEFINITIONAL_REPRESENTATION('',(#3514),#3529);
#3514 = B_SPLINE_CURVE_WITH_KNOTS('',5,(#3515,#3516,#3517,#3518,#3519,
    #3520,#3521,#3522,#3523,#3524,#3525,#3526,#3527,#3528),
  .UNSPECIFIED.,.F.,.F.,(6,4,4,6),(0.,0.510031983444,0.963279391802,1.),
  .UNSPECIFIED.);
#3515 = CARTESIAN_POINT('',(-2.108407562811,-0.518885278146));
#3516 = CARTESIAN_POINT('',(-2.093864706104,-0.469504207579));
#3517 = CARTESIAN_POINT('',(-2.081889484042,-0.418804953409));
#3518 = CARTESIAN_POINT('',(-2.072163323621,-0.366990393831));
#3519 = CARTESIAN_POINT('',(-2.064482851289,-0.314250658638));
#3520 = CARTESIAN_POINT('',(-2.053610097835,-0.213333650045));
#3521 = CARTESIAN_POINT('',(-2.050013032447,-0.165298926907));
#3522 = CARTESIAN_POINT('',(-2.047850454146,-0.116889554839));
#3523 = CARTESIAN_POINT('',(-2.047084003831,-6.828179478634E-02));
#3524 = CARTESIAN_POINT('',(-2.047762428679,-1.574728907204E-02));
#3525 = CARTESIAN_POINT('',(-2.047822423021,-1.181013928089E-02));
#3526 = CARTESIAN_POINT('',(-2.047891566164,-7.873138060689E-03));
#3527 = CARTESIAN_POINT('',(-2.047969858659,-3.936390071839E-03));
#3528 = CARTESIAN_POINT('',(-2.048057302664,0.));
#3529 = ( GEOMETRIC_REPRESENTATION_CONTEXT(2) 
PARAMETRIC_REPRESENTATION_CONTEXT() REPRESENTATION_CONTEXT('2D SPACE',''
  ) );
#3530 = ORIENTED_EDGE('',*,*,#3531,.T.);
#3531 = EDGE_CURVE('',#3471,#3532,#3534,.T.);
#3532 = VERTEX_POINT('',#3533);
#3533 = CARTESIAN_POINT('',(137.27050163763,18.349049060022,
    16.227728716463));
#3534 = SURFACE_CURVE('',#3535,(#3553,#3582),.PCURVE_S1.);
#3535 = B_SPLINE_CURVE_WITH_KNOTS('',6,(#3536,#3537,#3538,#3539,#3540,
    #3541,#3542,#3543,#3544,#3545,#3546,#3547,#3548,#3549,#3550,#3551,
    #3552),.UNSPECIFIED.,.F.,.F.,(7,5,5,7),(2.535500839794E-06,
    0.322271651574,1.,1.334452419413),.UNSPECIFIED.);
#3536 = CARTESIAN_POINT('',(136.30378147218,18.162819494053,
    16.754386597037));
#3537 = CARTESIAN_POINT('',(136.33043166859,18.187915124039,
    16.718446863444));
#3538 = CARTESIAN_POINT('',(136.35945026984,18.210991771965,
    16.683784445345));
#3539 = CARTESIAN_POINT('',(136.3905144591,18.232063199442,
    16.65051723346));
#3540 = CARTESIAN_POINT('',(136.42333102295,18.251181751303,
    16.618710108994));
#3541 = CARTESIAN_POINT('',(136.45764906868,18.268421203831,
    16.588388070422));
#3542 = CARTESIAN_POINT('',(136.56818892766,18.316326414854,
    16.498901875281));
#3543 = CARTESIAN_POINT('',(136.64879613538,18.340793616029,
    16.444880223106));
#3544 = CARTESIAN_POINT('',(136.73334042366,18.358061751081,
    16.397366437138));
#3545 = CARTESIAN_POINT('',(136.82058715159,18.368749495837,
    16.356205125715));
#3546 = CARTESIAN_POINT('',(136.90964846686,18.37339744551,
    16.321166609674));
#3547 = CARTESIAN_POINT('',(137.04458761231,18.371810958318,
    16.277759866119));
#3548 = CARTESIAN_POINT('',(137.08947207171,18.369896436581,
    16.264877541671));
#3549 = CARTESIAN_POINT('',(137.13457502167,18.366633484984,
    16.25344044778));
#3550 = CARTESIAN_POINT('',(137.1798246904,18.362055540444,
    16.243438669484));
#3551 = CARTESIAN_POINT('',(137.22515449367,18.356188073869,
    16.23486773031));
#3552 = CARTESIAN_POINT('',(137.27050163763,18.349049060022,
    16.227728716463));
#3553 = PCURVE('',#3078,#3554);
#3554 = DEFINITIONAL_REPRESENTATION('',(#3555),#3581);
#3555 = B_SPLINE_CURVE_WITH_KNOTS('',3,(#3556,#3557,#3558,#3559,#3560,
    #3561,#3562,#3563,#3564,#3565,#3566,#3567,#3568,#3569,#3570,#3571,
    #3572,#3573,#3574,#3575,#3576,#3577,#3578,#3579,#3580),
  .UNSPECIFIED.,.F.,.F.,(4,1,1,1,1,1,1,1,1,1,1,1,1,1,1,1,1,1,1,1,1,1,4),
  (2.535500839794E-06,6.065934840595E-02,0.121316161311,0.181972974216,
    0.242629787121,0.303286600026,0.363943412932,0.424600225837,
    0.485257038742,0.545913851647,0.606570664552,0.667227477457,
    0.727884290362,0.788541103267,0.849197916172,0.909854729078,
    0.970511541983,1.031168354888,1.091825167793,1.152481980698,
    1.213138793603,1.273795606508,1.334452419413),
  .QUASI_UNIFORM_KNOTS.);
#3556 = CARTESIAN_POINT('',(-5.457472641303,-1.303781472189));
#3557 = CARTESIAN_POINT('',(-5.456810909478,-1.313814891302));
#3558 = CARTESIAN_POINT('',(-5.455520488748,-1.334715764375));
#3559 = CARTESIAN_POINT('',(-5.453684785521,-1.368335328251));
#3560 = CARTESIAN_POINT('',(-5.451950160391,-1.403982580375));
#3561 = CARTESIAN_POINT('',(-5.45031653469,-1.441440459825));
#3562 = CARTESIAN_POINT('',(-5.448783168584,-1.480510794185));
#3563 = CARTESIAN_POINT('',(-5.447348819033,-1.521015511005));
#3564 = CARTESIAN_POINT('',(-5.446012265801,-1.562782273957));
#3565 = CARTESIAN_POINT('',(-5.444771311143,-1.605678693427));
#3566 = CARTESIAN_POINT('',(-5.443624061353,-1.649577285236));
#3567 = CARTESIAN_POINT('',(-5.442568630604,-1.694362500555));
#3568 = CARTESIAN_POINT('',(-5.441603214575,-1.739928203864));
#3569 = CARTESIAN_POINT('',(-5.440726071063,-1.786177790973));
#3570 = CARTESIAN_POINT('',(-5.439935531351,-1.833023717482));
#3571 = CARTESIAN_POINT('',(-5.439230009972,-1.880387165269));
#3572 = CARTESIAN_POINT('',(-5.438608018532,-1.928198166977));
#3573 = CARTESIAN_POINT('',(-5.438068193261,-1.976394181421));
#3574 = CARTESIAN_POINT('',(-5.437609291983,-2.024924828358));
#3575 = CARTESIAN_POINT('',(-5.437230452323,-2.073718791521));
#3576 = CARTESIAN_POINT('',(-5.436930769689,-2.122723630622));
#3577 = CARTESIAN_POINT('',(-5.436709516215,-2.171887754331));
#3578 = CARTESIAN_POINT('',(-5.436566092147,-2.221161860633));
#3579 = CARTESIAN_POINT('',(-5.436522098385,-2.254053322689));
#3580 = CARTESIAN_POINT('',(-5.436512931375,-2.270501637631));
#3581 = ( GEOMETRIC_REPRESENTATION_CONTEXT(2) 
PARAMETRIC_REPRESENTATION_CONTEXT() REPRESENTATION_CONTEXT('2D SPACE',''
  ) );
#3582 = PCURVE('',#3583,#3588);
#3583 = CYLINDRICAL_SURFACE('',#3584,1.);
#3584 = AXIS2_PLACEMENT_3D('',#3585,#3586,#3587);
#3585 = CARTESIAN_POINT('',(135.7273936525,16.48533163123,
    15.778224850044));
#3586 = DIRECTION('',(0.686220426896,0.514344984281,0.514344984281));
#3587 = DIRECTION('',(-0.727393652509,0.485231117247,0.485231117247));
#3588 = DEFINITIONAL_REPRESENTATION('',(#3589),#3615);
#3589 = B_SPLINE_CURVE_WITH_KNOTS('',3,(#3590,#3591,#3592,#3593,#3594,
    #3595,#3596,#3597,#3598,#3599,#3600,#3601,#3602,#3603,#3604,#3605,
    #3606,#3607,#3608,#3609,#3610,#3611,#3612,#3613,#3614),
  .UNSPECIFIED.,.F.,.F.,(4,1,1,1,1,1,1,1,1,1,1,1,1,1,1,1,1,1,1,1,1,1,4),
  (2.535500839794E-06,6.065934840595E-02,0.121316161311,0.181972974216,
    0.242629787121,0.303286600026,0.363943412932,0.424600225837,
    0.485257038742,0.545913851647,0.606570664552,0.667227477457,
    0.727884290362,0.788541103267,0.849197916172,0.909854729078,
    0.970511541983,1.031168354888,1.091825167793,1.152481980698,
    1.213138793603,1.273795606508,1.334452419413),
  .QUASI_UNIFORM_KNOTS.);
#3590 = CARTESIAN_POINT('',(-0.518885278146,1.760420462527));
#3591 = CARTESIAN_POINT('',(-0.537595183606,1.765205672466));
#3592 = CARTESIAN_POINT('',(-0.574660509293,1.77521446953));
#3593 = CARTESIAN_POINT('',(-0.629219400705,1.791430646347));
#3594 = CARTESIAN_POINT('',(-0.682759712755,1.80873459812));
#3595 = CARTESIAN_POINT('',(-0.735315406067,1.827021814322));
#3596 = CARTESIAN_POINT('',(-0.786929649522,1.846196596893));
#3597 = CARTESIAN_POINT('',(-0.837651795829,1.866172634418));
#3598 = CARTESIAN_POINT('',(-0.887521072296,1.886865990517));
#3599 = CARTESIAN_POINT('',(-0.936607064373,1.908212100734));
#3600 = CARTESIAN_POINT('',(-0.98496679825,1.930148555239));
#3601 = CARTESIAN_POINT('',(-1.032655802216,1.952618568919));
#3602 = CARTESIAN_POINT('',(-1.079726518405,1.975569761834));
#3603 = CARTESIAN_POINT('',(-1.126229885434,1.998954242472));
#3604 = CARTESIAN_POINT('',(-1.172215932524,2.022728407312));
#3605 = CARTESIAN_POINT('',(-1.217734426251,2.046852810269));
#3606 = CARTESIAN_POINT('',(-1.26283580059,2.071292274197));
#3607 = CARTESIAN_POINT('',(-1.307570644741,2.096015202159));
#3608 = CARTESIAN_POINT('',(-1.35199465352,2.120996085473));
#3609 = CARTESIAN_POINT('',(-1.396139607199,2.146198440117));
#3610 = CARTESIAN_POINT('',(-1.440050814823,2.171595273474));
#3611 = CARTESIAN_POINT('',(-1.48377095391,2.197159864901));
#3612 = CARTESIAN_POINT('',(-1.527342352886,2.222866521564));
#3613 = CARTESIAN_POINT('',(-1.556318838497,2.240082562415));
#3614 = CARTESIAN_POINT('',(-1.570796326795,2.248705991021));
#3615 = ( GEOMETRIC_REPRESENTATION_CONTEXT(2) 
PARAMETRIC_REPRESENTATION_CONTEXT() REPRESENTATION_CONTEXT('2D SPACE',''
  ) );
#3616 = ORIENTED_EDGE('',*,*,#3617,.F.);
#3617 = EDGE_CURVE('',#3618,#3532,#3620,.T.);
#3618 = VERTEX_POINT('',#3619);
#3619 = CARTESIAN_POINT('',(179.,11.772010445735,9.650690102175));
#3620 = SURFACE_CURVE('',#3621,(#3626,#3637),.PCURVE_S1.);
#3621 = HYPERBOLA('',#3622,6.75,1.5);
#3622 = AXIS2_PLACEMENT_3D('',#3623,#3624,#3625);
#3623 = CARTESIAN_POINT('',(247.5,1.06066017178,-1.06066017178));
#3624 = DIRECTION('',(-0.,0.707106781187,-0.707106781187));
#3625 = DIRECTION('',(-1.,-0.,0.));
#3626 = PCURVE('',#3078,#3627);
#3627 = DEFINITIONAL_REPRESENTATION('',(#3628),#3636);
#3628 = B_SPLINE_CURVE_WITH_KNOTS('',6,(#3629,#3630,#3631,#3632,#3633,
    #3634,#3635),.UNSPECIFIED.,.F.,.F.,(7,7),(2.993222846126,
    3.48768601452),.PIECEWISE_BEZIER_KNOTS.);
#3629 = CARTESIAN_POINT('',(-5.397619722621,-45.));
#3630 = CARTESIAN_POINT('',(-5.405860775427,-39.46517279253));
#3631 = CARTESIAN_POINT('',(-5.413290933853,-33.38023377783));
#3632 = CARTESIAN_POINT('',(-5.420008928181,-26.67752648457));
#3633 = CARTESIAN_POINT('',(-5.426097953731,-19.27816306319));
#3634 = CARTESIAN_POINT('',(-5.431628989372,-11.08935729233));
#3635 = CARTESIAN_POINT('',(-5.436663116652,-2.));
#3636 = ( GEOMETRIC_REPRESENTATION_CONTEXT(2) 
PARAMETRIC_REPRESENTATION_CONTEXT() REPRESENTATION_CONTEXT('2D SPACE',''
  ) );
#3637 = PCURVE('',#3638,#3643);
#3638 = PLANE('',#3639);
#3639 = AXIS2_PLACEMENT_3D('',#3640,#3641,#3642);
#3640 = CARTESIAN_POINT('',(162.58480056418,23.18763756373,
    21.06631722017));
#3641 = DIRECTION('',(-0.,0.707106781187,-0.707106781187));
#3642 = DIRECTION('',(-1.,0.,0.));
#3643 = DEFINITIONAL_REPRESENTATION('',(#3644),#3648);
#3644 = ( BOUNDED_CURVE() B_SPLINE_CURVE(2,(#3645,#3646,#3647),
.UNSPECIFIED.,.F.,.F.) B_SPLINE_CURVE_WITH_KNOTS((3,3),(2.993222846126,
3.48768601452),.PIECEWISE_BEZIER_KNOTS.) CURVE() 
GEOMETRIC_REPRESENTATION_ITEM() RATIONAL_B_SPLINE_CURVE((1.,
1.030717715499,1.)) REPRESENTATION_ITEM('') );
#3645 = CARTESIAN_POINT('',(-17.41519943581,-16.36745996541));
#3646 = CARTESIAN_POINT('',(-1.14095385828,-12.73274169425));
#3647 = CARTESIAN_POINT('',(25.584800564187,-6.782573265166));
#3648 = ( GEOMETRIC_REPRESENTATION_CONTEXT(2) 
PARAMETRIC_REPRESENTATION_CONTEXT() REPRESENTATION_CONTEXT('2D SPACE',''
  ) );
#3649 = ORIENTED_EDGE('',*,*,#3650,.F.);
#3650 = EDGE_CURVE('',#3651,#3618,#3653,.T.);
#3651 = VERTEX_POINT('',#3652);
#3652 = CARTESIAN_POINT('',(180.,10.95426091415,10.247154132964));
#3653 = SURFACE_CURVE('',#3654,(#3675,#3699),.PCURVE_S1.);
#3654 = B_SPLINE_CURVE_WITH_KNOTS('',7,(#3655,#3656,#3657,#3658,#3659,
    #3660,#3661,#3662,#3663,#3664,#3665,#3666,#3667,#3668,#3669,#3670,
    #3671,#3672,#3673,#3674),.UNSPECIFIED.,.F.,.F.,(8,6,6,8),(0.,
    0.246203817813,0.391320275476,1.),.UNSPECIFIED.);
#3655 = CARTESIAN_POINT('',(180.,10.95426091415,10.247154132964));
#3656 = CARTESIAN_POINT('',(180.,10.996811994375,10.201666807516));
#3657 = CARTESIAN_POINT('',(179.99547866359,11.039890344689,
    10.156644909954));
#3658 = CARTESIAN_POINT('',(179.98642489501,11.083047471783,
    10.112570782909));
#3659 = CARTESIAN_POINT('',(179.97298442322,11.125873164983,
    10.069863817299));
#3660 = CARTESIAN_POINT('',(179.95541046154,11.168007154055,
    10.028877260633));
#3661 = CARTESIAN_POINT('',(179.93402835304,11.209143361491,
    9.98989700593));
#3662 = CARTESIAN_POINT('',(179.89458834529,11.272534654277,
    9.931478587381));
#3663 = CARTESIAN_POINT('',(179.87876535254,11.295614939933,
    9.910581007087));
#3664 = CARTESIAN_POINT('',(179.8618167739,11.318221716733,
    9.890489158611));
#3665 = CARTESIAN_POINT('',(179.8438158551,11.340317641473,
    9.871233106774));
#3666 = CARTESIAN_POINT('',(179.82483559538,11.361872932616,
    9.852834737586));
#3667 = CARTESIAN_POINT('',(179.80494680554,11.38286438564,
    9.835309052835));
#3668 = CARTESIAN_POINT('',(179.69726310636,11.488882561623,
    9.74885522534));
#3669 = CARTESIAN_POINT('',(179.59583645226,11.563931087945,
    9.694832716493));
#3670 = CARTESIAN_POINT('',(179.4844777909,11.627843944137,
    9.656604382786));
#3671 = CARTESIAN_POINT('',(179.36674018789,11.680515664974,
    9.633765969331));
#3672 = CARTESIAN_POINT('',(179.24547830581,11.722049790726,
    9.625587887979));
#3673 = CARTESIAN_POINT('',(179.12274870889,11.752628014155,
    9.631307670595));
#3674 = CARTESIAN_POINT('',(179.,11.772010445735,9.650690102175));
#3675 = PCURVE('',#3078,#3676);
#3676 = DEFINITIONAL_REPRESENTATION('',(#3677),#3698);
#3677 = B_SPLINE_CURVE_WITH_KNOTS('',7,(#3678,#3679,#3680,#3681,#3682,
    #3683,#3684,#3685,#3686,#3687,#3688,#3689,#3690,#3691,#3692,#3693,
    #3694,#3695,#3696,#3697),.UNSPECIFIED.,.F.,.F.,(8,6,6,8),(0.,
    0.246203817813,0.391320275476,1.),.UNSPECIFIED.);
#3678 = CARTESIAN_POINT('',(-5.464447634521,-45.));
#3679 = CARTESIAN_POINT('',(-5.460295156704,-45.));
#3680 = CARTESIAN_POINT('',(-5.456141325025,-44.99547866359));
#3681 = CARTESIAN_POINT('',(-5.452031099989,-44.98642489501));
#3682 = CARTESIAN_POINT('',(-5.448004638288,-44.97298442322));
#3683 = CARTESIAN_POINT('',(-5.444096420965,-44.95541046154));
#3684 = CARTESIAN_POINT('',(-5.440334907284,-44.93402835304));
#3685 = CARTESIAN_POINT('',(-5.434625418452,-44.89458834529));
#3686 = CARTESIAN_POINT('',(-5.432566260511,-44.87876535254));
#3687 = CARTESIAN_POINT('',(-5.430569326105,-44.8618167739));
#3688 = CARTESIAN_POINT('',(-5.428637819241,-44.8438158551));
#3689 = CARTESIAN_POINT('',(-5.426774173744,-44.82483559538));
#3690 = CARTESIAN_POINT('',(-5.424980164696,-44.80494680554));
#3691 = CARTESIAN_POINT('',(-5.416029422611,-44.69726310636));
#3692 = CARTESIAN_POINT('',(-5.410076406693,-44.59583645226));
#3693 = CARTESIAN_POINT('',(-5.405422265175,-44.4844777909));
#3694 = CARTESIAN_POINT('',(-5.402044164099,-44.36674018789));
#3695 = CARTESIAN_POINT('',(-5.399891598952,-44.24547830581));
#3696 = CARTESIAN_POINT('',(-5.398909380667,-44.12274870889));
#3697 = CARTESIAN_POINT('',(-5.399086823475,-44.));
#3698 = ( GEOMETRIC_REPRESENTATION_CONTEXT(2) 
PARAMETRIC_REPRESENTATION_CONTEXT() REPRESENTATION_CONTEXT('2D SPACE',''
  ) );
#3699 = PCURVE('',#3700,#3705);
#3700 = CYLINDRICAL_SURFACE('',#3701,1.);
#3701 = AXIS2_PLACEMENT_3D('',#3702,#3703,#3704);
#3702 = CARTESIAN_POINT('',(179.,35.708892449921,35.001785668734));
#3703 = DIRECTION('',(0.,-0.707106781187,-0.707106781187));
#3704 = DIRECTION('',(1.,0.,0.));
#3705 = DEFINITIONAL_REPRESENTATION('',(#3706),#3727);
#3706 = B_SPLINE_CURVE_WITH_KNOTS('',7,(#3707,#3708,#3709,#3710,#3711,
    #3712,#3713,#3714,#3715,#3716,#3717,#3718,#3719,#3720,#3721,#3722,
    #3723,#3724,#3725,#3726),.UNSPECIFIED.,.F.,.F.,(8,6,6,8),(0.,
    0.246203817813,0.391320275476,1.),.UNSPECIFIED.);
#3707 = CARTESIAN_POINT('',(-1.7763568394E-15,35.008335649435));
#3708 = CARTESIAN_POINT('',(-6.22525536555E-02,35.010411888344));
#3709 = CARTESIAN_POINT('',(-0.124548717687,35.011786183782));
#3710 = CARTESIAN_POINT('',(-0.186625004262,35.012434600666));
#3711 = CARTESIAN_POINT('',(-0.248289686842,35.012350647582));
#3712 = CARTESIAN_POINT('',(-0.309391646945,35.011539290347));
#3713 = CARTESIAN_POINT('',(-0.369801302669,35.010014801549));
#3714 = CARTESIAN_POINT('',(-0.464534174995,35.006498448455));
#3715 = CARTESIAN_POINT('',(-0.499395560159,35.004955042692));
#3716 = CARTESIAN_POINT('',(-0.533974102944,35.00317671982));
#3717 = CARTESIAN_POINT('',(-0.5682616117,35.001168626432));
#3718 = CARTESIAN_POINT('',(-0.602254719866,34.99893634551));
#3719 = CARTESIAN_POINT('',(-0.635954231179,34.996485677262));
#3720 = CARTESIAN_POINT('',(-0.809501098428,34.982651593777));
#3721 = CARTESIAN_POINT('',(-0.944008340946,34.967783954239));
#3722 = CARTESIAN_POINT('',(-1.074238016959,34.949622254218));
#3723 = CARTESIAN_POINT('',(-1.201034560604,34.928526920263));
#3724 = CARTESIAN_POINT('',(-1.325318350696,34.904940635074));
#3725 = CARTESIAN_POINT('',(-1.448047617896,34.879274068856));
#3726 = CARTESIAN_POINT('',(-1.570796326795,34.851863171244));
#3727 = ( GEOMETRIC_REPRESENTATION_CONTEXT(2) 
PARAMETRIC_REPRESENTATION_CONTEXT() REPRESENTATION_CONTEXT('2D SPACE',''
  ) );
#3728 = ORIENTED_EDGE('',*,*,#3729,.F.);
#3729 = EDGE_CURVE('',#3730,#3651,#3732,.T.);
#3730 = VERTEX_POINT('',#3731);
#3731 = CARTESIAN_POINT('',(180.,10.95426091415,-10.24715413296));
#3732 = SURFACE_CURVE('',#3733,(#3738,#3745),.PCURVE_S1.);
#3733 = CIRCLE('',#3734,15.);
#3734 = AXIS2_PLACEMENT_3D('',#3735,#3736,#3737);
#3735 = CARTESIAN_POINT('',(180.,0.,0.));
#3736 = DIRECTION('',(1.,0.,0.));
#3737 = DIRECTION('',(-0.,0.,1.));
#3738 = PCURVE('',#3078,#3739);
#3739 = DEFINITIONAL_REPRESENTATION('',(#3740),#3744);
#3740 = LINE('',#3741,#3742);
#3741 = CARTESIAN_POINT('',(-0.,-45.));
#3742 = VECTOR('',#3743,1.);
#3743 = DIRECTION('',(-1.,-0.));
#3744 = ( GEOMETRIC_REPRESENTATION_CONTEXT(2) 
PARAMETRIC_REPRESENTATION_CONTEXT() REPRESENTATION_CONTEXT('2D SPACE',''
  ) );
#3745 = PCURVE('',#3090,#3746);
#3746 = DEFINITIONAL_REPRESENTATION('',(#3747),#3751);
#3747 = CIRCLE('',#3748,15.);
#3748 = AXIS2_PLACEMENT_2D('',#3749,#3750);
#3749 = CARTESIAN_POINT('',(0.,0.));
#3750 = DIRECTION('',(1.,0.));
#3751 = ( GEOMETRIC_REPRESENTATION_CONTEXT(2) 
PARAMETRIC_REPRESENTATION_CONTEXT() REPRESENTATION_CONTEXT('2D SPACE',''
  ) );
#3752 = ORIENTED_EDGE('',*,*,#3753,.F.);
#3753 = EDGE_CURVE('',#3754,#3730,#3756,.T.);
#3754 = VERTEX_POINT('',#3755);
#3755 = CARTESIAN_POINT('',(179.,11.772010445735,-9.650690102175));
#3756 = SURFACE_CURVE('',#3757,(#3778,#3802),.PCURVE_S1.);
#3757 = B_SPLINE_CURVE_WITH_KNOTS('',7,(#3758,#3759,#3760,#3761,#3762,
    #3763,#3764,#3765,#3766,#3767,#3768,#3769,#3770,#3771,#3772,#3773,
    #3774,#3775,#3776,#3777),.UNSPECIFIED.,.F.,.F.,(8,6,6,8),(0.,
    0.609659804503,0.754727007427,1.),.UNSPECIFIED.);
#3758 = CARTESIAN_POINT('',(179.,11.772010445735,-9.650690102175));
#3759 = CARTESIAN_POINT('',(179.12294830347,11.752596497504,
    -9.631276153944));
#3760 = CARTESIAN_POINT('',(179.2458739318,11.72195087061,
    -9.625569876165));
#3761 = CARTESIAN_POINT('',(179.36732537371,11.680315127429,
    -9.633805561215));
#3762 = CARTESIAN_POINT('',(179.4852363183,11.627504623595,
    -9.656751480873));
#3763 = CARTESIAN_POINT('',(179.59673452253,11.563415608108,
    -9.695141106316));
#3764 = CARTESIAN_POINT('',(179.69824429457,11.48815525403,
    -9.749379291755));
#3765 = CARTESIAN_POINT('',(179.80588441363,11.381882809509,
    -9.836126398786));
#3766 = CARTESIAN_POINT('',(179.82573053049,11.360875555363,
    -9.853681383287));
#3767 = CARTESIAN_POINT('',(179.84466638686,11.339305573707,
    -9.872108010484));
#3768 = CARTESIAN_POINT('',(179.862621169,11.317196214813,
    -9.891391118811));
#3769 = CARTESIAN_POINT('',(179.87952190913,11.294577420193,
    -9.911508643115));
#3770 = CARTESIAN_POINT('',(179.89529543547,11.271486705267,
    -9.932430321564));
#3771 = CARTESIAN_POINT('',(179.93451287451,11.208209412323,
    -9.990782236548));
#3772 = CARTESIAN_POINT('',(179.95574218568,11.167210236604,
    -10.02965263221));
#3773 = CARTESIAN_POINT('',(179.97318751139,11.125225069292,
    -10.07051018809));
#3774 = CARTESIAN_POINT('',(179.9865277187,11.082557112135,
    -10.11307157269));
#3775 = CARTESIAN_POINT('',(179.99551301695,11.03956334391,
    -10.15698665586));
#3776 = CARTESIAN_POINT('',(180.,10.9966500589,-10.20183991737));
#3777 = CARTESIAN_POINT('',(180.,10.95426091415,-10.24715413296));
#3778 = PCURVE('',#3078,#3779);
#3779 = DEFINITIONAL_REPRESENTATION('',(#3780),#3801);
#3780 = B_SPLINE_CURVE_WITH_KNOTS('',7,(#3781,#3782,#3783,#3784,#3785,
    #3786,#3787,#3788,#3789,#3790,#3791,#3792,#3793,#3794,#3795,#3796,
    #3797,#3798,#3799,#3800),.UNSPECIFIED.,.F.,.F.,(8,6,6,8),(0.,
    0.609659804503,0.754727007427,1.),.UNSPECIFIED.);
#3781 = CARTESIAN_POINT('',(-4.025691137294,-44.));
#3782 = CARTESIAN_POINT('',(-4.025868868632,-44.12294830347));
#3783 = CARTESIAN_POINT('',(-4.024883159379,-44.2458739318));
#3784 = CARTESIAN_POINT('',(-4.022723397706,-44.36732537371));
#3785 = CARTESIAN_POINT('',(-4.019333935038,-44.4852363183));
#3786 = CARTESIAN_POINT('',(-4.014664013509,-44.59673452253));
#3787 = CARTESIAN_POINT('',(-4.008690818428,-44.69824429457));
#3788 = CARTESIAN_POINT('',(-3.999714022593,-44.80588441363));
#3789 = CARTESIAN_POINT('',(-3.997917803567,-44.82573053049));
#3790 = CARTESIAN_POINT('',(-3.996052049828,-44.84466638686));
#3791 = CARTESIAN_POINT('',(-3.994118551509,-44.862621169));
#3792 = CARTESIAN_POINT('',(-3.992119759124,-44.87952190913));
#3793 = CARTESIAN_POINT('',(-3.990058894818,-44.89529543547));
#3794 = CARTESIAN_POINT('',(-3.984357640735,-44.93451287451));
#3795 = CARTESIAN_POINT('',(-3.980607612134,-44.95574218568));
#3796 = CARTESIAN_POINT('',(-3.976712385058,-44.97318751139));
#3797 = CARTESIAN_POINT('',(-3.972700159104,-44.9865277187));
#3798 = CARTESIAN_POINT('',(-3.968605105063,-44.99551301695));
#3799 = CARTESIAN_POINT('',(-3.964467001095,-45.));
#3800 = CARTESIAN_POINT('',(-3.960330326249,-45.));
#3801 = ( GEOMETRIC_REPRESENTATION_CONTEXT(2) 
PARAMETRIC_REPRESENTATION_CONTEXT() REPRESENTATION_CONTEXT('2D SPACE',''
  ) );
#3802 = PCURVE('',#3803,#3808);
#3803 = CYLINDRICAL_SURFACE('',#3804,1.);
#3804 = AXIS2_PLACEMENT_3D('',#3805,#3806,#3807);
#3805 = CARTESIAN_POINT('',(179.,35.708892449921,-35.00178566873));
#3806 = DIRECTION('',(0.,-0.707106781187,0.707106781187));
#3807 = DIRECTION('',(0.,0.707106781187,0.707106781187));
#3808 = DEFINITIONAL_REPRESENTATION('',(#3809),#3830);
#3809 = B_SPLINE_CURVE_WITH_KNOTS('',7,(#3810,#3811,#3812,#3813,#3814,
    #3815,#3816,#3817,#3818,#3819,#3820,#3821,#3822,#3823,#3824,#3825,
    #3826,#3827,#3828,#3829),.UNSPECIFIED.,.F.,.F.,(8,6,6,8),(0.,
    0.609659804503,0.754727007427,1.),.UNSPECIFIED.);
#3810 = CARTESIAN_POINT('',(0.,34.851863171244));
#3811 = CARTESIAN_POINT('',(-0.122948303475,34.879318640132));
#3812 = CARTESIAN_POINT('',(-0.245873613025,34.905023318435));
#3813 = CARTESIAN_POINT('',(-0.370361657893,34.928640726031));
#3814 = CARTESIAN_POINT('',(-0.497375235453,34.949758176019));
#3815 = CARTESIAN_POINT('',(-0.627838057585,34.967930388992));
#3816 = CARTESIAN_POINT('',(-0.762597786916,34.982795306992));
#3817 = CARTESIAN_POINT('',(-0.936421458701,34.996601805536));
#3818 = CARTESIAN_POINT('',(-0.970121599721,34.999042928813));
#3819 = CARTESIAN_POINT('',(-1.004115193734,35.001265616066));
#3820 = CARTESIAN_POINT('',(-1.038402938247,35.003264077007));
#3821 = CARTESIAN_POINT('',(-1.072981350711,35.005032742209));
#3822 = CARTESIAN_POINT('',(-1.107842109949,35.006566482611));
#3823 = CARTESIAN_POINT('',(-1.202366390613,35.010049250767));
#3824 = CARTESIAN_POINT('',(-1.262560281934,35.011554525574));
#3825 = CARTESIAN_POINT('',(-1.323439839869,35.012351867269));
#3826 = CARTESIAN_POINT('',(-1.384876668,35.012427225442));
#3827 = CARTESIAN_POINT('',(-1.446720478261,35.011775757398));
#3828 = CARTESIAN_POINT('',(-1.508780685969,35.010403986858));
#3829 = CARTESIAN_POINT('',(-1.570796326795,35.008335649435));
#3830 = ( GEOMETRIC_REPRESENTATION_CONTEXT(2) 
PARAMETRIC_REPRESENTATION_CONTEXT() REPRESENTATION_CONTEXT('2D SPACE',''
  ) );
#3831 = ORIENTED_EDGE('',*,*,#3832,.T.);
#3832 = EDGE_CURVE('',#3754,#3833,#3835,.T.);
#3833 = VERTEX_POINT('',#3834);
#3834 = CARTESIAN_POINT('',(137.27050163763,18.349049060022,
    -16.22772871646));
#3835 = SURFACE_CURVE('',#3836,(#3841,#3852),.PCURVE_S1.);
#3836 = HYPERBOLA('',#3837,6.75,1.5);
#3837 = AXIS2_PLACEMENT_3D('',#3838,#3839,#3840);
#3838 = CARTESIAN_POINT('',(247.5,1.06066017178,1.06066017178));
#3839 = DIRECTION('',(-0.,-0.707106781187,-0.707106781187));
#3840 = DIRECTION('',(-1.,0.,0.));
#3841 = PCURVE('',#3078,#3842);
#3842 = DEFINITIONAL_REPRESENTATION('',(#3843),#3851);
#3843 = B_SPLINE_CURVE_WITH_KNOTS('',6,(#3844,#3845,#3846,#3847,#3848,
    #3849,#3850),.UNSPECIFIED.,.F.,.F.,(7,7),(2.993222846126,
    3.48768601452),.PIECEWISE_BEZIER_KNOTS.);
#3844 = CARTESIAN_POINT('',(-4.027158238149,-45.));
#3845 = CARTESIAN_POINT('',(-4.018917185342,-39.46517279253));
#3846 = CARTESIAN_POINT('',(-4.011487026917,-33.38023377783));
#3847 = CARTESIAN_POINT('',(-4.004769032588,-26.67752648457));
#3848 = CARTESIAN_POINT('',(-3.998680007039,-19.27816306319));
#3849 = CARTESIAN_POINT('',(-3.993148971397,-11.08935729233));
#3850 = CARTESIAN_POINT('',(-3.988114844117,-2.));
#3851 = ( GEOMETRIC_REPRESENTATION_CONTEXT(2) 
PARAMETRIC_REPRESENTATION_CONTEXT() REPRESENTATION_CONTEXT('2D SPACE',''
  ) );
#3852 = PCURVE('',#3853,#3858);
#3853 = PLANE('',#3854);
#3854 = AXIS2_PLACEMENT_3D('',#3855,#3856,#3857);
#3855 = CARTESIAN_POINT('',(162.58480056418,23.18763756373,
    -21.06631722017));
#3856 = DIRECTION('',(-0.,-0.707106781187,-0.707106781187));
#3857 = DIRECTION('',(-1.,0.,0.));
#3858 = DEFINITIONAL_REPRESENTATION('',(#3859),#3863);
#3859 = ( BOUNDED_CURVE() B_SPLINE_CURVE(2,(#3860,#3861,#3862),
.UNSPECIFIED.,.F.,.F.) B_SPLINE_CURVE_WITH_KNOTS((3,3),(2.993222846126,
3.48768601452),.PIECEWISE_BEZIER_KNOTS.) CURVE() 
GEOMETRIC_REPRESENTATION_ITEM() RATIONAL_B_SPLINE_CURVE((1.,
1.030717715499,1.)) REPRESENTATION_ITEM('') );
#3860 = CARTESIAN_POINT('',(-17.41519943581,-16.36745996541));
#3861 = CARTESIAN_POINT('',(-1.14095385828,-12.73274169425));
#3862 = CARTESIAN_POINT('',(25.584800564187,-6.782573265166));
#3863 = ( GEOMETRIC_REPRESENTATION_CONTEXT(2) 
PARAMETRIC_REPRESENTATION_CONTEXT() REPRESENTATION_CONTEXT('2D SPACE',''
  ) );
#3864 = ORIENTED_EDGE('',*,*,#3865,.T.);
#3865 = EDGE_CURVE('',#3833,#3866,#3868,.T.);
#3866 = VERTEX_POINT('',#3867);
#3867 = CARTESIAN_POINT('',(136.30378147218,18.162819494053,
    -16.75438659703));
#3868 = SURFACE_CURVE('',#3869,(#3887,#3916),.PCURVE_S1.);
#3869 = B_SPLINE_CURVE_WITH_KNOTS('',6,(#3870,#3871,#3872,#3873,#3874,
    #3875,#3876,#3877,#3878,#3879,#3880,#3881,#3882,#3883,#3884,#3885,
    #3886),.UNSPECIFIED.,.F.,.F.,(7,5,5,7),(0.,1.,3.026381957753,
    3.989954344638),.UNSPECIFIED.);
#3870 = CARTESIAN_POINT('',(137.27050163763,18.349049060022,
    -16.22772871646));
#3871 = CARTESIAN_POINT('',(137.22515449367,18.356188073869,
    -16.23486773031));
#3872 = CARTESIAN_POINT('',(137.1798246904,18.362055540444,
    -16.24343866948));
#3873 = CARTESIAN_POINT('',(137.13457502167,18.366633484984,
    -16.25344044778));
#3874 = CARTESIAN_POINT('',(137.08947207171,18.369896436581,
    -16.26487754167));
#3875 = CARTESIAN_POINT('',(137.04458761231,18.371810958318,
    -16.27775986611));
#3876 = CARTESIAN_POINT('',(136.90964846686,18.37339744551,
    -16.32116660967));
#3877 = CARTESIAN_POINT('',(136.82058715159,18.368749495837,
    -16.35620512571));
#3878 = CARTESIAN_POINT('',(136.73334042366,18.358061751081,
    -16.39736643713));
#3879 = CARTESIAN_POINT('',(136.64879613538,18.340793616029,
    -16.4448802231));
#3880 = CARTESIAN_POINT('',(136.56818892766,18.316326414854,
    -16.49890187528));
#3881 = CARTESIAN_POINT('',(136.45764906868,18.268421203831,
    -16.58838807042));
#3882 = CARTESIAN_POINT('',(136.42333102295,18.251181751303,
    -16.61871010899));
#3883 = CARTESIAN_POINT('',(136.3905144591,18.232063199442,
    -16.65051723346));
#3884 = CARTESIAN_POINT('',(136.35945026984,18.210991771965,
    -16.68378444534));
#3885 = CARTESIAN_POINT('',(136.33043166859,18.187915124039,
    -16.71844686344));
#3886 = CARTESIAN_POINT('',(136.30378147218,18.162819494053,
    -16.75438659703));
#3887 = PCURVE('',#3078,#3888);
#3888 = DEFINITIONAL_REPRESENTATION('',(#3889),#3915);
#3889 = B_SPLINE_CURVE_WITH_KNOTS('',3,(#3890,#3891,#3892,#3893,#3894,
    #3895,#3896,#3897,#3898,#3899,#3900,#3901,#3902,#3903,#3904,#3905,
    #3906,#3907,#3908,#3909,#3910,#3911,#3912,#3913,#3914),
  .UNSPECIFIED.,.F.,.F.,(4,1,1,1,1,1,1,1,1,1,1,1,1,1,1,1,1,1,1,1,1,1,4),
  (0.,0.18136156112,0.36272312224,0.54408468336,0.72544624448,
    0.9068078056,1.08816936672,1.269530927839,1.450892488959,
    1.632254050079,1.813615611199,1.994977172319,2.176338733439,
    2.357700294559,2.539061855679,2.720423416799,2.901784977919,
    3.083146539039,3.264508100159,3.445869661278,3.627231222398,
    3.808592783518,3.989954344638),.QUASI_UNIFORM_KNOTS.);
#3890 = CARTESIAN_POINT('',(-3.988265029394,-2.270501637631));
#3891 = CARTESIAN_POINT('',(-3.988255862384,-2.254053322689));
#3892 = CARTESIAN_POINT('',(-3.988211868623,-2.221161860633));
#3893 = CARTESIAN_POINT('',(-3.988068444555,-2.171887754331));
#3894 = CARTESIAN_POINT('',(-3.987847191081,-2.122723630622));
#3895 = CARTESIAN_POINT('',(-3.987547508446,-2.073718791521));
#3896 = CARTESIAN_POINT('',(-3.987168668787,-2.024924828358));
#3897 = CARTESIAN_POINT('',(-3.986709767508,-1.976394181421));
#3898 = CARTESIAN_POINT('',(-3.986169942237,-1.928198166977));
#3899 = CARTESIAN_POINT('',(-3.985547950797,-1.880387165269));
#3900 = CARTESIAN_POINT('',(-3.984842429418,-1.833023717482));
#3901 = CARTESIAN_POINT('',(-3.984051889706,-1.786177790973));
#3902 = CARTESIAN_POINT('',(-3.983174746194,-1.739928203864));
#3903 = CARTESIAN_POINT('',(-3.982209330166,-1.694362500555));
#3904 = CARTESIAN_POINT('',(-3.981153899416,-1.649577285236));
#3905 = CARTESIAN_POINT('',(-3.980006649626,-1.605678693427));
#3906 = CARTESIAN_POINT('',(-3.978765694968,-1.562782273957));
#3907 = CARTESIAN_POINT('',(-3.977429141736,-1.521015511005));
#3908 = CARTESIAN_POINT('',(-3.975994792185,-1.480510794185));
#3909 = CARTESIAN_POINT('',(-3.97446142608,-1.441440459825));
#3910 = CARTESIAN_POINT('',(-3.972827800378,-1.403982580375));
#3911 = CARTESIAN_POINT('',(-3.971093175248,-1.36833532825));
#3912 = CARTESIAN_POINT('',(-3.969257472022,-1.334715764375));
#3913 = CARTESIAN_POINT('',(-3.967967051291,-1.313814891302));
#3914 = CARTESIAN_POINT('',(-3.967305319467,-1.303781472189));
#3915 = ( GEOMETRIC_REPRESENTATION_CONTEXT(2) 
PARAMETRIC_REPRESENTATION_CONTEXT() REPRESENTATION_CONTEXT('2D SPACE',''
  ) );
#3916 = PCURVE('',#3917,#3922);
#3917 = CYLINDRICAL_SURFACE('',#3918,1.);
#3918 = AXIS2_PLACEMENT_3D('',#3919,#3920,#3921);
#3919 = CARTESIAN_POINT('',(135.7273936525,16.48533163123,
    -15.77822485004));
#3920 = DIRECTION('',(0.686220426896,0.514344984281,-0.514344984281));
#3921 = DIRECTION('',(-0.727393652509,0.485231117247,-0.485231117247));
#3922 = DEFINITIONAL_REPRESENTATION('',(#3923),#3949);
#3923 = B_SPLINE_CURVE_WITH_KNOTS('',3,(#3924,#3925,#3926,#3927,#3928,
    #3929,#3930,#3931,#3932,#3933,#3934,#3935,#3936,#3937,#3938,#3939,
    #3940,#3941,#3942,#3943,#3944,#3945,#3946,#3947,#3948),
  .UNSPECIFIED.,.F.,.F.,(4,1,1,1,1,1,1,1,1,1,1,1,1,1,1,1,1,1,1,1,1,1,4),
  (0.,0.18136156112,0.36272312224,0.54408468336,0.72544624448,
    0.9068078056,1.08816936672,1.269530927839,1.450892488959,
    1.632254050079,1.813615611199,1.994977172319,2.176338733439,
    2.357700294559,2.539061855679,2.720423416799,2.901784977919,
    3.083146539039,3.264508100159,3.445869661278,3.627231222398,
    3.808592783518,3.989954344638),.QUASI_UNIFORM_KNOTS.);
#3924 = CARTESIAN_POINT('',(1.570796326795,2.248705991021));
#3925 = CARTESIAN_POINT('',(1.556318838496,2.240082562415));
#3926 = CARTESIAN_POINT('',(1.527342352886,2.222866521564));
#3927 = CARTESIAN_POINT('',(1.48377095391,2.197159864901));
#3928 = CARTESIAN_POINT('',(1.440050814823,2.171595273474));
#3929 = CARTESIAN_POINT('',(1.396139607199,2.146198440117));
#3930 = CARTESIAN_POINT('',(1.35199465352,2.120996085473));
#3931 = CARTESIAN_POINT('',(1.307570644741,2.096015202159));
#3932 = CARTESIAN_POINT('',(1.26283580059,2.071292274197));
#3933 = CARTESIAN_POINT('',(1.217734426251,2.046852810269));
#3934 = CARTESIAN_POINT('',(1.172215932523,2.022728407312));
#3935 = CARTESIAN_POINT('',(1.126229885434,1.998954242472));
#3936 = CARTESIAN_POINT('',(1.079726518405,1.975569761834));
#3937 = CARTESIAN_POINT('',(1.032655802216,1.952618568919));
#3938 = CARTESIAN_POINT('',(0.98496679825,1.930148555239));
#3939 = CARTESIAN_POINT('',(0.936607064373,1.908212100734));
#3940 = CARTESIAN_POINT('',(0.887521072296,1.886865990517));
#3941 = CARTESIAN_POINT('',(0.837651795829,1.866172634418));
#3942 = CARTESIAN_POINT('',(0.786929649522,1.846196596893));
#3943 = CARTESIAN_POINT('',(0.735315406067,1.827021814322));
#3944 = CARTESIAN_POINT('',(0.682759712755,1.80873459812));
#3945 = CARTESIAN_POINT('',(0.629219400705,1.791430646347));
#3946 = CARTESIAN_POINT('',(0.574660509293,1.77521446953));
#3947 = CARTESIAN_POINT('',(0.537595183606,1.765205672466));
#3948 = CARTESIAN_POINT('',(0.518885278146,1.760420462527));
#3949 = ( GEOMETRIC_REPRESENTATION_CONTEXT(2) 
PARAMETRIC_REPRESENTATION_CONTEXT() REPRESENTATION_CONTEXT('2D SPACE',''
  ) );
#3950 = ORIENTED_EDGE('',*,*,#3951,.F.);
#3951 = EDGE_CURVE('',#3952,#3866,#3954,.T.);
#3952 = VERTEX_POINT('',#3953);
#3953 = CARTESIAN_POINT('',(136.16797227237,17.844120794122,
    -17.13701401293));
#3954 = SURFACE_CURVE('',#3955,(#3970,#3988),.PCURVE_S1.);
#3955 = B_SPLINE_CURVE_WITH_KNOTS('',5,(#3956,#3957,#3958,#3959,#3960,
    #3961,#3962,#3963,#3964,#3965,#3966,#3967,#3968,#3969),
  .UNSPECIFIED.,.F.,.F.,(6,4,4,6),(0.,3.962862503565E-02,0.524010413113,
    1.),.UNSPECIFIED.);
#3956 = CARTESIAN_POINT('',(136.16797227237,17.844120794122,
    -17.13701401293));
#3957 = CARTESIAN_POINT('',(136.16791177259,17.84707345512,
    -17.13395892883));
#3958 = CARTESIAN_POINT('',(136.16787542683,17.85002196366,
    -17.13089910275));
#3959 = CARTESIAN_POINT('',(136.16786324309,17.852966116308,
    -17.12783474328));
#3960 = CARTESIAN_POINT('',(136.16787522299,17.855905710985,
    -17.12476606036));
#3961 = CARTESIAN_POINT('',(136.16835308687,17.894713128937,
    -17.0841344057));
#3962 = CARTESIAN_POINT('',(136.17240433842,17.929878263525,
    -17.04595749727));
#3963 = CARTESIAN_POINT('',(136.18005701201,17.963957439966,
    -17.00756045581));
#3964 = CARTESIAN_POINT('',(136.19115383992,17.996639886685,
    -16.96933563903));
#3965 = CARTESIAN_POINT('',(136.21947998123,18.058205265844,
    -16.89459018045));
#3966 = CARTESIAN_POINT('',(136.23660106931,18.087147037617,
    -16.85804801328));
#3967 = CARTESIAN_POINT('',(136.25656728404,18.11430417786,
    -16.82233349187));
#3968 = CARTESIAN_POINT('',(136.27906990032,18.139549404231,
    -16.78771195405));
#3969 = CARTESIAN_POINT('',(136.30378147218,18.162819494053,
    -16.75438659703));
#3970 = PCURVE('',#3078,#3971);
#3971 = DEFINITIONAL_REPRESENTATION('',(#3972),#3987);
#3972 = B_SPLINE_CURVE_WITH_KNOTS('',5,(#3973,#3974,#3975,#3976,#3977,
    #3978,#3979,#3980,#3981,#3982,#3983,#3984,#3985,#3986),
  .UNSPECIFIED.,.F.,.F.,(6,4,4,6),(0.,3.962862503565E-02,0.524010413113,
    1.),.UNSPECIFIED.);
#3973 = CARTESIAN_POINT('',(-3.947202010818,-1.167972272376));
#3974 = CARTESIAN_POINT('',(-3.947373742263,-1.167911772599));
#3975 = CARTESIAN_POINT('',(-3.947545495459,-1.167875426831));
#3976 = CARTESIAN_POINT('',(-3.947717258824,-1.167863243092));
#3977 = CARTESIAN_POINT('',(-3.947889020779,-1.167875222999));
#3978 = CARTESIAN_POINT('',(-3.950160062068,-1.168353086874));
#3979 = CARTESIAN_POINT('',(-3.952257618518,-1.172404338429));
#3980 = CARTESIAN_POINT('',(-3.954331602894,-1.180057012018));
#3981 = CARTESIAN_POINT('',(-3.956362223485,-1.191153839921));
#3982 = CARTESIAN_POINT('',(-3.9602693295,-1.219479981236));
#3983 = CARTESIAN_POINT('',(-3.962148056327,-1.236601069315));
#3984 = CARTESIAN_POINT('',(-3.963953849952,-1.256567284042));
#3985 = CARTESIAN_POINT('',(-3.965675508414,-1.279069900326));
#3986 = CARTESIAN_POINT('',(-3.967305319467,-1.303781472189));
#3987 = ( GEOMETRIC_REPRESENTATION_CONTEXT(2) 
PARAMETRIC_REPRESENTATION_CONTEXT() REPRESENTATION_CONTEXT('2D SPACE',''
  ) );
#3988 = PCURVE('',#3989,#3994);
#3989 = SPHERICAL_SURFACE('',#3990,1.);
#3990 = AXIS2_PLACEMENT_3D('',#3991,#3992,#3993);
#3991 = CARTESIAN_POINT('',(136.93543013382,17.390795066358,
    -16.68368828517));
#3992 = DIRECTION('',(0.,-0.707106781187,-0.707106781187));
#3993 = DIRECTION('',(-0.216930457819,-0.690268489963,0.690268489963));
#3994 = DEFINITIONAL_REPRESENTATION('',(#3995),#4010);
#3995 = B_SPLINE_CURVE_WITH_KNOTS('',5,(#3996,#3997,#3998,#3999,#4000,
    #4001,#4002,#4003,#4004,#4005,#4006,#4007,#4008,#4009),
  .UNSPECIFIED.,.F.,.F.,(6,4,4,6),(0.,3.962862503565E-02,0.524010413113,
    1.),.UNSPECIFIED.);
#3996 = CARTESIAN_POINT('',(2.048057302664,7.105427357601E-15));
#3997 = CARTESIAN_POINT('',(2.047962933869,-4.248117302132E-03));
#3998 = CARTESIAN_POINT('',(2.047879223411,-8.496651439038E-03));
#3999 = CARTESIAN_POINT('',(2.047806168581,-1.274547085184E-02));
#4000 = CARTESIAN_POINT('',(2.047743768842,-1.69944439998E-02));
#4001 = CARTESIAN_POINT('',(2.047059569683,-7.317902805177E-02));
#4002 = CARTESIAN_POINT('',(2.048019297757,-0.125122886986));
#4003 = CARTESIAN_POINT('',(2.050574343128,-0.176818660804));
#4004 = CARTESIAN_POINT('',(2.054775086953,-0.228054679086));
#4005 = CARTESIAN_POINT('',(2.066588442784,-0.328307112611));
#4006 = CARTESIAN_POINT('',(2.074141148168,-0.377351264113));
#4007 = CARTESIAN_POINT('',(2.083499599486,-0.425567326558));
#4008 = CARTESIAN_POINT('',(2.094835381715,-0.472800190056));
#4009 = CARTESIAN_POINT('',(2.108407562811,-0.518885278146));
#4010 = ( GEOMETRIC_REPRESENTATION_CONTEXT(2) 
PARAMETRIC_REPRESENTATION_CONTEXT() REPRESENTATION_CONTEXT('2D SPACE',''
  ) );
#4011 = ORIENTED_EDGE('',*,*,#4012,.T.);
#4012 = EDGE_CURVE('',#3952,#4013,#4015,.T.);
#4013 = VERTEX_POINT('',#4014);
#4014 = CARTESIAN_POINT('',(136.16797227237,17.137014012936,
    -17.84412079412));
#4015 = SURFACE_CURVE('',#4016,(#4022,#4031),.PCURVE_S1.);
#4016 = B_SPLINE_CURVE_WITH_KNOTS('',4,(#4017,#4018,#4019,#4020,#4021),
  .UNSPECIFIED.,.F.,.F.,(5,5),(0.,1.),.PIECEWISE_BEZIER_KNOTS.);
#4017 = CARTESIAN_POINT('',(136.16797226383,17.844121211153,
    -17.13701358143));
#4018 = CARTESIAN_POINT('',(136.17153194838,17.670392817102,
    -17.31676834416));
#4019 = CARTESIAN_POINT('',(136.17276504559,17.494580304158,
    -17.49457749295));
#4020 = CARTESIAN_POINT('',(136.17153193531,17.316767684407,
    -17.67039345474));
#4021 = CARTESIAN_POINT('',(136.16797226383,17.137013581439,
    -17.84412121115));
#4022 = PCURVE('',#3078,#4023);
#4023 = DEFINITIONAL_REPRESENTATION('',(#4024),#4030);
#4024 = B_SPLINE_CURVE_WITH_KNOTS('',4,(#4025,#4026,#4027,#4028,#4029),
  .UNSPECIFIED.,.F.,.F.,(5,5),(0.,1.),.PIECEWISE_BEZIER_KNOTS.);
#4025 = CARTESIAN_POINT('',(-3.947202035073,-1.167972263831));
#4026 = CARTESIAN_POINT('',(-3.937097715985,-1.171531948381));
#4027 = CARTESIAN_POINT('',(-3.926990899247,-1.172765045599));
#4028 = CARTESIAN_POINT('',(-3.916883880904,-1.171531935316));
#4029 = CARTESIAN_POINT('',(-3.906779598902,-1.167972263831));
#4030 = ( GEOMETRIC_REPRESENTATION_CONTEXT(2) 
PARAMETRIC_REPRESENTATION_CONTEXT() REPRESENTATION_CONTEXT('2D SPACE',''
  ) );
#4031 = PCURVE('',#4032,#4037);
#4032 = CYLINDRICAL_SURFACE('',#4033,1.);
#4033 = AXIS2_PLACEMENT_3D('',#4034,#4035,#4036);
#4034 = CARTESIAN_POINT('',(136.93543013382,15.976581503985,
    -18.09790184754));
#4035 = DIRECTION('',(0.,0.707106781187,0.707106781187));
#4036 = DIRECTION('',(-0.727393652509,0.485231117247,-0.485231117247));
#4037 = DEFINITIONAL_REPRESENTATION('',(#4038),#4044);
#4038 = B_SPLINE_CURVE_WITH_KNOTS('',4,(#4039,#4040,#4041,#4042,#4043),
  .UNSPECIFIED.,.F.,.F.,(5,5),(0.,1.),.PIECEWISE_BEZIER_KNOTS.);
#4039 = CARTESIAN_POINT('',(6.03502734762E-02,2.000000599999));
#4040 = CARTESIAN_POINT('',(5.479780431259E-02,1.750050262805));
#4041 = CARTESIAN_POINT('',(5.292367352509E-02,1.500001987822));
#4042 = CARTESIAN_POINT('',(5.479782469203E-02,1.249948819792));
#4043 = CARTESIAN_POINT('',(6.035027347624E-02,0.9999994));
#4044 = ( GEOMETRIC_REPRESENTATION_CONTEXT(2) 
PARAMETRIC_REPRESENTATION_CONTEXT() REPRESENTATION_CONTEXT('2D SPACE',''
  ) );
#4045 = ORIENTED_EDGE('',*,*,#4046,.F.);
#4046 = EDGE_CURVE('',#4047,#4013,#4049,.T.);
#4047 = VERTEX_POINT('',#4048);
#4048 = CARTESIAN_POINT('',(136.30378147218,16.754386597037,
    -18.16281949405));
#4049 = SURFACE_CURVE('',#4050,(#4065,#4083),.PCURVE_S1.);
#4050 = B_SPLINE_CURVE_WITH_KNOTS('',5,(#4051,#4052,#4053,#4054,#4055,
    #4056,#4057,#4058,#4059,#4060,#4061,#4062,#4063,#4064),
  .UNSPECIFIED.,.F.,.F.,(6,4,4,6),(0.,0.508657397655,0.960677998452,1.),
  .UNSPECIFIED.);
#4051 = CARTESIAN_POINT('',(136.30378147219,16.754386597036,
    -18.16281949405));
#4052 = CARTESIAN_POINT('',(136.27737389556,16.789999140171,
    -18.13795233127));
#4053 = CARTESIAN_POINT('',(136.2534887623,16.827092100956,
    -18.11082945269));
#4054 = CARTESIAN_POINT('',(136.23252569009,16.865417417219,
    -18.08152810105));
#4055 = CARTESIAN_POINT('',(136.21486039649,16.904645611741,
    -18.05020921381));
#4056 = CARTESIAN_POINT('',(136.18824604995,16.97967544418,
    -17.98776569272));
#4057 = CARTESIAN_POINT('',(136.17854456268,17.015374676889,
    -17.95700575956));
#4058 = CARTESIAN_POINT('',(136.17186069001,17.051177343482,
    -17.92506650497));
#4059 = CARTESIAN_POINT('',(136.16831366617,17.086763923408,
    -17.89220472908));
#4060 = CARTESIAN_POINT('',(136.16787486098,17.124861012034,
    -17.85581475046));
#4061 = CARTESIAN_POINT('',(136.16786353017,17.127905857047,
    -17.85289779058));
#4062 = CARTESIAN_POINT('',(136.16787599059,17.130946442051,
    -17.84997634605));
#4063 = CARTESIAN_POINT('',(136.1679122406,17.133982561946,
    -17.84705061431));
#4064 = CARTESIAN_POINT('',(136.16797227237,17.137014012936,
    -17.84412079412));
#4065 = PCURVE('',#3078,#4066);
#4066 = DEFINITIONAL_REPRESENTATION('',(#4067),#4082);
#4067 = B_SPLINE_CURVE_WITH_KNOTS('',5,(#4068,#4069,#4070,#4071,#4072,
    #4073,#4074,#4075,#4076,#4077,#4078,#4079,#4080,#4081),
  .UNSPECIFIED.,.F.,.F.,(6,4,4,6),(0.,0.508657397655,0.960677998452,1.),
  .UNSPECIFIED.);
#4068 = CARTESIAN_POINT('',(-3.886676314508,-1.303781472191));
#4069 = CARTESIAN_POINT('',(-3.888417982763,-1.277373895565));
#4070 = CARTESIAN_POINT('',(-3.890264549262,-1.253488762302));
#4071 = CARTESIAN_POINT('',(-3.892206596548,-1.232525690095));
#4072 = CARTESIAN_POINT('',(-3.894230142817,-1.214860396491));
#4073 = CARTESIAN_POINT('',(-3.898169613524,-1.188246049958));
#4074 = CARTESIAN_POINT('',(-3.900072558512,-1.178544562689));
#4075 = CARTESIAN_POINT('',(-3.902010913933,-1.171860690014));
#4076 = CARTESIAN_POINT('',(-3.903968459025,-1.168313666171));
#4077 = CARTESIAN_POINT('',(-3.906097927969,-1.167874860985));
#4078 = CARTESIAN_POINT('',(-3.90626836126,-1.167863530178));
#4079 = CARTESIAN_POINT('',(-3.906438795765,-1.167875990593));
#4080 = CARTESIAN_POINT('',(-3.906609220169,-1.167912240605));
#4081 = CARTESIAN_POINT('',(-3.906779623157,-1.167972272376));
#4082 = ( GEOMETRIC_REPRESENTATION_CONTEXT(2) 
PARAMETRIC_REPRESENTATION_CONTEXT() REPRESENTATION_CONTEXT('2D SPACE',''
  ) );
#4083 = PCURVE('',#4084,#4089);
#4084 = SPHERICAL_SURFACE('',#4085,1.);
#4085 = AXIS2_PLACEMENT_3D('',#4086,#4087,#4088);
#4086 = CARTESIAN_POINT('',(136.93543013382,16.683688285171,
    -17.39079506635));
#4087 = DIRECTION('',(0.,0.707106781187,0.707106781187));
#4088 = DIRECTION('',(-0.216930457819,-0.690268489963,0.690268489963));
#4089 = DEFINITIONAL_REPRESENTATION('',(#4090),#4105);
#4090 = B_SPLINE_CURVE_WITH_KNOTS('',5,(#4091,#4092,#4093,#4094,#4095,
    #4096,#4097,#4098,#4099,#4100,#4101,#4102,#4103,#4104),
  .UNSPECIFIED.,.F.,.F.,(6,4,4,6),(0.,0.508657397655,0.960677998452,1.),
  .UNSPECIFIED.);
#4091 = CARTESIAN_POINT('',(-2.108407562812,-0.518885278147));
#4092 = CARTESIAN_POINT('',(-2.093903895694,-0.469637277989));
#4093 = CARTESIAN_POINT('',(-2.081954047931,-0.419078205507));
#4094 = CARTESIAN_POINT('',(-2.072242007721,-0.367409284038));
#4095 = CARTESIAN_POINT('',(-2.064565733237,-0.314819138591));
#4096 = CARTESIAN_POINT('',(-2.053683270961,-0.214188714694));
#4097 = CARTESIAN_POINT('',(-2.050074238081,-0.166290669656));
#4098 = CARTESIAN_POINT('',(-2.04789263846,-0.118017848861));
#4099 = CARTESIAN_POINT('',(-2.047100069032,-6.954498349157E-02));
#4100 = CARTESIAN_POINT('',(-2.047745703482,-1.686296950906E-02));
#4101 = CARTESIAN_POINT('',(-2.047807865877,-1.264686856463E-02));
#4102 = CARTESIAN_POINT('',(-2.047880519161,-8.430920982832E-03));
#4103 = CARTESIAN_POINT('',(-2.047963663874,-4.215255278368E-03));
#4104 = CARTESIAN_POINT('',(-2.048057302664,0.));
#4105 = ( GEOMETRIC_REPRESENTATION_CONTEXT(2) 
PARAMETRIC_REPRESENTATION_CONTEXT() REPRESENTATION_CONTEXT('2D SPACE',''
  ) );
#4106 = ORIENTED_EDGE('',*,*,#4107,.T.);
#4107 = EDGE_CURVE('',#4047,#4108,#4110,.T.);
#4108 = VERTEX_POINT('',#4109);
#4109 = CARTESIAN_POINT('',(137.27050163763,16.227728716463,
    -18.34904906002));
#4110 = SURFACE_CURVE('',#4111,(#4129,#4158),.PCURVE_S1.);
#4111 = B_SPLINE_CURVE_WITH_KNOTS('',6,(#4112,#4113,#4114,#4115,#4116,
    #4117,#4118,#4119,#4120,#4121,#4122,#4123,#4124,#4125,#4126,#4127,
    #4128),.UNSPECIFIED.,.F.,.F.,(7,5,5,7),(2.535500775715E-06,
    0.322271651574,1.,1.334452419413),.UNSPECIFIED.);
#4112 = CARTESIAN_POINT('',(136.30378147218,16.754386597037,
    -18.16281949405));
#4113 = CARTESIAN_POINT('',(136.33043166859,16.718446863444,
    -18.18791512403));
#4114 = CARTESIAN_POINT('',(136.35945026984,16.683784445345,
    -18.21099177196));
#4115 = CARTESIAN_POINT('',(136.3905144591,16.65051723346,
    -18.23206319944));
#4116 = CARTESIAN_POINT('',(136.42333102295,16.618710108993,
    -18.2511817513));
#4117 = CARTESIAN_POINT('',(136.45764906868,16.588388070422,
    -18.26842120383));
#4118 = CARTESIAN_POINT('',(136.56818892766,16.498901875281,
    -18.31632641485));
#4119 = CARTESIAN_POINT('',(136.64879613538,16.444880223106,
    -18.34079361602));
#4120 = CARTESIAN_POINT('',(136.73334042366,16.397366437139,
    -18.35806175108));
#4121 = CARTESIAN_POINT('',(136.82058715159,16.356205125715,
    -18.36874949583));
#4122 = CARTESIAN_POINT('',(136.90964846686,16.321166609674,
    -18.37339744551));
#4123 = CARTESIAN_POINT('',(137.04458761231,16.277759866119,
    -18.37181095831));
#4124 = CARTESIAN_POINT('',(137.08947207171,16.264877541671,
    -18.36989643658));
#4125 = CARTESIAN_POINT('',(137.13457502167,16.25344044778,
    -18.36663348498));
#4126 = CARTESIAN_POINT('',(137.1798246904,16.243438669484,
    -18.36205554044));
#4127 = CARTESIAN_POINT('',(137.22515449367,16.23486773031,
    -18.35618807386));
#4128 = CARTESIAN_POINT('',(137.27050163763,16.227728716463,
    -18.34904906002));
#4129 = PCURVE('',#3078,#4130);
#4130 = DEFINITIONAL_REPRESENTATION('',(#4131),#4157);
#4131 = B_SPLINE_CURVE_WITH_KNOTS('',3,(#4132,#4133,#4134,#4135,#4136,
    #4137,#4138,#4139,#4140,#4141,#4142,#4143,#4144,#4145,#4146,#4147,
    #4148,#4149,#4150,#4151,#4152,#4153,#4154,#4155,#4156),
  .UNSPECIFIED.,.F.,.F.,(4,1,1,1,1,1,1,1,1,1,1,1,1,1,1,1,1,1,1,1,1,1,4),
  (2.535500775715E-06,6.065934840589E-02,0.121316161311,0.181972974216,
    0.242629787121,0.303286600026,0.363943412931,0.424600225837,
    0.485257038742,0.545913851647,0.606570664552,0.667227477457,
    0.727884290362,0.788541103267,0.849197916172,0.909854729077,
    0.970511541983,1.031168354888,1.091825167793,1.152481980698,
    1.213138793603,1.273795606508,1.334452419413),
  .QUASI_UNIFORM_KNOTS.);
#4132 = CARTESIAN_POINT('',(-3.886676314508,-1.303781472189));
#4133 = CARTESIAN_POINT('',(-3.886014582683,-1.313814891302));
#4134 = CARTESIAN_POINT('',(-3.884724161953,-1.334715764375));
#4135 = CARTESIAN_POINT('',(-3.882888458726,-1.368335328251));
#4136 = CARTESIAN_POINT('',(-3.881153833597,-1.403982580375));
#4137 = CARTESIAN_POINT('',(-3.879520207895,-1.441440459825));
#4138 = CARTESIAN_POINT('',(-3.877986841789,-1.480510794185));
#4139 = CARTESIAN_POINT('',(-3.876552492238,-1.521015511005));
#4140 = CARTESIAN_POINT('',(-3.875215939006,-1.562782273957));
#4141 = CARTESIAN_POINT('',(-3.873974984348,-1.605678693427));
#4142 = CARTESIAN_POINT('',(-3.872827734558,-1.649577285236));
#4143 = CARTESIAN_POINT('',(-3.871772303809,-1.694362500555));
#4144 = CARTESIAN_POINT('',(-3.87080688778,-1.739928203864));
#4145 = CARTESIAN_POINT('',(-3.869929744268,-1.786177790973));
#4146 = CARTESIAN_POINT('',(-3.869139204556,-1.833023717482));
#4147 = CARTESIAN_POINT('',(-3.868433683177,-1.880387165269));
#4148 = CARTESIAN_POINT('',(-3.867811691738,-1.928198166977));
#4149 = CARTESIAN_POINT('',(-3.867271866466,-1.976394181421));
#4150 = CARTESIAN_POINT('',(-3.866812965188,-2.024924828358));
#4151 = CARTESIAN_POINT('',(-3.866434125528,-2.073718791521));
#4152 = CARTESIAN_POINT('',(-3.866134442894,-2.122723630622));
#4153 = CARTESIAN_POINT('',(-3.86591318942,-2.171887754331));
#4154 = CARTESIAN_POINT('',(-3.865769765352,-2.221161860633));
#4155 = CARTESIAN_POINT('',(-3.86572577159,-2.254053322689));
#4156 = CARTESIAN_POINT('',(-3.865716604581,-2.270501637631));
#4157 = ( GEOMETRIC_REPRESENTATION_CONTEXT(2) 
PARAMETRIC_REPRESENTATION_CONTEXT() REPRESENTATION_CONTEXT('2D SPACE',''
  ) );
#4158 = PCURVE('',#4159,#4164);
#4159 = CYLINDRICAL_SURFACE('',#4160,1.);
#4160 = AXIS2_PLACEMENT_3D('',#4161,#4162,#4163);
#4161 = CARTESIAN_POINT('',(135.7273936525,15.778224850044,
    -16.48533163123));
#4162 = DIRECTION('',(0.686220426896,0.514344984281,-0.514344984281));
#4163 = DIRECTION('',(-0.727393652509,0.485231117247,-0.485231117247));
#4164 = DEFINITIONAL_REPRESENTATION('',(#4165),#4191);
#4165 = B_SPLINE_CURVE_WITH_KNOTS('',3,(#4166,#4167,#4168,#4169,#4170,
    #4171,#4172,#4173,#4174,#4175,#4176,#4177,#4178,#4179,#4180,#4181,
    #4182,#4183,#4184,#4185,#4186,#4187,#4188,#4189,#4190),
  .UNSPECIFIED.,.F.,.F.,(4,1,1,1,1,1,1,1,1,1,1,1,1,1,1,1,1,1,1,1,1,1,4),
  (2.535500775715E-06,6.065934840589E-02,0.121316161311,0.181972974216,
    0.242629787121,0.303286600026,0.363943412931,0.424600225837,
    0.485257038742,0.545913851647,0.606570664552,0.667227477457,
    0.727884290362,0.788541103267,0.849197916172,0.909854729077,
    0.970511541983,1.031168354888,1.091825167793,1.152481980698,
    1.213138793603,1.273795606508,1.334452419413),
  .QUASI_UNIFORM_KNOTS.);
#4166 = CARTESIAN_POINT('',(-0.518885278146,1.760420462527));
#4167 = CARTESIAN_POINT('',(-0.537595183606,1.765205672466));
#4168 = CARTESIAN_POINT('',(-0.574660509293,1.77521446953));
#4169 = CARTESIAN_POINT('',(-0.629219400705,1.791430646347));
#4170 = CARTESIAN_POINT('',(-0.682759712755,1.808734598119));
#4171 = CARTESIAN_POINT('',(-0.735315406067,1.827021814322));
#4172 = CARTESIAN_POINT('',(-0.786929649522,1.846196596893));
#4173 = CARTESIAN_POINT('',(-0.837651795828,1.866172634418));
#4174 = CARTESIAN_POINT('',(-0.887521072296,1.886865990517));
#4175 = CARTESIAN_POINT('',(-0.936607064373,1.908212100734));
#4176 = CARTESIAN_POINT('',(-0.98496679825,1.930148555239));
#4177 = CARTESIAN_POINT('',(-1.032655802216,1.952618568919));
#4178 = CARTESIAN_POINT('',(-1.079726518405,1.975569761834));
#4179 = CARTESIAN_POINT('',(-1.126229885434,1.998954242472));
#4180 = CARTESIAN_POINT('',(-1.172215932523,2.022728407312));
#4181 = CARTESIAN_POINT('',(-1.217734426251,2.046852810269));
#4182 = CARTESIAN_POINT('',(-1.26283580059,2.071292274197));
#4183 = CARTESIAN_POINT('',(-1.307570644741,2.096015202159));
#4184 = CARTESIAN_POINT('',(-1.35199465352,2.120996085473));
#4185 = CARTESIAN_POINT('',(-1.396139607199,2.146198440117));
#4186 = CARTESIAN_POINT('',(-1.440050814823,2.171595273474));
#4187 = CARTESIAN_POINT('',(-1.48377095391,2.197159864901));
#4188 = CARTESIAN_POINT('',(-1.527342352886,2.222866521564));
#4189 = CARTESIAN_POINT('',(-1.556318838497,2.240082562415));
#4190 = CARTESIAN_POINT('',(-1.570796326795,2.248705991021));
#4191 = ( GEOMETRIC_REPRESENTATION_CONTEXT(2) 
PARAMETRIC_REPRESENTATION_CONTEXT() REPRESENTATION_CONTEXT('2D SPACE',''
  ) );
#4192 = ORIENTED_EDGE('',*,*,#4193,.F.);
#4193 = EDGE_CURVE('',#4194,#4108,#4196,.T.);
#4194 = VERTEX_POINT('',#4195);
#4195 = CARTESIAN_POINT('',(179.,9.650690102175,-11.77201044573));
#4196 = SURFACE_CURVE('',#4197,(#4202,#4213),.PCURVE_S1.);
#4197 = HYPERBOLA('',#4198,6.75,1.5);
#4198 = AXIS2_PLACEMENT_3D('',#4199,#4200,#4201);
#4199 = CARTESIAN_POINT('',(247.5,-1.06066017178,-1.06066017178));
#4200 = DIRECTION('',(-0.,-0.707106781187,-0.707106781187));
#4201 = DIRECTION('',(-1.,0.,0.));
#4202 = PCURVE('',#3078,#4203);
#4203 = DEFINITIONAL_REPRESENTATION('',(#4204),#4212);
#4204 = B_SPLINE_CURVE_WITH_KNOTS('',6,(#4205,#4206,#4207,#4208,#4209,
    #4210,#4211),.UNSPECIFIED.,.F.,.F.,(7,7),(2.993222846126,
    3.48768601452),.PIECEWISE_BEZIER_KNOTS.);
#4205 = CARTESIAN_POINT('',(-3.826823395826,-45.));
#4206 = CARTESIAN_POINT('',(-3.835064448632,-39.46517279253));
#4207 = CARTESIAN_POINT('',(-3.842494607058,-33.38023377783));
#4208 = CARTESIAN_POINT('',(-3.849212601386,-26.67752648457));
#4209 = CARTESIAN_POINT('',(-3.855301626936,-19.27816306319));
#4210 = CARTESIAN_POINT('',(-3.860832662577,-11.08935729233));
#4211 = CARTESIAN_POINT('',(-3.865866789857,-2.));
#4212 = ( GEOMETRIC_REPRESENTATION_CONTEXT(2) 
PARAMETRIC_REPRESENTATION_CONTEXT() REPRESENTATION_CONTEXT('2D SPACE',''
  ) );
#4213 = PCURVE('',#4214,#4219);
#4214 = PLANE('',#4215);
#4215 = AXIS2_PLACEMENT_3D('',#4216,#4217,#4218);
#4216 = CARTESIAN_POINT('',(162.58480056418,21.06631722017,
    -23.18763756373));
#4217 = DIRECTION('',(-0.,-0.707106781187,-0.707106781187));
#4218 = DIRECTION('',(-1.,0.,0.));
#4219 = DEFINITIONAL_REPRESENTATION('',(#4220),#4224);
#4220 = ( BOUNDED_CURVE() B_SPLINE_CURVE(2,(#4221,#4222,#4223),
.UNSPECIFIED.,.F.,.F.) B_SPLINE_CURVE_WITH_KNOTS((3,3),(2.993222846126,
3.48768601452),.PIECEWISE_BEZIER_KNOTS.) CURVE() 
GEOMETRIC_REPRESENTATION_ITEM() RATIONAL_B_SPLINE_CURVE((1.,
1.030717715499,1.)) REPRESENTATION_ITEM('') );
#4221 = CARTESIAN_POINT('',(-17.41519943581,-16.36745996541));
#4222 = CARTESIAN_POINT('',(-1.14095385828,-12.73274169425));
#4223 = CARTESIAN_POINT('',(25.584800564187,-6.782573265166));
#4224 = ( GEOMETRIC_REPRESENTATION_CONTEXT(2) 
PARAMETRIC_REPRESENTATION_CONTEXT() REPRESENTATION_CONTEXT('2D SPACE',''
  ) );
#4225 = ORIENTED_EDGE('',*,*,#4226,.F.);
#4226 = EDGE_CURVE('',#4227,#4194,#4229,.T.);
#4227 = VERTEX_POINT('',#4228);
#4228 = CARTESIAN_POINT('',(180.,10.247154132964,-10.95426091415));
#4229 = SURFACE_CURVE('',#4230,(#4251,#4275),.PCURVE_S1.);
#4230 = B_SPLINE_CURVE_WITH_KNOTS('',7,(#4231,#4232,#4233,#4234,#4235,
    #4236,#4237,#4238,#4239,#4240,#4241,#4242,#4243,#4244,#4245,#4246,
    #4247,#4248,#4249,#4250),.UNSPECIFIED.,.F.,.F.,(8,6,6,8),(0.,
    0.246203817813,0.391320275475,1.),.UNSPECIFIED.);
#4231 = CARTESIAN_POINT('',(180.,10.247154132964,-10.95426091415));
#4232 = CARTESIAN_POINT('',(180.,10.201666807516,-10.99681199437));
#4233 = CARTESIAN_POINT('',(179.99547866359,10.156644909954,
    -11.03989034468));
#4234 = CARTESIAN_POINT('',(179.98642489501,10.112570782909,
    -11.08304747178));
#4235 = CARTESIAN_POINT('',(179.97298442322,10.069863817299,
    -11.12587316498));
#4236 = CARTESIAN_POINT('',(179.95541046154,10.028877260633,
    -11.16800715405));
#4237 = CARTESIAN_POINT('',(179.93402835304,9.98989700593,
    -11.20914336149));
#4238 = CARTESIAN_POINT('',(179.89458834529,9.931478587381,
    -11.27253465427));
#4239 = CARTESIAN_POINT('',(179.87876535254,9.910581007087,
    -11.29561493993));
#4240 = CARTESIAN_POINT('',(179.8618167739,9.890489158611,
    -11.31822171673));
#4241 = CARTESIAN_POINT('',(179.8438158551,9.871233106774,
    -11.34031764147));
#4242 = CARTESIAN_POINT('',(179.82483559538,9.852834737586,
    -11.36187293261));
#4243 = CARTESIAN_POINT('',(179.80494680554,9.835309052835,
    -11.38286438564));
#4244 = CARTESIAN_POINT('',(179.69726310636,9.74885522534,
    -11.48888256162));
#4245 = CARTESIAN_POINT('',(179.59583645226,9.694832716493,
    -11.56393108794));
#4246 = CARTESIAN_POINT('',(179.4844777909,9.656604382785,
    -11.62784394413));
#4247 = CARTESIAN_POINT('',(179.36674018789,9.633765969331,
    -11.68051566497));
#4248 = CARTESIAN_POINT('',(179.24547830581,9.625587887979,
    -11.72204979072));
#4249 = CARTESIAN_POINT('',(179.12274870889,9.631307670595,
    -11.75262801415));
#4250 = CARTESIAN_POINT('',(179.,9.650690102175,-11.77201044573));
#4251 = PCURVE('',#3078,#4252);
#4252 = DEFINITIONAL_REPRESENTATION('',(#4253),#4274);
#4253 = B_SPLINE_CURVE_WITH_KNOTS('',7,(#4254,#4255,#4256,#4257,#4258,
    #4259,#4260,#4261,#4262,#4263,#4264,#4265,#4266,#4267,#4268,#4269,
    #4270,#4271,#4272,#4273),.UNSPECIFIED.,.F.,.F.,(8,6,6,8),(0.,
    0.246203817813,0.391320275475,1.),.UNSPECIFIED.);
#4254 = CARTESIAN_POINT('',(-3.893651307726,-45.));
#4255 = CARTESIAN_POINT('',(-3.889498829909,-45.));
#4256 = CARTESIAN_POINT('',(-3.88534499823,-44.99547866359));
#4257 = CARTESIAN_POINT('',(-3.881234773194,-44.98642489501));
#4258 = CARTESIAN_POINT('',(-3.877208311493,-44.97298442322));
#4259 = CARTESIAN_POINT('',(-3.87330009417,-44.95541046154));
#4260 = CARTESIAN_POINT('',(-3.86953858049,-44.93402835304));
#4261 = CARTESIAN_POINT('',(-3.863829091657,-44.89458834529));
#4262 = CARTESIAN_POINT('',(-3.861769933716,-44.87876535254));
#4263 = CARTESIAN_POINT('',(-3.85977299931,-44.8618167739));
#4264 = CARTESIAN_POINT('',(-3.857841492446,-44.8438158551));
#4265 = CARTESIAN_POINT('',(-3.855977846949,-44.82483559538));
#4266 = CARTESIAN_POINT('',(-3.854183837901,-44.80494680554));
#4267 = CARTESIAN_POINT('',(-3.845233095816,-44.69726310636));
#4268 = CARTESIAN_POINT('',(-3.839280079899,-44.59583645226));
#4269 = CARTESIAN_POINT('',(-3.83462593838,-44.4844777909));
#4270 = CARTESIAN_POINT('',(-3.831247837304,-44.36674018789));
#4271 = CARTESIAN_POINT('',(-3.829095272157,-44.24547830581));
#4272 = CARTESIAN_POINT('',(-3.828113053872,-44.12274870889));
#4273 = CARTESIAN_POINT('',(-3.82829049668,-44.));
#4274 = ( GEOMETRIC_REPRESENTATION_CONTEXT(2) 
PARAMETRIC_REPRESENTATION_CONTEXT() REPRESENTATION_CONTEXT('2D SPACE',''
  ) );
#4275 = PCURVE('',#4276,#4281);
#4276 = CYLINDRICAL_SURFACE('',#4277,1.);
#4277 = AXIS2_PLACEMENT_3D('',#4278,#4279,#4280);
#4278 = CARTESIAN_POINT('',(179.,35.001785668734,-35.70889244992));
#4279 = DIRECTION('',(0.,-0.707106781187,0.707106781187));
#4280 = DIRECTION('',(1.,0.,0.));
#4281 = DEFINITIONAL_REPRESENTATION('',(#4282),#4303);
#4282 = B_SPLINE_CURVE_WITH_KNOTS('',7,(#4283,#4284,#4285,#4286,#4287,
    #4288,#4289,#4290,#4291,#4292,#4293,#4294,#4295,#4296,#4297,#4298,
    #4299,#4300,#4301,#4302),.UNSPECIFIED.,.F.,.F.,(8,6,6,8),(0.,
    0.246203817813,0.391320275475,1.),.UNSPECIFIED.);
#4283 = CARTESIAN_POINT('',(-8.881784197001E-16,35.008335649435));
#4284 = CARTESIAN_POINT('',(-6.225255365553E-02,35.010411888344));
#4285 = CARTESIAN_POINT('',(-0.124548717687,35.011786183782));
#4286 = CARTESIAN_POINT('',(-0.186625004262,35.012434600666));
#4287 = CARTESIAN_POINT('',(-0.248289686842,35.012350647582));
#4288 = CARTESIAN_POINT('',(-0.309391646945,35.011539290347));
#4289 = CARTESIAN_POINT('',(-0.369801302669,35.010014801549));
#4290 = CARTESIAN_POINT('',(-0.464534174995,35.006498448455));
#4291 = CARTESIAN_POINT('',(-0.499395560159,35.004955042692));
#4292 = CARTESIAN_POINT('',(-0.533974102944,35.00317671982));
#4293 = CARTESIAN_POINT('',(-0.5682616117,35.001168626432));
#4294 = CARTESIAN_POINT('',(-0.602254719866,34.99893634551));
#4295 = CARTESIAN_POINT('',(-0.635954231179,34.996485677262));
#4296 = CARTESIAN_POINT('',(-0.809501098428,34.982651593777));
#4297 = CARTESIAN_POINT('',(-0.944008340946,34.967783954239));
#4298 = CARTESIAN_POINT('',(-1.07423801696,34.949622254218));
#4299 = CARTESIAN_POINT('',(-1.201034560604,34.928526920263));
#4300 = CARTESIAN_POINT('',(-1.325318350696,34.904940635074));
#4301 = CARTESIAN_POINT('',(-1.448047617896,34.879274068856));
#4302 = CARTESIAN_POINT('',(-1.570796326795,34.851863171244));
#4303 = ( GEOMETRIC_REPRESENTATION_CONTEXT(2) 
PARAMETRIC_REPRESENTATION_CONTEXT() REPRESENTATION_CONTEXT('2D SPACE',''
  ) );
#4304 = ORIENTED_EDGE('',*,*,#4305,.F.);
#4305 = EDGE_CURVE('',#4306,#4227,#4308,.T.);
#4306 = VERTEX_POINT('',#4307);
#4307 = CARTESIAN_POINT('',(180.,-10.24715413296,-10.95426091415));
#4308 = SURFACE_CURVE('',#4309,(#4314,#4321),.PCURVE_S1.);
#4309 = CIRCLE('',#4310,15.);
#4310 = AXIS2_PLACEMENT_3D('',#4311,#4312,#4313);
#4311 = CARTESIAN_POINT('',(180.,0.,0.));
#4312 = DIRECTION('',(1.,0.,0.));
#4313 = DIRECTION('',(-0.,0.,1.));
#4314 = PCURVE('',#3078,#4315);
#4315 = DEFINITIONAL_REPRESENTATION('',(#4316),#4320);
#4316 = LINE('',#4317,#4318);
#4317 = CARTESIAN_POINT('',(-0.,-45.));
#4318 = VECTOR('',#4319,1.);
#4319 = DIRECTION('',(-1.,-0.));
#4320 = ( GEOMETRIC_REPRESENTATION_CONTEXT(2) 
PARAMETRIC_REPRESENTATION_CONTEXT() REPRESENTATION_CONTEXT('2D SPACE',''
  ) );
#4321 = PCURVE('',#3090,#4322);
#4322 = DEFINITIONAL_REPRESENTATION('',(#4323),#4327);
#4323 = CIRCLE('',#4324,15.);
#4324 = AXIS2_PLACEMENT_2D('',#4325,#4326);
#4325 = CARTESIAN_POINT('',(0.,0.));
#4326 = DIRECTION('',(1.,0.));
#4327 = ( GEOMETRIC_REPRESENTATION_CONTEXT(2) 
PARAMETRIC_REPRESENTATION_CONTEXT() REPRESENTATION_CONTEXT('2D SPACE',''
  ) );
#4328 = ORIENTED_EDGE('',*,*,#4329,.F.);
#4329 = EDGE_CURVE('',#4330,#4306,#4332,.T.);
#4330 = VERTEX_POINT('',#4331);
#4331 = CARTESIAN_POINT('',(179.,-9.650690102175,-11.77201044573));
#4332 = SURFACE_CURVE('',#4333,(#4354,#4378),.PCURVE_S1.);
#4333 = B_SPLINE_CURVE_WITH_KNOTS('',7,(#4334,#4335,#4336,#4337,#4338,
    #4339,#4340,#4341,#4342,#4343,#4344,#4345,#4346,#4347,#4348,#4349,
    #4350,#4351,#4352,#4353),.UNSPECIFIED.,.F.,.F.,(8,6,6,8),(0.,
    0.609659804503,0.754727007427,1.),.UNSPECIFIED.);
#4334 = CARTESIAN_POINT('',(179.,-9.650690102175,-11.77201044573));
#4335 = CARTESIAN_POINT('',(179.12294830347,-9.631276153944,
    -11.7525964975));
#4336 = CARTESIAN_POINT('',(179.2458739318,-9.625569876165,
    -11.72195087061));
#4337 = CARTESIAN_POINT('',(179.36732537371,-9.633805561215,
    -11.68031512742));
#4338 = CARTESIAN_POINT('',(179.4852363183,-9.656751480873,
    -11.62750462359));
#4339 = CARTESIAN_POINT('',(179.59673452253,-9.695141106316,
    -11.5634156081));
#4340 = CARTESIAN_POINT('',(179.69824429457,-9.749379291755,
    -11.48815525403));
#4341 = CARTESIAN_POINT('',(179.80588441363,-9.836126398786,
    -11.3818828095));
#4342 = CARTESIAN_POINT('',(179.82573053049,-9.853681383287,
    -11.36087555536));
#4343 = CARTESIAN_POINT('',(179.84466638686,-9.872108010484,
    -11.3393055737));
#4344 = CARTESIAN_POINT('',(179.862621169,-9.891391118811,
    -11.31719621481));
#4345 = CARTESIAN_POINT('',(179.87952190913,-9.911508643115,
    -11.29457742019));
#4346 = CARTESIAN_POINT('',(179.89529543547,-9.932430321564,
    -11.27148670526));
#4347 = CARTESIAN_POINT('',(179.93451287451,-9.990782236548,
    -11.20820941232));
#4348 = CARTESIAN_POINT('',(179.95574218568,-10.02965263221,
    -11.1672102366));
#4349 = CARTESIAN_POINT('',(179.97318751139,-10.07051018809,
    -11.12522506929));
#4350 = CARTESIAN_POINT('',(179.9865277187,-10.11307157269,
    -11.08255711213));
#4351 = CARTESIAN_POINT('',(179.99551301695,-10.15698665586,
    -11.03956334391));
#4352 = CARTESIAN_POINT('',(180.,-10.20183991737,-10.9966500589));
#4353 = CARTESIAN_POINT('',(180.,-10.24715413296,-10.95426091415));
#4354 = PCURVE('',#3078,#4355);
#4355 = DEFINITIONAL_REPRESENTATION('',(#4356),#4377);
#4356 = B_SPLINE_CURVE_WITH_KNOTS('',7,(#4357,#4358,#4359,#4360,#4361,
    #4362,#4363,#4364,#4365,#4366,#4367,#4368,#4369,#4370,#4371,#4372,
    #4373,#4374,#4375,#4376),.UNSPECIFIED.,.F.,.F.,(8,6,6,8),(0.,
    0.609659804503,0.754727007427,1.),.UNSPECIFIED.);
#4357 = CARTESIAN_POINT('',(-2.4548948105,-44.));
#4358 = CARTESIAN_POINT('',(-2.455072541837,-44.12294830347));
#4359 = CARTESIAN_POINT('',(-2.454086832584,-44.2458739318));
#4360 = CARTESIAN_POINT('',(-2.451927070911,-44.36732537371));
#4361 = CARTESIAN_POINT('',(-2.448537608243,-44.4852363183));
#4362 = CARTESIAN_POINT('',(-2.443867686714,-44.59673452253));
#4363 = CARTESIAN_POINT('',(-2.437894491633,-44.69824429457));
#4364 = CARTESIAN_POINT('',(-2.428917695798,-44.80588441363));
#4365 = CARTESIAN_POINT('',(-2.427121476772,-44.82573053049));
#4366 = CARTESIAN_POINT('',(-2.425255723033,-44.84466638686));
#4367 = CARTESIAN_POINT('',(-2.423322224714,-44.862621169));
#4368 = CARTESIAN_POINT('',(-2.421323432329,-44.87952190913));
#4369 = CARTESIAN_POINT('',(-2.419262568023,-44.89529543547));
#4370 = CARTESIAN_POINT('',(-2.41356131394,-44.93451287451));
#4371 = CARTESIAN_POINT('',(-2.409811285339,-44.95574218568));
#4372 = CARTESIAN_POINT('',(-2.405916058263,-44.97318751139));
#4373 = CARTESIAN_POINT('',(-2.401903832309,-44.9865277187));
#4374 = CARTESIAN_POINT('',(-2.397808778268,-44.99551301695));
#4375 = CARTESIAN_POINT('',(-2.3936706743,-45.));
#4376 = CARTESIAN_POINT('',(-2.389533999454,-45.));
#4377 = ( GEOMETRIC_REPRESENTATION_CONTEXT(2) 
PARAMETRIC_REPRESENTATION_CONTEXT() REPRESENTATION_CONTEXT('2D SPACE',''
  ) );
#4378 = PCURVE('',#4379,#4384);
#4379 = CYLINDRICAL_SURFACE('',#4380,1.);
#4380 = AXIS2_PLACEMENT_3D('',#4381,#4382,#4383);
#4381 = CARTESIAN_POINT('',(179.,-35.00178566873,-35.70889244992));
#4382 = DIRECTION('',(0.,0.707106781187,0.707106781187));
#4383 = DIRECTION('',(0.,0.707106781187,-0.707106781187));
#4384 = DEFINITIONAL_REPRESENTATION('',(#4385),#4406);
#4385 = B_SPLINE_CURVE_WITH_KNOTS('',7,(#4386,#4387,#4388,#4389,#4390,
    #4391,#4392,#4393,#4394,#4395,#4396,#4397,#4398,#4399,#4400,#4401,
    #4402,#4403,#4404,#4405),.UNSPECIFIED.,.F.,.F.,(8,6,6,8),(0.,
    0.609659804503,0.754727007427,1.),.UNSPECIFIED.);
#4386 = CARTESIAN_POINT('',(0.,34.851863171244));
#4387 = CARTESIAN_POINT('',(-0.122948303475,34.879318640132));
#4388 = CARTESIAN_POINT('',(-0.245873613025,34.905023318435));
#4389 = CARTESIAN_POINT('',(-0.370361657894,34.928640726031));
#4390 = CARTESIAN_POINT('',(-0.497375235453,34.949758176019));
#4391 = CARTESIAN_POINT('',(-0.627838057585,34.967930388992));
#4392 = CARTESIAN_POINT('',(-0.762597786916,34.982795306992));
#4393 = CARTESIAN_POINT('',(-0.936421458701,34.996601805536));
#4394 = CARTESIAN_POINT('',(-0.970121599721,34.999042928813));
#4395 = CARTESIAN_POINT('',(-1.004115193734,35.001265616066));
#4396 = CARTESIAN_POINT('',(-1.038402938247,35.003264077007));
#4397 = CARTESIAN_POINT('',(-1.072981350711,35.005032742209));
#4398 = CARTESIAN_POINT('',(-1.107842109949,35.006566482611));
#4399 = CARTESIAN_POINT('',(-1.202366390613,35.010049250767));
#4400 = CARTESIAN_POINT('',(-1.262560281933,35.011554525574));
#4401 = CARTESIAN_POINT('',(-1.323439839869,35.012351867269));
#4402 = CARTESIAN_POINT('',(-1.384876668,35.012427225442));
#4403 = CARTESIAN_POINT('',(-1.446720478261,35.011775757398));
#4404 = CARTESIAN_POINT('',(-1.508780685969,35.010403986858));
#4405 = CARTESIAN_POINT('',(-1.570796326795,35.008335649435));
#4406 = ( GEOMETRIC_REPRESENTATION_CONTEXT(2) 
PARAMETRIC_REPRESENTATION_CONTEXT() REPRESENTATION_CONTEXT('2D SPACE',''
  ) );
#4407 = ORIENTED_EDGE('',*,*,#4408,.T.);
#4408 = EDGE_CURVE('',#4330,#4409,#4411,.T.);
#4409 = VERTEX_POINT('',#4410);
#4410 = CARTESIAN_POINT('',(137.27050163763,-16.22772871646,
    -18.34904906002));
#4411 = SURFACE_CURVE('',#4412,(#4417,#4428),.PCURVE_S1.);
#4412 = HYPERBOLA('',#4413,6.75,1.5);
#4413 = AXIS2_PLACEMENT_3D('',#4414,#4415,#4416);
#4414 = CARTESIAN_POINT('',(247.5,1.06066017178,-1.06066017178));
#4415 = DIRECTION('',(-0.,-0.707106781187,0.707106781187));
#4416 = DIRECTION('',(-1.,0.,-0.));
#4417 = PCURVE('',#3078,#4418);
#4418 = DEFINITIONAL_REPRESENTATION('',(#4419),#4427);
#4419 = B_SPLINE_CURVE_WITH_KNOTS('',6,(#4420,#4421,#4422,#4423,#4424,
    #4425,#4426),.UNSPECIFIED.,.F.,.F.,(7,7),(2.993222846126,
    3.48768601452),.PIECEWISE_BEZIER_KNOTS.);
#4420 = CARTESIAN_POINT('',(-2.456361911354,-45.));
#4421 = CARTESIAN_POINT('',(-2.448120858547,-39.46517279253));
#4422 = CARTESIAN_POINT('',(-2.440690700122,-33.38023377783));
#4423 = CARTESIAN_POINT('',(-2.433972705793,-26.67752648457));
#4424 = CARTESIAN_POINT('',(-2.427883680244,-19.27816306319));
#4425 = CARTESIAN_POINT('',(-2.422352644602,-11.08935729233));
#4426 = CARTESIAN_POINT('',(-2.417318517322,-2.));
#4427 = ( GEOMETRIC_REPRESENTATION_CONTEXT(2) 
PARAMETRIC_REPRESENTATION_CONTEXT() REPRESENTATION_CONTEXT('2D SPACE',''
  ) );
#4428 = PCURVE('',#4429,#4434);
#4429 = PLANE('',#4430);
#4430 = AXIS2_PLACEMENT_3D('',#4431,#4432,#4433);
#4431 = CARTESIAN_POINT('',(162.58480056418,-21.06631722017,
    -23.18763756373));
#4432 = DIRECTION('',(-0.,-0.707106781187,0.707106781187));
#4433 = DIRECTION('',(-1.,0.,-0.));
#4434 = DEFINITIONAL_REPRESENTATION('',(#4435),#4439);
#4435 = ( BOUNDED_CURVE() B_SPLINE_CURVE(2,(#4436,#4437,#4438),
.UNSPECIFIED.,.F.,.F.) B_SPLINE_CURVE_WITH_KNOTS((3,3),(2.993222846126,
3.48768601452),.PIECEWISE_BEZIER_KNOTS.) CURVE() 
GEOMETRIC_REPRESENTATION_ITEM() RATIONAL_B_SPLINE_CURVE((1.,
1.030717715499,1.)) REPRESENTATION_ITEM('') );
#4436 = CARTESIAN_POINT('',(-17.41519943581,-16.36745996541));
#4437 = CARTESIAN_POINT('',(-1.14095385828,-12.73274169425));
#4438 = CARTESIAN_POINT('',(25.584800564187,-6.782573265166));
#4439 = ( GEOMETRIC_REPRESENTATION_CONTEXT(2) 
PARAMETRIC_REPRESENTATION_CONTEXT() REPRESENTATION_CONTEXT('2D SPACE',''
  ) );
#4440 = ORIENTED_EDGE('',*,*,#4441,.T.);
#4441 = EDGE_CURVE('',#4409,#4442,#4444,.T.);
#4442 = VERTEX_POINT('',#4443);
#4443 = CARTESIAN_POINT('',(136.30378147218,-16.75438659703,
    -18.16281949405));
#4444 = SURFACE_CURVE('',#4445,(#4463,#4492),.PCURVE_S1.);
#4445 = B_SPLINE_CURVE_WITH_KNOTS('',6,(#4446,#4447,#4448,#4449,#4450,
    #4451,#4452,#4453,#4454,#4455,#4456,#4457,#4458,#4459,#4460,#4461,
    #4462),.UNSPECIFIED.,.F.,.F.,(7,5,5,7),(0.,1.,3.02638195775,
    3.989954344633),.UNSPECIFIED.);
#4446 = CARTESIAN_POINT('',(137.27050163763,-16.22772871646,
    -18.34904906002));
#4447 = CARTESIAN_POINT('',(137.22515449367,-16.23486773031,
    -18.35618807386));
#4448 = CARTESIAN_POINT('',(137.1798246904,-16.24343866948,
    -18.36205554044));
#4449 = CARTESIAN_POINT('',(137.13457502167,-16.25344044778,
    -18.36663348498));
#4450 = CARTESIAN_POINT('',(137.08947207171,-16.26487754167,
    -18.36989643658));
#4451 = CARTESIAN_POINT('',(137.04458761231,-16.27775986611,
    -18.37181095831));
#4452 = CARTESIAN_POINT('',(136.90964846686,-16.32116660967,
    -18.37339744551));
#4453 = CARTESIAN_POINT('',(136.82058715158,-16.35620512571,
    -18.36874949583));
#4454 = CARTESIAN_POINT('',(136.73334042366,-16.39736643713,
    -18.35806175108));
#4455 = CARTESIAN_POINT('',(136.64879613538,-16.4448802231,
    -18.34079361602));
#4456 = CARTESIAN_POINT('',(136.56818892766,-16.49890187528,
    -18.31632641485));
#4457 = CARTESIAN_POINT('',(136.45764906868,-16.58838807042,
    -18.26842120383));
#4458 = CARTESIAN_POINT('',(136.42333102295,-16.61871010899,
    -18.2511817513));
#4459 = CARTESIAN_POINT('',(136.3905144591,-16.65051723346,
    -18.23206319944));
#4460 = CARTESIAN_POINT('',(136.35945026984,-16.68378444534,
    -18.21099177196));
#4461 = CARTESIAN_POINT('',(136.33043166859,-16.71844686344,
    -18.18791512403));
#4462 = CARTESIAN_POINT('',(136.30378147218,-16.75438659703,
    -18.16281949405));
#4463 = PCURVE('',#3078,#4464);
#4464 = DEFINITIONAL_REPRESENTATION('',(#4465),#4491);
#4465 = B_SPLINE_CURVE_WITH_KNOTS('',3,(#4466,#4467,#4468,#4469,#4470,
    #4471,#4472,#4473,#4474,#4475,#4476,#4477,#4478,#4479,#4480,#4481,
    #4482,#4483,#4484,#4485,#4486,#4487,#4488,#4489,#4490),
  .UNSPECIFIED.,.F.,.F.,(4,1,1,1,1,1,1,1,1,1,1,1,1,1,1,1,1,1,1,1,1,1,4),
  (0.,0.18136156112,0.362723122239,0.544084683359,0.725446244479,
    0.906807805598,1.088169366718,1.269530927838,1.450892488958,
    1.632254050077,1.813615611197,1.994977172317,2.176338733436,
    2.357700294556,2.539061855676,2.720423416795,2.901784977915,
    3.083146539035,3.264508100155,3.445869661274,3.627231222394,
    3.808592783514,3.989954344633),.QUASI_UNIFORM_KNOTS.);
#4466 = CARTESIAN_POINT('',(-2.417468702599,-2.270501637631));
#4467 = CARTESIAN_POINT('',(-2.417459535589,-2.254053322689));
#4468 = CARTESIAN_POINT('',(-2.417415541828,-2.221161860633));
#4469 = CARTESIAN_POINT('',(-2.41727211776,-2.171887754331));
#4470 = CARTESIAN_POINT('',(-2.417050864286,-2.122723630622));
#4471 = CARTESIAN_POINT('',(-2.416751181651,-2.073718791521));
#4472 = CARTESIAN_POINT('',(-2.416372341992,-2.024924828358));
#4473 = CARTESIAN_POINT('',(-2.415913440713,-1.976394181421));
#4474 = CARTESIAN_POINT('',(-2.415373615442,-1.928198166977));
#4475 = CARTESIAN_POINT('',(-2.414751624002,-1.880387165269));
#4476 = CARTESIAN_POINT('',(-2.414046102623,-1.833023717483));
#4477 = CARTESIAN_POINT('',(-2.413255562912,-1.786177790973));
#4478 = CARTESIAN_POINT('',(-2.412378419399,-1.739928203864));
#4479 = CARTESIAN_POINT('',(-2.411413003371,-1.694362500555));
#4480 = CARTESIAN_POINT('',(-2.410357572621,-1.649577285236));
#4481 = CARTESIAN_POINT('',(-2.409210322831,-1.605678693427));
#4482 = CARTESIAN_POINT('',(-2.407969368174,-1.562782273957));
#4483 = CARTESIAN_POINT('',(-2.406632814941,-1.521015511005));
#4484 = CARTESIAN_POINT('',(-2.40519846539,-1.480510794185));
#4485 = CARTESIAN_POINT('',(-2.403665099285,-1.441440459825));
#4486 = CARTESIAN_POINT('',(-2.402031473583,-1.403982580375));
#4487 = CARTESIAN_POINT('',(-2.400296848453,-1.368335328251));
#4488 = CARTESIAN_POINT('',(-2.398461145227,-1.334715764375));
#4489 = CARTESIAN_POINT('',(-2.397170724496,-1.313814891302));
#4490 = CARTESIAN_POINT('',(-2.396508992672,-1.303781472189));
#4491 = ( GEOMETRIC_REPRESENTATION_CONTEXT(2) 
PARAMETRIC_REPRESENTATION_CONTEXT() REPRESENTATION_CONTEXT('2D SPACE',''
  ) );
#4492 = PCURVE('',#4493,#4498);
#4493 = CYLINDRICAL_SURFACE('',#4494,1.);
#4494 = AXIS2_PLACEMENT_3D('',#4495,#4496,#4497);
#4495 = CARTESIAN_POINT('',(135.7273936525,-15.77822485004,
    -16.48533163123));
#4496 = DIRECTION('',(0.686220426896,-0.514344984281,-0.514344984281));
#4497 = DIRECTION('',(-0.727393652509,-0.485231117247,-0.485231117247));
#4498 = DEFINITIONAL_REPRESENTATION('',(#4499),#4525);
#4499 = B_SPLINE_CURVE_WITH_KNOTS('',3,(#4500,#4501,#4502,#4503,#4504,
    #4505,#4506,#4507,#4508,#4509,#4510,#4511,#4512,#4513,#4514,#4515,
    #4516,#4517,#4518,#4519,#4520,#4521,#4522,#4523,#4524),
  .UNSPECIFIED.,.F.,.F.,(4,1,1,1,1,1,1,1,1,1,1,1,1,1,1,1,1,1,1,1,1,1,4),
  (0.,0.18136156112,0.362723122239,0.544084683359,0.725446244479,
    0.906807805598,1.088169366718,1.269530927838,1.450892488958,
    1.632254050077,1.813615611197,1.994977172317,2.176338733436,
    2.357700294556,2.539061855676,2.720423416795,2.901784977915,
    3.083146539035,3.264508100155,3.445869661274,3.627231222394,
    3.808592783514,3.989954344633),.QUASI_UNIFORM_KNOTS.);
#4500 = CARTESIAN_POINT('',(1.570796326795,2.248705991021));
#4501 = CARTESIAN_POINT('',(1.556318838496,2.240082562415));
#4502 = CARTESIAN_POINT('',(1.527342352886,2.222866521564));
#4503 = CARTESIAN_POINT('',(1.48377095391,2.197159864901));
#4504 = CARTESIAN_POINT('',(1.440050814823,2.171595273474));
#4505 = CARTESIAN_POINT('',(1.396139607199,2.146198440116));
#4506 = CARTESIAN_POINT('',(1.35199465352,2.120996085473));
#4507 = CARTESIAN_POINT('',(1.307570644741,2.096015202159));
#4508 = CARTESIAN_POINT('',(1.262835800591,2.071292274197));
#4509 = CARTESIAN_POINT('',(1.217734426251,2.046852810269));
#4510 = CARTESIAN_POINT('',(1.172215932524,2.022728407312));
#4511 = CARTESIAN_POINT('',(1.126229885434,1.998954242472));
#4512 = CARTESIAN_POINT('',(1.079726518405,1.975569761834));
#4513 = CARTESIAN_POINT('',(1.032655802216,1.952618568919));
#4514 = CARTESIAN_POINT('',(0.98496679825,1.930148555239));
#4515 = CARTESIAN_POINT('',(0.936607064373,1.908212100735));
#4516 = CARTESIAN_POINT('',(0.887521072296,1.886865990517));
#4517 = CARTESIAN_POINT('',(0.837651795829,1.866172634418));
#4518 = CARTESIAN_POINT('',(0.786929649522,1.846196596893));
#4519 = CARTESIAN_POINT('',(0.735315406067,1.827021814322));
#4520 = CARTESIAN_POINT('',(0.682759712755,1.80873459812));
#4521 = CARTESIAN_POINT('',(0.629219400705,1.791430646347));
#4522 = CARTESIAN_POINT('',(0.574660509293,1.77521446953));
#4523 = CARTESIAN_POINT('',(0.537595183606,1.765205672466));
#4524 = CARTESIAN_POINT('',(0.518885278147,1.760420462527));
#4525 = ( GEOMETRIC_REPRESENTATION_CONTEXT(2) 
PARAMETRIC_REPRESENTATION_CONTEXT() REPRESENTATION_CONTEXT('2D SPACE',''
  ) );
#4526 = ORIENTED_EDGE('',*,*,#4527,.F.);
#4527 = EDGE_CURVE('',#4528,#4442,#4530,.T.);
#4528 = VERTEX_POINT('',#4529);
#4529 = CARTESIAN_POINT('',(136.16797227237,-17.13701401293,
    -17.84412079412));
#4530 = SURFACE_CURVE('',#4531,(#4546,#4564),.PCURVE_S1.);
#4531 = B_SPLINE_CURVE_WITH_KNOTS('',5,(#4532,#4533,#4534,#4535,#4536,
    #4537,#4538,#4539,#4540,#4541,#4542,#4543,#4544,#4545),
  .UNSPECIFIED.,.F.,.F.,(6,4,4,6),(0.,3.810443325659E-02,0.524010299081,
    1.),.UNSPECIFIED.);
#4532 = CARTESIAN_POINT('',(136.16797227237,-17.13701401293,
    -17.84412079412));
#4533 = CARTESIAN_POINT('',(136.16791409953,-17.13407643333,-17.84695989
    ));
#4534 = CARTESIAN_POINT('',(136.16787825841,-17.13113446952,
    -17.84979514671));
#4535 = CARTESIAN_POINT('',(136.16786475614,-17.12818830691,
    -17.85262638339));
#4536 = CARTESIAN_POINT('',(136.16787359438,-17.12523813211,
    -17.85545342034));
#4537 = CARTESIAN_POINT('',(136.16830231042,-17.08461487936,
    -17.89427048438));
#4538 = CARTESIAN_POINT('',(136.17233220334,-17.04631997906,
    -17.92955650436));
#4539 = CARTESIAN_POINT('',(136.17998720014,-17.0078010356,
    -17.96375173274));
#4540 = CARTESIAN_POINT('',(136.19110889069,-16.96945424856,
    -17.99654219191));
#4541 = CARTESIAN_POINT('',(136.21947998123,-16.89459018045,
    -18.05820526584));
#4542 = CARTESIAN_POINT('',(136.23660106931,-16.85804801328,
    -18.08714703761));
#4543 = CARTESIAN_POINT('',(136.25656728403,-16.82233349186,
    -18.11430417787));
#4544 = CARTESIAN_POINT('',(136.27906990032,-16.78771195405,
    -18.13954940423));
#4545 = CARTESIAN_POINT('',(136.30378147218,-16.75438659703,
    -18.16281949405));
#4546 = PCURVE('',#3078,#4547);
#4547 = DEFINITIONAL_REPRESENTATION('',(#4548),#4563);
#4548 = B_SPLINE_CURVE_WITH_KNOTS('',5,(#4549,#4550,#4551,#4552,#4553,
    #4554,#4555,#4556,#4557,#4558,#4559,#4560,#4561,#4562),
  .UNSPECIFIED.,.F.,.F.,(6,4,4,6),(0.,3.810443325659E-02,0.524010299081,
    1.),.UNSPECIFIED.);
#4549 = CARTESIAN_POINT('',(-2.376405684023,-1.167972272375));
#4550 = CARTESIAN_POINT('',(-2.376570810341,-1.167914099537));
#4551 = CARTESIAN_POINT('',(-2.376735956769,-1.167878258418));
#4552 = CARTESIAN_POINT('',(-2.376901113011,-1.167864756149));
#4553 = CARTESIAN_POINT('',(-2.377066268772,-1.167873594387));
#4554 = CARTESIAN_POINT('',(-2.379337334485,-1.16830231042));
#4555 = CARTESIAN_POINT('',(-2.381441711493,-1.172332203345));
#4556 = CARTESIAN_POINT('',(-2.383522495479,-1.179987200147));
#4557 = CARTESIAN_POINT('',(-2.385559696715,-1.191108890697));
#4558 = CARTESIAN_POINT('',(-2.389473002705,-1.219479981233));
#4559 = CARTESIAN_POINT('',(-2.391351729532,-1.236601069315));
#4560 = CARTESIAN_POINT('',(-2.393157523157,-1.256567284035));
#4561 = CARTESIAN_POINT('',(-2.394879181619,-1.279069900324));
#4562 = CARTESIAN_POINT('',(-2.396508992672,-1.303781472189));
#4563 = ( GEOMETRIC_REPRESENTATION_CONTEXT(2) 
PARAMETRIC_REPRESENTATION_CONTEXT() REPRESENTATION_CONTEXT('2D SPACE',''
  ) );
#4564 = PCURVE('',#4565,#4570);
#4565 = SPHERICAL_SURFACE('',#4566,1.);
#4566 = AXIS2_PLACEMENT_3D('',#4567,#4568,#4569);
#4567 = CARTESIAN_POINT('',(136.93543013382,-16.68368828517,
    -17.39079506635));
#4568 = DIRECTION('',(0.,-0.707106781187,0.707106781187));
#4569 = DIRECTION('',(-0.216930457819,0.690268489963,0.690268489963));
#4570 = DEFINITIONAL_REPRESENTATION('',(#4571),#4586);
#4571 = B_SPLINE_CURVE_WITH_KNOTS('',5,(#4572,#4573,#4574,#4575,#4576,
    #4577,#4578,#4579,#4580,#4581,#4582,#4583,#4584,#4585),
  .UNSPECIFIED.,.F.,.F.,(6,4,4,6),(0.,3.810443325659E-02,0.524010299081,
    1.),.UNSPECIFIED.);
#4572 = CARTESIAN_POINT('',(2.048057302663,-1.06581410364E-14));
#4573 = CARTESIAN_POINT('',(2.047966563476,-4.084726408176E-03));
#4574 = CARTESIAN_POINT('',(2.047885678513,-8.169838200791E-03));
#4575 = CARTESIAN_POINT('',(2.047814645363,-1.225521842644E-02));
#4576 = CARTESIAN_POINT('',(2.047753463478,-1.634075014523E-02));
#4577 = CARTESIAN_POINT('',(2.047047585348,-7.252525748974E-02));
#4578 = CARTESIAN_POINT('',(2.047995227573,-0.124634855626));
#4579 = CARTESIAN_POINT('',(2.050547921395,-0.176496189987));
#4580 = CARTESIAN_POINT('',(2.054756340977,-0.227895593924));
#4581 = CARTESIAN_POINT('',(2.066588442783,-0.328307112612));
#4582 = CARTESIAN_POINT('',(2.074141148169,-0.377351264107));
#4583 = CARTESIAN_POINT('',(2.083499599482,-0.425567326567));
#4584 = CARTESIAN_POINT('',(2.094835381715,-0.472800190054));
#4585 = CARTESIAN_POINT('',(2.108407562811,-0.518885278146));
#4586 = ( GEOMETRIC_REPRESENTATION_CONTEXT(2) 
PARAMETRIC_REPRESENTATION_CONTEXT() REPRESENTATION_CONTEXT('2D SPACE',''
  ) );
#4587 = ORIENTED_EDGE('',*,*,#4588,.T.);
#4588 = EDGE_CURVE('',#4528,#4589,#4591,.T.);
#4589 = VERTEX_POINT('',#4590);
#4590 = CARTESIAN_POINT('',(136.16797227237,-17.84412079412,
    -17.13701401293));
#4591 = SURFACE_CURVE('',#4592,(#4598,#4607),.PCURVE_S1.);
#4592 = B_SPLINE_CURVE_WITH_KNOTS('',4,(#4593,#4594,#4595,#4596,#4597),
  .UNSPECIFIED.,.F.,.F.,(5,5),(0.,1.),.PIECEWISE_BEZIER_KNOTS.);
#4593 = CARTESIAN_POINT('',(136.16797226383,-17.13701358143,
    -17.84412121115));
#4594 = CARTESIAN_POINT('',(136.17153194838,-17.31676834416,
    -17.6703928171));
#4595 = CARTESIAN_POINT('',(136.17276504559,-17.49457749295,
    -17.49458030415));
#4596 = CARTESIAN_POINT('',(136.17153193531,-17.67039345474,
    -17.3167676844));
#4597 = CARTESIAN_POINT('',(136.16797226383,-17.84412121115,
    -17.13701358143));
#4598 = PCURVE('',#3078,#4599);
#4599 = DEFINITIONAL_REPRESENTATION('',(#4600),#4606);
#4600 = B_SPLINE_CURVE_WITH_KNOTS('',4,(#4601,#4602,#4603,#4604,#4605),
  .UNSPECIFIED.,.F.,.F.,(5,5),(0.,1.),.PIECEWISE_BEZIER_KNOTS.);
#4601 = CARTESIAN_POINT('',(-2.376405708278,-1.167972263831));
#4602 = CARTESIAN_POINT('',(-2.36630138919,-1.171531948381));
#4603 = CARTESIAN_POINT('',(-2.356194572452,-1.172765045599));
#4604 = CARTESIAN_POINT('',(-2.346087554109,-1.171531935316));
#4605 = CARTESIAN_POINT('',(-2.335983272107,-1.167972263831));
#4606 = ( GEOMETRIC_REPRESENTATION_CONTEXT(2) 
PARAMETRIC_REPRESENTATION_CONTEXT() REPRESENTATION_CONTEXT('2D SPACE',''
  ) );
#4607 = PCURVE('',#4608,#4613);
#4608 = CYLINDRICAL_SURFACE('',#4609,1.);
#4609 = AXIS2_PLACEMENT_3D('',#4610,#4611,#4612);
#4610 = CARTESIAN_POINT('',(136.93543013382,-18.09790184754,
    -15.97658150398));
#4611 = DIRECTION('',(0.,0.707106781187,-0.707106781187));
#4612 = DIRECTION('',(-0.727393652509,-0.485231117247,-0.485231117247));
#4613 = DEFINITIONAL_REPRESENTATION('',(#4614),#4620);
#4614 = B_SPLINE_CURVE_WITH_KNOTS('',4,(#4615,#4616,#4617,#4618,#4619),
  .UNSPECIFIED.,.F.,.F.,(5,5),(0.,1.),.PIECEWISE_BEZIER_KNOTS.);
#4615 = CARTESIAN_POINT('',(6.035027347625E-02,2.0000006));
#4616 = CARTESIAN_POINT('',(5.47978043126E-02,1.750050262806));
#4617 = CARTESIAN_POINT('',(5.29236735251E-02,1.500001987822));
#4618 = CARTESIAN_POINT('',(5.479782469201E-02,1.249948819793));
#4619 = CARTESIAN_POINT('',(6.035027347623E-02,0.9999994));
#4620 = ( GEOMETRIC_REPRESENTATION_CONTEXT(2) 
PARAMETRIC_REPRESENTATION_CONTEXT() REPRESENTATION_CONTEXT('2D SPACE',''
  ) );
#4621 = ORIENTED_EDGE('',*,*,#4622,.F.);
#4622 = EDGE_CURVE('',#4623,#4589,#4625,.T.);
#4623 = VERTEX_POINT('',#4624);
#4624 = CARTESIAN_POINT('',(136.30378147218,-18.16281949405,
    -16.75438659703));
#4625 = SURFACE_CURVE('',#4626,(#4645,#4667),.PCURVE_S1.);
#4626 = B_SPLINE_CURVE_WITH_KNOTS('',5,(#4627,#4628,#4629,#4630,#4631,
    #4632,#4633,#4634,#4635,#4636,#4637,#4638,#4639,#4640,#4641,#4642,
    #4643,#4644),.UNSPECIFIED.,.F.,.F.,(6,4,4,4,6),(0.,0.499022826048,
    0.942466318567,0.980187843533,1.),.UNSPECIFIED.);
#4627 = CARTESIAN_POINT('',(136.30378147218,-18.16281949405,
    -16.75438659703));
#4628 = CARTESIAN_POINT('',(136.27787402856,-18.13842329038,
    -16.78932467434));
#4629 = CARTESIAN_POINT('',(136.25439442832,-18.11185605297,
    -16.8256875594));
#4630 = CARTESIAN_POINT('',(136.23371999513,-18.08319068876,
    -16.86324105352));
#4631 = CARTESIAN_POINT('',(136.21620579553,-18.05257759638,
    -16.90167562955));
#4632 = CARTESIAN_POINT('',(136.18959540651,-17.99156348546,
    -16.97521173593));
#4633 = CARTESIAN_POINT('',(136.17977808271,-17.9615168935,
    -17.01020981723));
#4634 = CARTESIAN_POINT('',(136.17285196718,-17.9303169532,
    -17.04533218796));
#4635 = CARTESIAN_POINT('',(136.16893519726,-17.89820262345,
    -17.08027841741));
#4636 = CARTESIAN_POINT('',(136.16796636394,-17.86267560825,
    -17.11767500652));
#4637 = CARTESIAN_POINT('',(136.16791229125,-17.85988586682,
    -17.12060329238));
#4638 = CARTESIAN_POINT('',(136.16788010786,-17.85709174,-17.12352792931
    ));
#4639 = CARTESIAN_POINT('',(136.16786981766,-17.85429340087,
    -17.12644873518));
#4640 = CARTESIAN_POINT('',(136.16788751263,-17.85001915508,
    -17.13089749163));
#4641 = CARTESIAN_POINT('',(136.16789964504,-17.84854617246,
    -17.13242834762));
#4642 = CARTESIAN_POINT('',(136.16791781627,-17.84707210118,
    -17.13395807059));
#4643 = CARTESIAN_POINT('',(136.16794202572,-17.84559696659,
    -17.13548663438));
#4644 = CARTESIAN_POINT('',(136.16797227237,-17.84412079412,
    -17.13701401293));
#4645 = PCURVE('',#3078,#4646);
#4646 = DEFINITIONAL_REPRESENTATION('',(#4647),#4666);
#4647 = B_SPLINE_CURVE_WITH_KNOTS('',5,(#4648,#4649,#4650,#4651,#4652,
    #4653,#4654,#4655,#4656,#4657,#4658,#4659,#4660,#4661,#4662,#4663,
    #4664,#4665),.UNSPECIFIED.,.F.,.F.,(6,4,4,4,6),(0.,0.499022826048,
    0.942466318567,0.980187843533,1.),.UNSPECIFIED.);
#4648 = CARTESIAN_POINT('',(-2.315879987713,-1.303781472185));
#4649 = CARTESIAN_POINT('',(-2.317588670519,-1.277874028561));
#4650 = CARTESIAN_POINT('',(-2.31939831252,-1.254394428322));
#4651 = CARTESIAN_POINT('',(-2.321300023291,-1.233719995134));
#4652 = CARTESIAN_POINT('',(-2.323280687439,-1.216205795539));
#4653 = CARTESIAN_POINT('',(-2.32713666422,-1.189595406511));
#4654 = CARTESIAN_POINT('',(-2.3289992497,-1.17977808271));
#4655 = CARTESIAN_POINT('',(-2.330897131244,-1.172851967186));
#4656 = CARTESIAN_POINT('',(-2.332815123924,-1.168935197267));
#4657 = CARTESIAN_POINT('',(-2.334900021345,-1.167966363948));
#4658 = CARTESIAN_POINT('',(-2.335063495437,-1.167912291251));
#4659 = CARTESIAN_POINT('',(-2.335226985536,-1.167880107866));
#4660 = CARTESIAN_POINT('',(-2.335390481658,-1.16786981766));
#4661 = CARTESIAN_POINT('',(-2.335639843404,-1.167887512638));
#4662 = CARTESIAN_POINT('',(-2.335725711904,-1.167899645048));
#4663 = CARTESIAN_POINT('',(-2.335811577861,-1.167917816278));
#4664 = CARTESIAN_POINT('',(-2.33589743983,-1.167942025725));
#4665 = CARTESIAN_POINT('',(-2.335983296362,-1.167972272376));
#4666 = ( GEOMETRIC_REPRESENTATION_CONTEXT(2) 
PARAMETRIC_REPRESENTATION_CONTEXT() REPRESENTATION_CONTEXT('2D SPACE',''
  ) );
#4667 = PCURVE('',#4668,#4673);
#4668 = SPHERICAL_SURFACE('',#4669,1.);
#4669 = AXIS2_PLACEMENT_3D('',#4670,#4671,#4672);
#4670 = CARTESIAN_POINT('',(136.93543013382,-17.39079506635,
    -16.68368828517));
#4671 = DIRECTION('',(0.,0.707106781187,-0.707106781187));
#4672 = DIRECTION('',(-0.216930457819,0.690268489963,0.690268489963));
#4673 = DEFINITIONAL_REPRESENTATION('',(#4674),#4693);
#4674 = B_SPLINE_CURVE_WITH_KNOTS('',5,(#4675,#4676,#4677,#4678,#4679,
    #4680,#4681,#4682,#4683,#4684,#4685,#4686,#4687,#4688,#4689,#4690,
    #4691,#4692),.UNSPECIFIED.,.F.,.F.,(6,4,4,4,6),(0.,0.499022826048,
    0.942466318567,0.980187843533,1.),.UNSPECIFIED.);
#4675 = CARTESIAN_POINT('',(-2.108407562809,-0.518885278145));
#4676 = CARTESIAN_POINT('',(-2.094178580592,-0.470569985688));
#4677 = CARTESIAN_POINT('',(-2.082407628181,-0.420992915982));
#4678 = CARTESIAN_POINT('',(-2.072796265626,-0.370343955759));
#4679 = CARTESIAN_POINT('',(-2.065151673838,-0.318801400855));
#4680 = CARTESIAN_POINT('',(-2.054206289953,-0.220176322914));
#4681 = CARTESIAN_POINT('',(-2.050516268484,-0.173233667754));
#4682 = CARTESIAN_POINT('',(-2.048204856547,-0.125915889073));
#4683 = CARTESIAN_POINT('',(-2.047233434651,-7.838725392257E-02));
#4684 = CARTESIAN_POINT('',(-2.047627806641,-2.679794357028E-02));
#4685 = CARTESIAN_POINT('',(-2.047668382901,-2.275339469351E-02));
#4686 = CARTESIAN_POINT('',(-2.047718615027,-1.870881785742E-02));
#4687 = CARTESIAN_POINT('',(-2.047778501693,-1.466432645918E-02));
#4688 = CARTESIAN_POINT('',(-2.047884568139,-8.495884568344E-03));
#4689 = CARTESIAN_POINT('',(-2.047923756322,-6.371790028575E-03));
#4690 = CARTESIAN_POINT('',(-2.047965607981,-4.247766791227E-03));
#4691 = CARTESIAN_POINT('',(-2.048010123317,-2.123831296494E-03));
#4692 = CARTESIAN_POINT('',(-2.048057302664,0.));
#4693 = ( GEOMETRIC_REPRESENTATION_CONTEXT(2) 
PARAMETRIC_REPRESENTATION_CONTEXT() REPRESENTATION_CONTEXT('2D SPACE',''
  ) );
#4694 = ORIENTED_EDGE('',*,*,#4695,.T.);
#4695 = EDGE_CURVE('',#4623,#4696,#4698,.T.);
#4696 = VERTEX_POINT('',#4697);
#4697 = CARTESIAN_POINT('',(137.27050163763,-18.34904906002,
    -16.22772871646));
#4698 = SURFACE_CURVE('',#4699,(#4717,#4746),.PCURVE_S1.);
#4699 = B_SPLINE_CURVE_WITH_KNOTS('',6,(#4700,#4701,#4702,#4703,#4704,
    #4705,#4706,#4707,#4708,#4709,#4710,#4711,#4712,#4713,#4714,#4715,
    #4716),.UNSPECIFIED.,.F.,.F.,(7,5,5,7),(2.535500795176E-06,
    0.322271651574,1.,1.334452419414),.UNSPECIFIED.);
#4700 = CARTESIAN_POINT('',(136.30378147218,-18.16281949405,
    -16.75438659703));
#4701 = CARTESIAN_POINT('',(136.33043166859,-18.18791512403,
    -16.71844686344));
#4702 = CARTESIAN_POINT('',(136.35945026984,-18.21099177196,
    -16.68378444534));
#4703 = CARTESIAN_POINT('',(136.3905144591,-18.23206319944,
    -16.65051723346));
#4704 = CARTESIAN_POINT('',(136.42333102295,-18.2511817513,
    -16.61871010899));
#4705 = CARTESIAN_POINT('',(136.45764906868,-18.26842120383,
    -16.58838807042));
#4706 = CARTESIAN_POINT('',(136.56818892766,-18.31632641485,
    -16.49890187528));
#4707 = CARTESIAN_POINT('',(136.64879613538,-18.34079361602,
    -16.4448802231));
#4708 = CARTESIAN_POINT('',(136.73334042366,-18.35806175108,
    -16.39736643713));
#4709 = CARTESIAN_POINT('',(136.82058715159,-18.36874949583,
    -16.35620512571));
#4710 = CARTESIAN_POINT('',(136.90964846686,-18.37339744551,
    -16.32116660967));
#4711 = CARTESIAN_POINT('',(137.04458761231,-18.37181095831,
    -16.27775986611));
#4712 = CARTESIAN_POINT('',(137.08947207171,-18.36989643658,
    -16.26487754167));
#4713 = CARTESIAN_POINT('',(137.13457502167,-18.36663348498,
    -16.25344044778));
#4714 = CARTESIAN_POINT('',(137.1798246904,-18.36205554044,
    -16.24343866948));
#4715 = CARTESIAN_POINT('',(137.22515449367,-18.35618807386,
    -16.23486773031));
#4716 = CARTESIAN_POINT('',(137.27050163763,-18.34904906002,
    -16.22772871646));
#4717 = PCURVE('',#3078,#4718);
#4718 = DEFINITIONAL_REPRESENTATION('',(#4719),#4745);
#4719 = B_SPLINE_CURVE_WITH_KNOTS('',3,(#4720,#4721,#4722,#4723,#4724,
    #4725,#4726,#4727,#4728,#4729,#4730,#4731,#4732,#4733,#4734,#4735,
    #4736,#4737,#4738,#4739,#4740,#4741,#4742,#4743,#4744),
  .UNSPECIFIED.,.F.,.F.,(4,1,1,1,1,1,1,1,1,1,1,1,1,1,1,1,1,1,1,1,1,1,4),
  (2.535500795176E-06,6.065934840594E-02,0.121316161311,0.181972974216,
    0.242629787121,0.303286600026,0.363943412932,0.424600225837,
    0.485257038742,0.545913851647,0.606570664552,0.667227477457,
    0.727884290362,0.788541103268,0.849197916173,0.909854729078,
    0.970511541983,1.031168354888,1.091825167793,1.152481980698,
    1.213138793604,1.273795606509,1.334452419414),
  .QUASI_UNIFORM_KNOTS.);
#4720 = CARTESIAN_POINT('',(-2.315879987713,-1.303781472189));
#4721 = CARTESIAN_POINT('',(-2.315218255888,-1.313814891302));
#4722 = CARTESIAN_POINT('',(-2.313927835158,-1.334715764375));
#4723 = CARTESIAN_POINT('',(-2.312092131931,-1.368335328251));
#4724 = CARTESIAN_POINT('',(-2.310357506802,-1.403982580375));
#4725 = CARTESIAN_POINT('',(-2.3087238811,-1.441440459825));
#4726 = CARTESIAN_POINT('',(-2.307190514994,-1.480510794185));
#4727 = CARTESIAN_POINT('',(-2.305756165444,-1.521015511005));
#4728 = CARTESIAN_POINT('',(-2.304419612211,-1.562782273957));
#4729 = CARTESIAN_POINT('',(-2.303178657553,-1.605678693427));
#4730 = CARTESIAN_POINT('',(-2.302031407763,-1.649577285236));
#4731 = CARTESIAN_POINT('',(-2.300975977014,-1.694362500555));
#4732 = CARTESIAN_POINT('',(-2.300010560985,-1.739928203864));
#4733 = CARTESIAN_POINT('',(-2.299133417473,-1.786177790973));
#4734 = CARTESIAN_POINT('',(-2.298342877761,-1.833023717483));
#4735 = CARTESIAN_POINT('',(-2.297637356382,-1.880387165269));
#4736 = CARTESIAN_POINT('',(-2.297015364943,-1.928198166977));
#4737 = CARTESIAN_POINT('',(-2.296475539671,-1.976394181422));
#4738 = CARTESIAN_POINT('',(-2.296016638393,-2.024924828358));
#4739 = CARTESIAN_POINT('',(-2.295637798733,-2.073718791521));
#4740 = CARTESIAN_POINT('',(-2.295338116099,-2.122723630622));
#4741 = CARTESIAN_POINT('',(-2.295116862625,-2.171887754331));
#4742 = CARTESIAN_POINT('',(-2.294973438557,-2.221161860633));
#4743 = CARTESIAN_POINT('',(-2.294929444795,-2.254053322689));
#4744 = CARTESIAN_POINT('',(-2.294920277786,-2.270501637631));
#4745 = ( GEOMETRIC_REPRESENTATION_CONTEXT(2) 
PARAMETRIC_REPRESENTATION_CONTEXT() REPRESENTATION_CONTEXT('2D SPACE',''
  ) );
#4746 = PCURVE('',#4747,#4752);
#4747 = CYLINDRICAL_SURFACE('',#4748,1.);
#4748 = AXIS2_PLACEMENT_3D('',#4749,#4750,#4751);
#4749 = CARTESIAN_POINT('',(135.7273936525,-16.48533163123,
    -15.77822485004));
#4750 = DIRECTION('',(0.686220426896,-0.514344984281,-0.514344984281));
#4751 = DIRECTION('',(-0.727393652509,-0.485231117247,-0.485231117247));
#4752 = DEFINITIONAL_REPRESENTATION('',(#4753),#4779);
#4753 = B_SPLINE_CURVE_WITH_KNOTS('',3,(#4754,#4755,#4756,#4757,#4758,
    #4759,#4760,#4761,#4762,#4763,#4764,#4765,#4766,#4767,#4768,#4769,
    #4770,#4771,#4772,#4773,#4774,#4775,#4776,#4777,#4778),
  .UNSPECIFIED.,.F.,.F.,(4,1,1,1,1,1,1,1,1,1,1,1,1,1,1,1,1,1,1,1,1,1,4),
  (2.535500795176E-06,6.065934840594E-02,0.121316161311,0.181972974216,
    0.242629787121,0.303286600026,0.363943412932,0.424600225837,
    0.485257038742,0.545913851647,0.606570664552,0.667227477457,
    0.727884290362,0.788541103268,0.849197916173,0.909854729078,
    0.970511541983,1.031168354888,1.091825167793,1.152481980698,
    1.213138793604,1.273795606509,1.334452419414),
  .QUASI_UNIFORM_KNOTS.);
#4754 = CARTESIAN_POINT('',(-0.518885278147,1.760420462527));
#4755 = CARTESIAN_POINT('',(-0.537595183606,1.765205672466));
#4756 = CARTESIAN_POINT('',(-0.574660509293,1.77521446953));
#4757 = CARTESIAN_POINT('',(-0.629219400705,1.791430646347));
#4758 = CARTESIAN_POINT('',(-0.682759712755,1.80873459812));
#4759 = CARTESIAN_POINT('',(-0.735315406067,1.827021814322));
#4760 = CARTESIAN_POINT('',(-0.786929649522,1.846196596893));
#4761 = CARTESIAN_POINT('',(-0.837651795829,1.866172634418));
#4762 = CARTESIAN_POINT('',(-0.887521072296,1.886865990517));
#4763 = CARTESIAN_POINT('',(-0.936607064373,1.908212100734));
#4764 = CARTESIAN_POINT('',(-0.98496679825,1.930148555239));
#4765 = CARTESIAN_POINT('',(-1.032655802216,1.952618568919));
#4766 = CARTESIAN_POINT('',(-1.079726518405,1.975569761834));
#4767 = CARTESIAN_POINT('',(-1.126229885434,1.998954242472));
#4768 = CARTESIAN_POINT('',(-1.172215932524,2.022728407312));
#4769 = CARTESIAN_POINT('',(-1.217734426251,2.046852810269));
#4770 = CARTESIAN_POINT('',(-1.262835800591,2.071292274197));
#4771 = CARTESIAN_POINT('',(-1.307570644741,2.096015202159));
#4772 = CARTESIAN_POINT('',(-1.35199465352,2.120996085473));
#4773 = CARTESIAN_POINT('',(-1.396139607199,2.146198440117));
#4774 = CARTESIAN_POINT('',(-1.440050814823,2.171595273474));
#4775 = CARTESIAN_POINT('',(-1.48377095391,2.197159864901));
#4776 = CARTESIAN_POINT('',(-1.527342352886,2.222866521564));
#4777 = CARTESIAN_POINT('',(-1.556318838497,2.240082562415));
#4778 = CARTESIAN_POINT('',(-1.570796326795,2.248705991021));
#4779 = ( GEOMETRIC_REPRESENTATION_CONTEXT(2) 
PARAMETRIC_REPRESENTATION_CONTEXT() REPRESENTATION_CONTEXT('2D SPACE',''
  ) );
#4780 = ORIENTED_EDGE('',*,*,#4781,.F.);
#4781 = EDGE_CURVE('',#4782,#4696,#4784,.T.);
#4782 = VERTEX_POINT('',#4783);
#4783 = CARTESIAN_POINT('',(179.,-11.77201044573,-9.650690102175));
#4784 = SURFACE_CURVE('',#4785,(#4790,#4801),.PCURVE_S1.);
#4785 = HYPERBOLA('',#4786,6.75,1.5);
#4786 = AXIS2_PLACEMENT_3D('',#4787,#4788,#4789);
#4787 = CARTESIAN_POINT('',(247.5,-1.06066017178,1.06066017178));
#4788 = DIRECTION('',(-0.,-0.707106781187,0.707106781187));
#4789 = DIRECTION('',(-1.,0.,-0.));
#4790 = PCURVE('',#3078,#4791);
#4791 = DEFINITIONAL_REPRESENTATION('',(#4792),#4800);
#4792 = B_SPLINE_CURVE_WITH_KNOTS('',6,(#4793,#4794,#4795,#4796,#4797,
    #4798,#4799),.UNSPECIFIED.,.F.,.F.,(7,7),(2.993222846126,
    3.48768601452),.PIECEWISE_BEZIER_KNOTS.);
#4793 = CARTESIAN_POINT('',(-2.256027069031,-45.));
#4794 = CARTESIAN_POINT('',(-2.264268121837,-39.46517279253));
#4795 = CARTESIAN_POINT('',(-2.271698280263,-33.38023377783));
#4796 = CARTESIAN_POINT('',(-2.278416274591,-26.67752648457));
#4797 = CARTESIAN_POINT('',(-2.284505300141,-19.27816306319));
#4798 = CARTESIAN_POINT('',(-2.290036335783,-11.08935729233));
#4799 = CARTESIAN_POINT('',(-2.295070463063,-2.));
#4800 = ( GEOMETRIC_REPRESENTATION_CONTEXT(2) 
PARAMETRIC_REPRESENTATION_CONTEXT() REPRESENTATION_CONTEXT('2D SPACE',''
  ) );
#4801 = PCURVE('',#4802,#4807);
#4802 = PLANE('',#4803);
#4803 = AXIS2_PLACEMENT_3D('',#4804,#4805,#4806);
#4804 = CARTESIAN_POINT('',(162.58480056418,-23.18763756373,
    -21.06631722017));
#4805 = DIRECTION('',(-0.,-0.707106781187,0.707106781187));
#4806 = DIRECTION('',(-1.,0.,-0.));
#4807 = DEFINITIONAL_REPRESENTATION('',(#4808),#4812);
#4808 = ( BOUNDED_CURVE() B_SPLINE_CURVE(2,(#4809,#4810,#4811),
.UNSPECIFIED.,.F.,.F.) B_SPLINE_CURVE_WITH_KNOTS((3,3),(2.993222846126,
3.48768601452),.PIECEWISE_BEZIER_KNOTS.) CURVE() 
GEOMETRIC_REPRESENTATION_ITEM() RATIONAL_B_SPLINE_CURVE((1.,
1.030717715499,1.)) REPRESENTATION_ITEM('') );
#4809 = CARTESIAN_POINT('',(-17.41519943581,-16.36745996541));
#4810 = CARTESIAN_POINT('',(-1.14095385828,-12.73274169425));
#4811 = CARTESIAN_POINT('',(25.584800564187,-6.782573265166));
#4812 = ( GEOMETRIC_REPRESENTATION_CONTEXT(2) 
PARAMETRIC_REPRESENTATION_CONTEXT() REPRESENTATION_CONTEXT('2D SPACE',''
  ) );
#4813 = ORIENTED_EDGE('',*,*,#4814,.F.);
#4814 = EDGE_CURVE('',#4815,#4782,#4817,.T.);
#4815 = VERTEX_POINT('',#4816);
#4816 = CARTESIAN_POINT('',(180.,-10.95426091415,-10.24715413296));
#4817 = SURFACE_CURVE('',#4818,(#4839,#4863),.PCURVE_S1.);
#4818 = B_SPLINE_CURVE_WITH_KNOTS('',7,(#4819,#4820,#4821,#4822,#4823,
    #4824,#4825,#4826,#4827,#4828,#4829,#4830,#4831,#4832,#4833,#4834,
    #4835,#4836,#4837,#4838),.UNSPECIFIED.,.F.,.F.,(8,6,6,8),(0.,
    0.246203817813,0.391320275476,1.),.UNSPECIFIED.);
#4819 = CARTESIAN_POINT('',(180.,-10.95426091415,-10.24715413296));
#4820 = CARTESIAN_POINT('',(180.,-10.99681199437,-10.20166680751));
#4821 = CARTESIAN_POINT('',(179.99547866359,-11.03989034468,
    -10.15664490995));
#4822 = CARTESIAN_POINT('',(179.98642489501,-11.08304747178,
    -10.1125707829));
#4823 = CARTESIAN_POINT('',(179.97298442322,-11.12587316498,
    -10.06986381729));
#4824 = CARTESIAN_POINT('',(179.95541046154,-11.16800715405,
    -10.02887726063));
#4825 = CARTESIAN_POINT('',(179.93402835304,-11.20914336149,
    -9.98989700593));
#4826 = CARTESIAN_POINT('',(179.89458834529,-11.27253465427,
    -9.931478587381));
#4827 = CARTESIAN_POINT('',(179.87876535254,-11.29561493993,
    -9.910581007087));
#4828 = CARTESIAN_POINT('',(179.8618167739,-11.31822171673,
    -9.890489158611));
#4829 = CARTESIAN_POINT('',(179.8438158551,-11.34031764147,
    -9.871233106774));
#4830 = CARTESIAN_POINT('',(179.82483559538,-11.36187293261,
    -9.852834737586));
#4831 = CARTESIAN_POINT('',(179.80494680554,-11.38286438564,
    -9.835309052835));
#4832 = CARTESIAN_POINT('',(179.69726310636,-11.48888256162,
    -9.74885522534));
#4833 = CARTESIAN_POINT('',(179.59583645226,-11.56393108794,
    -9.694832716493));
#4834 = CARTESIAN_POINT('',(179.4844777909,-11.62784394413,
    -9.656604382785));
#4835 = CARTESIAN_POINT('',(179.36674018789,-11.68051566497,
    -9.633765969331));
#4836 = CARTESIAN_POINT('',(179.24547830581,-11.72204979072,
    -9.625587887979));
#4837 = CARTESIAN_POINT('',(179.12274870889,-11.75262801415,
    -9.631307670595));
#4838 = CARTESIAN_POINT('',(179.,-11.77201044573,-9.650690102175));
#4839 = PCURVE('',#3078,#4840);
#4840 = DEFINITIONAL_REPRESENTATION('',(#4841),#4862);
#4841 = B_SPLINE_CURVE_WITH_KNOTS('',7,(#4842,#4843,#4844,#4845,#4846,
    #4847,#4848,#4849,#4850,#4851,#4852,#4853,#4854,#4855,#4856,#4857,
    #4858,#4859,#4860,#4861),.UNSPECIFIED.,.F.,.F.,(8,6,6,8),(0.,
    0.246203817813,0.391320275476,1.),.UNSPECIFIED.);
#4842 = CARTESIAN_POINT('',(-2.322854980931,-45.));
#4843 = CARTESIAN_POINT('',(-2.318702503114,-45.));
#4844 = CARTESIAN_POINT('',(-2.314548671435,-44.99547866359));
#4845 = CARTESIAN_POINT('',(-2.310438446399,-44.98642489501));
#4846 = CARTESIAN_POINT('',(-2.306411984698,-44.97298442322));
#4847 = CARTESIAN_POINT('',(-2.302503767375,-44.95541046154));
#4848 = CARTESIAN_POINT('',(-2.298742253695,-44.93402835304));
#4849 = CARTESIAN_POINT('',(-2.293032764862,-44.89458834529));
#4850 = CARTESIAN_POINT('',(-2.290973606921,-44.87876535254));
#4851 = CARTESIAN_POINT('',(-2.288976672515,-44.8618167739));
#4852 = CARTESIAN_POINT('',(-2.287045165651,-44.8438158551));
#4853 = CARTESIAN_POINT('',(-2.285181520154,-44.82483559538));
#4854 = CARTESIAN_POINT('',(-2.283387511106,-44.80494680554));
#4855 = CARTESIAN_POINT('',(-2.274436769021,-44.69726310636));
#4856 = CARTESIAN_POINT('',(-2.268483753104,-44.59583645226));
#4857 = CARTESIAN_POINT('',(-2.263829611585,-44.4844777909));
#4858 = CARTESIAN_POINT('',(-2.260451510509,-44.36674018789));
#4859 = CARTESIAN_POINT('',(-2.258298945363,-44.24547830581));
#4860 = CARTESIAN_POINT('',(-2.257316727077,-44.12274870889));
#4861 = CARTESIAN_POINT('',(-2.257494169885,-44.));
#4862 = ( GEOMETRIC_REPRESENTATION_CONTEXT(2) 
PARAMETRIC_REPRESENTATION_CONTEXT() REPRESENTATION_CONTEXT('2D SPACE',''
  ) );
#4863 = PCURVE('',#4864,#4869);
#4864 = CYLINDRICAL_SURFACE('',#4865,1.);
#4865 = AXIS2_PLACEMENT_3D('',#4866,#4867,#4868);
#4866 = CARTESIAN_POINT('',(179.,-35.70889244992,-35.00178566873));
#4867 = DIRECTION('',(0.,0.707106781187,0.707106781187));
#4868 = DIRECTION('',(1.,0.,0.));
#4869 = DEFINITIONAL_REPRESENTATION('',(#4870),#4891);
#4870 = B_SPLINE_CURVE_WITH_KNOTS('',7,(#4871,#4872,#4873,#4874,#4875,
    #4876,#4877,#4878,#4879,#4880,#4881,#4882,#4883,#4884,#4885,#4886,
    #4887,#4888,#4889,#4890),.UNSPECIFIED.,.F.,.F.,(8,6,6,8),(0.,
    0.246203817813,0.391320275476,1.),.UNSPECIFIED.);
#4871 = CARTESIAN_POINT('',(1.7763568394E-15,35.008335649435));
#4872 = CARTESIAN_POINT('',(-6.225255365548E-02,35.010411888344));
#4873 = CARTESIAN_POINT('',(-0.124548717687,35.011786183782));
#4874 = CARTESIAN_POINT('',(-0.186625004262,35.012434600666));
#4875 = CARTESIAN_POINT('',(-0.248289686842,35.012350647582));
#4876 = CARTESIAN_POINT('',(-0.309391646945,35.011539290347));
#4877 = CARTESIAN_POINT('',(-0.369801302669,35.010014801549));
#4878 = CARTESIAN_POINT('',(-0.464534174995,35.006498448455));
#4879 = CARTESIAN_POINT('',(-0.499395560159,35.004955042692));
#4880 = CARTESIAN_POINT('',(-0.533974102944,35.00317671982));
#4881 = CARTESIAN_POINT('',(-0.5682616117,35.001168626432));
#4882 = CARTESIAN_POINT('',(-0.602254719866,34.99893634551));
#4883 = CARTESIAN_POINT('',(-0.635954231179,34.996485677262));
#4884 = CARTESIAN_POINT('',(-0.809501098428,34.982651593777));
#4885 = CARTESIAN_POINT('',(-0.944008340946,34.967783954239));
#4886 = CARTESIAN_POINT('',(-1.074238016959,34.949622254219));
#4887 = CARTESIAN_POINT('',(-1.201034560604,34.928526920263));
#4888 = CARTESIAN_POINT('',(-1.325318350696,34.904940635075));
#4889 = CARTESIAN_POINT('',(-1.448047617896,34.879274068856));
#4890 = CARTESIAN_POINT('',(-1.570796326795,34.851863171244));
#4891 = ( GEOMETRIC_REPRESENTATION_CONTEXT(2) 
PARAMETRIC_REPRESENTATION_CONTEXT() REPRESENTATION_CONTEXT('2D SPACE',''
  ) );
#4892 = ORIENTED_EDGE('',*,*,#4893,.F.);
#4893 = EDGE_CURVE('',#4894,#4815,#4896,.T.);
#4894 = VERTEX_POINT('',#4895);
#4895 = CARTESIAN_POINT('',(180.,-10.95426091415,10.247154132964));
#4896 = SURFACE_CURVE('',#4897,(#4902,#4909),.PCURVE_S1.);
#4897 = CIRCLE('',#4898,15.);
#4898 = AXIS2_PLACEMENT_3D('',#4899,#4900,#4901);
#4899 = CARTESIAN_POINT('',(180.,0.,0.));
#4900 = DIRECTION('',(1.,0.,0.));
#4901 = DIRECTION('',(-0.,0.,1.));
#4902 = PCURVE('',#3078,#4903);
#4903 = DEFINITIONAL_REPRESENTATION('',(#4904),#4908);
#4904 = LINE('',#4905,#4906);
#4905 = CARTESIAN_POINT('',(-0.,-45.));
#4906 = VECTOR('',#4907,1.);
#4907 = DIRECTION('',(-1.,-0.));
#4908 = ( GEOMETRIC_REPRESENTATION_CONTEXT(2) 
PARAMETRIC_REPRESENTATION_CONTEXT() REPRESENTATION_CONTEXT('2D SPACE',''
  ) );
#4909 = PCURVE('',#3090,#4910);
#4910 = DEFINITIONAL_REPRESENTATION('',(#4911),#4915);
#4911 = CIRCLE('',#4912,15.);
#4912 = AXIS2_PLACEMENT_2D('',#4913,#4914);
#4913 = CARTESIAN_POINT('',(0.,0.));
#4914 = DIRECTION('',(1.,0.));
#4915 = ( GEOMETRIC_REPRESENTATION_CONTEXT(2) 
PARAMETRIC_REPRESENTATION_CONTEXT() REPRESENTATION_CONTEXT('2D SPACE',''
  ) );
#4916 = ORIENTED_EDGE('',*,*,#4917,.F.);
#4917 = EDGE_CURVE('',#4918,#4894,#4920,.T.);
#4918 = VERTEX_POINT('',#4919);
#4919 = CARTESIAN_POINT('',(179.,-11.77201044573,9.650690102175));
#4920 = SURFACE_CURVE('',#4921,(#4942,#4966),.PCURVE_S1.);
#4921 = B_SPLINE_CURVE_WITH_KNOTS('',7,(#4922,#4923,#4924,#4925,#4926,
    #4927,#4928,#4929,#4930,#4931,#4932,#4933,#4934,#4935,#4936,#4937,
    #4938,#4939,#4940,#4941),.UNSPECIFIED.,.F.,.F.,(8,6,6,8),(0.,
    0.609659804503,0.754727007427,1.),.UNSPECIFIED.);
#4922 = CARTESIAN_POINT('',(179.,-11.77201044573,9.650690102175));
#4923 = CARTESIAN_POINT('',(179.12294830347,-11.7525964975,
    9.631276153944));
#4924 = CARTESIAN_POINT('',(179.2458739318,-11.72195087061,
    9.625569876165));
#4925 = CARTESIAN_POINT('',(179.36732537371,-11.68031512742,
    9.633805561215));
#4926 = CARTESIAN_POINT('',(179.4852363183,-11.62750462359,
    9.656751480874));
#4927 = CARTESIAN_POINT('',(179.59673452253,-11.5634156081,
    9.695141106316));
#4928 = CARTESIAN_POINT('',(179.69824429457,-11.48815525403,
    9.749379291755));
#4929 = CARTESIAN_POINT('',(179.80588441363,-11.3818828095,
    9.836126398786));
#4930 = CARTESIAN_POINT('',(179.82573053049,-11.36087555536,
    9.853681383287));
#4931 = CARTESIAN_POINT('',(179.84466638686,-11.3393055737,
    9.872108010484));
#4932 = CARTESIAN_POINT('',(179.862621169,-11.31719621481,9.891391118811
    ));
#4933 = CARTESIAN_POINT('',(179.87952190913,-11.29457742019,
    9.911508643115));
#4934 = CARTESIAN_POINT('',(179.89529543547,-11.27148670526,
    9.932430321564));
#4935 = CARTESIAN_POINT('',(179.93451287451,-11.20820941232,
    9.990782236548));
#4936 = CARTESIAN_POINT('',(179.95574218568,-11.1672102366,
    10.029652632219));
#4937 = CARTESIAN_POINT('',(179.97318751139,-11.12522506929,
    10.070510188092));
#4938 = CARTESIAN_POINT('',(179.9865277187,-11.08255711213,
    10.113071572699));
#4939 = CARTESIAN_POINT('',(179.99551301695,-11.03956334391,
    10.156986655868));
#4940 = CARTESIAN_POINT('',(180.,-10.9966500589,10.201839917378));
#4941 = CARTESIAN_POINT('',(180.,-10.95426091415,10.247154132964));
#4942 = PCURVE('',#3078,#4943);
#4943 = DEFINITIONAL_REPRESENTATION('',(#4944),#4965);
#4944 = B_SPLINE_CURVE_WITH_KNOTS('',7,(#4945,#4946,#4947,#4948,#4949,
    #4950,#4951,#4952,#4953,#4954,#4955,#4956,#4957,#4958,#4959,#4960,
    #4961,#4962,#4963,#4964),.UNSPECIFIED.,.F.,.F.,(8,6,6,8),(0.,
    0.609659804503,0.754727007427,1.),.UNSPECIFIED.);
#4945 = CARTESIAN_POINT('',(-0.884098483705,-44.));
#4946 = CARTESIAN_POINT('',(-0.884276215042,-44.12294830347));
#4947 = CARTESIAN_POINT('',(-0.883290505789,-44.2458739318));
#4948 = CARTESIAN_POINT('',(-0.881130744116,-44.36732537371));
#4949 = CARTESIAN_POINT('',(-0.877741281448,-44.4852363183));
#4950 = CARTESIAN_POINT('',(-0.873071359919,-44.59673452253));
#4951 = CARTESIAN_POINT('',(-0.867098164838,-44.69824429457));
#4952 = CARTESIAN_POINT('',(-0.858121369003,-44.80588441363));
#4953 = CARTESIAN_POINT('',(-0.856325149977,-44.82573053049));
#4954 = CARTESIAN_POINT('',(-0.854459396238,-44.84466638686));
#4955 = CARTESIAN_POINT('',(-0.852525897919,-44.862621169));
#4956 = CARTESIAN_POINT('',(-0.850527105534,-44.87952190913));
#4957 = CARTESIAN_POINT('',(-0.848466241228,-44.89529543547));
#4958 = CARTESIAN_POINT('',(-0.842764987145,-44.93451287451));
#4959 = CARTESIAN_POINT('',(-0.839014958544,-44.95574218568));
#4960 = CARTESIAN_POINT('',(-0.835119731468,-44.97318751139));
#4961 = CARTESIAN_POINT('',(-0.831107505514,-44.9865277187));
#4962 = CARTESIAN_POINT('',(-0.827012451473,-44.99551301695));
#4963 = CARTESIAN_POINT('',(-0.822874347505,-45.));
#4964 = CARTESIAN_POINT('',(-0.818737672659,-45.));
#4965 = ( GEOMETRIC_REPRESENTATION_CONTEXT(2) 
PARAMETRIC_REPRESENTATION_CONTEXT() REPRESENTATION_CONTEXT('2D SPACE',''
  ) );
#4966 = PCURVE('',#4967,#4972);
#4967 = CYLINDRICAL_SURFACE('',#4968,1.);
#4968 = AXIS2_PLACEMENT_3D('',#4969,#4970,#4971);
#4969 = CARTESIAN_POINT('',(179.,-35.70889244992,35.001785668734));
#4970 = DIRECTION('',(0.,0.707106781187,-0.707106781187));
#4971 = DIRECTION('',(0.,-0.707106781187,-0.707106781187));
#4972 = DEFINITIONAL_REPRESENTATION('',(#4973),#4994);
#4973 = B_SPLINE_CURVE_WITH_KNOTS('',7,(#4974,#4975,#4976,#4977,#4978,
    #4979,#4980,#4981,#4982,#4983,#4984,#4985,#4986,#4987,#4988,#4989,
    #4990,#4991,#4992,#4993),.UNSPECIFIED.,.F.,.F.,(8,6,6,8),(0.,
    0.609659804503,0.754727007427,1.),.UNSPECIFIED.);
#4974 = CARTESIAN_POINT('',(0.,34.851863171244));
#4975 = CARTESIAN_POINT('',(-0.122948303475,34.879318640132));
#4976 = CARTESIAN_POINT('',(-0.245873613025,34.905023318435));
#4977 = CARTESIAN_POINT('',(-0.370361657893,34.928640726031));
#4978 = CARTESIAN_POINT('',(-0.497375235453,34.949758176019));
#4979 = CARTESIAN_POINT('',(-0.627838057585,34.967930388992));
#4980 = CARTESIAN_POINT('',(-0.762597786916,34.982795306992));
#4981 = CARTESIAN_POINT('',(-0.936421458701,34.996601805536));
#4982 = CARTESIAN_POINT('',(-0.970121599721,34.999042928813));
#4983 = CARTESIAN_POINT('',(-1.004115193734,35.001265616066));
#4984 = CARTESIAN_POINT('',(-1.038402938247,35.003264077007));
#4985 = CARTESIAN_POINT('',(-1.072981350711,35.005032742209));
#4986 = CARTESIAN_POINT('',(-1.107842109949,35.006566482611));
#4987 = CARTESIAN_POINT('',(-1.202366390613,35.010049250767));
#4988 = CARTESIAN_POINT('',(-1.262560281933,35.011554525574));
#4989 = CARTESIAN_POINT('',(-1.323439839869,35.012351867269));
#4990 = CARTESIAN_POINT('',(-1.384876668,35.012427225442));
#4991 = CARTESIAN_POINT('',(-1.446720478261,35.011775757398));
#4992 = CARTESIAN_POINT('',(-1.508780685969,35.010403986858));
#4993 = CARTESIAN_POINT('',(-1.570796326795,35.008335649435));
#4994 = ( GEOMETRIC_REPRESENTATION_CONTEXT(2) 
PARAMETRIC_REPRESENTATION_CONTEXT() REPRESENTATION_CONTEXT('2D SPACE',''
  ) );
#4995 = ORIENTED_EDGE('',*,*,#4996,.T.);
#4996 = EDGE_CURVE('',#4918,#4997,#4999,.T.);
#4997 = VERTEX_POINT('',#4998);
#4998 = CARTESIAN_POINT('',(137.27050163763,-18.34904906002,
    16.227728716463));
#4999 = SURFACE_CURVE('',#5000,(#5005,#5016),.PCURVE_S1.);
#5000 = HYPERBOLA('',#5001,6.75,1.5);
#5001 = AXIS2_PLACEMENT_3D('',#5002,#5003,#5004);
#5002 = CARTESIAN_POINT('',(247.5,-1.06066017178,-1.06066017178));
#5003 = DIRECTION('',(0.,0.707106781187,0.707106781187));
#5004 = DIRECTION('',(-1.,0.,-0.));
#5005 = PCURVE('',#3078,#5006);
#5006 = DEFINITIONAL_REPRESENTATION('',(#5007),#5015);
#5007 = B_SPLINE_CURVE_WITH_KNOTS('',6,(#5008,#5009,#5010,#5011,#5012,
    #5013,#5014),.UNSPECIFIED.,.F.,.F.,(7,7),(2.993222846126,
    3.48768601452),.PIECEWISE_BEZIER_KNOTS.);
#5008 = CARTESIAN_POINT('',(-0.885565584559,-45.));
#5009 = CARTESIAN_POINT('',(-0.877324531752,-39.46517279253));
#5010 = CARTESIAN_POINT('',(-0.869894373327,-33.38023377783));
#5011 = CARTESIAN_POINT('',(-0.863176378999,-26.67752648457));
#5012 = CARTESIAN_POINT('',(-0.857087353449,-19.27816306319));
#5013 = CARTESIAN_POINT('',(-0.851556317807,-11.08935729233));
#5014 = CARTESIAN_POINT('',(-0.846522190527,-2.));
#5015 = ( GEOMETRIC_REPRESENTATION_CONTEXT(2) 
PARAMETRIC_REPRESENTATION_CONTEXT() REPRESENTATION_CONTEXT('2D SPACE',''
  ) );
#5016 = PCURVE('',#5017,#5022);
#5017 = PLANE('',#5018);
#5018 = AXIS2_PLACEMENT_3D('',#5019,#5020,#5021);
#5019 = CARTESIAN_POINT('',(162.58480056418,-23.18763756373,
    21.06631722017));
#5020 = DIRECTION('',(-0.,0.707106781187,0.707106781187));
#5021 = DIRECTION('',(-1.,-0.,0.));
#5022 = DEFINITIONAL_REPRESENTATION('',(#5023),#5027);
#5023 = ( BOUNDED_CURVE() B_SPLINE_CURVE(2,(#5024,#5025,#5026),
.UNSPECIFIED.,.F.,.F.) B_SPLINE_CURVE_WITH_KNOTS((3,3),(2.993222846126,
3.48768601452),.PIECEWISE_BEZIER_KNOTS.) CURVE() 
GEOMETRIC_REPRESENTATION_ITEM() RATIONAL_B_SPLINE_CURVE((1.,
1.030717715499,1.)) REPRESENTATION_ITEM('') );
#5024 = CARTESIAN_POINT('',(-17.41519943581,-16.36745996541));
#5025 = CARTESIAN_POINT('',(-1.14095385828,-12.73274169425));
#5026 = CARTESIAN_POINT('',(25.584800564187,-6.782573265166));
#5027 = ( GEOMETRIC_REPRESENTATION_CONTEXT(2) 
PARAMETRIC_REPRESENTATION_CONTEXT() REPRESENTATION_CONTEXT('2D SPACE',''
  ) );
#5028 = ORIENTED_EDGE('',*,*,#5029,.T.);
#5029 = EDGE_CURVE('',#4997,#5030,#5032,.T.);
#5030 = VERTEX_POINT('',#5031);
#5031 = CARTESIAN_POINT('',(136.30378147218,-18.16281949405,
    16.754386597037));
#5032 = SURFACE_CURVE('',#5033,(#5051,#5080),.PCURVE_S1.);
#5033 = B_SPLINE_CURVE_WITH_KNOTS('',6,(#5034,#5035,#5036,#5037,#5038,
    #5039,#5040,#5041,#5042,#5043,#5044,#5045,#5046,#5047,#5048,#5049,
    #5050),.UNSPECIFIED.,.F.,.F.,(7,5,5,7),(0.,1.,3.026381957737,
    3.989954344608),.UNSPECIFIED.);
#5034 = CARTESIAN_POINT('',(137.27050163763,-18.34904906002,
    16.227728716463));
#5035 = CARTESIAN_POINT('',(137.22515449367,-18.35618807386,
    16.23486773031));
#5036 = CARTESIAN_POINT('',(137.1798246904,-18.36205554044,
    16.243438669484));
#5037 = CARTESIAN_POINT('',(137.13457502167,-18.36663348498,
    16.25344044778));
#5038 = CARTESIAN_POINT('',(137.08947207171,-18.36989643658,
    16.264877541671));
#5039 = CARTESIAN_POINT('',(137.04458761231,-18.37181095831,
    16.277759866119));
#5040 = CARTESIAN_POINT('',(136.90964846686,-18.37339744551,
    16.321166609673));
#5041 = CARTESIAN_POINT('',(136.82058715158,-18.36874949583,
    16.35620512572));
#5042 = CARTESIAN_POINT('',(136.73334042366,-18.35806175108,
    16.397366437133));
#5043 = CARTESIAN_POINT('',(136.64879613538,-18.34079361602,
    16.444880223108));
#5044 = CARTESIAN_POINT('',(136.56818892766,-18.31632641485,
    16.498901875281));
#5045 = CARTESIAN_POINT('',(136.45764906868,-18.26842120383,
    16.588388070422));
#5046 = CARTESIAN_POINT('',(136.42333102295,-18.2511817513,
    16.618710108994));
#5047 = CARTESIAN_POINT('',(136.3905144591,-18.23206319944,
    16.65051723346));
#5048 = CARTESIAN_POINT('',(136.35945026984,-18.21099177196,
    16.683784445345));
#5049 = CARTESIAN_POINT('',(136.33043166859,-18.18791512403,
    16.718446863445));
#5050 = CARTESIAN_POINT('',(136.30378147218,-18.16281949405,
    16.754386597037));
#5051 = PCURVE('',#3078,#5052);
#5052 = DEFINITIONAL_REPRESENTATION('',(#5053),#5079);
#5053 = B_SPLINE_CURVE_WITH_KNOTS('',3,(#5054,#5055,#5056,#5057,#5058,
    #5059,#5060,#5061,#5062,#5063,#5064,#5065,#5066,#5067,#5068,#5069,
    #5070,#5071,#5072,#5073,#5074,#5075,#5076,#5077,#5078),
  .UNSPECIFIED.,.F.,.F.,(4,1,1,1,1,1,1,1,1,1,1,1,1,1,1,1,1,1,1,1,1,1,4),
  (0.,0.181361561119,0.362723122237,0.544084683356,0.725446244474,
    0.906807805593,1.088169366711,1.26953092783,1.450892488948,
    1.632254050067,1.813615611185,1.994977172304,2.176338733423,
    2.357700294541,2.53906185566,2.720423416778,2.901784977897,
    3.083146539015,3.264508100134,3.445869661252,3.627231222371,
    3.808592783489,3.989954344608),.QUASI_UNIFORM_KNOTS.);
#5054 = CARTESIAN_POINT('',(-0.846672375804,-2.270501637631));
#5055 = CARTESIAN_POINT('',(-0.846663208794,-2.254053322689));
#5056 = CARTESIAN_POINT('',(-0.846619215033,-2.221161860633));
#5057 = CARTESIAN_POINT('',(-0.846475790965,-2.171887754332));
#5058 = CARTESIAN_POINT('',(-0.846254537491,-2.122723630623));
#5059 = CARTESIAN_POINT('',(-0.845954854857,-2.073718791523));
#5060 = CARTESIAN_POINT('',(-0.845576015197,-2.02492482836));
#5061 = CARTESIAN_POINT('',(-0.845117113918,-1.976394181424));
#5062 = CARTESIAN_POINT('',(-0.844577288647,-1.928198166979));
#5063 = CARTESIAN_POINT('',(-0.843955297208,-1.880387165271));
#5064 = CARTESIAN_POINT('',(-0.843249775828,-1.833023717484));
#5065 = CARTESIAN_POINT('',(-0.842459236117,-1.786177790975));
#5066 = CARTESIAN_POINT('',(-0.841582092605,-1.739928203866));
#5067 = CARTESIAN_POINT('',(-0.840616676576,-1.694362500557));
#5068 = CARTESIAN_POINT('',(-0.839561245826,-1.649577285238));
#5069 = CARTESIAN_POINT('',(-0.838413996037,-1.605678693429));
#5070 = CARTESIAN_POINT('',(-0.837173041379,-1.562782273959));
#5071 = CARTESIAN_POINT('',(-0.835836488146,-1.521015511006));
#5072 = CARTESIAN_POINT('',(-0.834402138595,-1.480510794186));
#5073 = CARTESIAN_POINT('',(-0.83286877249,-1.441440459826));
#5074 = CARTESIAN_POINT('',(-0.831235146788,-1.403982580376));
#5075 = CARTESIAN_POINT('',(-0.829500521658,-1.368335328251));
#5076 = CARTESIAN_POINT('',(-0.827664818432,-1.334715764375));
#5077 = CARTESIAN_POINT('',(-0.826374397701,-1.313814891302));
#5078 = CARTESIAN_POINT('',(-0.825712665877,-1.303781472189));
#5079 = ( GEOMETRIC_REPRESENTATION_CONTEXT(2) 
PARAMETRIC_REPRESENTATION_CONTEXT() REPRESENTATION_CONTEXT('2D SPACE',''
  ) );
#5080 = PCURVE('',#5081,#5086);
#5081 = CYLINDRICAL_SURFACE('',#5082,1.);
#5082 = AXIS2_PLACEMENT_3D('',#5083,#5084,#5085);
#5083 = CARTESIAN_POINT('',(135.7273936525,-16.48533163123,
    15.778224850044));
#5084 = DIRECTION('',(0.686220426896,-0.514344984281,0.514344984281));
#5085 = DIRECTION('',(-0.727393652509,-0.485231117247,0.485231117247));
#5086 = DEFINITIONAL_REPRESENTATION('',(#5087),#5113);
#5087 = B_SPLINE_CURVE_WITH_KNOTS('',3,(#5088,#5089,#5090,#5091,#5092,
    #5093,#5094,#5095,#5096,#5097,#5098,#5099,#5100,#5101,#5102,#5103,
    #5104,#5105,#5106,#5107,#5108,#5109,#5110,#5111,#5112),
  .UNSPECIFIED.,.F.,.F.,(4,1,1,1,1,1,1,1,1,1,1,1,1,1,1,1,1,1,1,1,1,1,4),
  (0.,0.181361561119,0.362723122237,0.544084683356,0.725446244474,
    0.906807805593,1.088169366711,1.26953092783,1.450892488948,
    1.632254050067,1.813615611185,1.994977172304,2.176338733423,
    2.357700294541,2.53906185566,2.720423416778,2.901784977897,
    3.083146539015,3.264508100134,3.445869661252,3.627231222371,
    3.808592783489,3.989954344608),.QUASI_UNIFORM_KNOTS.);
#5088 = CARTESIAN_POINT('',(1.570796326795,2.248705991021));
#5089 = CARTESIAN_POINT('',(1.556318838497,2.240082562415));
#5090 = CARTESIAN_POINT('',(1.527342352886,2.222866521564));
#5091 = CARTESIAN_POINT('',(1.483770953911,2.197159864901));
#5092 = CARTESIAN_POINT('',(1.440050814824,2.171595273475));
#5093 = CARTESIAN_POINT('',(1.3961396072,2.146198440117));
#5094 = CARTESIAN_POINT('',(1.351994653522,2.120996085474));
#5095 = CARTESIAN_POINT('',(1.307570644743,2.09601520216));
#5096 = CARTESIAN_POINT('',(1.262835800593,2.071292274198));
#5097 = CARTESIAN_POINT('',(1.217734426252,2.04685281027));
#5098 = CARTESIAN_POINT('',(1.172215932525,2.022728407313));
#5099 = CARTESIAN_POINT('',(1.126229885436,1.998954242473));
#5100 = CARTESIAN_POINT('',(1.079726518407,1.975569761835));
#5101 = CARTESIAN_POINT('',(1.032655802218,1.95261856892));
#5102 = CARTESIAN_POINT('',(0.984966798252,1.93014855524));
#5103 = CARTESIAN_POINT('',(0.936607064375,1.908212100735));
#5104 = CARTESIAN_POINT('',(0.887521072297,1.886865990518));
#5105 = CARTESIAN_POINT('',(0.83765179583,1.866172634419));
#5106 = CARTESIAN_POINT('',(0.786929649524,1.846196596893));
#5107 = CARTESIAN_POINT('',(0.735315406069,1.827021814323));
#5108 = CARTESIAN_POINT('',(0.682759712756,1.80873459812));
#5109 = CARTESIAN_POINT('',(0.629219400706,1.791430646348));
#5110 = CARTESIAN_POINT('',(0.574660509294,1.77521446953));
#5111 = CARTESIAN_POINT('',(0.537595183606,1.765205672466));
#5112 = CARTESIAN_POINT('',(0.518885278146,1.760420462527));
#5113 = ( GEOMETRIC_REPRESENTATION_CONTEXT(2) 
PARAMETRIC_REPRESENTATION_CONTEXT() REPRESENTATION_CONTEXT('2D SPACE',''
  ) );
#5114 = ORIENTED_EDGE('',*,*,#5115,.F.);
#5115 = EDGE_CURVE('',#5116,#5030,#5118,.T.);
#5116 = VERTEX_POINT('',#5117);
#5117 = CARTESIAN_POINT('',(136.16797227237,-17.84412079412,
    17.137014012936));
#5118 = SURFACE_CURVE('',#5119,(#5134,#5152),.PCURVE_S1.);
#5119 = B_SPLINE_CURVE_WITH_KNOTS('',5,(#5120,#5121,#5122,#5123,#5124,
    #5125,#5126,#5127,#5128,#5129,#5130,#5131,#5132,#5133),
  .UNSPECIFIED.,.F.,.F.,(6,4,4,6),(0.,3.810443325703E-02,0.52401029909,
    1.),.UNSPECIFIED.);
#5120 = CARTESIAN_POINT('',(136.16797227237,-17.84412079412,
    17.137014012936));
#5121 = CARTESIAN_POINT('',(136.16791409954,-17.84695989,17.134076433336
    ));
#5122 = CARTESIAN_POINT('',(136.16787825842,-17.84979514671,
    17.131134469521));
#5123 = CARTESIAN_POINT('',(136.16786475615,-17.85262638339,
    17.128188306915));
#5124 = CARTESIAN_POINT('',(136.16787359439,-17.85545342034,
    17.125238132112));
#5125 = CARTESIAN_POINT('',(136.16830231042,-17.89427048438,
    17.084614879364));
#5126 = CARTESIAN_POINT('',(136.17233220334,-17.92955650436,
    17.046319979067));
#5127 = CARTESIAN_POINT('',(136.17998720015,-17.96375173274,
    17.007801035604));
#5128 = CARTESIAN_POINT('',(136.1911088907,-17.99654219191,
    16.969454248561));
#5129 = CARTESIAN_POINT('',(136.21947998123,-18.05820526584,
    16.894590180452));
#5130 = CARTESIAN_POINT('',(136.23660106931,-18.08714703761,
    16.858048013281));
#5131 = CARTESIAN_POINT('',(136.25656728404,-18.11430417786,
    16.822333491869));
#5132 = CARTESIAN_POINT('',(136.27906990032,-18.13954940423,
    16.78771195405));
#5133 = CARTESIAN_POINT('',(136.30378147218,-18.16281949405,
    16.754386597037));
#5134 = PCURVE('',#3078,#5135);
#5135 = DEFINITIONAL_REPRESENTATION('',(#5136),#5151);
#5136 = B_SPLINE_CURVE_WITH_KNOTS('',5,(#5137,#5138,#5139,#5140,#5141,
    #5142,#5143,#5144,#5145,#5146,#5147,#5148,#5149,#5150),
  .UNSPECIFIED.,.F.,.F.,(6,4,4,6),(0.,3.810443325703E-02,0.52401029909,
    1.),.UNSPECIFIED.);
#5137 = CARTESIAN_POINT('',(-0.805609357228,-1.167972272378));
#5138 = CARTESIAN_POINT('',(-0.805774483546,-1.16791409954));
#5139 = CARTESIAN_POINT('',(-0.805939629974,-1.167878258421));
#5140 = CARTESIAN_POINT('',(-0.806104786216,-1.167864756152));
#5141 = CARTESIAN_POINT('',(-0.806269941977,-1.16787359439));
#5142 = CARTESIAN_POINT('',(-0.80854100769,-1.168302310423));
#5143 = CARTESIAN_POINT('',(-0.810645384698,-1.172332203347));
#5144 = CARTESIAN_POINT('',(-0.812726168684,-1.17998720015));
#5145 = CARTESIAN_POINT('',(-0.81476336992,-1.1911088907));
#5146 = CARTESIAN_POINT('',(-0.81867667591,-1.219479981236));
#5147 = CARTESIAN_POINT('',(-0.820555402737,-1.236601069315));
#5148 = CARTESIAN_POINT('',(-0.822361196362,-1.256567284042));
#5149 = CARTESIAN_POINT('',(-0.824082854824,-1.279069900326));
#5150 = CARTESIAN_POINT('',(-0.825712665877,-1.303781472189));
#5151 = ( GEOMETRIC_REPRESENTATION_CONTEXT(2) 
PARAMETRIC_REPRESENTATION_CONTEXT() REPRESENTATION_CONTEXT('2D SPACE',''
  ) );
#5152 = PCURVE('',#5153,#5158);
#5153 = SPHERICAL_SURFACE('',#5154,1.);
#5154 = AXIS2_PLACEMENT_3D('',#5155,#5156,#5157);
#5155 = CARTESIAN_POINT('',(136.93543013382,-17.39079506635,
    16.683688285171));
#5156 = DIRECTION('',(0.,0.707106781187,0.707106781187));
#5157 = DIRECTION('',(-0.216930457819,0.690268489963,-0.690268489963));
#5158 = DEFINITIONAL_REPRESENTATION('',(#5159),#5174);
#5159 = B_SPLINE_CURVE_WITH_KNOTS('',5,(#5160,#5161,#5162,#5163,#5164,
    #5165,#5166,#5167,#5168,#5169,#5170,#5171,#5172,#5173),
  .UNSPECIFIED.,.F.,.F.,(6,4,4,6),(0.,3.810443325703E-02,0.52401029909,
    1.),.UNSPECIFIED.);
#5160 = CARTESIAN_POINT('',(2.048057302664,3.552713678801E-15));
#5161 = CARTESIAN_POINT('',(2.047966563478,-4.08472640821E-03));
#5162 = CARTESIAN_POINT('',(2.047885678514,-8.169838200795E-03));
#5163 = CARTESIAN_POINT('',(2.047814645364,-1.225521842648E-02));
#5164 = CARTESIAN_POINT('',(2.04775346348,-1.634075014535E-02));
#5165 = CARTESIAN_POINT('',(2.047047585349,-7.252525749007E-02));
#5166 = CARTESIAN_POINT('',(2.047995227574,-0.124634855627));
#5167 = CARTESIAN_POINT('',(2.050547921397,-0.176496189987));
#5168 = CARTESIAN_POINT('',(2.054756340978,-0.227895593926));
#5169 = CARTESIAN_POINT('',(2.066588442784,-0.328307112611));
#5170 = CARTESIAN_POINT('',(2.074141148168,-0.377351264113));
#5171 = CARTESIAN_POINT('',(2.083499599486,-0.42556732656));
#5172 = CARTESIAN_POINT('',(2.094835381715,-0.472800190056));
#5173 = CARTESIAN_POINT('',(2.108407562811,-0.518885278146));
#5174 = ( GEOMETRIC_REPRESENTATION_CONTEXT(2) 
PARAMETRIC_REPRESENTATION_CONTEXT() REPRESENTATION_CONTEXT('2D SPACE',''
  ) );
#5175 = ORIENTED_EDGE('',*,*,#5176,.T.);
#5176 = EDGE_CURVE('',#5116,#5177,#5179,.T.);
#5177 = VERTEX_POINT('',#5178);
#5178 = CARTESIAN_POINT('',(136.16797227237,-17.13701401293,
    17.844120794122));
#5179 = SURFACE_CURVE('',#5180,(#5186,#5195),.PCURVE_S1.);
#5180 = B_SPLINE_CURVE_WITH_KNOTS('',4,(#5181,#5182,#5183,#5184,#5185),
  .UNSPECIFIED.,.F.,.F.,(5,5),(0.,1.),.PIECEWISE_BEZIER_KNOTS.);
#5181 = CARTESIAN_POINT('',(136.16797226383,-17.84412121115,
    17.137013581438));
#5182 = CARTESIAN_POINT('',(136.17153194838,-17.6703928171,
    17.316768344167));
#5183 = CARTESIAN_POINT('',(136.17276504559,-17.49458030415,
    17.494577492953));
#5184 = CARTESIAN_POINT('',(136.17153193531,-17.3167676844,
    17.670393454743));
#5185 = CARTESIAN_POINT('',(136.16797226383,-17.13701358143,
    17.844121211153));
#5186 = PCURVE('',#3078,#5187);
#5187 = DEFINITIONAL_REPRESENTATION('',(#5188),#5194);
#5188 = B_SPLINE_CURVE_WITH_KNOTS('',4,(#5189,#5190,#5191,#5192,#5193),
  .UNSPECIFIED.,.F.,.F.,(5,5),(0.,1.),.PIECEWISE_BEZIER_KNOTS.);
#5189 = CARTESIAN_POINT('',(-0.805609381483,-1.167972263831));
#5190 = CARTESIAN_POINT('',(-0.795505062395,-1.171531948381));
#5191 = CARTESIAN_POINT('',(-0.785398245657,-1.172765045599));
#5192 = CARTESIAN_POINT('',(-0.775291227314,-1.171531935316));
#5193 = CARTESIAN_POINT('',(-0.765186945312,-1.167972263831));
#5194 = ( GEOMETRIC_REPRESENTATION_CONTEXT(2) 
PARAMETRIC_REPRESENTATION_CONTEXT() REPRESENTATION_CONTEXT('2D SPACE',''
  ) );
#5195 = PCURVE('',#5196,#5201);
#5196 = CYLINDRICAL_SURFACE('',#5197,1.);
#5197 = AXIS2_PLACEMENT_3D('',#5198,#5199,#5200);
#5198 = CARTESIAN_POINT('',(136.93543013382,-15.97658150398,
    18.097901847545));
#5199 = DIRECTION('',(0.,-0.707106781187,-0.707106781187));
#5200 = DIRECTION('',(-0.727393652509,-0.485231117247,0.485231117247));
#5201 = DEFINITIONAL_REPRESENTATION('',(#5202),#5208);
#5202 = B_SPLINE_CURVE_WITH_KNOTS('',4,(#5203,#5204,#5205,#5206,#5207),
  .UNSPECIFIED.,.F.,.F.,(5,5),(0.,1.),.PIECEWISE_BEZIER_KNOTS.);
#5203 = CARTESIAN_POINT('',(6.035027347625E-02,2.000000600001));
#5204 = CARTESIAN_POINT('',(5.47978043126E-02,1.750050262806));
#5205 = CARTESIAN_POINT('',(5.29236735251E-02,1.500001987822));
#5206 = CARTESIAN_POINT('',(5.479782469203E-02,1.249948819793));
#5207 = CARTESIAN_POINT('',(6.035027347625E-02,0.9999994));
#5208 = ( GEOMETRIC_REPRESENTATION_CONTEXT(2) 
PARAMETRIC_REPRESENTATION_CONTEXT() REPRESENTATION_CONTEXT('2D SPACE',''
  ) );
#5209 = ORIENTED_EDGE('',*,*,#5210,.F.);
#5210 = EDGE_CURVE('',#5211,#5177,#5213,.T.);
#5211 = VERTEX_POINT('',#5212);
#5212 = CARTESIAN_POINT('',(136.30378147218,-16.75438659703,
    18.162819494053));
#5213 = SURFACE_CURVE('',#5214,(#5229,#5247),.PCURVE_S1.);
#5214 = B_SPLINE_CURVE_WITH_KNOTS('',5,(#5215,#5216,#5217,#5218,#5219,
    #5220,#5221,#5222,#5223,#5224,#5225,#5226,#5227,#5228),
  .UNSPECIFIED.,.F.,.F.,(6,4,4,6),(0.,0.505906974893,0.956775808761,1.),
  .UNSPECIFIED.);
#5215 = CARTESIAN_POINT('',(136.30378147218,-16.75438659703,
    18.162819494053));
#5216 = CARTESIAN_POINT('',(136.27751667398,-16.78980659305,
    18.138086781108));
#5217 = CARTESIAN_POINT('',(136.25374712896,-16.82669102154,
    18.111122693461));
#5218 = CARTESIAN_POINT('',(136.2328660023,-16.86479583326,
    18.08200321845));
#5219 = CARTESIAN_POINT('',(136.21524303748,-16.90379733794,
    18.050886230363));
#5220 = CARTESIAN_POINT('',(136.18859149762,-16.978502042,
    17.988767329578));
#5221 = CARTESIAN_POINT('',(136.17883559088,-17.01410482628,
    17.958119265028));
#5222 = CARTESIAN_POINT('',(136.17207872473,-17.04981698212,
    17.926293014605));
#5223 = CARTESIAN_POINT('',(136.16844066435,-17.08532170773,
    17.893542551358));
#5224 = CARTESIAN_POINT('',(136.16788076448,-17.12365211888,
    17.856972363307));
#5225 = CARTESIAN_POINT('',(136.16786052342,-17.12700051189,
    17.853767407819));
#5226 = CARTESIAN_POINT('',(136.16786903012,-17.13034380665,
    17.850556986089));
#5227 = CARTESIAN_POINT('',(136.16790628324,-17.13368173056,
    17.847341360185));
#5228 = CARTESIAN_POINT('',(136.16797227237,-17.13701401293,
    17.844120794122));
#5229 = PCURVE('',#3078,#5230);
#5230 = DEFINITIONAL_REPRESENTATION('',(#5231),#5246);
#5231 = B_SPLINE_CURVE_WITH_KNOTS('',5,(#5232,#5233,#5234,#5235,#5236,
    #5237,#5238,#5239,#5240,#5241,#5242,#5243,#5244,#5245),
  .UNSPECIFIED.,.F.,.F.,(6,4,4,6),(0.,0.505906974893,0.956775808761,1.),
  .UNSPECIFIED.);
#5232 = CARTESIAN_POINT('',(-0.745083660918,-1.303781472189));
#5233 = CARTESIAN_POINT('',(-0.746815912457,-1.277516673987));
#5234 = CARTESIAN_POINT('',(-0.748651929977,-1.253747128961));
#5235 = CARTESIAN_POINT('',(-0.750582448588,-1.232866002305));
#5236 = CARTESIAN_POINT('',(-0.752593737959,-1.215243037489));
#5237 = CARTESIAN_POINT('',(-0.756514667984,-1.188591497622));
#5238 = CARTESIAN_POINT('',(-0.758411684993,-1.178835590883));
#5239 = CARTESIAN_POINT('',(-0.760344251918,-1.172078724733));
#5240 = CARTESIAN_POINT('',(-0.762296303246,-1.168440664352));
#5241 = CARTESIAN_POINT('',(-0.764437621503,-1.167880764488));
#5242 = CARTESIAN_POINT('',(-0.764624967278,-1.167860523426));
#5243 = CARTESIAN_POINT('',(-0.764812317232,-1.167869030126));
#5244 = CARTESIAN_POINT('',(-0.764999656338,-1.167906283246));
#5245 = CARTESIAN_POINT('',(-0.765186969567,-1.167972272376));
#5246 = ( GEOMETRIC_REPRESENTATION_CONTEXT(2) 
PARAMETRIC_REPRESENTATION_CONTEXT() REPRESENTATION_CONTEXT('2D SPACE',''
  ) );
#5247 = PCURVE('',#5248,#5253);
#5248 = SPHERICAL_SURFACE('',#5249,1.);
#5249 = AXIS2_PLACEMENT_3D('',#5250,#5251,#5252);
#5250 = CARTESIAN_POINT('',(136.93543013382,-16.68368828517,
    17.390795066358));
#5251 = DIRECTION('',(0.,-0.707106781187,-0.707106781187));
#5252 = DIRECTION('',(-0.216930457819,0.690268489963,-0.690268489963));
#5253 = DEFINITIONAL_REPRESENTATION('',(#5254),#5269);
#5254 = B_SPLINE_CURVE_WITH_KNOTS('',5,(#5255,#5256,#5257,#5258,#5259,
    #5260,#5261,#5262,#5263,#5264,#5265,#5266,#5267,#5268),
  .UNSPECIFIED.,.F.,.F.,(6,4,4,6),(0.,0.505906974893,0.956775808761,1.),
  .UNSPECIFIED.);
#5255 = CARTESIAN_POINT('',(-2.108407562811,-0.518885278146));
#5256 = CARTESIAN_POINT('',(-2.093982312988,-0.469903548231));
#5257 = CARTESIAN_POINT('',(-2.082083350129,-0.419624916717));
#5258 = CARTESIAN_POINT('',(-2.072399746511,-0.368247323907));
#5259 = CARTESIAN_POINT('',(-2.064732113204,-0.315956407149));
#5260 = CARTESIAN_POINT('',(-2.053815932942,-0.215762869462));
#5261 = CARTESIAN_POINT('',(-2.050177092303,-0.167998625602));
#5262 = CARTESIAN_POINT('',(-2.047959590259,-0.119857769282));
#5263 = CARTESIAN_POINT('',(-2.04712473481,-7.151348949213E-02));
#5264 = CARTESIAN_POINT('',(-2.047721648182,-1.853654689508E-02));
#5265 = CARTESIAN_POINT('',(-2.0477865462,-1.390200772952E-02));
#5266 = CARTESIAN_POINT('',(-2.047864120482,-9.26762305438E-03));
#5267 = CARTESIAN_POINT('',(-2.047954371464,-4.633563562116E-03));
#5268 = CARTESIAN_POINT('',(-2.048057302664,0.));
#5269 = ( GEOMETRIC_REPRESENTATION_CONTEXT(2) 
PARAMETRIC_REPRESENTATION_CONTEXT() REPRESENTATION_CONTEXT('2D SPACE',''
  ) );
#5270 = ORIENTED_EDGE('',*,*,#5271,.T.);
#5271 = EDGE_CURVE('',#5211,#5272,#5274,.T.);
#5272 = VERTEX_POINT('',#5273);
#5273 = CARTESIAN_POINT('',(137.27050163763,-16.22772871646,
    18.349049060022));
#5274 = SURFACE_CURVE('',#5275,(#5293,#5322),.PCURVE_S1.);
#5275 = B_SPLINE_CURVE_WITH_KNOTS('',6,(#5276,#5277,#5278,#5279,#5280,
    #5281,#5282,#5283,#5284,#5285,#5286,#5287,#5288,#5289,#5290,#5291,
    #5292),.UNSPECIFIED.,.F.,.F.,(7,5,5,7),(2.535500807489E-06,
    0.322271651574,1.,1.334452419413),.UNSPECIFIED.);
#5276 = CARTESIAN_POINT('',(136.30378147218,-16.75438659703,
    18.162819494053));
#5277 = CARTESIAN_POINT('',(136.33043166859,-16.71844686344,
    18.187915124039));
#5278 = CARTESIAN_POINT('',(136.35945026984,-16.68378444534,
    18.210991771965));
#5279 = CARTESIAN_POINT('',(136.3905144591,-16.65051723346,
    18.232063199442));
#5280 = CARTESIAN_POINT('',(136.42333102295,-16.61871010899,
    18.251181751303));
#5281 = CARTESIAN_POINT('',(136.45764906868,-16.58838807042,
    18.268421203831));
#5282 = CARTESIAN_POINT('',(136.56818892766,-16.49890187528,
    18.316326414854));
#5283 = CARTESIAN_POINT('',(136.64879613538,-16.4448802231,
    18.340793616029));
#5284 = CARTESIAN_POINT('',(136.73334042366,-16.39736643713,
    18.358061751081));
#5285 = CARTESIAN_POINT('',(136.82058715159,-16.35620512571,
    18.368749495837));
#5286 = CARTESIAN_POINT('',(136.90964846686,-16.32116660967,
    18.37339744551));
#5287 = CARTESIAN_POINT('',(137.04458761231,-16.27775986611,
    18.371810958318));
#5288 = CARTESIAN_POINT('',(137.08947207171,-16.26487754167,
    18.369896436581));
#5289 = CARTESIAN_POINT('',(137.13457502167,-16.25344044778,
    18.366633484984));
#5290 = CARTESIAN_POINT('',(137.1798246904,-16.24343866948,
    18.362055540444));
#5291 = CARTESIAN_POINT('',(137.22515449367,-16.23486773031,
    18.356188073869));
#5292 = CARTESIAN_POINT('',(137.27050163763,-16.22772871646,
    18.349049060022));
#5293 = PCURVE('',#3078,#5294);
#5294 = DEFINITIONAL_REPRESENTATION('',(#5295),#5321);
#5295 = B_SPLINE_CURVE_WITH_KNOTS('',3,(#5296,#5297,#5298,#5299,#5300,
    #5301,#5302,#5303,#5304,#5305,#5306,#5307,#5308,#5309,#5310,#5311,
    #5312,#5313,#5314,#5315,#5316,#5317,#5318,#5319,#5320),
  .UNSPECIFIED.,.F.,.F.,(4,1,1,1,1,1,1,1,1,1,1,1,1,1,1,1,1,1,1,1,1,1,4),
  (2.535500807489E-06,6.065934840593E-02,0.121316161311,0.181972974216,
    0.242629787121,0.303286600026,0.363943412932,0.424600225837,
    0.485257038742,0.545913851647,0.606570664552,0.667227477457,
    0.727884290362,0.788541103267,0.849197916172,0.909854729078,
    0.970511541983,1.031168354888,1.091825167793,1.152481980698,
    1.213138793603,1.273795606508,1.334452419413),
  .QUASI_UNIFORM_KNOTS.);
#5296 = CARTESIAN_POINT('',(-0.745083660918,-1.303781472189));
#5297 = CARTESIAN_POINT('',(-0.744421929094,-1.313814891302));
#5298 = CARTESIAN_POINT('',(-0.743131508363,-1.334715764375));
#5299 = CARTESIAN_POINT('',(-0.741295805136,-1.368335328251));
#5300 = CARTESIAN_POINT('',(-0.739561180007,-1.403982580375));
#5301 = CARTESIAN_POINT('',(-0.737927554305,-1.441440459825));
#5302 = CARTESIAN_POINT('',(-0.736394188199,-1.480510794185));
#5303 = CARTESIAN_POINT('',(-0.734959838649,-1.521015511005));
#5304 = CARTESIAN_POINT('',(-0.733623285416,-1.562782273957));
#5305 = CARTESIAN_POINT('',(-0.732382330758,-1.605678693427));
#5306 = CARTESIAN_POINT('',(-0.731235080969,-1.649577285236));
#5307 = CARTESIAN_POINT('',(-0.730179650219,-1.694362500555));
#5308 = CARTESIAN_POINT('',(-0.72921423419,-1.739928203864));
#5309 = CARTESIAN_POINT('',(-0.728337090678,-1.786177790973));
#5310 = CARTESIAN_POINT('',(-0.727546550967,-1.833023717482));
#5311 = CARTESIAN_POINT('',(-0.726841029587,-1.880387165269));
#5312 = CARTESIAN_POINT('',(-0.726219038148,-1.928198166977));
#5313 = CARTESIAN_POINT('',(-0.725679212877,-1.976394181421));
#5314 = CARTESIAN_POINT('',(-0.725220311598,-2.024924828358));
#5315 = CARTESIAN_POINT('',(-0.724841471938,-2.073718791521));
#5316 = CARTESIAN_POINT('',(-0.724541789304,-2.122723630622));
#5317 = CARTESIAN_POINT('',(-0.72432053583,-2.171887754331));
#5318 = CARTESIAN_POINT('',(-0.724177111762,-2.221161860633));
#5319 = CARTESIAN_POINT('',(-0.724133118001,-2.254053322689));
#5320 = CARTESIAN_POINT('',(-0.724123950991,-2.270501637631));
#5321 = ( GEOMETRIC_REPRESENTATION_CONTEXT(2) 
PARAMETRIC_REPRESENTATION_CONTEXT() REPRESENTATION_CONTEXT('2D SPACE',''
  ) );
#5322 = PCURVE('',#5323,#5328);
#5323 = CYLINDRICAL_SURFACE('',#5324,1.);
#5324 = AXIS2_PLACEMENT_3D('',#5325,#5326,#5327);
#5325 = CARTESIAN_POINT('',(135.7273936525,-15.77822485004,
    16.48533163123));
#5326 = DIRECTION('',(0.686220426896,-0.514344984281,0.514344984281));
#5327 = DIRECTION('',(-0.727393652509,-0.485231117247,0.485231117247));
#5328 = DEFINITIONAL_REPRESENTATION('',(#5329),#5355);
#5329 = B_SPLINE_CURVE_WITH_KNOTS('',3,(#5330,#5331,#5332,#5333,#5334,
    #5335,#5336,#5337,#5338,#5339,#5340,#5341,#5342,#5343,#5344,#5345,
    #5346,#5347,#5348,#5349,#5350,#5351,#5352,#5353,#5354),
  .UNSPECIFIED.,.F.,.F.,(4,1,1,1,1,1,1,1,1,1,1,1,1,1,1,1,1,1,1,1,1,1,4),
  (2.535500807489E-06,6.065934840593E-02,0.121316161311,0.181972974216,
    0.242629787121,0.303286600026,0.363943412932,0.424600225837,
    0.485257038742,0.545913851647,0.606570664552,0.667227477457,
    0.727884290362,0.788541103267,0.849197916172,0.909854729078,
    0.970511541983,1.031168354888,1.091825167793,1.152481980698,
    1.213138793603,1.273795606508,1.334452419413),
  .QUASI_UNIFORM_KNOTS.);
#5330 = CARTESIAN_POINT('',(-0.518885278146,1.760420462527));
#5331 = CARTESIAN_POINT('',(-0.537595183606,1.765205672466));
#5332 = CARTESIAN_POINT('',(-0.574660509293,1.77521446953));
#5333 = CARTESIAN_POINT('',(-0.629219400705,1.791430646347));
#5334 = CARTESIAN_POINT('',(-0.682759712755,1.80873459812));
#5335 = CARTESIAN_POINT('',(-0.735315406067,1.827021814322));
#5336 = CARTESIAN_POINT('',(-0.786929649522,1.846196596893));
#5337 = CARTESIAN_POINT('',(-0.837651795829,1.866172634418));
#5338 = CARTESIAN_POINT('',(-0.887521072296,1.886865990517));
#5339 = CARTESIAN_POINT('',(-0.936607064373,1.908212100734));
#5340 = CARTESIAN_POINT('',(-0.98496679825,1.930148555239));
#5341 = CARTESIAN_POINT('',(-1.032655802216,1.952618568919));
#5342 = CARTESIAN_POINT('',(-1.079726518405,1.975569761834));
#5343 = CARTESIAN_POINT('',(-1.126229885434,1.998954242472));
#5344 = CARTESIAN_POINT('',(-1.172215932524,2.022728407312));
#5345 = CARTESIAN_POINT('',(-1.217734426251,2.046852810269));
#5346 = CARTESIAN_POINT('',(-1.26283580059,2.071292274197));
#5347 = CARTESIAN_POINT('',(-1.307570644741,2.096015202159));
#5348 = CARTESIAN_POINT('',(-1.35199465352,2.120996085473));
#5349 = CARTESIAN_POINT('',(-1.396139607199,2.146198440116));
#5350 = CARTESIAN_POINT('',(-1.440050814823,2.171595273474));
#5351 = CARTESIAN_POINT('',(-1.48377095391,2.197159864901));
#5352 = CARTESIAN_POINT('',(-1.527342352886,2.222866521564));
#5353 = CARTESIAN_POINT('',(-1.556318838496,2.240082562415));
#5354 = CARTESIAN_POINT('',(-1.570796326795,2.248705991021));
#5355 = ( GEOMETRIC_REPRESENTATION_CONTEXT(2) 
PARAMETRIC_REPRESENTATION_CONTEXT() REPRESENTATION_CONTEXT('2D SPACE',''
  ) );
#5356 = ORIENTED_EDGE('',*,*,#5357,.F.);
#5357 = EDGE_CURVE('',#5358,#5272,#5360,.T.);
#5358 = VERTEX_POINT('',#5359);
#5359 = CARTESIAN_POINT('',(179.,-9.650690102175,11.772010445735));
#5360 = SURFACE_CURVE('',#5361,(#5366,#5377),.PCURVE_S1.);
#5361 = HYPERBOLA('',#5362,6.75,1.5);
#5362 = AXIS2_PLACEMENT_3D('',#5363,#5364,#5365);
#5363 = CARTESIAN_POINT('',(247.5,1.06066017178,1.06066017178));
#5364 = DIRECTION('',(0.,0.707106781187,0.707106781187));
#5365 = DIRECTION('',(-1.,0.,-0.));
#5366 = PCURVE('',#3078,#5367);
#5367 = DEFINITIONAL_REPRESENTATION('',(#5368),#5376);
#5368 = B_SPLINE_CURVE_WITH_KNOTS('',6,(#5369,#5370,#5371,#5372,#5373,
    #5374,#5375),.UNSPECIFIED.,.F.,.F.,(7,7),(2.993222846126,
    3.48768601452),.PIECEWISE_BEZIER_KNOTS.);
#5369 = CARTESIAN_POINT('',(-0.685230742236,-45.));
#5370 = CARTESIAN_POINT('',(-0.693471795042,-39.46517279253));
#5371 = CARTESIAN_POINT('',(-0.700901953468,-33.38023377783));
#5372 = CARTESIAN_POINT('',(-0.707619947796,-26.67752648457));
#5373 = CARTESIAN_POINT('',(-0.713708973346,-19.27816306319));
#5374 = CARTESIAN_POINT('',(-0.719240008988,-11.08935729233));
#5375 = CARTESIAN_POINT('',(-0.724274136268,-2.));
#5376 = ( GEOMETRIC_REPRESENTATION_CONTEXT(2) 
PARAMETRIC_REPRESENTATION_CONTEXT() REPRESENTATION_CONTEXT('2D SPACE',''
  ) );
#5377 = PCURVE('',#5378,#5383);
#5378 = PLANE('',#5379);
#5379 = AXIS2_PLACEMENT_3D('',#5380,#5381,#5382);
#5380 = CARTESIAN_POINT('',(162.58480056418,-21.06631722017,
    23.18763756373));
#5381 = DIRECTION('',(-0.,0.707106781187,0.707106781187));
#5382 = DIRECTION('',(-1.,-0.,0.));
#5383 = DEFINITIONAL_REPRESENTATION('',(#5384),#5388);
#5384 = ( BOUNDED_CURVE() B_SPLINE_CURVE(2,(#5385,#5386,#5387),
.UNSPECIFIED.,.F.,.F.) B_SPLINE_CURVE_WITH_KNOTS((3,3),(2.993222846126,
3.48768601452),.PIECEWISE_BEZIER_KNOTS.) CURVE() 
GEOMETRIC_REPRESENTATION_ITEM() RATIONAL_B_SPLINE_CURVE((1.,
1.030717715499,1.)) REPRESENTATION_ITEM('') );
#5385 = CARTESIAN_POINT('',(-17.41519943581,-16.36745996541));
#5386 = CARTESIAN_POINT('',(-1.14095385828,-12.73274169425));
#5387 = CARTESIAN_POINT('',(25.584800564187,-6.782573265166));
#5388 = ( GEOMETRIC_REPRESENTATION_CONTEXT(2) 
PARAMETRIC_REPRESENTATION_CONTEXT() REPRESENTATION_CONTEXT('2D SPACE',''
  ) );
#5389 = ORIENTED_EDGE('',*,*,#5390,.F.);
#5390 = EDGE_CURVE('',#3069,#5358,#5391,.T.);
#5391 = SURFACE_CURVE('',#5392,(#5413,#5437),.PCURVE_S1.);
#5392 = B_SPLINE_CURVE_WITH_KNOTS('',7,(#5393,#5394,#5395,#5396,#5397,
    #5398,#5399,#5400,#5401,#5402,#5403,#5404,#5405,#5406,#5407,#5408,
    #5409,#5410,#5411,#5412),.UNSPECIFIED.,.F.,.F.,(8,6,6,8),(0.,
    0.246203817813,0.391320275475,1.),.UNSPECIFIED.);
#5393 = CARTESIAN_POINT('',(180.,-10.24715413296,10.95426091415));
#5394 = CARTESIAN_POINT('',(180.,-10.20166680751,10.996811994375));
#5395 = CARTESIAN_POINT('',(179.99547866359,-10.15664490995,
    11.039890344689));
#5396 = CARTESIAN_POINT('',(179.98642489501,-10.1125707829,
    11.083047471783));
#5397 = CARTESIAN_POINT('',(179.97298442322,-10.06986381729,
    11.125873164983));
#5398 = CARTESIAN_POINT('',(179.95541046154,-10.02887726063,
    11.168007154055));
#5399 = CARTESIAN_POINT('',(179.93402835304,-9.98989700593,
    11.209143361491));
#5400 = CARTESIAN_POINT('',(179.89458834529,-9.931478587381,
    11.272534654277));
#5401 = CARTESIAN_POINT('',(179.87876535254,-9.910581007087,
    11.295614939933));
#5402 = CARTESIAN_POINT('',(179.8618167739,-9.890489158611,
    11.318221716733));
#5403 = CARTESIAN_POINT('',(179.8438158551,-9.871233106774,
    11.340317641473));
#5404 = CARTESIAN_POINT('',(179.82483559538,-9.852834737586,
    11.361872932616));
#5405 = CARTESIAN_POINT('',(179.80494680554,-9.835309052835,
    11.38286438564));
#5406 = CARTESIAN_POINT('',(179.69726310636,-9.74885522534,
    11.488882561623));
#5407 = CARTESIAN_POINT('',(179.59583645226,-9.694832716493,
    11.563931087945));
#5408 = CARTESIAN_POINT('',(179.4844777909,-9.656604382786,
    11.627843944137));
#5409 = CARTESIAN_POINT('',(179.36674018789,-9.633765969331,
    11.680515664973));
#5410 = CARTESIAN_POINT('',(179.24547830581,-9.625587887979,
    11.722049790726));
#5411 = CARTESIAN_POINT('',(179.12274870889,-9.631307670595,
    11.752628014155));
#5412 = CARTESIAN_POINT('',(179.,-9.650690102175,11.772010445735));
#5413 = PCURVE('',#3078,#5414);
#5414 = DEFINITIONAL_REPRESENTATION('',(#5415),#5436);
#5415 = B_SPLINE_CURVE_WITH_KNOTS('',7,(#5416,#5417,#5418,#5419,#5420,
    #5421,#5422,#5423,#5424,#5425,#5426,#5427,#5428,#5429,#5430,#5431,
    #5432,#5433,#5434,#5435),.UNSPECIFIED.,.F.,.F.,(8,6,6,8),(0.,
    0.246203817813,0.391320275475,1.),.UNSPECIFIED.);
#5416 = CARTESIAN_POINT('',(-0.752058654136,-45.));
#5417 = CARTESIAN_POINT('',(-0.747906176319,-45.));
#5418 = CARTESIAN_POINT('',(-0.74375234464,-44.99547866359));
#5419 = CARTESIAN_POINT('',(-0.739642119604,-44.98642489501));
#5420 = CARTESIAN_POINT('',(-0.735615657903,-44.97298442322));
#5421 = CARTESIAN_POINT('',(-0.731707440581,-44.95541046154));
#5422 = CARTESIAN_POINT('',(-0.7279459269,-44.93402835304));
#5423 = CARTESIAN_POINT('',(-0.722236438067,-44.89458834529));
#5424 = CARTESIAN_POINT('',(-0.720177280126,-44.87876535254));
#5425 = CARTESIAN_POINT('',(-0.71818034572,-44.8618167739));
#5426 = CARTESIAN_POINT('',(-0.716248838856,-44.8438158551));
#5427 = CARTESIAN_POINT('',(-0.714385193359,-44.82483559538));
#5428 = CARTESIAN_POINT('',(-0.712591184311,-44.80494680554));
#5429 = CARTESIAN_POINT('',(-0.703640442226,-44.69726310636));
#5430 = CARTESIAN_POINT('',(-0.697687426309,-44.59583645226));
#5431 = CARTESIAN_POINT('',(-0.69303328479,-44.4844777909));
#5432 = CARTESIAN_POINT('',(-0.689655183714,-44.36674018789));
#5433 = CARTESIAN_POINT('',(-0.687502618568,-44.24547830581));
#5434 = CARTESIAN_POINT('',(-0.686520400282,-44.12274870889));
#5435 = CARTESIAN_POINT('',(-0.68669784309,-44.));
#5436 = ( GEOMETRIC_REPRESENTATION_CONTEXT(2) 
PARAMETRIC_REPRESENTATION_CONTEXT() REPRESENTATION_CONTEXT('2D SPACE',''
  ) );
#5437 = PCURVE('',#5438,#5443);
#5438 = CYLINDRICAL_SURFACE('',#5439,1.);
#5439 = AXIS2_PLACEMENT_3D('',#5440,#5441,#5442);
#5440 = CARTESIAN_POINT('',(179.,-35.00178566873,35.708892449921));
#5441 = DIRECTION('',(0.,0.707106781187,-0.707106781187));
#5442 = DIRECTION('',(1.,0.,0.));
#5443 = DEFINITIONAL_REPRESENTATION('',(#5444),#5465);
#5444 = B_SPLINE_CURVE_WITH_KNOTS('',7,(#5445,#5446,#5447,#5448,#5449,
    #5450,#5451,#5452,#5453,#5454,#5455,#5456,#5457,#5458,#5459,#5460,
    #5461,#5462,#5463,#5464),.UNSPECIFIED.,.F.,.F.,(8,6,6,8),(0.,
    0.246203817813,0.391320275475,1.),.UNSPECIFIED.);
#5445 = CARTESIAN_POINT('',(-1.7763568394E-15,35.008335649435));
#5446 = CARTESIAN_POINT('',(-6.225255365552E-02,35.010411888344));
#5447 = CARTESIAN_POINT('',(-0.124548717687,35.011786183782));
#5448 = CARTESIAN_POINT('',(-0.186625004262,35.012434600666));
#5449 = CARTESIAN_POINT('',(-0.248289686842,35.012350647582));
#5450 = CARTESIAN_POINT('',(-0.309391646945,35.011539290347));
#5451 = CARTESIAN_POINT('',(-0.369801302669,35.010014801549));
#5452 = CARTESIAN_POINT('',(-0.464534174995,35.006498448455));
#5453 = CARTESIAN_POINT('',(-0.499395560159,35.004955042692));
#5454 = CARTESIAN_POINT('',(-0.533974102944,35.00317671982));
#5455 = CARTESIAN_POINT('',(-0.5682616117,35.001168626432));
#5456 = CARTESIAN_POINT('',(-0.602254719866,34.99893634551));
#5457 = CARTESIAN_POINT('',(-0.635954231179,34.996485677262));
#5458 = CARTESIAN_POINT('',(-0.809501098428,34.982651593777));
#5459 = CARTESIAN_POINT('',(-0.944008340946,34.967783954239));
#5460 = CARTESIAN_POINT('',(-1.07423801696,34.949622254218));
#5461 = CARTESIAN_POINT('',(-1.201034560604,34.928526920263));
#5462 = CARTESIAN_POINT('',(-1.325318350696,34.904940635074));
#5463 = CARTESIAN_POINT('',(-1.448047617896,34.879274068856));
#5464 = CARTESIAN_POINT('',(-1.570796326795,34.851863171244));
#5465 = ( GEOMETRIC_REPRESENTATION_CONTEXT(2) 
PARAMETRIC_REPRESENTATION_CONTEXT() REPRESENTATION_CONTEXT('2D SPACE',''
  ) );
#5466 = FACE_BOUND('',#5467,.T.);
#5467 = EDGE_LOOP('',(#5468,#5531,#5563,#5624));
#5468 = ORIENTED_EDGE('',*,*,#5469,.T.);
#5469 = EDGE_CURVE('',#5470,#5472,#5474,.T.);
#5470 = VERTEX_POINT('',#5471);
#5471 = CARTESIAN_POINT('',(177.57794659413,1.5,-15.46566256717));
#5472 = VERTEX_POINT('',#5473);
#5473 = CARTESIAN_POINT('',(177.57794659413,-1.5,-15.46566256717));
#5474 = SURFACE_CURVE('',#5475,(#5490,#5508),.PCURVE_S1.);
#5475 = B_SPLINE_CURVE_WITH_KNOTS('',4,(#5476,#5477,#5478,#5479,#5480,
    #5481,#5482,#5483,#5484,#5485,#5486,#5487,#5488,#5489),
  .UNSPECIFIED.,.F.,.F.,(5,3,3,3,5),(0.,0.236202990226,0.499999999873,
    0.764740141619,1.),.UNSPECIFIED.);
#5476 = CARTESIAN_POINT('',(177.57794656356,1.5000006,-15.4656625158));
#5477 = CARTESIAN_POINT('',(177.58695258952,1.323255186559,
    -15.48079416312));
#5478 = CARTESIAN_POINT('',(177.5944020429,1.146312699764,
    -15.49357983627));
#5479 = CARTESIAN_POINT('',(177.60039370283,0.96922520874,
    -15.50399263254));
#5480 = CARTESIAN_POINT('',(177.61009935544,0.594151721734,
    -15.52098413126));
#5481 = CARTESIAN_POINT('',(177.61346556374,0.396141424006,
    -15.52697271703));
#5482 = CARTESIAN_POINT('',(177.61514872126,0.198070807914,
    -15.52996695082));
#5483 = CARTESIAN_POINT('',(177.61514872126,-0.198778954442,
    -15.52996695082));
#5484 = CARTESIAN_POINT('',(177.61345350663,-0.397557713861,
    -15.526951269));
#5485 = CARTESIAN_POINT('',(177.61006318642,-0.596275509617,
    -15.52091978462));
#5486 = CARTESIAN_POINT('',(177.60032186152,-0.97134647284,
    -15.5038677872));
#5487 = CARTESIAN_POINT('',(177.59434252799,-1.147725718062,
    -15.49347769597));
#5488 = CARTESIAN_POINT('',(177.58691662947,-1.323960911069,
    -15.48073374416));
#5489 = CARTESIAN_POINT('',(177.57794656356,-1.5000006,-15.4656625158));
#5490 = PCURVE('',#3078,#5491);
#5491 = DEFINITIONAL_REPRESENTATION('',(#5492),#5507);
#5492 = B_SPLINE_CURVE_WITH_KNOTS('',4,(#5493,#5494,#5495,#5496,#5497,
    #5498,#5499,#5500,#5501,#5502,#5503,#5504,#5505,#5506),
  .UNSPECIFIED.,.F.,.F.,(5,3,3,3,5),(0.,0.236202990226,0.499999999873,
    0.764740141619,1.),.UNSPECIFIED.);
#5493 = CARTESIAN_POINT('',(-3.2382793312,-42.57794656356));
#5494 = CARTESIAN_POINT('',(-3.226863576344,-42.58695258952));
#5495 = CARTESIAN_POINT('',(-3.215445854433,-42.5944020429));
#5496 = CARTESIAN_POINT('',(-3.204027207736,-42.60039370283));
#5497 = CARTESIAN_POINT('',(-3.179854758508,-42.61009935544));
#5498 = CARTESIAN_POINT('',(-3.167100844043,-42.61346556374));
#5499 = CARTESIAN_POINT('',(-3.154346757223,-42.61514872126));
#5500 = CARTESIAN_POINT('',(-3.128792951242,-42.61514872126));
#5501 = CARTESIAN_POINT('',(-3.115993265993,-42.61345350663));
#5502 = CARTESIAN_POINT('',(-3.103193754539,-42.61006318642));
#5503 = CARTESIAN_POINT('',(-3.079021319354,-42.60032186152));
#5504 = CARTESIAN_POINT('',(-3.067648273548,-42.59434252799));
#5505 = CARTESIAN_POINT('',(-3.056276149013,-42.58691662947));
#5506 = CARTESIAN_POINT('',(-3.04490597598,-42.57794656356));
#5507 = ( GEOMETRIC_REPRESENTATION_CONTEXT(2) 
PARAMETRIC_REPRESENTATION_CONTEXT() REPRESENTATION_CONTEXT('2D SPACE',''
  ) );
#5508 = PCURVE('',#5509,#5514);
#5509 = CYLINDRICAL_SURFACE('',#5510,3.);
#5510 = AXIS2_PLACEMENT_3D('',#5511,#5512,#5513);
#5511 = CARTESIAN_POINT('',(175.,-1.5,-17.));
#5512 = DIRECTION('',(0.,1.,0.));
#5513 = DIRECTION('',(0.,-0.,1.));
#5514 = DEFINITIONAL_REPRESENTATION('',(#5515),#5530);
#5515 = B_SPLINE_CURVE_WITH_KNOTS('',4,(#5516,#5517,#5518,#5519,#5520,
    #5521,#5522,#5523,#5524,#5525,#5526,#5527,#5528,#5529),
  .UNSPECIFIED.,.F.,.F.,(5,3,3,3,5),(0.,0.236202990226,0.499999999873,
    0.764740141619,1.),.UNSPECIFIED.);
#5516 = CARTESIAN_POINT('',(1.033929842773,3.0000006));
#5517 = CARTESIAN_POINT('',(1.039799494042,2.823255186559));
#5518 = CARTESIAN_POINT('',(1.044731824846,2.646312699764));
#5519 = CARTESIAN_POINT('',(1.048736357064,2.46922520874));
#5520 = CARTESIAN_POINT('',(1.055259058628,2.094151721734));
#5521 = CARTESIAN_POINT('',(1.057548962132,1.896141424006));
#5522 = CARTESIAN_POINT('',(1.058693936318,1.698070807914));
#5523 = CARTESIAN_POINT('',(1.058693936318,1.301221045558));
#5524 = CARTESIAN_POINT('',(1.057540760313,1.102442286139));
#5525 = CARTESIAN_POINT('',(1.055234454141,0.903724490383));
#5526 = CARTESIAN_POINT('',(1.048688343957,0.52865352716));
#5527 = CARTESIAN_POINT('',(1.044692421252,0.352274281938));
#5528 = CARTESIAN_POINT('',(1.039776057186,0.176039088931));
#5529 = CARTESIAN_POINT('',(1.033929842773,-6.E-07));
#5530 = ( GEOMETRIC_REPRESENTATION_CONTEXT(2) 
PARAMETRIC_REPRESENTATION_CONTEXT() REPRESENTATION_CONTEXT('2D SPACE',''
  ) );
#5531 = ORIENTED_EDGE('',*,*,#5532,.T.);
#5532 = EDGE_CURVE('',#5472,#5533,#5535,.T.);
#5533 = VERTEX_POINT('',#5534);
#5534 = CARTESIAN_POINT('',(179.58971658592,-1.5,-15.01644217102));
#5535 = SURFACE_CURVE('',#5536,(#5541,#5551),.PCURVE_S1.);
#5536 = HYPERBOLA('',#5537,6.75,1.5);
#5537 = AXIS2_PLACEMENT_3D('',#5538,#5539,#5540);
#5538 = CARTESIAN_POINT('',(247.5,-1.5,0.));
#5539 = DIRECTION('',(0.,1.,0.));
#5540 = DIRECTION('',(-1.,0.,0.));
#5541 = PCURVE('',#3078,#5542);
#5542 = DEFINITIONAL_REPRESENTATION('',(#5543),#5550);
#5543 = B_SPLINE_CURVE_WITH_KNOTS('',5,(#5544,#5545,#5546,#5547,#5548,
    #5549),.UNSPECIFIED.,.F.,.F.,(6,6),(-3.144849701875,-2.993222846126)
  ,.PIECEWISE_BEZIER_KNOTS.);
#5544 = CARTESIAN_POINT('',(-3.055499076093,-34.));
#5545 = CARTESIAN_POINT('',(-3.052891480484,-36.3717246721));
#5546 = CARTESIAN_POINT('',(-3.050185405612,-38.65321086055));
#5547 = CARTESIAN_POINT('',(-3.04737592937,-40.8490023546));
#5548 = CARTESIAN_POINT('',(-3.044457769543,-42.96329797592));
#5549 = CARTESIAN_POINT('',(-3.041425232428,-45.));
#5550 = ( GEOMETRIC_REPRESENTATION_CONTEXT(2) 
PARAMETRIC_REPRESENTATION_CONTEXT() REPRESENTATION_CONTEXT('2D SPACE',''
  ) );
#5551 = PCURVE('',#5552,#5557);
#5552 = PLANE('',#5553);
#5553 = AXIS2_PLACEMENT_3D('',#5554,#5555,#5556);
#5554 = CARTESIAN_POINT('',(175.,-1.5,-17.));
#5555 = DIRECTION('',(0.,1.,0.));
#5556 = DIRECTION('',(0.,-0.,1.));
#5557 = DEFINITIONAL_REPRESENTATION('',(#5558),#5562);
#5558 = ( BOUNDED_CURVE() B_SPLINE_CURVE(2,(#5559,#5560,#5561),
.UNSPECIFIED.,.F.,.F.) B_SPLINE_CURVE_WITH_KNOTS((3,3),(-3.144849701875,
-2.993222846126),.PIECEWISE_BEZIER_KNOTS.) CURVE() 
GEOMETRIC_REPRESENTATION_ITEM() RATIONAL_B_SPLINE_CURVE((1.,
1.002875214678,1.)) REPRESENTATION_ITEM('') );
#5559 = CARTESIAN_POINT('',(-0.379834348328,-6.));
#5560 = CARTESIAN_POINT('',(0.940160782841,-8.202218361268E-02));
#5561 = CARTESIAN_POINT('',(2.075188443401,5.));
#5562 = ( GEOMETRIC_REPRESENTATION_CONTEXT(2) 
PARAMETRIC_REPRESENTATION_CONTEXT() REPRESENTATION_CONTEXT('2D SPACE',''
  ) );
#5563 = ORIENTED_EDGE('',*,*,#5564,.F.);
#5564 = EDGE_CURVE('',#5565,#5533,#5567,.T.);
#5565 = VERTEX_POINT('',#5566);
#5566 = CARTESIAN_POINT('',(179.58971658592,1.5,-15.01644217102));
#5567 = SURFACE_CURVE('',#5568,(#5583,#5601),.PCURVE_S1.);
#5568 = B_SPLINE_CURVE_WITH_KNOTS('',4,(#5569,#5570,#5571,#5572,#5573,
    #5574,#5575,#5576,#5577,#5578,#5579,#5580,#5581,#5582),
  .UNSPECIFIED.,.F.,.F.,(5,3,3,3,5),(0.,0.236178093856,0.49999999995,
    0.764765534627,1.),.UNSPECIFIED.);
#5569 = CARTESIAN_POINT('',(179.5897165623,1.5000006,-15.01644211636));
#5570 = CARTESIAN_POINT('',(179.59667655718,1.323217488414,
    -15.03254671509));
#5571 = CARTESIAN_POINT('',(179.60245892857,1.146266635959,
    -15.04613329564));
#5572 = CARTESIAN_POINT('',(179.60712173509,0.969190107028,
    -15.05718898145));
#5573 = CARTESIAN_POINT('',(179.61468741677,0.594127772828,
    -15.07522299295));
#5574 = CARTESIAN_POINT('',(179.61732043121,0.396120663292,
    -15.08157257738));
#5575 = CARTESIAN_POINT('',(179.61863694895,0.198060377244,
    -15.08474734467));
#5576 = CARTESIAN_POINT('',(179.61863694895,-0.198768792387,
    -15.08474734467));
#5577 = CARTESIAN_POINT('',(179.61731099657,-0.39753749214,
    -15.08154982612));
#5578 = CARTESIAN_POINT('',(179.61465911329,-0.596252444485,
    -15.07515473809));
#5579 = CARTESIAN_POINT('',(179.60706579208,-0.97131258135,
    -15.05705634403));
#5580 = CARTESIAN_POINT('',(179.6024127038,-1.14768061539,
    -15.04602468775));
#5581 = CARTESIAN_POINT('',(179.59664874914,-1.323923809566,
    -15.0324823706));
#5582 = CARTESIAN_POINT('',(179.5897165623,-1.5000006,-15.01644211636));
#5583 = PCURVE('',#3078,#5584);
#5584 = DEFINITIONAL_REPRESENTATION('',(#5585),#5600);
#5585 = B_SPLINE_CURVE_WITH_KNOTS('',4,(#5586,#5587,#5588,#5589,#5590,
    #5591,#5592,#5593,#5594,#5595,#5596,#5597,#5598,#5599),
  .UNSPECIFIED.,.F.,.F.,(5,3,3,3,5),(0.,0.236178093856,0.49999999995,
    0.764765534627,1.),.UNSPECIFIED.);
#5586 = CARTESIAN_POINT('',(-3.241152934479,-44.5897165623));
#5587 = CARTESIAN_POINT('',(-3.229390535768,-44.59667655718));
#5588 = CARTESIAN_POINT('',(-3.217630448262,-44.60245892857));
#5589 = CARTESIAN_POINT('',(-3.205872407208,-44.60712173509));
#5590 = CARTESIAN_POINT('',(-3.180983163168,-44.61468741677));
#5591 = CARTESIAN_POINT('',(-3.167852332848,-44.61732043121));
#5592 = CARTESIAN_POINT('',(-3.154722497446,-44.61863694895));
#5593 = CARTESIAN_POINT('',(-3.128415847386,-44.61863694895));
#5594 = CARTESIAN_POINT('',(-3.115239049776,-44.61731099657));
#5595 = CARTESIAN_POINT('',(-3.10206124633,-44.61465911329));
#5596 = CARTESIAN_POINT('',(-3.077171965249,-44.60706579208));
#5597 = CARTESIAN_POINT('',(-3.065460886176,-44.6024127038));
#5598 = CARTESIAN_POINT('',(-3.053747775797,-44.59664874914));
#5599 = CARTESIAN_POINT('',(-3.0420323727,-44.5897165623));
#5600 = ( GEOMETRIC_REPRESENTATION_CONTEXT(2) 
PARAMETRIC_REPRESENTATION_CONTEXT() REPRESENTATION_CONTEXT('2D SPACE',''
  ) );
#5601 = PCURVE('',#5602,#5607);
#5602 = CYLINDRICAL_SURFACE('',#5603,5.);
#5603 = AXIS2_PLACEMENT_3D('',#5604,#5605,#5606);
#5604 = CARTESIAN_POINT('',(175.,-1.5,-17.));
#5605 = DIRECTION('',(0.,1.,0.));
#5606 = DIRECTION('',(0.,-0.,1.));
#5607 = DEFINITIONAL_REPRESENTATION('',(#5608),#5623);
#5608 = B_SPLINE_CURVE_WITH_KNOTS('',4,(#5609,#5610,#5611,#5612,#5613,
    #5614,#5615,#5616,#5617,#5618,#5619,#5620,#5621,#5622),
  .UNSPECIFIED.,.F.,.F.,(5,3,3,3,5),(0.,0.236178093856,0.49999999995,
    0.764765534627,1.),.UNSPECIFIED.);
#5609 = CARTESIAN_POINT('',(1.162864647508,3.0000006));
#5610 = CARTESIAN_POINT('',(1.166373491358,2.823217488414));
#5611 = CARTESIAN_POINT('',(1.169326625406,2.646266635959));
#5612 = CARTESIAN_POINT('',(1.171726375438,2.469190107028));
#5613 = CARTESIAN_POINT('',(1.175637718482,2.094127772828));
#5614 = CARTESIAN_POINT('',(1.177012482656,1.896120663292));
#5615 = CARTESIAN_POINT('',(1.177699867612,1.698060377244));
#5616 = CARTESIAN_POINT('',(1.177699867612,1.301231207613));
#5617 = CARTESIAN_POINT('',(1.177007556621,1.10246250786));
#5618 = CARTESIAN_POINT('',(1.1756229405,0.903747555515));
#5619 = CARTESIAN_POINT('',(1.171697585002,0.52868741865));
#5620 = CARTESIAN_POINT('',(1.169303018551,0.35231938461));
#5621 = CARTESIAN_POINT('',(1.166359472085,0.176076190434));
#5622 = CARTESIAN_POINT('',(1.162864647508,-6.E-07));
#5623 = ( GEOMETRIC_REPRESENTATION_CONTEXT(2) 
PARAMETRIC_REPRESENTATION_CONTEXT() REPRESENTATION_CONTEXT('2D SPACE',''
  ) );
#5624 = ORIENTED_EDGE('',*,*,#5625,.F.);
#5625 = EDGE_CURVE('',#5470,#5565,#5626,.T.);
#5626 = SURFACE_CURVE('',#5627,(#5632,#5642),.PCURVE_S1.);
#5627 = HYPERBOLA('',#5628,6.75,1.5);
#5628 = AXIS2_PLACEMENT_3D('',#5629,#5630,#5631);
#5629 = CARTESIAN_POINT('',(247.5,1.5,0.));
#5630 = DIRECTION('',(0.,1.,0.));
#5631 = DIRECTION('',(-1.,0.,0.));
#5632 = PCURVE('',#3078,#5633);
#5633 = DEFINITIONAL_REPRESENTATION('',(#5634),#5641);
#5634 = B_SPLINE_CURVE_WITH_KNOTS('',5,(#5635,#5636,#5637,#5638,#5639,
    #5640),.UNSPECIFIED.,.F.,.F.,(6,6),(-3.144849701875,-2.993222846126)
  ,.PIECEWISE_BEZIER_KNOTS.);
#5635 = CARTESIAN_POINT('',(-3.227686231087,-34.));
#5636 = CARTESIAN_POINT('',(-3.230293826695,-36.3717246721));
#5637 = CARTESIAN_POINT('',(-3.232999901568,-38.65321086055));
#5638 = CARTESIAN_POINT('',(-3.23580937781,-40.8490023546));
#5639 = CARTESIAN_POINT('',(-3.238727537636,-42.96329797592));
#5640 = CARTESIAN_POINT('',(-3.241760074751,-45.));
#5641 = ( GEOMETRIC_REPRESENTATION_CONTEXT(2) 
PARAMETRIC_REPRESENTATION_CONTEXT() REPRESENTATION_CONTEXT('2D SPACE',''
  ) );
#5642 = PCURVE('',#5643,#5648);
#5643 = PLANE('',#5644);
#5644 = AXIS2_PLACEMENT_3D('',#5645,#5646,#5647);
#5645 = CARTESIAN_POINT('',(175.,1.5,-17.));
#5646 = DIRECTION('',(0.,1.,0.));
#5647 = DIRECTION('',(0.,-0.,1.));
#5648 = DEFINITIONAL_REPRESENTATION('',(#5649),#5653);
#5649 = ( BOUNDED_CURVE() B_SPLINE_CURVE(2,(#5650,#5651,#5652),
.UNSPECIFIED.,.F.,.F.) B_SPLINE_CURVE_WITH_KNOTS((3,3),(-3.144849701875,
-2.993222846126),.PIECEWISE_BEZIER_KNOTS.) CURVE() 
GEOMETRIC_REPRESENTATION_ITEM() RATIONAL_B_SPLINE_CURVE((1.,
1.002875214678,1.)) REPRESENTATION_ITEM('') );
#5650 = CARTESIAN_POINT('',(-0.379834348328,-6.));
#5651 = CARTESIAN_POINT('',(0.940160782841,-8.202218361268E-02));
#5652 = CARTESIAN_POINT('',(2.075188443401,5.));
#5653 = ( GEOMETRIC_REPRESENTATION_CONTEXT(2) 
PARAMETRIC_REPRESENTATION_CONTEXT() REPRESENTATION_CONTEXT('2D SPACE',''
  ) );
#5654 = FACE_BOUND('',#5655,.T.);
#5655 = EDGE_LOOP('',(#5656,#5693,#5720,#5755));
#5656 = ORIENTED_EDGE('',*,*,#5657,.F.);
#5657 = EDGE_CURVE('',#5658,#5660,#5662,.T.);
#5658 = VERTEX_POINT('',#5659);
#5659 = CARTESIAN_POINT('',(170.00244139873,-1.5,-17.15623068498));
#5660 = VERTEX_POINT('',#5661);
#5661 = CARTESIAN_POINT('',(170.00244139873,1.5,-17.15623068498));
#5662 = SURFACE_CURVE('',#5663,(#5671,#5682),.PCURVE_S1.);
#5663 = B_SPLINE_CURVE_WITH_KNOTS('',6,(#5664,#5665,#5666,#5667,#5668,
    #5669,#5670),.UNSPECIFIED.,.F.,.F.,(7,7),(0.,1.),
  .PIECEWISE_BEZIER_KNOTS.);
#5664 = CARTESIAN_POINT('',(170.0024413971,-1.5000006,-17.15623063288));
#5665 = CARTESIAN_POINT('',(170.00379674099,-1.000668275924,
    -17.19958583406));
#5666 = CARTESIAN_POINT('',(170.00505740199,-0.500534419236,
    -17.22546108066));
#5667 = CARTESIAN_POINT('',(170.00554759219,7.549516567451E-15,
    -17.23406584222));
#5668 = CARTESIAN_POINT('',(170.00505740199,0.500534419236,
    -17.22546108066));
#5669 = CARTESIAN_POINT('',(170.00379674099,1.000668275924,
    -17.19958583406));
#5670 = CARTESIAN_POINT('',(170.0024413971,1.5000006,-17.15623063288));
#5671 = PCURVE('',#3078,#5672);
#5672 = DEFINITIONAL_REPRESENTATION('',(#5673),#5681);
#5673 = B_SPLINE_CURVE_WITH_KNOTS('',6,(#5674,#5675,#5676,#5677,#5678,
    #5679,#5680),.UNSPECIFIED.,.F.,.F.,(7,7),(0.,1.),
  .PIECEWISE_BEZIER_KNOTS.);
#5674 = CARTESIAN_POINT('',(-3.054382595401,-35.0024413971));
#5675 = CARTESIAN_POINT('',(-3.083486079812,-35.00379674099));
#5676 = CARTESIAN_POINT('',(-3.112548747835,-35.00505740199));
#5677 = CARTESIAN_POINT('',(-3.14159265359,-35.00554759219));
#5678 = CARTESIAN_POINT('',(-3.170636559344,-35.00505740199));
#5679 = CARTESIAN_POINT('',(-3.199699227367,-35.00379674099));
#5680 = CARTESIAN_POINT('',(-3.228802711778,-35.0024413971));
#5681 = ( GEOMETRIC_REPRESENTATION_CONTEXT(2) 
PARAMETRIC_REPRESENTATION_CONTEXT() REPRESENTATION_CONTEXT('2D SPACE',''
  ) );
#5682 = PCURVE('',#5602,#5683);
#5683 = DEFINITIONAL_REPRESENTATION('',(#5684),#5692);
#5684 = B_SPLINE_CURVE_WITH_KNOTS('',6,(#5685,#5686,#5687,#5688,#5689,
    #5690,#5691),.UNSPECIFIED.,.F.,.F.,(7,7),(0.,1.),
  .PIECEWISE_BEZIER_KNOTS.);
#5685 = CARTESIAN_POINT('',(4.6811377672,-6.E-07));
#5686 = CARTESIAN_POINT('',(4.672462491006,0.499331724076));
#5687 = CARTESIAN_POINT('',(4.667282089217,0.999465580764));
#5688 = CARTESIAN_POINT('',(4.665557747684,1.5));
#5689 = CARTESIAN_POINT('',(4.667282089217,2.000534419236));
#5690 = CARTESIAN_POINT('',(4.672462491006,2.500668275924));
#5691 = CARTESIAN_POINT('',(4.6811377672,3.0000006));
#5692 = ( GEOMETRIC_REPRESENTATION_CONTEXT(2) 
PARAMETRIC_REPRESENTATION_CONTEXT() REPRESENTATION_CONTEXT('2D SPACE',''
  ) );
#5693 = ORIENTED_EDGE('',*,*,#5694,.T.);
#5694 = EDGE_CURVE('',#5658,#5695,#5697,.T.);
#5695 = VERTEX_POINT('',#5696);
#5696 = CARTESIAN_POINT('',(172.01430332455,-1.5,-16.70739897094));
#5697 = SURFACE_CURVE('',#5698,(#5703,#5713),.PCURVE_S1.);
#5698 = HYPERBOLA('',#5699,6.75,1.5);
#5699 = AXIS2_PLACEMENT_3D('',#5700,#5701,#5702);
#5700 = CARTESIAN_POINT('',(247.5,-1.5,0.));
#5701 = DIRECTION('',(0.,1.,0.));
#5702 = DIRECTION('',(-1.,0.,0.));
#5703 = PCURVE('',#3078,#5704);
#5704 = DEFINITIONAL_REPRESENTATION('',(#5705),#5712);
#5705 = B_SPLINE_CURVE_WITH_KNOTS('',5,(#5706,#5707,#5708,#5709,#5710,
    #5711),.UNSPECIFIED.,.F.,.F.,(6,6),(-3.144849701875,-2.993222846126)
  ,.PIECEWISE_BEZIER_KNOTS.);
#5706 = CARTESIAN_POINT('',(-3.055499076093,-34.));
#5707 = CARTESIAN_POINT('',(-3.052891480484,-36.3717246721));
#5708 = CARTESIAN_POINT('',(-3.050185405612,-38.65321086055));
#5709 = CARTESIAN_POINT('',(-3.04737592937,-40.8490023546));
#5710 = CARTESIAN_POINT('',(-3.044457769543,-42.96329797592));
#5711 = CARTESIAN_POINT('',(-3.041425232428,-45.));
#5712 = ( GEOMETRIC_REPRESENTATION_CONTEXT(2) 
PARAMETRIC_REPRESENTATION_CONTEXT() REPRESENTATION_CONTEXT('2D SPACE',''
  ) );
#5713 = PCURVE('',#5552,#5714);
#5714 = DEFINITIONAL_REPRESENTATION('',(#5715),#5719);
#5715 = ( BOUNDED_CURVE() B_SPLINE_CURVE(2,(#5716,#5717,#5718),
.UNSPECIFIED.,.F.,.F.) B_SPLINE_CURVE_WITH_KNOTS((3,3),(-3.144849701875,
-2.993222846126),.PIECEWISE_BEZIER_KNOTS.) CURVE() 
GEOMETRIC_REPRESENTATION_ITEM() RATIONAL_B_SPLINE_CURVE((1.,
1.002875214678,1.)) REPRESENTATION_ITEM('') );
#5716 = CARTESIAN_POINT('',(-0.379834348328,-6.));
#5717 = CARTESIAN_POINT('',(0.940160782841,-8.202218361268E-02));
#5718 = CARTESIAN_POINT('',(2.075188443401,5.));
#5719 = ( GEOMETRIC_REPRESENTATION_CONTEXT(2) 
PARAMETRIC_REPRESENTATION_CONTEXT() REPRESENTATION_CONTEXT('2D SPACE',''
  ) );
#5720 = ORIENTED_EDGE('',*,*,#5721,.T.);
#5721 = EDGE_CURVE('',#5695,#5722,#5724,.T.);
#5722 = VERTEX_POINT('',#5723);
#5723 = CARTESIAN_POINT('',(172.01430332455,1.5,-16.70739897094));
#5724 = SURFACE_CURVE('',#5725,(#5733,#5744),.PCURVE_S1.);
#5725 = B_SPLINE_CURVE_WITH_KNOTS('',6,(#5726,#5727,#5728,#5729,#5730,
    #5731,#5732),.UNSPECIFIED.,.F.,.F.,(7,7),(0.,1.),
  .PIECEWISE_BEZIER_KNOTS.);
#5726 = CARTESIAN_POINT('',(172.01430332994,-1.5000006,-16.70739891586)
  );
#5727 = CARTESIAN_POINT('',(172.0098133371,-1.000850282334,
    -16.7532147293));
#5728 = CARTESIAN_POINT('',(172.00799292389,-0.500678367408,
    -16.78048080534));
#5729 = CARTESIAN_POINT('',(172.00751048806,-5.151434834261E-14,
    -16.78953934968));
#5730 = CARTESIAN_POINT('',(172.00799292389,0.500678367408,
    -16.78048080534));
#5731 = CARTESIAN_POINT('',(172.0098133371,1.000850282334,-16.7532147293
    ));
#5732 = CARTESIAN_POINT('',(172.01430332994,1.5000006,-16.70739891586));
#5733 = PCURVE('',#3078,#5734);
#5734 = DEFINITIONAL_REPRESENTATION('',(#5735),#5743);
#5735 = B_SPLINE_CURVE_WITH_KNOTS('',6,(#5736,#5737,#5738,#5739,#5740,
    #5741,#5742),.UNSPECIFIED.,.F.,.F.,(7,7),(0.,1.),
  .PIECEWISE_BEZIER_KNOTS.);
#5736 = CARTESIAN_POINT('',(-3.052052102933,-37.01430332994));
#5737 = CARTESIAN_POINT('',(-3.081933447257,-37.0098133371));
#5738 = CARTESIAN_POINT('',(-3.111772304163,-37.00799292389));
#5739 = CARTESIAN_POINT('',(-3.14159265359,-37.00751048806));
#5740 = CARTESIAN_POINT('',(-3.171413003017,-37.00799292389));
#5741 = CARTESIAN_POINT('',(-3.201251859923,-37.0098133371));
#5742 = CARTESIAN_POINT('',(-3.231133204247,-37.01430332994));
#5743 = ( GEOMETRIC_REPRESENTATION_CONTEXT(2) 
PARAMETRIC_REPRESENTATION_CONTEXT() REPRESENTATION_CONTEXT('2D SPACE',''
  ) );
#5744 = PCURVE('',#5509,#5745);
#5745 = DEFINITIONAL_REPRESENTATION('',(#5746),#5754);
#5746 = B_SPLINE_CURVE_WITH_KNOTS('',6,(#5747,#5748,#5749,#5750,#5751,
    #5752,#5753),.UNSPECIFIED.,.F.,.F.,(7,7),(0.,1.),
  .PIECEWISE_BEZIER_KNOTS.);
#5747 = CARTESIAN_POINT('',(4.810077977605,-6.E-07));
#5748 = CARTESIAN_POINT('',(4.794732877785,0.499149717666));
#5749 = CARTESIAN_POINT('',(4.785628325096,0.999321632592));
#5750 = CARTESIAN_POINT('',(4.78260112098,1.5));
#5751 = CARTESIAN_POINT('',(4.785628325096,2.000678367408));
#5752 = CARTESIAN_POINT('',(4.794732877785,2.500850282334));
#5753 = CARTESIAN_POINT('',(4.810077977605,3.0000006));
#5754 = ( GEOMETRIC_REPRESENTATION_CONTEXT(2) 
PARAMETRIC_REPRESENTATION_CONTEXT() REPRESENTATION_CONTEXT('2D SPACE',''
  ) );
#5755 = ORIENTED_EDGE('',*,*,#5756,.F.);
#5756 = EDGE_CURVE('',#5660,#5722,#5757,.T.);
#5757 = SURFACE_CURVE('',#5758,(#5763,#5773),.PCURVE_S1.);
#5758 = HYPERBOLA('',#5759,6.75,1.5);
#5759 = AXIS2_PLACEMENT_3D('',#5760,#5761,#5762);
#5760 = CARTESIAN_POINT('',(247.5,1.5,0.));
#5761 = DIRECTION('',(0.,1.,0.));
#5762 = DIRECTION('',(-1.,0.,0.));
#5763 = PCURVE('',#3078,#5764);
#5764 = DEFINITIONAL_REPRESENTATION('',(#5765),#5772);
#5765 = B_SPLINE_CURVE_WITH_KNOTS('',5,(#5766,#5767,#5768,#5769,#5770,
    #5771),.UNSPECIFIED.,.F.,.F.,(6,6),(-3.144849701875,-2.993222846126)
  ,.PIECEWISE_BEZIER_KNOTS.);
#5766 = CARTESIAN_POINT('',(-3.227686231087,-34.));
#5767 = CARTESIAN_POINT('',(-3.230293826695,-36.3717246721));
#5768 = CARTESIAN_POINT('',(-3.232999901568,-38.65321086055));
#5769 = CARTESIAN_POINT('',(-3.23580937781,-40.8490023546));
#5770 = CARTESIAN_POINT('',(-3.238727537636,-42.96329797592));
#5771 = CARTESIAN_POINT('',(-3.241760074751,-45.));
#5772 = ( GEOMETRIC_REPRESENTATION_CONTEXT(2) 
PARAMETRIC_REPRESENTATION_CONTEXT() REPRESENTATION_CONTEXT('2D SPACE',''
  ) );
#5773 = PCURVE('',#5643,#5774);
#5774 = DEFINITIONAL_REPRESENTATION('',(#5775),#5779);
#5775 = ( BOUNDED_CURVE() B_SPLINE_CURVE(2,(#5776,#5777,#5778),
.UNSPECIFIED.,.F.,.F.) B_SPLINE_CURVE_WITH_KNOTS((3,3),(-3.144849701875,
-2.993222846126),.PIECEWISE_BEZIER_KNOTS.) CURVE() 
GEOMETRIC_REPRESENTATION_ITEM() RATIONAL_B_SPLINE_CURVE((1.,
1.002875214678,1.)) REPRESENTATION_ITEM('') );
#5776 = CARTESIAN_POINT('',(-0.379834348328,-6.));
#5777 = CARTESIAN_POINT('',(0.940160782841,-8.202218361268E-02));
#5778 = CARTESIAN_POINT('',(2.075188443401,5.));
#5779 = ( GEOMETRIC_REPRESENTATION_CONTEXT(2) 
PARAMETRIC_REPRESENTATION_CONTEXT() REPRESENTATION_CONTEXT('2D SPACE',''
  ) );
#5780 = ADVANCED_FACE('',(#5781,#6076,#6107),#3090,.T.);
#5781 = FACE_BOUND('',#5782,.T.);
#5782 = EDGE_LOOP('',(#5783,#5784,#5807,#5835,#5856,#5857,#5858,#5881,
    #5909,#5930,#5931,#5954,#5982,#6003,#6004,#6027,#6055));
#5783 = ORIENTED_EDGE('',*,*,#3729,.T.);
#5784 = ORIENTED_EDGE('',*,*,#5785,.F.);
#5785 = EDGE_CURVE('',#5786,#3651,#5788,.T.);
#5786 = VERTEX_POINT('',#5787);
#5787 = CARTESIAN_POINT('',(180.,35.001785668734,34.294678887548));
#5788 = SURFACE_CURVE('',#5789,(#5793,#5800),.PCURVE_S1.);
#5789 = LINE('',#5790,#5791);
#5790 = CARTESIAN_POINT('',(180.,35.708892449921,35.001785668734));
#5791 = VECTOR('',#5792,1.);
#5792 = DIRECTION('',(0.,-0.707106781187,-0.707106781187));
#5793 = PCURVE('',#3090,#5794);
#5794 = DEFINITIONAL_REPRESENTATION('',(#5795),#5799);
#5795 = LINE('',#5796,#5797);
#5796 = CARTESIAN_POINT('',(35.001785668734,-35.70889244992));
#5797 = VECTOR('',#5798,1.);
#5798 = DIRECTION('',(-0.707106781187,0.707106781187));
#5799 = ( GEOMETRIC_REPRESENTATION_CONTEXT(2) 
PARAMETRIC_REPRESENTATION_CONTEXT() REPRESENTATION_CONTEXT('2D SPACE',''
  ) );
#5800 = PCURVE('',#3700,#5801);
#5801 = DEFINITIONAL_REPRESENTATION('',(#5802),#5806);
#5802 = LINE('',#5803,#5804);
#5803 = CARTESIAN_POINT('',(-0.,0.));
#5804 = VECTOR('',#5805,1.);
#5805 = DIRECTION('',(-0.,1.));
#5806 = ( GEOMETRIC_REPRESENTATION_CONTEXT(2) 
PARAMETRIC_REPRESENTATION_CONTEXT() REPRESENTATION_CONTEXT('2D SPACE',''
  ) );
#5807 = ORIENTED_EDGE('',*,*,#5808,.F.);
#5808 = EDGE_CURVE('',#5809,#5786,#5811,.T.);
#5809 = VERTEX_POINT('',#5810);
#5810 = CARTESIAN_POINT('',(180.,34.294678887548,35.001785668734));
#5811 = SURFACE_CURVE('',#5812,(#5816,#5823),.PCURVE_S1.);
#5812 = LINE('',#5813,#5814);
#5813 = CARTESIAN_POINT('',(180.,33.587572106361,35.708892449921));
#5814 = VECTOR('',#5815,1.);
#5815 = DIRECTION('',(0.,0.707106781187,-0.707106781187));
#5816 = PCURVE('',#3090,#5817);
#5817 = DEFINITIONAL_REPRESENTATION('',(#5818),#5822);
#5818 = LINE('',#5819,#5820);
#5819 = CARTESIAN_POINT('',(35.708892449921,-33.58757210636));
#5820 = VECTOR('',#5821,1.);
#5821 = DIRECTION('',(-0.707106781187,-0.707106781187));
#5822 = ( GEOMETRIC_REPRESENTATION_CONTEXT(2) 
PARAMETRIC_REPRESENTATION_CONTEXT() REPRESENTATION_CONTEXT('2D SPACE',''
  ) );
#5823 = PCURVE('',#5824,#5829);
#5824 = CYLINDRICAL_SURFACE('',#5825,1.);
#5825 = AXIS2_PLACEMENT_3D('',#5826,#5827,#5828);
#5826 = CARTESIAN_POINT('',(179.,33.587572106361,35.708892449921));
#5827 = DIRECTION('',(0.,0.707106781187,-0.707106781187));
#5828 = DIRECTION('',(0.,0.707106781187,0.707106781187));
#5829 = DEFINITIONAL_REPRESENTATION('',(#5830),#5834);
#5830 = LINE('',#5831,#5832);
#5831 = CARTESIAN_POINT('',(1.570796326795,0.));
#5832 = VECTOR('',#5833,1.);
#5833 = DIRECTION('',(0.,1.));
#5834 = ( GEOMETRIC_REPRESENTATION_CONTEXT(2) 
PARAMETRIC_REPRESENTATION_CONTEXT() REPRESENTATION_CONTEXT('2D SPACE',''
  ) );
#5835 = ORIENTED_EDGE('',*,*,#5836,.T.);
#5836 = EDGE_CURVE('',#5809,#3154,#5837,.T.);
#5837 = SURFACE_CURVE('',#5838,(#5842,#5849),.PCURVE_S1.);
#5838 = LINE('',#5839,#5840);
#5839 = CARTESIAN_POINT('',(180.,35.001785668734,35.708892449921));
#5840 = VECTOR('',#5841,1.);
#5841 = DIRECTION('',(0.,-0.707106781187,-0.707106781187));
#5842 = PCURVE('',#3090,#5843);
#5843 = DEFINITIONAL_REPRESENTATION('',(#5844),#5848);
#5844 = LINE('',#5845,#5846);
#5845 = CARTESIAN_POINT('',(35.708892449921,-35.00178566873));
#5846 = VECTOR('',#5847,1.);
#5847 = DIRECTION('',(-0.707106781187,0.707106781187));
#5848 = ( GEOMETRIC_REPRESENTATION_CONTEXT(2) 
PARAMETRIC_REPRESENTATION_CONTEXT() REPRESENTATION_CONTEXT('2D SPACE',''
  ) );
#5849 = PCURVE('',#3227,#5850);
#5850 = DEFINITIONAL_REPRESENTATION('',(#5851),#5855);
#5851 = LINE('',#5852,#5853);
#5852 = CARTESIAN_POINT('',(-1.570796326795,0.));
#5853 = VECTOR('',#5854,1.);
#5854 = DIRECTION('',(-0.,1.));
#5855 = ( GEOMETRIC_REPRESENTATION_CONTEXT(2) 
PARAMETRIC_REPRESENTATION_CONTEXT() REPRESENTATION_CONTEXT('2D SPACE',''
  ) );
#5856 = ORIENTED_EDGE('',*,*,#3153,.T.);
#5857 = ORIENTED_EDGE('',*,*,#3066,.T.);
#5858 = ORIENTED_EDGE('',*,*,#5859,.F.);
#5859 = EDGE_CURVE('',#5860,#3069,#5862,.T.);
#5860 = VERTEX_POINT('',#5861);
#5861 = CARTESIAN_POINT('',(180.,-34.29467888754,35.001785668734));
#5862 = SURFACE_CURVE('',#5863,(#5867,#5874),.PCURVE_S1.);
#5863 = LINE('',#5864,#5865);
#5864 = CARTESIAN_POINT('',(180.,-35.00178566873,35.708892449921));
#5865 = VECTOR('',#5866,1.);
#5866 = DIRECTION('',(0.,0.707106781187,-0.707106781187));
#5867 = PCURVE('',#3090,#5868);
#5868 = DEFINITIONAL_REPRESENTATION('',(#5869),#5873);
#5869 = LINE('',#5870,#5871);
#5870 = CARTESIAN_POINT('',(35.708892449921,35.001785668734));
#5871 = VECTOR('',#5872,1.);
#5872 = DIRECTION('',(-0.707106781187,-0.707106781187));
#5873 = ( GEOMETRIC_REPRESENTATION_CONTEXT(2) 
PARAMETRIC_REPRESENTATION_CONTEXT() REPRESENTATION_CONTEXT('2D SPACE',''
  ) );
#5874 = PCURVE('',#5438,#5875);
#5875 = DEFINITIONAL_REPRESENTATION('',(#5876),#5880);
#5876 = LINE('',#5877,#5878);
#5877 = CARTESIAN_POINT('',(-0.,0.));
#5878 = VECTOR('',#5879,1.);
#5879 = DIRECTION('',(-0.,1.));
#5880 = ( GEOMETRIC_REPRESENTATION_CONTEXT(2) 
PARAMETRIC_REPRESENTATION_CONTEXT() REPRESENTATION_CONTEXT('2D SPACE',''
  ) );
#5881 = ORIENTED_EDGE('',*,*,#5882,.F.);
#5882 = EDGE_CURVE('',#5883,#5860,#5885,.T.);
#5883 = VERTEX_POINT('',#5884);
#5884 = CARTESIAN_POINT('',(180.,-35.00178566873,34.294678887548));
#5885 = SURFACE_CURVE('',#5886,(#5890,#5897),.PCURVE_S1.);
#5886 = LINE('',#5887,#5888);
#5887 = CARTESIAN_POINT('',(180.,-35.70889244992,33.587572106361));
#5888 = VECTOR('',#5889,1.);
#5889 = DIRECTION('',(0.,0.707106781187,0.707106781187));
#5890 = PCURVE('',#3090,#5891);
#5891 = DEFINITIONAL_REPRESENTATION('',(#5892),#5896);
#5892 = LINE('',#5893,#5894);
#5893 = CARTESIAN_POINT('',(33.587572106361,35.708892449921));
#5894 = VECTOR('',#5895,1.);
#5895 = DIRECTION('',(0.707106781187,-0.707106781187));
#5896 = ( GEOMETRIC_REPRESENTATION_CONTEXT(2) 
PARAMETRIC_REPRESENTATION_CONTEXT() REPRESENTATION_CONTEXT('2D SPACE',''
  ) );
#5897 = PCURVE('',#5898,#5903);
#5898 = CYLINDRICAL_SURFACE('',#5899,1.);
#5899 = AXIS2_PLACEMENT_3D('',#5900,#5901,#5902);
#5900 = CARTESIAN_POINT('',(179.,-35.70889244992,33.587572106361));
#5901 = DIRECTION('',(0.,0.707106781187,0.707106781187));
#5902 = DIRECTION('',(0.,-0.707106781187,0.707106781187));
#5903 = DEFINITIONAL_REPRESENTATION('',(#5904),#5908);
#5904 = LINE('',#5905,#5906);
#5905 = CARTESIAN_POINT('',(1.570796326795,0.));
#5906 = VECTOR('',#5907,1.);
#5907 = DIRECTION('',(0.,1.));
#5908 = ( GEOMETRIC_REPRESENTATION_CONTEXT(2) 
PARAMETRIC_REPRESENTATION_CONTEXT() REPRESENTATION_CONTEXT('2D SPACE',''
  ) );
#5909 = ORIENTED_EDGE('',*,*,#5910,.T.);
#5910 = EDGE_CURVE('',#5883,#4894,#5911,.T.);
#5911 = SURFACE_CURVE('',#5912,(#5916,#5923),.PCURVE_S1.);
#5912 = LINE('',#5913,#5914);
#5913 = CARTESIAN_POINT('',(180.,-35.70889244992,35.001785668734));
#5914 = VECTOR('',#5915,1.);
#5915 = DIRECTION('',(0.,0.707106781187,-0.707106781187));
#5916 = PCURVE('',#3090,#5917);
#5917 = DEFINITIONAL_REPRESENTATION('',(#5918),#5922);
#5918 = LINE('',#5919,#5920);
#5919 = CARTESIAN_POINT('',(35.001785668734,35.708892449921));
#5920 = VECTOR('',#5921,1.);
#5921 = DIRECTION('',(-0.707106781187,-0.707106781187));
#5922 = ( GEOMETRIC_REPRESENTATION_CONTEXT(2) 
PARAMETRIC_REPRESENTATION_CONTEXT() REPRESENTATION_CONTEXT('2D SPACE',''
  ) );
#5923 = PCURVE('',#4967,#5924);
#5924 = DEFINITIONAL_REPRESENTATION('',(#5925),#5929);
#5925 = LINE('',#5926,#5927);
#5926 = CARTESIAN_POINT('',(-1.570796326795,0.));
#5927 = VECTOR('',#5928,1.);
#5928 = DIRECTION('',(-0.,1.));
#5929 = ( GEOMETRIC_REPRESENTATION_CONTEXT(2) 
PARAMETRIC_REPRESENTATION_CONTEXT() REPRESENTATION_CONTEXT('2D SPACE',''
  ) );
#5930 = ORIENTED_EDGE('',*,*,#4893,.T.);
#5931 = ORIENTED_EDGE('',*,*,#5932,.F.);
#5932 = EDGE_CURVE('',#5933,#4815,#5935,.T.);
#5933 = VERTEX_POINT('',#5934);
#5934 = CARTESIAN_POINT('',(180.,-35.00178566873,-34.29467888754));
#5935 = SURFACE_CURVE('',#5936,(#5940,#5947),.PCURVE_S1.);
#5936 = LINE('',#5937,#5938);
#5937 = CARTESIAN_POINT('',(180.,-35.70889244992,-35.00178566873));
#5938 = VECTOR('',#5939,1.);
#5939 = DIRECTION('',(0.,0.707106781187,0.707106781187));
#5940 = PCURVE('',#3090,#5941);
#5941 = DEFINITIONAL_REPRESENTATION('',(#5942),#5946);
#5942 = LINE('',#5943,#5944);
#5943 = CARTESIAN_POINT('',(-35.00178566873,35.708892449921));
#5944 = VECTOR('',#5945,1.);
#5945 = DIRECTION('',(0.707106781187,-0.707106781187));
#5946 = ( GEOMETRIC_REPRESENTATION_CONTEXT(2) 
PARAMETRIC_REPRESENTATION_CONTEXT() REPRESENTATION_CONTEXT('2D SPACE',''
  ) );
#5947 = PCURVE('',#4864,#5948);
#5948 = DEFINITIONAL_REPRESENTATION('',(#5949),#5953);
#5949 = LINE('',#5950,#5951);
#5950 = CARTESIAN_POINT('',(-0.,0.));
#5951 = VECTOR('',#5952,1.);
#5952 = DIRECTION('',(-0.,1.));
#5953 = ( GEOMETRIC_REPRESENTATION_CONTEXT(2) 
PARAMETRIC_REPRESENTATION_CONTEXT() REPRESENTATION_CONTEXT('2D SPACE',''
  ) );
#5954 = ORIENTED_EDGE('',*,*,#5955,.F.);
#5955 = EDGE_CURVE('',#5956,#5933,#5958,.T.);
#5956 = VERTEX_POINT('',#5957);
#5957 = CARTESIAN_POINT('',(180.,-34.29467888754,-35.00178566873));
#5958 = SURFACE_CURVE('',#5959,(#5963,#5970),.PCURVE_S1.);
#5959 = LINE('',#5960,#5961);
#5960 = CARTESIAN_POINT('',(180.,-33.58757210636,-35.70889244992));
#5961 = VECTOR('',#5962,1.);
#5962 = DIRECTION('',(0.,-0.707106781187,0.707106781187));
#5963 = PCURVE('',#3090,#5964);
#5964 = DEFINITIONAL_REPRESENTATION('',(#5965),#5969);
#5965 = LINE('',#5966,#5967);
#5966 = CARTESIAN_POINT('',(-35.70889244992,33.587572106361));
#5967 = VECTOR('',#5968,1.);
#5968 = DIRECTION('',(0.707106781187,0.707106781187));
#5969 = ( GEOMETRIC_REPRESENTATION_CONTEXT(2) 
PARAMETRIC_REPRESENTATION_CONTEXT() REPRESENTATION_CONTEXT('2D SPACE',''
  ) );
#5970 = PCURVE('',#5971,#5976);
#5971 = CYLINDRICAL_SURFACE('',#5972,1.);
#5972 = AXIS2_PLACEMENT_3D('',#5973,#5974,#5975);
#5973 = CARTESIAN_POINT('',(179.,-33.58757210636,-35.70889244992));
#5974 = DIRECTION('',(0.,-0.707106781187,0.707106781187));
#5975 = DIRECTION('',(0.,-0.707106781187,-0.707106781187));
#5976 = DEFINITIONAL_REPRESENTATION('',(#5977),#5981);
#5977 = LINE('',#5978,#5979);
#5978 = CARTESIAN_POINT('',(1.570796326795,0.));
#5979 = VECTOR('',#5980,1.);
#5980 = DIRECTION('',(0.,1.));
#5981 = ( GEOMETRIC_REPRESENTATION_CONTEXT(2) 
PARAMETRIC_REPRESENTATION_CONTEXT() REPRESENTATION_CONTEXT('2D SPACE',''
  ) );
#5982 = ORIENTED_EDGE('',*,*,#5983,.T.);
#5983 = EDGE_CURVE('',#5956,#4306,#5984,.T.);
#5984 = SURFACE_CURVE('',#5985,(#5989,#5996),.PCURVE_S1.);
#5985 = LINE('',#5986,#5987);
#5986 = CARTESIAN_POINT('',(180.,-35.00178566873,-35.70889244992));
#5987 = VECTOR('',#5988,1.);
#5988 = DIRECTION('',(0.,0.707106781187,0.707106781187));
#5989 = PCURVE('',#3090,#5990);
#5990 = DEFINITIONAL_REPRESENTATION('',(#5991),#5995);
#5991 = LINE('',#5992,#5993);
#5992 = CARTESIAN_POINT('',(-35.70889244992,35.001785668734));
#5993 = VECTOR('',#5994,1.);
#5994 = DIRECTION('',(0.707106781187,-0.707106781187));
#5995 = ( GEOMETRIC_REPRESENTATION_CONTEXT(2) 
PARAMETRIC_REPRESENTATION_CONTEXT() REPRESENTATION_CONTEXT('2D SPACE',''
  ) );
#5996 = PCURVE('',#4379,#5997);
#5997 = DEFINITIONAL_REPRESENTATION('',(#5998),#6002);
#5998 = LINE('',#5999,#6000);
#5999 = CARTESIAN_POINT('',(-1.570796326795,0.));
#6000 = VECTOR('',#6001,1.);
#6001 = DIRECTION('',(-0.,1.));
#6002 = ( GEOMETRIC_REPRESENTATION_CONTEXT(2) 
PARAMETRIC_REPRESENTATION_CONTEXT() REPRESENTATION_CONTEXT('2D SPACE',''
  ) );
#6003 = ORIENTED_EDGE('',*,*,#4305,.T.);
#6004 = ORIENTED_EDGE('',*,*,#6005,.F.);
#6005 = EDGE_CURVE('',#6006,#4227,#6008,.T.);
#6006 = VERTEX_POINT('',#6007);
#6007 = CARTESIAN_POINT('',(180.,34.294678887548,-35.00178566873));
#6008 = SURFACE_CURVE('',#6009,(#6013,#6020),.PCURVE_S1.);
#6009 = LINE('',#6010,#6011);
#6010 = CARTESIAN_POINT('',(180.,35.001785668734,-35.70889244992));
#6011 = VECTOR('',#6012,1.);
#6012 = DIRECTION('',(0.,-0.707106781187,0.707106781187));
#6013 = PCURVE('',#3090,#6014);
#6014 = DEFINITIONAL_REPRESENTATION('',(#6015),#6019);
#6015 = LINE('',#6016,#6017);
#6016 = CARTESIAN_POINT('',(-35.70889244992,-35.00178566873));
#6017 = VECTOR('',#6018,1.);
#6018 = DIRECTION('',(0.707106781187,0.707106781187));
#6019 = ( GEOMETRIC_REPRESENTATION_CONTEXT(2) 
PARAMETRIC_REPRESENTATION_CONTEXT() REPRESENTATION_CONTEXT('2D SPACE',''
  ) );
#6020 = PCURVE('',#4276,#6021);
#6021 = DEFINITIONAL_REPRESENTATION('',(#6022),#6026);
#6022 = LINE('',#6023,#6024);
#6023 = CARTESIAN_POINT('',(-0.,0.));
#6024 = VECTOR('',#6025,1.);
#6025 = DIRECTION('',(-0.,1.));
#6026 = ( GEOMETRIC_REPRESENTATION_CONTEXT(2) 
PARAMETRIC_REPRESENTATION_CONTEXT() REPRESENTATION_CONTEXT('2D SPACE',''
  ) );
#6027 = ORIENTED_EDGE('',*,*,#6028,.F.);
#6028 = EDGE_CURVE('',#6029,#6006,#6031,.T.);
#6029 = VERTEX_POINT('',#6030);
#6030 = CARTESIAN_POINT('',(180.,35.001785668734,-34.29467888754));
#6031 = SURFACE_CURVE('',#6032,(#6036,#6043),.PCURVE_S1.);
#6032 = LINE('',#6033,#6034);
#6033 = CARTESIAN_POINT('',(180.,35.708892449921,-33.58757210636));
#6034 = VECTOR('',#6035,1.);
#6035 = DIRECTION('',(0.,-0.707106781187,-0.707106781187));
#6036 = PCURVE('',#3090,#6037);
#6037 = DEFINITIONAL_REPRESENTATION('',(#6038),#6042);
#6038 = LINE('',#6039,#6040);
#6039 = CARTESIAN_POINT('',(-33.58757210636,-35.70889244992));
#6040 = VECTOR('',#6041,1.);
#6041 = DIRECTION('',(-0.707106781187,0.707106781187));
#6042 = ( GEOMETRIC_REPRESENTATION_CONTEXT(2) 
PARAMETRIC_REPRESENTATION_CONTEXT() REPRESENTATION_CONTEXT('2D SPACE',''
  ) );
#6043 = PCURVE('',#6044,#6049);
#6044 = CYLINDRICAL_SURFACE('',#6045,1.);
#6045 = AXIS2_PLACEMENT_3D('',#6046,#6047,#6048);
#6046 = CARTESIAN_POINT('',(179.,35.708892449921,-33.58757210636));
#6047 = DIRECTION('',(0.,-0.707106781187,-0.707106781187));
#6048 = DIRECTION('',(0.,0.707106781187,-0.707106781187));
#6049 = DEFINITIONAL_REPRESENTATION('',(#6050),#6054);
#6050 = LINE('',#6051,#6052);
#6051 = CARTESIAN_POINT('',(1.570796326795,0.));
#6052 = VECTOR('',#6053,1.);
#6053 = DIRECTION('',(0.,1.));
#6054 = ( GEOMETRIC_REPRESENTATION_CONTEXT(2) 
PARAMETRIC_REPRESENTATION_CONTEXT() REPRESENTATION_CONTEXT('2D SPACE',''
  ) );
#6055 = ORIENTED_EDGE('',*,*,#6056,.T.);
#6056 = EDGE_CURVE('',#6029,#3730,#6057,.T.);
#6057 = SURFACE_CURVE('',#6058,(#6062,#6069),.PCURVE_S1.);
#6058 = LINE('',#6059,#6060);
#6059 = CARTESIAN_POINT('',(180.,35.708892449921,-35.00178566873));
#6060 = VECTOR('',#6061,1.);
#6061 = DIRECTION('',(0.,-0.707106781187,0.707106781187));
#6062 = PCURVE('',#3090,#6063);
#6063 = DEFINITIONAL_REPRESENTATION('',(#6064),#6068);
#6064 = LINE('',#6065,#6066);
#6065 = CARTESIAN_POINT('',(-35.00178566873,-35.70889244992));
#6066 = VECTOR('',#6067,1.);
#6067 = DIRECTION('',(0.707106781187,0.707106781187));
#6068 = ( GEOMETRIC_REPRESENTATION_CONTEXT(2) 
PARAMETRIC_REPRESENTATION_CONTEXT() REPRESENTATION_CONTEXT('2D SPACE',''
  ) );
#6069 = PCURVE('',#3803,#6070);
#6070 = DEFINITIONAL_REPRESENTATION('',(#6071),#6075);
#6071 = LINE('',#6072,#6073);
#6072 = CARTESIAN_POINT('',(-1.570796326795,0.));
#6073 = VECTOR('',#6074,1.);
#6074 = DIRECTION('',(-0.,1.));
#6075 = ( GEOMETRIC_REPRESENTATION_CONTEXT(2) 
PARAMETRIC_REPRESENTATION_CONTEXT() REPRESENTATION_CONTEXT('2D SPACE',''
  ) );
#6076 = FACE_BOUND('',#6077,.T.);
#6077 = EDGE_LOOP('',(#6078));
#6078 = ORIENTED_EDGE('',*,*,#6079,.F.);
#6079 = EDGE_CURVE('',#6080,#6080,#6082,.T.);
#6080 = VERTEX_POINT('',#6081);
#6081 = CARTESIAN_POINT('',(180.,9.,2.5));
#6082 = SURFACE_CURVE('',#6083,(#6088,#6095),.PCURVE_S1.);
#6083 = CIRCLE('',#6084,2.5);
#6084 = AXIS2_PLACEMENT_3D('',#6085,#6086,#6087);
#6085 = CARTESIAN_POINT('',(180.,9.,0.));
#6086 = DIRECTION('',(1.,0.,0.));
#6087 = DIRECTION('',(-0.,0.,1.));
#6088 = PCURVE('',#3090,#6089);
#6089 = DEFINITIONAL_REPRESENTATION('',(#6090),#6094);
#6090 = CIRCLE('',#6091,2.5);
#6091 = AXIS2_PLACEMENT_2D('',#6092,#6093);
#6092 = CARTESIAN_POINT('',(0.,-9.));
#6093 = DIRECTION('',(1.,0.));
#6094 = ( GEOMETRIC_REPRESENTATION_CONTEXT(2) 
PARAMETRIC_REPRESENTATION_CONTEXT() REPRESENTATION_CONTEXT('2D SPACE',''
  ) );
#6095 = PCURVE('',#6096,#6101);
#6096 = CYLINDRICAL_SURFACE('',#6097,2.5);
#6097 = AXIS2_PLACEMENT_3D('',#6098,#6099,#6100);
#6098 = CARTESIAN_POINT('',(177.4,9.,0.));
#6099 = DIRECTION('',(1.,0.,0.));
#6100 = DIRECTION('',(-0.,0.,1.));
#6101 = DEFINITIONAL_REPRESENTATION('',(#6102),#6106);
#6102 = LINE('',#6103,#6104);
#6103 = CARTESIAN_POINT('',(0.,2.6));
#6104 = VECTOR('',#6105,1.);
#6105 = DIRECTION('',(1.,0.));
#6106 = ( GEOMETRIC_REPRESENTATION_CONTEXT(2) 
PARAMETRIC_REPRESENTATION_CONTEXT() REPRESENTATION_CONTEXT('2D SPACE',''
  ) );
#6107 = FACE_BOUND('',#6108,.T.);
#6108 = EDGE_LOOP('',(#6109));
#6109 = ORIENTED_EDGE('',*,*,#6110,.F.);
#6110 = EDGE_CURVE('',#6111,#6111,#6113,.T.);
#6111 = VERTEX_POINT('',#6112);
#6112 = CARTESIAN_POINT('',(180.,7.347880794884E-16,3.));
#6113 = SURFACE_CURVE('',#6114,(#6119,#6126),.PCURVE_S1.);
#6114 = CIRCLE('',#6115,3.);
#6115 = AXIS2_PLACEMENT_3D('',#6116,#6117,#6118);
#6116 = CARTESIAN_POINT('',(180.,0.,0.));
#6117 = DIRECTION('',(1.,0.,0.));
#6118 = DIRECTION('',(-0.,0.,1.));
#6119 = PCURVE('',#3090,#6120);
#6120 = DEFINITIONAL_REPRESENTATION('',(#6121),#6125);
#6121 = CIRCLE('',#6122,3.);
#6122 = AXIS2_PLACEMENT_2D('',#6123,#6124);
#6123 = CARTESIAN_POINT('',(0.,0.));
#6124 = DIRECTION('',(1.,0.));
#6125 = ( GEOMETRIC_REPRESENTATION_CONTEXT(2) 
PARAMETRIC_REPRESENTATION_CONTEXT() REPRESENTATION_CONTEXT('2D SPACE',''
  ) );
#6126 = PCURVE('',#6127,#6132);
#6127 = CYLINDRICAL_SURFACE('',#6128,3.);
#6128 = AXIS2_PLACEMENT_3D('',#6129,#6130,#6131);
#6129 = CARTESIAN_POINT('',(177.4,0.,0.));
#6130 = DIRECTION('',(1.,0.,0.));
#6131 = DIRECTION('',(-0.,0.,1.));
#6132 = DEFINITIONAL_REPRESENTATION('',(#6133),#6137);
#6133 = LINE('',#6134,#6135);
#6134 = CARTESIAN_POINT('',(0.,2.6));
#6135 = VECTOR('',#6136,1.);
#6136 = DIRECTION('',(1.,0.));
#6137 = ( GEOMETRIC_REPRESENTATION_CONTEXT(2) 
PARAMETRIC_REPRESENTATION_CONTEXT() REPRESENTATION_CONTEXT('2D SPACE',''
  ) );
#6138 = ADVANCED_FACE('',(#6139),#5438,.T.);
#6139 = FACE_BOUND('',#6140,.F.);
#6140 = EDGE_LOOP('',(#6141,#6170,#6191,#6192));
#6141 = ORIENTED_EDGE('',*,*,#6142,.F.);
#6142 = EDGE_CURVE('',#6143,#5860,#6145,.T.);
#6143 = VERTEX_POINT('',#6144);
#6144 = CARTESIAN_POINT('',(179.,-33.58757210636,35.708892449921));
#6145 = SURFACE_CURVE('',#6146,(#6151,#6158),.PCURVE_S1.);
#6146 = CIRCLE('',#6147,1.);
#6147 = AXIS2_PLACEMENT_3D('',#6148,#6149,#6150);
#6148 = CARTESIAN_POINT('',(179.,-34.29467888754,35.001785668734));
#6149 = DIRECTION('',(6.123233995737E-17,0.707106781187,-0.707106781187)
  );
#6150 = DIRECTION('',(1.,-4.329780281177E-17,4.329780281177E-17));
#6151 = PCURVE('',#5438,#6152);
#6152 = DEFINITIONAL_REPRESENTATION('',(#6153),#6157);
#6153 = LINE('',#6154,#6155);
#6154 = CARTESIAN_POINT('',(-6.28318530718,1.));
#6155 = VECTOR('',#6156,1.);
#6156 = DIRECTION('',(1.,-0.));
#6157 = ( GEOMETRIC_REPRESENTATION_CONTEXT(2) 
PARAMETRIC_REPRESENTATION_CONTEXT() REPRESENTATION_CONTEXT('2D SPACE',''
  ) );
#6158 = PCURVE('',#6159,#6164);
#6159 = SPHERICAL_SURFACE('',#6160,1.);
#6160 = AXIS2_PLACEMENT_3D('',#6161,#6162,#6163);
#6161 = CARTESIAN_POINT('',(179.,-34.29467888754,35.001785668734));
#6162 = DIRECTION('',(0.,-0.707106781187,-0.707106781187));
#6163 = DIRECTION('',(0.,-0.707106781187,0.707106781187));
#6164 = DEFINITIONAL_REPRESENTATION('',(#6165),#6169);
#6165 = LINE('',#6166,#6167);
#6166 = CARTESIAN_POINT('',(-1.570796326795,-6.28318530718));
#6167 = VECTOR('',#6168,1.);
#6168 = DIRECTION('',(-0.,1.));
#6169 = ( GEOMETRIC_REPRESENTATION_CONTEXT(2) 
PARAMETRIC_REPRESENTATION_CONTEXT() REPRESENTATION_CONTEXT('2D SPACE',''
  ) );
#6170 = ORIENTED_EDGE('',*,*,#6171,.T.);
#6171 = EDGE_CURVE('',#6143,#5358,#6172,.T.);
#6172 = SURFACE_CURVE('',#6173,(#6177,#6184),.PCURVE_S1.);
#6173 = LINE('',#6174,#6175);
#6174 = CARTESIAN_POINT('',(179.,-34.29467888754,36.415999231107));
#6175 = VECTOR('',#6176,1.);
#6176 = DIRECTION('',(0.,0.707106781187,-0.707106781187));
#6177 = PCURVE('',#5438,#6178);
#6178 = DEFINITIONAL_REPRESENTATION('',(#6179),#6183);
#6179 = LINE('',#6180,#6181);
#6180 = CARTESIAN_POINT('',(-1.570796326795,0.));
#6181 = VECTOR('',#6182,1.);
#6182 = DIRECTION('',(-0.,1.));
#6183 = ( GEOMETRIC_REPRESENTATION_CONTEXT(2) 
PARAMETRIC_REPRESENTATION_CONTEXT() REPRESENTATION_CONTEXT('2D SPACE',''
  ) );
#6184 = PCURVE('',#5378,#6185);
#6185 = DEFINITIONAL_REPRESENTATION('',(#6186),#6190);
#6186 = LINE('',#6187,#6188);
#6187 = CARTESIAN_POINT('',(-16.41519943581,18.707728477981));
#6188 = VECTOR('',#6189,1.);
#6189 = DIRECTION('',(-0.,-1.));
#6190 = ( GEOMETRIC_REPRESENTATION_CONTEXT(2) 
PARAMETRIC_REPRESENTATION_CONTEXT() REPRESENTATION_CONTEXT('2D SPACE',''
  ) );
#6191 = ORIENTED_EDGE('',*,*,#5390,.F.);
#6192 = ORIENTED_EDGE('',*,*,#5859,.F.);
#6193 = ADVANCED_FACE('',(#6194),#5378,.T.);
#6194 = FACE_BOUND('',#6195,.T.);
#6195 = EDGE_LOOP('',(#6196,#6197,#6220,#6246));
#6196 = ORIENTED_EDGE('',*,*,#5357,.T.);
#6197 = ORIENTED_EDGE('',*,*,#6198,.T.);
#6198 = EDGE_CURVE('',#5272,#6199,#6201,.T.);
#6199 = VERTEX_POINT('',#6200);
#6200 = CARTESIAN_POINT('',(160.43137518731,-33.58757210636,
    35.708892449921));
#6201 = SURFACE_CURVE('',#6202,(#6206,#6213),.PCURVE_S1.);
#6202 = LINE('',#6203,#6204);
#6203 = CARTESIAN_POINT('',(135.7273936525,-15.07111806885,
    17.192438412417));
#6204 = VECTOR('',#6205,1.);
#6205 = DIRECTION('',(0.686220426896,-0.514344984281,0.514344984281));
#6206 = PCURVE('',#5378,#6207);
#6207 = DEFINITIONAL_REPRESENTATION('',(#6208),#6212);
#6208 = LINE('',#6209,#6210);
#6209 = CARTESIAN_POINT('',(26.857406911678,-8.478491948914));
#6210 = VECTOR('',#6211,1.);
#6211 = DIRECTION('',(-0.686220426896,0.727393652509));
#6212 = ( GEOMETRIC_REPRESENTATION_CONTEXT(2) 
PARAMETRIC_REPRESENTATION_CONTEXT() REPRESENTATION_CONTEXT('2D SPACE',''
  ) );
#6213 = PCURVE('',#5323,#6214);
#6214 = DEFINITIONAL_REPRESENTATION('',(#6215),#6219);
#6215 = LINE('',#6216,#6217);
#6216 = CARTESIAN_POINT('',(-1.570796326795,0.));
#6217 = VECTOR('',#6218,1.);
#6218 = DIRECTION('',(-0.,1.));
#6219 = ( GEOMETRIC_REPRESENTATION_CONTEXT(2) 
PARAMETRIC_REPRESENTATION_CONTEXT() REPRESENTATION_CONTEXT('2D SPACE',''
  ) );
#6220 = ORIENTED_EDGE('',*,*,#6221,.T.);
#6221 = EDGE_CURVE('',#6199,#6143,#6222,.T.);
#6222 = SURFACE_CURVE('',#6223,(#6227,#6234),.PCURVE_S1.);
#6223 = LINE('',#6224,#6225);
#6224 = CARTESIAN_POINT('',(160.,-33.58757210636,35.708892449921));
#6225 = VECTOR('',#6226,1.);
#6226 = DIRECTION('',(1.,0.,0.));
#6227 = PCURVE('',#5378,#6228);
#6228 = DEFINITIONAL_REPRESENTATION('',(#6229),#6233);
#6229 = LINE('',#6230,#6231);
#6230 = CARTESIAN_POINT('',(2.584800564187,17.707728477981));
#6231 = VECTOR('',#6232,1.);
#6232 = DIRECTION('',(-1.,0.));
#6233 = ( GEOMETRIC_REPRESENTATION_CONTEXT(2) 
PARAMETRIC_REPRESENTATION_CONTEXT() REPRESENTATION_CONTEXT('2D SPACE',''
  ) );
#6234 = PCURVE('',#6235,#6240);
#6235 = CYLINDRICAL_SURFACE('',#6236,1.);
#6236 = AXIS2_PLACEMENT_3D('',#6237,#6238,#6239);
#6237 = CARTESIAN_POINT('',(160.,-34.29467888754,35.001785668734));
#6238 = DIRECTION('',(1.,0.,0.));
#6239 = DIRECTION('',(0.,-0.707106781187,0.707106781187));
#6240 = DEFINITIONAL_REPRESENTATION('',(#6241),#6245);
#6241 = LINE('',#6242,#6243);
#6242 = CARTESIAN_POINT('',(-1.570796326795,0.));
#6243 = VECTOR('',#6244,1.);
#6244 = DIRECTION('',(-0.,1.));
#6245 = ( GEOMETRIC_REPRESENTATION_CONTEXT(2) 
PARAMETRIC_REPRESENTATION_CONTEXT() REPRESENTATION_CONTEXT('2D SPACE',''
  ) );
#6246 = ORIENTED_EDGE('',*,*,#6171,.T.);
#6247 = ADVANCED_FACE('',(#6248),#5323,.T.);
#6248 = FACE_BOUND('',#6249,.F.);
#6249 = EDGE_LOOP('',(#6250,#6274,#6275,#6276,#6305));
#6250 = ORIENTED_EDGE('',*,*,#6251,.F.);
#6251 = EDGE_CURVE('',#5211,#6252,#6254,.T.);
#6252 = VERTEX_POINT('',#6253);
#6253 = CARTESIAN_POINT('',(136.20803648131,-17.16891940241,
    17.876026183605));
#6254 = SURFACE_CURVE('',#6255,(#6260,#6267),.PCURVE_S1.);
#6255 = CIRCLE('',#6256,1.);
#6256 = AXIS2_PLACEMENT_3D('',#6257,#6258,#6259);
#6257 = CARTESIAN_POINT('',(136.93543013382,-16.68368828517,
    17.390795066358));
#6258 = DIRECTION('',(0.686220426896,-0.514344984282,0.514344984282));
#6259 = DIRECTION('',(-0.727393652509,-0.485231117247,0.485231117247));
#6260 = PCURVE('',#5323,#6261);
#6261 = DEFINITIONAL_REPRESENTATION('',(#6262),#6266);
#6262 = LINE('',#6263,#6264);
#6263 = CARTESIAN_POINT('',(-6.28318530718,1.760420462527));
#6264 = VECTOR('',#6265,1.);
#6265 = DIRECTION('',(1.,-0.));
#6266 = ( GEOMETRIC_REPRESENTATION_CONTEXT(2) 
PARAMETRIC_REPRESENTATION_CONTEXT() REPRESENTATION_CONTEXT('2D SPACE',''
  ) );
#6267 = PCURVE('',#5248,#6268);
#6268 = DEFINITIONAL_REPRESENTATION('',(#6269),#6273);
#6269 = LINE('',#6270,#6271);
#6270 = CARTESIAN_POINT('',(-2.108407562811,-6.28318530718));
#6271 = VECTOR('',#6272,1.);
#6272 = DIRECTION('',(-0.,1.));
#6273 = ( GEOMETRIC_REPRESENTATION_CONTEXT(2) 
PARAMETRIC_REPRESENTATION_CONTEXT() REPRESENTATION_CONTEXT('2D SPACE',''
  ) );
#6274 = ORIENTED_EDGE('',*,*,#5271,.T.);
#6275 = ORIENTED_EDGE('',*,*,#6198,.T.);
#6276 = ORIENTED_EDGE('',*,*,#6277,.T.);
#6277 = EDGE_CURVE('',#6199,#6278,#6280,.T.);
#6278 = VERTEX_POINT('',#6279);
#6279 = CARTESIAN_POINT('',(159.7039815348,-34.77991000479,
    35.487016785981));
#6280 = SURFACE_CURVE('',#6281,(#6286,#6293),.PCURVE_S1.);
#6281 = CIRCLE('',#6282,1.);
#6282 = AXIS2_PLACEMENT_3D('',#6283,#6284,#6285);
#6283 = CARTESIAN_POINT('',(160.43137518731,-34.29467888754,
    35.001785668734));
#6284 = DIRECTION('',(0.686220426896,-0.514344984281,0.514344984281));
#6285 = DIRECTION('',(-0.727393652509,-0.485231117247,0.485231117247));
#6286 = PCURVE('',#5323,#6287);
#6287 = DEFINITIONAL_REPRESENTATION('',(#6288),#6292);
#6288 = LINE('',#6289,#6290);
#6289 = CARTESIAN_POINT('',(-6.28318530718,36.000067276577));
#6290 = VECTOR('',#6291,1.);
#6291 = DIRECTION('',(1.,-0.));
#6292 = ( GEOMETRIC_REPRESENTATION_CONTEXT(2) 
PARAMETRIC_REPRESENTATION_CONTEXT() REPRESENTATION_CONTEXT('2D SPACE',''
  ) );
#6293 = PCURVE('',#6294,#6299);
#6294 = SPHERICAL_SURFACE('',#6295,1.);
#6295 = AXIS2_PLACEMENT_3D('',#6296,#6297,#6298);
#6296 = CARTESIAN_POINT('',(160.43137518731,-34.29467888754,
    35.001785668734));
#6297 = DIRECTION('',(0.,-0.707106781187,-0.707106781187));
#6298 = DIRECTION('',(-0.727393652509,-0.485231117247,0.485231117247));
#6299 = DEFINITIONAL_REPRESENTATION('',(#6300),#6304);
#6300 = LINE('',#6301,#6302);
#6301 = CARTESIAN_POINT('',(-0.,-6.28318530718));
#6302 = VECTOR('',#6303,1.);
#6303 = DIRECTION('',(-0.,1.));
#6304 = ( GEOMETRIC_REPRESENTATION_CONTEXT(2) 
PARAMETRIC_REPRESENTATION_CONTEXT() REPRESENTATION_CONTEXT('2D SPACE',''
  ) );
#6305 = ORIENTED_EDGE('',*,*,#6306,.F.);
#6306 = EDGE_CURVE('',#6252,#6278,#6307,.T.);
#6307 = SURFACE_CURVE('',#6308,(#6312,#6319),.PCURVE_S1.);
#6308 = LINE('',#6309,#6310);
#6309 = CARTESIAN_POINT('',(135.,-16.26345596729,16.970562748477));
#6310 = VECTOR('',#6311,1.);
#6311 = DIRECTION('',(0.686220426896,-0.514344984281,0.514344984281));
#6312 = PCURVE('',#5323,#6313);
#6313 = DEFINITIONAL_REPRESENTATION('',(#6314),#6318);
#6314 = LINE('',#6315,#6316);
#6315 = CARTESIAN_POINT('',(-0.,0.));
#6316 = VECTOR('',#6317,1.);
#6317 = DIRECTION('',(-0.,1.));
#6318 = ( GEOMETRIC_REPRESENTATION_CONTEXT(2) 
PARAMETRIC_REPRESENTATION_CONTEXT() REPRESENTATION_CONTEXT('2D SPACE',''
  ) );
#6319 = PCURVE('',#6320,#6325);
#6320 = PLANE('',#6321);
#6321 = AXIS2_PLACEMENT_3D('',#6322,#6323,#6324);
#6322 = CARTESIAN_POINT('',(135.,-16.61700935788,16.617009357884));
#6323 = DIRECTION('',(-0.727393652509,-0.485231117247,0.485231117247));
#6324 = DIRECTION('',(0.686220426896,-0.514344984281,0.514344984281));
#6325 = DEFINITIONAL_REPRESENTATION('',(#6326),#6330);
#6326 = LINE('',#6327,#6328);
#6327 = CARTESIAN_POINT('',(-3.663735981263E-15,0.5));
#6328 = VECTOR('',#6329,1.);
#6329 = DIRECTION('',(1.,-1.110223024625E-16));
#6330 = ( GEOMETRIC_REPRESENTATION_CONTEXT(2) 
PARAMETRIC_REPRESENTATION_CONTEXT() REPRESENTATION_CONTEXT('2D SPACE',''
  ) );
#6331 = ADVANCED_FACE('',(#6332),#3341,.T.);
#6332 = FACE_BOUND('',#6333,.T.);
#6333 = EDGE_LOOP('',(#6334,#6358,#6359,#6382,#6411));
#6334 = ORIENTED_EDGE('',*,*,#6335,.F.);
#6335 = EDGE_CURVE('',#3290,#6336,#6338,.T.);
#6336 = VERTEX_POINT('',#6337);
#6337 = CARTESIAN_POINT('',(136.20803648131,17.168919402418,
    17.876026183605));
#6338 = SURFACE_CURVE('',#6339,(#6344,#6351),.PCURVE_S1.);
#6339 = CIRCLE('',#6340,1.);
#6340 = AXIS2_PLACEMENT_3D('',#6341,#6342,#6343);
#6341 = CARTESIAN_POINT('',(136.93543013382,16.683688285171,
    17.390795066358));
#6342 = DIRECTION('',(-0.686220426896,-0.514344984282,-0.514344984282));
#6343 = DIRECTION('',(-0.727393652509,0.485231117247,0.485231117247));
#6344 = PCURVE('',#3341,#6345);
#6345 = DEFINITIONAL_REPRESENTATION('',(#6346),#6350);
#6346 = LINE('',#6347,#6348);
#6347 = CARTESIAN_POINT('',(6.28318530718,1.760420462527));
#6348 = VECTOR('',#6349,1.);
#6349 = DIRECTION('',(-1.,-0.));
#6350 = ( GEOMETRIC_REPRESENTATION_CONTEXT(2) 
PARAMETRIC_REPRESENTATION_CONTEXT() REPRESENTATION_CONTEXT('2D SPACE',''
  ) );
#6351 = PCURVE('',#3413,#6352);
#6352 = DEFINITIONAL_REPRESENTATION('',(#6353),#6357);
#6353 = LINE('',#6354,#6355);
#6354 = CARTESIAN_POINT('',(2.108407562811,-6.28318530718));
#6355 = VECTOR('',#6356,1.);
#6356 = DIRECTION('',(0.,1.));
#6357 = ( GEOMETRIC_REPRESENTATION_CONTEXT(2) 
PARAMETRIC_REPRESENTATION_CONTEXT() REPRESENTATION_CONTEXT('2D SPACE',''
  ) );
#6358 = ORIENTED_EDGE('',*,*,#3289,.F.);
#6359 = ORIENTED_EDGE('',*,*,#6360,.T.);
#6360 = EDGE_CURVE('',#3257,#6361,#6363,.T.);
#6361 = VERTEX_POINT('',#6362);
#6362 = CARTESIAN_POINT('',(160.43137518731,33.587572106361,
    35.708892449921));
#6363 = SURFACE_CURVE('',#6364,(#6368,#6375),.PCURVE_S1.);
#6364 = LINE('',#6365,#6366);
#6365 = CARTESIAN_POINT('',(135.7273936525,15.071118068857,
    17.192438412417));
#6366 = VECTOR('',#6367,1.);
#6367 = DIRECTION('',(0.686220426896,0.514344984281,0.514344984281));
#6368 = PCURVE('',#3341,#6369);
#6369 = DEFINITIONAL_REPRESENTATION('',(#6370),#6374);
#6370 = LINE('',#6371,#6372);
#6371 = CARTESIAN_POINT('',(1.570796326795,0.));
#6372 = VECTOR('',#6373,1.);
#6373 = DIRECTION('',(0.,1.));
#6374 = ( GEOMETRIC_REPRESENTATION_CONTEXT(2) 
PARAMETRIC_REPRESENTATION_CONTEXT() REPRESENTATION_CONTEXT('2D SPACE',''
  ) );
#6375 = PCURVE('',#3277,#6376);
#6376 = DEFINITIONAL_REPRESENTATION('',(#6377),#6381);
#6377 = LINE('',#6378,#6379);
#6378 = CARTESIAN_POINT('',(26.857406911678,-8.478491948914));
#6379 = VECTOR('',#6380,1.);
#6380 = DIRECTION('',(-0.686220426896,0.727393652509));
#6381 = ( GEOMETRIC_REPRESENTATION_CONTEXT(2) 
PARAMETRIC_REPRESENTATION_CONTEXT() REPRESENTATION_CONTEXT('2D SPACE',''
  ) );
#6382 = ORIENTED_EDGE('',*,*,#6383,.T.);
#6383 = EDGE_CURVE('',#6361,#6384,#6386,.T.);
#6384 = VERTEX_POINT('',#6385);
#6385 = CARTESIAN_POINT('',(159.7039815348,34.779910004794,
    35.487016785981));
#6386 = SURFACE_CURVE('',#6387,(#6392,#6399),.PCURVE_S1.);
#6387 = CIRCLE('',#6388,1.);
#6388 = AXIS2_PLACEMENT_3D('',#6389,#6390,#6391);
#6389 = CARTESIAN_POINT('',(160.43137518731,34.294678887548,
    35.001785668734));
#6390 = DIRECTION('',(-0.686220426896,-0.514344984281,-0.514344984281));
#6391 = DIRECTION('',(-0.727393652509,0.485231117247,0.485231117247));
#6392 = PCURVE('',#3341,#6393);
#6393 = DEFINITIONAL_REPRESENTATION('',(#6394),#6398);
#6394 = LINE('',#6395,#6396);
#6395 = CARTESIAN_POINT('',(6.28318530718,36.000067276577));
#6396 = VECTOR('',#6397,1.);
#6397 = DIRECTION('',(-1.,-0.));
#6398 = ( GEOMETRIC_REPRESENTATION_CONTEXT(2) 
PARAMETRIC_REPRESENTATION_CONTEXT() REPRESENTATION_CONTEXT('2D SPACE',''
  ) );
#6399 = PCURVE('',#6400,#6405);
#6400 = SPHERICAL_SURFACE('',#6401,1.);
#6401 = AXIS2_PLACEMENT_3D('',#6402,#6403,#6404);
#6402 = CARTESIAN_POINT('',(160.43137518731,34.294678887548,
    35.001785668734));
#6403 = DIRECTION('',(0.,0.707106781187,-0.707106781187));
#6404 = DIRECTION('',(0.,0.707106781187,0.707106781187));
#6405 = DEFINITIONAL_REPRESENTATION('',(#6406),#6410);
#6406 = LINE('',#6407,#6408);
#6407 = CARTESIAN_POINT('',(-0.814516144904,-6.28318530718));
#6408 = VECTOR('',#6409,1.);
#6409 = DIRECTION('',(-0.,1.));
#6410 = ( GEOMETRIC_REPRESENTATION_CONTEXT(2) 
PARAMETRIC_REPRESENTATION_CONTEXT() REPRESENTATION_CONTEXT('2D SPACE',''
  ) );
#6411 = ORIENTED_EDGE('',*,*,#6412,.F.);
#6412 = EDGE_CURVE('',#6336,#6384,#6413,.T.);
#6413 = SURFACE_CURVE('',#6414,(#6418,#6425),.PCURVE_S1.);
#6414 = LINE('',#6415,#6416);
#6415 = CARTESIAN_POINT('',(135.,16.263455967291,16.970562748477));
#6416 = VECTOR('',#6417,1.);
#6417 = DIRECTION('',(0.686220426896,0.514344984281,0.514344984281));
#6418 = PCURVE('',#3341,#6419);
#6419 = DEFINITIONAL_REPRESENTATION('',(#6420),#6424);
#6420 = LINE('',#6421,#6422);
#6421 = CARTESIAN_POINT('',(0.,0.));
#6422 = VECTOR('',#6423,1.);
#6423 = DIRECTION('',(0.,1.));
#6424 = ( GEOMETRIC_REPRESENTATION_CONTEXT(2) 
PARAMETRIC_REPRESENTATION_CONTEXT() REPRESENTATION_CONTEXT('2D SPACE',''
  ) );
#6425 = PCURVE('',#6426,#6431);
#6426 = PLANE('',#6427);
#6427 = AXIS2_PLACEMENT_3D('',#6428,#6429,#6430);
#6428 = CARTESIAN_POINT('',(135.,16.617009357884,16.617009357884));
#6429 = DIRECTION('',(-0.727393652509,0.485231117247,0.485231117247));
#6430 = DIRECTION('',(0.686220426896,0.514344984281,0.514344984281));
#6431 = DEFINITIONAL_REPRESENTATION('',(#6432),#6436);
#6432 = LINE('',#6433,#6434);
#6433 = CARTESIAN_POINT('',(-3.663735981263E-15,-0.5));
#6434 = VECTOR('',#6435,1.);
#6435 = DIRECTION('',(1.,-1.110223024625E-16));
#6436 = ( GEOMETRIC_REPRESENTATION_CONTEXT(2) 
PARAMETRIC_REPRESENTATION_CONTEXT() REPRESENTATION_CONTEXT('2D SPACE',''
  ) );
#6437 = ADVANCED_FACE('',(#6438),#3277,.F.);
#6438 = FACE_BOUND('',#6439,.F.);
#6439 = EDGE_LOOP('',(#6440,#6441,#6442,#6470));
#6440 = ORIENTED_EDGE('',*,*,#3256,.T.);
#6441 = ORIENTED_EDGE('',*,*,#6360,.T.);
#6442 = ORIENTED_EDGE('',*,*,#6443,.T.);
#6443 = EDGE_CURVE('',#6361,#6444,#6446,.T.);
#6444 = VERTEX_POINT('',#6445);
#6445 = CARTESIAN_POINT('',(179.,33.587572106361,35.708892449921));
#6446 = SURFACE_CURVE('',#6447,(#6451,#6458),.PCURVE_S1.);
#6447 = LINE('',#6448,#6449);
#6448 = CARTESIAN_POINT('',(160.,33.587572106361,35.708892449921));
#6449 = VECTOR('',#6450,1.);
#6450 = DIRECTION('',(1.,0.,0.));
#6451 = PCURVE('',#3277,#6452);
#6452 = DEFINITIONAL_REPRESENTATION('',(#6453),#6457);
#6453 = LINE('',#6454,#6455);
#6454 = CARTESIAN_POINT('',(2.584800564187,17.707728477981));
#6455 = VECTOR('',#6456,1.);
#6456 = DIRECTION('',(-1.,0.));
#6457 = ( GEOMETRIC_REPRESENTATION_CONTEXT(2) 
PARAMETRIC_REPRESENTATION_CONTEXT() REPRESENTATION_CONTEXT('2D SPACE',''
  ) );
#6458 = PCURVE('',#6459,#6464);
#6459 = CYLINDRICAL_SURFACE('',#6460,1.);
#6460 = AXIS2_PLACEMENT_3D('',#6461,#6462,#6463);
#6461 = CARTESIAN_POINT('',(160.,34.294678887548,35.001785668734));
#6462 = DIRECTION('',(1.,0.,0.));
#6463 = DIRECTION('',(0.,0.707106781187,0.707106781187));
#6464 = DEFINITIONAL_REPRESENTATION('',(#6465),#6469);
#6465 = LINE('',#6466,#6467);
#6466 = CARTESIAN_POINT('',(1.570796326795,0.));
#6467 = VECTOR('',#6468,1.);
#6468 = DIRECTION('',(0.,1.));
#6469 = ( GEOMETRIC_REPRESENTATION_CONTEXT(2) 
PARAMETRIC_REPRESENTATION_CONTEXT() REPRESENTATION_CONTEXT('2D SPACE',''
  ) );
#6470 = ORIENTED_EDGE('',*,*,#6471,.T.);
#6471 = EDGE_CURVE('',#6444,#3178,#6472,.T.);
#6472 = SURFACE_CURVE('',#6473,(#6477,#6484),.PCURVE_S1.);
#6473 = LINE('',#6474,#6475);
#6474 = CARTESIAN_POINT('',(179.,34.294678887548,36.415999231107));
#6475 = VECTOR('',#6476,1.);
#6476 = DIRECTION('',(0.,-0.707106781187,-0.707106781187));
#6477 = PCURVE('',#3277,#6478);
#6478 = DEFINITIONAL_REPRESENTATION('',(#6479),#6483);
#6479 = LINE('',#6480,#6481);
#6480 = CARTESIAN_POINT('',(-16.41519943581,18.707728477981));
#6481 = VECTOR('',#6482,1.);
#6482 = DIRECTION('',(-0.,-1.));
#6483 = ( GEOMETRIC_REPRESENTATION_CONTEXT(2) 
PARAMETRIC_REPRESENTATION_CONTEXT() REPRESENTATION_CONTEXT('2D SPACE',''
  ) );
#6484 = PCURVE('',#3227,#6485);
#6485 = DEFINITIONAL_REPRESENTATION('',(#6486),#6490);
#6486 = LINE('',#6487,#6488);
#6487 = CARTESIAN_POINT('',(-0.,0.));
#6488 = VECTOR('',#6489,1.);
#6489 = DIRECTION('',(-0.,1.));
#6490 = ( GEOMETRIC_REPRESENTATION_CONTEXT(2) 
PARAMETRIC_REPRESENTATION_CONTEXT() REPRESENTATION_CONTEXT('2D SPACE',''
  ) );
#6491 = ADVANCED_FACE('',(#6492),#3227,.T.);
#6492 = FACE_BOUND('',#6493,.F.);
#6493 = EDGE_LOOP('',(#6494,#6521,#6522,#6523));
#6494 = ORIENTED_EDGE('',*,*,#6495,.F.);
#6495 = EDGE_CURVE('',#5809,#6444,#6496,.T.);
#6496 = SURFACE_CURVE('',#6497,(#6502,#6509),.PCURVE_S1.);
#6497 = CIRCLE('',#6498,1.);
#6498 = AXIS2_PLACEMENT_3D('',#6499,#6500,#6501);
#6499 = CARTESIAN_POINT('',(179.,34.294678887548,35.001785668734));
#6500 = DIRECTION('',(-0.,-0.707106781187,-0.707106781187));
#6501 = DIRECTION('',(0.,-0.707106781187,0.707106781187));
#6502 = PCURVE('',#3227,#6503);
#6503 = DEFINITIONAL_REPRESENTATION('',(#6504),#6508);
#6504 = LINE('',#6505,#6506);
#6505 = CARTESIAN_POINT('',(-6.28318530718,1.));
#6506 = VECTOR('',#6507,1.);
#6507 = DIRECTION('',(1.,-0.));
#6508 = ( GEOMETRIC_REPRESENTATION_CONTEXT(2) 
PARAMETRIC_REPRESENTATION_CONTEXT() REPRESENTATION_CONTEXT('2D SPACE',''
  ) );
#6509 = PCURVE('',#6510,#6515);
#6510 = SPHERICAL_SURFACE('',#6511,1.);
#6511 = AXIS2_PLACEMENT_3D('',#6512,#6513,#6514);
#6512 = CARTESIAN_POINT('',(179.,34.294678887548,35.001785668734));
#6513 = DIRECTION('',(-1.,0.,-0.));
#6514 = DIRECTION('',(0.,0.707106781187,0.707106781187));
#6515 = DEFINITIONAL_REPRESENTATION('',(#6516),#6520);
#6516 = LINE('',#6517,#6518);
#6517 = CARTESIAN_POINT('',(-1.570796326795,-6.28318530718));
#6518 = VECTOR('',#6519,1.);
#6519 = DIRECTION('',(-0.,1.));
#6520 = ( GEOMETRIC_REPRESENTATION_CONTEXT(2) 
PARAMETRIC_REPRESENTATION_CONTEXT() REPRESENTATION_CONTEXT('2D SPACE',''
  ) );
#6521 = ORIENTED_EDGE('',*,*,#5836,.T.);
#6522 = ORIENTED_EDGE('',*,*,#3177,.F.);
#6523 = ORIENTED_EDGE('',*,*,#6471,.F.);
#6524 = ADVANCED_FACE('',(#6525),#6096,.F.);
#6525 = FACE_BOUND('',#6526,.F.);
#6526 = EDGE_LOOP('',(#6527,#6528,#6551,#6578));
#6527 = ORIENTED_EDGE('',*,*,#6079,.F.);
#6528 = ORIENTED_EDGE('',*,*,#6529,.F.);
#6529 = EDGE_CURVE('',#6530,#6080,#6532,.T.);
#6530 = VERTEX_POINT('',#6531);
#6531 = CARTESIAN_POINT('',(177.5,9.,2.5));
#6532 = SEAM_CURVE('',#6533,(#6537,#6544),.PCURVE_S1.);
#6533 = LINE('',#6534,#6535);
#6534 = CARTESIAN_POINT('',(177.4,9.,2.5));
#6535 = VECTOR('',#6536,1.);
#6536 = DIRECTION('',(1.,0.,0.));
#6537 = PCURVE('',#6096,#6538);
#6538 = DEFINITIONAL_REPRESENTATION('',(#6539),#6543);
#6539 = LINE('',#6540,#6541);
#6540 = CARTESIAN_POINT('',(6.28318530718,-0.));
#6541 = VECTOR('',#6542,1.);
#6542 = DIRECTION('',(0.,1.));
#6543 = ( GEOMETRIC_REPRESENTATION_CONTEXT(2) 
PARAMETRIC_REPRESENTATION_CONTEXT() REPRESENTATION_CONTEXT('2D SPACE',''
  ) );
#6544 = PCURVE('',#6096,#6545);
#6545 = DEFINITIONAL_REPRESENTATION('',(#6546),#6550);
#6546 = LINE('',#6547,#6548);
#6547 = CARTESIAN_POINT('',(0.,-0.));
#6548 = VECTOR('',#6549,1.);
#6549 = DIRECTION('',(0.,1.));
#6550 = ( GEOMETRIC_REPRESENTATION_CONTEXT(2) 
PARAMETRIC_REPRESENTATION_CONTEXT() REPRESENTATION_CONTEXT('2D SPACE',''
  ) );
#6551 = ORIENTED_EDGE('',*,*,#6552,.T.);
#6552 = EDGE_CURVE('',#6530,#6530,#6553,.T.);
#6553 = SURFACE_CURVE('',#6554,(#6559,#6566),.PCURVE_S1.);
#6554 = CIRCLE('',#6555,2.5);
#6555 = AXIS2_PLACEMENT_3D('',#6556,#6557,#6558);
#6556 = CARTESIAN_POINT('',(177.5,9.,0.));
#6557 = DIRECTION('',(1.,0.,0.));
#6558 = DIRECTION('',(-0.,0.,1.));
#6559 = PCURVE('',#6096,#6560);
#6560 = DEFINITIONAL_REPRESENTATION('',(#6561),#6565);
#6561 = LINE('',#6562,#6563);
#6562 = CARTESIAN_POINT('',(0.,9.999999999999E-02));
#6563 = VECTOR('',#6564,1.);
#6564 = DIRECTION('',(1.,0.));
#6565 = ( GEOMETRIC_REPRESENTATION_CONTEXT(2) 
PARAMETRIC_REPRESENTATION_CONTEXT() REPRESENTATION_CONTEXT('2D SPACE',''
  ) );
#6566 = PCURVE('',#6567,#6572);
#6567 = PLANE('',#6568);
#6568 = AXIS2_PLACEMENT_3D('',#6569,#6570,#6571);
#6569 = CARTESIAN_POINT('',(177.5,0.,0.));
#6570 = DIRECTION('',(1.,0.,0.));
#6571 = DIRECTION('',(-0.,0.,1.));
#6572 = DEFINITIONAL_REPRESENTATION('',(#6573),#6577);
#6573 = CIRCLE('',#6574,2.5);
#6574 = AXIS2_PLACEMENT_2D('',#6575,#6576);
#6575 = CARTESIAN_POINT('',(0.,-9.));
#6576 = DIRECTION('',(1.,0.));
#6577 = ( GEOMETRIC_REPRESENTATION_CONTEXT(2) 
PARAMETRIC_REPRESENTATION_CONTEXT() REPRESENTATION_CONTEXT('2D SPACE',''
  ) );
#6578 = ORIENTED_EDGE('',*,*,#6529,.T.);
#6579 = ADVANCED_FACE('',(#6580),#6127,.F.);
#6580 = FACE_BOUND('',#6581,.F.);
#6581 = EDGE_LOOP('',(#6582,#6583,#6606,#6628));
#6582 = ORIENTED_EDGE('',*,*,#6110,.F.);
#6583 = ORIENTED_EDGE('',*,*,#6584,.F.);
#6584 = EDGE_CURVE('',#6585,#6111,#6587,.T.);
#6585 = VERTEX_POINT('',#6586);
#6586 = CARTESIAN_POINT('',(177.5,7.347880794884E-16,3.));
#6587 = SEAM_CURVE('',#6588,(#6592,#6599),.PCURVE_S1.);
#6588 = LINE('',#6589,#6590);
#6589 = CARTESIAN_POINT('',(177.4,7.347880794884E-16,3.));
#6590 = VECTOR('',#6591,1.);
#6591 = DIRECTION('',(1.,0.,0.));
#6592 = PCURVE('',#6127,#6593);
#6593 = DEFINITIONAL_REPRESENTATION('',(#6594),#6598);
#6594 = LINE('',#6595,#6596);
#6595 = CARTESIAN_POINT('',(6.28318530718,-0.));
#6596 = VECTOR('',#6597,1.);
#6597 = DIRECTION('',(0.,1.));
#6598 = ( GEOMETRIC_REPRESENTATION_CONTEXT(2) 
PARAMETRIC_REPRESENTATION_CONTEXT() REPRESENTATION_CONTEXT('2D SPACE',''
  ) );
#6599 = PCURVE('',#6127,#6600);
#6600 = DEFINITIONAL_REPRESENTATION('',(#6601),#6605);
#6601 = LINE('',#6602,#6603);
#6602 = CARTESIAN_POINT('',(0.,-0.));
#6603 = VECTOR('',#6604,1.);
#6604 = DIRECTION('',(0.,1.));
#6605 = ( GEOMETRIC_REPRESENTATION_CONTEXT(2) 
PARAMETRIC_REPRESENTATION_CONTEXT() REPRESENTATION_CONTEXT('2D SPACE',''
  ) );
#6606 = ORIENTED_EDGE('',*,*,#6607,.T.);
#6607 = EDGE_CURVE('',#6585,#6585,#6608,.T.);
#6608 = SURFACE_CURVE('',#6609,(#6614,#6621),.PCURVE_S1.);
#6609 = CIRCLE('',#6610,3.);
#6610 = AXIS2_PLACEMENT_3D('',#6611,#6612,#6613);
#6611 = CARTESIAN_POINT('',(177.5,0.,0.));
#6612 = DIRECTION('',(1.,0.,0.));
#6613 = DIRECTION('',(-0.,0.,1.));
#6614 = PCURVE('',#6127,#6615);
#6615 = DEFINITIONAL_REPRESENTATION('',(#6616),#6620);
#6616 = LINE('',#6617,#6618);
#6617 = CARTESIAN_POINT('',(0.,9.999999999999E-02));
#6618 = VECTOR('',#6619,1.);
#6619 = DIRECTION('',(1.,0.));
#6620 = ( GEOMETRIC_REPRESENTATION_CONTEXT(2) 
PARAMETRIC_REPRESENTATION_CONTEXT() REPRESENTATION_CONTEXT('2D SPACE',''
  ) );
#6621 = PCURVE('',#6567,#6622);
#6622 = DEFINITIONAL_REPRESENTATION('',(#6623),#6627);
#6623 = CIRCLE('',#6624,3.);
#6624 = AXIS2_PLACEMENT_2D('',#6625,#6626);
#6625 = CARTESIAN_POINT('',(0.,0.));
#6626 = DIRECTION('',(1.,0.));
#6627 = ( GEOMETRIC_REPRESENTATION_CONTEXT(2) 
PARAMETRIC_REPRESENTATION_CONTEXT() REPRESENTATION_CONTEXT('2D SPACE',''
  ) );
#6628 = ORIENTED_EDGE('',*,*,#6584,.T.);
#6629 = ADVANCED_FACE('',(#6630),#6159,.T.);
#6630 = FACE_BOUND('',#6631,.F.);
#6631 = EDGE_LOOP('',(#6632,#6656,#6657));
#6632 = ORIENTED_EDGE('',*,*,#6633,.F.);
#6633 = EDGE_CURVE('',#6143,#6634,#6636,.T.);
#6634 = VERTEX_POINT('',#6635);
#6635 = CARTESIAN_POINT('',(179.,-35.00178566873,35.708892449921));
#6636 = SURFACE_CURVE('',#6637,(#6642,#6649),.PCURVE_S1.);
#6637 = CIRCLE('',#6638,1.);
#6638 = AXIS2_PLACEMENT_3D('',#6639,#6640,#6641);
#6639 = CARTESIAN_POINT('',(179.,-34.29467888754,35.001785668734));
#6640 = DIRECTION('',(1.,0.,0.));
#6641 = DIRECTION('',(0.,-0.707106781187,0.707106781187));
#6642 = PCURVE('',#6159,#6643);
#6643 = DEFINITIONAL_REPRESENTATION('',(#6644),#6648);
#6644 = LINE('',#6645,#6646);
#6645 = CARTESIAN_POINT('',(-0.,-6.28318530718));
#6646 = VECTOR('',#6647,1.);
#6647 = DIRECTION('',(-0.,1.));
#6648 = ( GEOMETRIC_REPRESENTATION_CONTEXT(2) 
PARAMETRIC_REPRESENTATION_CONTEXT() REPRESENTATION_CONTEXT('2D SPACE',''
  ) );
#6649 = PCURVE('',#6235,#6650);
#6650 = DEFINITIONAL_REPRESENTATION('',(#6651),#6655);
#6651 = LINE('',#6652,#6653);
#6652 = CARTESIAN_POINT('',(-6.28318530718,19.));
#6653 = VECTOR('',#6654,1.);
#6654 = DIRECTION('',(1.,-0.));
#6655 = ( GEOMETRIC_REPRESENTATION_CONTEXT(2) 
PARAMETRIC_REPRESENTATION_CONTEXT() REPRESENTATION_CONTEXT('2D SPACE',''
  ) );
#6656 = ORIENTED_EDGE('',*,*,#6142,.T.);
#6657 = ORIENTED_EDGE('',*,*,#6658,.F.);
#6658 = EDGE_CURVE('',#6634,#5860,#6659,.T.);
#6659 = SURFACE_CURVE('',#6660,(#6665,#6672),.PCURVE_S1.);
#6660 = CIRCLE('',#6661,1.);
#6661 = AXIS2_PLACEMENT_3D('',#6662,#6663,#6664);
#6662 = CARTESIAN_POINT('',(179.,-34.29467888754,35.001785668734));
#6663 = DIRECTION('',(-0.,0.707106781187,0.707106781187));
#6664 = DIRECTION('',(0.,-0.707106781187,0.707106781187));
#6665 = PCURVE('',#6159,#6666);
#6666 = DEFINITIONAL_REPRESENTATION('',(#6667),#6671);
#6667 = LINE('',#6668,#6669);
#6668 = CARTESIAN_POINT('',(-0.,0.));
#6669 = VECTOR('',#6670,1.);
#6670 = DIRECTION('',(-1.,0.));
#6671 = ( GEOMETRIC_REPRESENTATION_CONTEXT(2) 
PARAMETRIC_REPRESENTATION_CONTEXT() REPRESENTATION_CONTEXT('2D SPACE',''
  ) );
#6672 = PCURVE('',#5898,#6673);
#6673 = DEFINITIONAL_REPRESENTATION('',(#6674),#6678);
#6674 = LINE('',#6675,#6676);
#6675 = CARTESIAN_POINT('',(0.,2.));
#6676 = VECTOR('',#6677,1.);
#6677 = DIRECTION('',(1.,0.));
#6678 = ( GEOMETRIC_REPRESENTATION_CONTEXT(2) 
PARAMETRIC_REPRESENTATION_CONTEXT() REPRESENTATION_CONTEXT('2D SPACE',''
  ) );
#6679 = ADVANCED_FACE('',(#6680),#6235,.T.);
#6680 = FACE_BOUND('',#6681,.F.);
#6681 = EDGE_LOOP('',(#6682,#6706,#6707,#6708));
#6682 = ORIENTED_EDGE('',*,*,#6683,.F.);
#6683 = EDGE_CURVE('',#6199,#6684,#6686,.T.);
#6684 = VERTEX_POINT('',#6685);
#6685 = CARTESIAN_POINT('',(160.43137518731,-35.00178566873,
    35.708892449921));
#6686 = SURFACE_CURVE('',#6687,(#6692,#6699),.PCURVE_S1.);
#6687 = CIRCLE('',#6688,1.);
#6688 = AXIS2_PLACEMENT_3D('',#6689,#6690,#6691);
#6689 = CARTESIAN_POINT('',(160.43137518731,-34.29467888754,
    35.001785668734));
#6690 = DIRECTION('',(1.,7.261677621412E-15,-7.261677621412E-15));
#6691 = DIRECTION('',(1.026956297778E-14,-0.707106781187,0.707106781187)
  );
#6692 = PCURVE('',#6235,#6693);
#6693 = DEFINITIONAL_REPRESENTATION('',(#6694),#6698);
#6694 = LINE('',#6695,#6696);
#6695 = CARTESIAN_POINT('',(-6.28318530718,0.431375187317));
#6696 = VECTOR('',#6697,1.);
#6697 = DIRECTION('',(1.,-0.));
#6698 = ( GEOMETRIC_REPRESENTATION_CONTEXT(2) 
PARAMETRIC_REPRESENTATION_CONTEXT() REPRESENTATION_CONTEXT('2D SPACE',''
  ) );
#6699 = PCURVE('',#6294,#6700);
#6700 = DEFINITIONAL_REPRESENTATION('',(#6701),#6705);
#6701 = LINE('',#6702,#6703);
#6702 = CARTESIAN_POINT('',(-0.814516144904,-6.28318530718));
#6703 = VECTOR('',#6704,1.);
#6704 = DIRECTION('',(-0.,1.));
#6705 = ( GEOMETRIC_REPRESENTATION_CONTEXT(2) 
PARAMETRIC_REPRESENTATION_CONTEXT() REPRESENTATION_CONTEXT('2D SPACE',''
  ) );
#6706 = ORIENTED_EDGE('',*,*,#6221,.T.);
#6707 = ORIENTED_EDGE('',*,*,#6633,.T.);
#6708 = ORIENTED_EDGE('',*,*,#6709,.F.);
#6709 = EDGE_CURVE('',#6684,#6634,#6710,.T.);
#6710 = SURFACE_CURVE('',#6711,(#6715,#6722),.PCURVE_S1.);
#6711 = LINE('',#6712,#6713);
#6712 = CARTESIAN_POINT('',(160.,-35.00178566873,35.708892449921));
#6713 = VECTOR('',#6714,1.);
#6714 = DIRECTION('',(1.,0.,0.));
#6715 = PCURVE('',#6235,#6716);
#6716 = DEFINITIONAL_REPRESENTATION('',(#6717),#6721);
#6717 = LINE('',#6718,#6719);
#6718 = CARTESIAN_POINT('',(-0.,0.));
#6719 = VECTOR('',#6720,1.);
#6720 = DIRECTION('',(-0.,1.));
#6721 = ( GEOMETRIC_REPRESENTATION_CONTEXT(2) 
PARAMETRIC_REPRESENTATION_CONTEXT() REPRESENTATION_CONTEXT('2D SPACE',''
  ) );
#6722 = PCURVE('',#6723,#6728);
#6723 = PLANE('',#6724);
#6724 = AXIS2_PLACEMENT_3D('',#6725,#6726,#6727);
#6725 = CARTESIAN_POINT('',(160.,-35.35533905932,35.355339059327));
#6726 = DIRECTION('',(0.,-0.707106781187,0.707106781187));
#6727 = DIRECTION('',(1.,0.,0.));
#6728 = DEFINITIONAL_REPRESENTATION('',(#6729),#6733);
#6729 = LINE('',#6730,#6731);
#6730 = CARTESIAN_POINT('',(0.,0.5));
#6731 = VECTOR('',#6732,1.);
#6732 = DIRECTION('',(1.,0.));
#6733 = ( GEOMETRIC_REPRESENTATION_CONTEXT(2) 
PARAMETRIC_REPRESENTATION_CONTEXT() REPRESENTATION_CONTEXT('2D SPACE',''
  ) );
#6734 = ADVANCED_FACE('',(#6735),#5248,.T.);
#6735 = FACE_BOUND('',#6736,.F.);
#6736 = EDGE_LOOP('',(#6737,#6738,#6739));
#6737 = ORIENTED_EDGE('',*,*,#5210,.F.);
#6738 = ORIENTED_EDGE('',*,*,#6251,.T.);
#6739 = ORIENTED_EDGE('',*,*,#6740,.F.);
#6740 = EDGE_CURVE('',#5177,#6252,#6741,.T.);
#6741 = SURFACE_CURVE('',#6742,(#6747,#6754),.PCURVE_S1.);
#6742 = CIRCLE('',#6743,1.);
#6743 = AXIS2_PLACEMENT_3D('',#6744,#6745,#6746);
#6744 = CARTESIAN_POINT('',(136.93543013382,-16.68368828517,
    17.390795066358));
#6745 = DIRECTION('',(0.,0.707106781187,0.707106781187));
#6746 = DIRECTION('',(-0.216930457819,0.690268489963,-0.690268489963));
#6747 = PCURVE('',#5248,#6748);
#6748 = DEFINITIONAL_REPRESENTATION('',(#6749),#6753);
#6749 = LINE('',#6750,#6751);
#6750 = CARTESIAN_POINT('',(-0.,0.));
#6751 = VECTOR('',#6752,1.);
#6752 = DIRECTION('',(-1.,0.));
#6753 = ( GEOMETRIC_REPRESENTATION_CONTEXT(2) 
PARAMETRIC_REPRESENTATION_CONTEXT() REPRESENTATION_CONTEXT('2D SPACE',''
  ) );
#6754 = PCURVE('',#5196,#6755);
#6755 = DEFINITIONAL_REPRESENTATION('',(#6756),#6760);
#6756 = LINE('',#6757,#6758);
#6757 = CARTESIAN_POINT('',(2.108407562811,1.));
#6758 = VECTOR('',#6759,1.);
#6759 = DIRECTION('',(-1.,-0.));
#6760 = ( GEOMETRIC_REPRESENTATION_CONTEXT(2) 
PARAMETRIC_REPRESENTATION_CONTEXT() REPRESENTATION_CONTEXT('2D SPACE',''
  ) );
#6761 = ADVANCED_FACE('',(#6762),#6320,.T.);
#6762 = FACE_BOUND('',#6763,.T.);
#6763 = EDGE_LOOP('',(#6764,#6789,#6815,#6816));
#6764 = ORIENTED_EDGE('',*,*,#6765,.T.);
#6765 = EDGE_CURVE('',#6766,#6768,#6770,.T.);
#6766 = VERTEX_POINT('',#6767);
#6767 = CARTESIAN_POINT('',(136.20803648131,-17.8760261836,
    17.168919402418));
#6768 = VERTEX_POINT('',#6769);
#6769 = CARTESIAN_POINT('',(159.7039815348,-35.48701678598,
    34.779910004794));
#6770 = SURFACE_CURVE('',#6771,(#6775,#6782),.PCURVE_S1.);
#6771 = LINE('',#6772,#6773);
#6772 = CARTESIAN_POINT('',(135.,-16.97056274847,16.263455967291));
#6773 = VECTOR('',#6774,1.);
#6774 = DIRECTION('',(0.686220426896,-0.514344984281,0.514344984281));
#6775 = PCURVE('',#6320,#6776);
#6776 = DEFINITIONAL_REPRESENTATION('',(#6777),#6781);
#6777 = LINE('',#6778,#6779);
#6778 = CARTESIAN_POINT('',(-3.663735981263E-15,-0.5));
#6779 = VECTOR('',#6780,1.);
#6780 = DIRECTION('',(1.,-1.110223024625E-16));
#6781 = ( GEOMETRIC_REPRESENTATION_CONTEXT(2) 
PARAMETRIC_REPRESENTATION_CONTEXT() REPRESENTATION_CONTEXT('2D SPACE',''
  ) );
#6782 = PCURVE('',#5081,#6783);
#6783 = DEFINITIONAL_REPRESENTATION('',(#6784),#6788);
#6784 = LINE('',#6785,#6786);
#6785 = CARTESIAN_POINT('',(0.,0.));
#6786 = VECTOR('',#6787,1.);
#6787 = DIRECTION('',(0.,1.));
#6788 = ( GEOMETRIC_REPRESENTATION_CONTEXT(2) 
PARAMETRIC_REPRESENTATION_CONTEXT() REPRESENTATION_CONTEXT('2D SPACE',''
  ) );
#6789 = ORIENTED_EDGE('',*,*,#6790,.T.);
#6790 = EDGE_CURVE('',#6768,#6278,#6791,.T.);
#6791 = SURFACE_CURVE('',#6792,(#6796,#6803),.PCURVE_S1.);
#6792 = LINE('',#6793,#6794);
#6793 = CARTESIAN_POINT('',(159.7039815348,-36.19412356716,
    34.072803223608));
#6794 = VECTOR('',#6795,1.);
#6795 = DIRECTION('',(0.,0.707106781187,0.707106781187));
#6796 = PCURVE('',#6320,#6797);
#6797 = DEFINITIONAL_REPRESENTATION('',(#6798),#6802);
#6798 = LINE('',#6799,#6800);
#6799 = CARTESIAN_POINT('',(36.000067276577,-1.5));
#6800 = VECTOR('',#6801,1.);
#6801 = DIRECTION('',(-1.110223024625E-16,1.));
#6802 = ( GEOMETRIC_REPRESENTATION_CONTEXT(2) 
PARAMETRIC_REPRESENTATION_CONTEXT() REPRESENTATION_CONTEXT('2D SPACE',''
  ) );
#6803 = PCURVE('',#6804,#6809);
#6804 = CYLINDRICAL_SURFACE('',#6805,1.);
#6805 = AXIS2_PLACEMENT_3D('',#6806,#6807,#6808);
#6806 = CARTESIAN_POINT('',(160.43137518731,-35.70889244992,
    33.587572106361));
#6807 = DIRECTION('',(0.,0.707106781187,0.707106781187));
#6808 = DIRECTION('',(-0.727393652509,-0.485231117247,0.485231117247));
#6809 = DEFINITIONAL_REPRESENTATION('',(#6810),#6814);
#6810 = LINE('',#6811,#6812);
#6811 = CARTESIAN_POINT('',(0.,0.));
#6812 = VECTOR('',#6813,1.);
#6813 = DIRECTION('',(0.,1.));
#6814 = ( GEOMETRIC_REPRESENTATION_CONTEXT(2) 
PARAMETRIC_REPRESENTATION_CONTEXT() REPRESENTATION_CONTEXT('2D SPACE',''
  ) );
#6815 = ORIENTED_EDGE('',*,*,#6306,.F.);
#6816 = ORIENTED_EDGE('',*,*,#6817,.T.);
#6817 = EDGE_CURVE('',#6252,#6766,#6818,.T.);
#6818 = SURFACE_CURVE('',#6819,(#6823,#6830),.PCURVE_S1.);
#6819 = LINE('',#6820,#6821);
#6820 = CARTESIAN_POINT('',(136.20803648131,-16.46181262123,
    18.583132964791));
#6821 = VECTOR('',#6822,1.);
#6822 = DIRECTION('',(0.,-0.707106781187,-0.707106781187));
#6823 = PCURVE('',#6320,#6824);
#6824 = DEFINITIONAL_REPRESENTATION('',(#6825),#6829);
#6825 = LINE('',#6826,#6827);
#6826 = CARTESIAN_POINT('',(1.760420462527,1.5));
#6827 = VECTOR('',#6828,1.);
#6828 = DIRECTION('',(1.110223024625E-16,-1.));
#6829 = ( GEOMETRIC_REPRESENTATION_CONTEXT(2) 
PARAMETRIC_REPRESENTATION_CONTEXT() REPRESENTATION_CONTEXT('2D SPACE',''
  ) );
#6830 = PCURVE('',#5196,#6831);
#6831 = DEFINITIONAL_REPRESENTATION('',(#6832),#6836);
#6832 = LINE('',#6833,#6834);
#6833 = CARTESIAN_POINT('',(0.,0.));
#6834 = VECTOR('',#6835,1.);
#6835 = DIRECTION('',(0.,1.));
#6836 = ( GEOMETRIC_REPRESENTATION_CONTEXT(2) 
PARAMETRIC_REPRESENTATION_CONTEXT() REPRESENTATION_CONTEXT('2D SPACE',''
  ) );
#6837 = ADVANCED_FACE('',(#6838),#6294,.T.);
#6838 = FACE_BOUND('',#6839,.F.);
#6839 = EDGE_LOOP('',(#6840,#6841,#6842));
#6840 = ORIENTED_EDGE('',*,*,#6277,.F.);
#6841 = ORIENTED_EDGE('',*,*,#6683,.T.);
#6842 = ORIENTED_EDGE('',*,*,#6843,.F.);
#6843 = EDGE_CURVE('',#6278,#6684,#6844,.T.);
#6844 = SURFACE_CURVE('',#6845,(#6850,#6857),.PCURVE_S1.);
#6845 = CIRCLE('',#6846,1.);
#6846 = AXIS2_PLACEMENT_3D('',#6847,#6848,#6849);
#6847 = CARTESIAN_POINT('',(160.43137518731,-34.29467888754,
    35.001785668734));
#6848 = DIRECTION('',(2.775557561563E-17,0.707106781187,0.707106781187)
  );
#6849 = DIRECTION('',(-0.727393652509,-0.485231117247,0.485231117247));
#6850 = PCURVE('',#6294,#6851);
#6851 = DEFINITIONAL_REPRESENTATION('',(#6852),#6856);
#6852 = LINE('',#6853,#6854);
#6853 = CARTESIAN_POINT('',(-0.,0.));
#6854 = VECTOR('',#6855,1.);
#6855 = DIRECTION('',(-1.,0.));
#6856 = ( GEOMETRIC_REPRESENTATION_CONTEXT(2) 
PARAMETRIC_REPRESENTATION_CONTEXT() REPRESENTATION_CONTEXT('2D SPACE',''
  ) );
#6857 = PCURVE('',#6804,#6858);
#6858 = DEFINITIONAL_REPRESENTATION('',(#6859),#6863);
#6859 = LINE('',#6860,#6861);
#6860 = CARTESIAN_POINT('',(2.84217094304E-14,2.));
#6861 = VECTOR('',#6862,1.);
#6862 = DIRECTION('',(1.,0.));
#6863 = ( GEOMETRIC_REPRESENTATION_CONTEXT(2) 
PARAMETRIC_REPRESENTATION_CONTEXT() REPRESENTATION_CONTEXT('2D SPACE',''
  ) );
#6864 = ADVANCED_FACE('',(#6865,#6868),#3140,.F.);
#6865 = FACE_BOUND('',#6866,.F.);
#6866 = EDGE_LOOP('',(#6867));
#6867 = ORIENTED_EDGE('',*,*,#3125,.T.);
#6868 = FACE_BOUND('',#6869,.F.);
#6869 = EDGE_LOOP('',(#6870));
#6870 = ORIENTED_EDGE('',*,*,#6871,.F.);
#6871 = EDGE_CURVE('',#6872,#6872,#6874,.T.);
#6872 = VERTEX_POINT('',#6873);
#6873 = CARTESIAN_POINT('',(135.,5.510910596163E-15,22.5));
#6874 = SURFACE_CURVE('',#6875,(#6880,#6887),.PCURVE_S1.);
#6875 = CIRCLE('',#6876,22.5);
#6876 = AXIS2_PLACEMENT_3D('',#6877,#6878,#6879);
#6877 = CARTESIAN_POINT('',(135.,0.,0.));
#6878 = DIRECTION('',(1.,0.,0.));
#6879 = DIRECTION('',(-0.,0.,1.));
#6880 = PCURVE('',#3140,#6881);
#6881 = DEFINITIONAL_REPRESENTATION('',(#6882),#6886);
#6882 = CIRCLE('',#6883,22.5);
#6883 = AXIS2_PLACEMENT_2D('',#6884,#6885);
#6884 = CARTESIAN_POINT('',(0.,0.));
#6885 = DIRECTION('',(1.,0.));
#6886 = ( GEOMETRIC_REPRESENTATION_CONTEXT(2) 
PARAMETRIC_REPRESENTATION_CONTEXT() REPRESENTATION_CONTEXT('2D SPACE',''
  ) );
#6887 = PCURVE('',#6888,#6893);
#6888 = CYLINDRICAL_SURFACE('',#6889,22.5);
#6889 = AXIS2_PLACEMENT_3D('',#6890,#6891,#6892);
#6890 = CARTESIAN_POINT('',(127.,0.,0.));
#6891 = DIRECTION('',(1.,0.,0.));
#6892 = DIRECTION('',(-0.,0.,1.));
#6893 = DEFINITIONAL_REPRESENTATION('',(#6894),#6898);
#6894 = LINE('',#6895,#6896);
#6895 = CARTESIAN_POINT('',(0.,8.));
#6896 = VECTOR('',#6897,1.);
#6897 = DIRECTION('',(1.,0.));
#6898 = ( GEOMETRIC_REPRESENTATION_CONTEXT(2) 
PARAMETRIC_REPRESENTATION_CONTEXT() REPRESENTATION_CONTEXT('2D SPACE',''
  ) );
#6899 = ADVANCED_FACE('',(#6900),#5196,.T.);
#6900 = FACE_BOUND('',#6901,.T.);
#6901 = EDGE_LOOP('',(#6902,#6903,#6904,#6905));
#6902 = ORIENTED_EDGE('',*,*,#6817,.F.);
#6903 = ORIENTED_EDGE('',*,*,#6740,.F.);
#6904 = ORIENTED_EDGE('',*,*,#5176,.F.);
#6905 = ORIENTED_EDGE('',*,*,#6906,.T.);
#6906 = EDGE_CURVE('',#5116,#6766,#6907,.T.);
#6907 = SURFACE_CURVE('',#6908,(#6913,#6920),.PCURVE_S1.);
#6908 = CIRCLE('',#6909,1.);
#6909 = AXIS2_PLACEMENT_3D('',#6910,#6911,#6912);
#6910 = CARTESIAN_POINT('',(136.93543013382,-17.39079506635,
    16.683688285171));
#6911 = DIRECTION('',(0.,0.707106781187,0.707106781187));
#6912 = DIRECTION('',(-0.216930457819,0.690268489963,-0.690268489963));
#6913 = PCURVE('',#5196,#6914);
#6914 = DEFINITIONAL_REPRESENTATION('',(#6915),#6919);
#6915 = LINE('',#6916,#6917);
#6916 = CARTESIAN_POINT('',(2.108407562811,2.));
#6917 = VECTOR('',#6918,1.);
#6918 = DIRECTION('',(-1.,-0.));
#6919 = ( GEOMETRIC_REPRESENTATION_CONTEXT(2) 
PARAMETRIC_REPRESENTATION_CONTEXT() REPRESENTATION_CONTEXT('2D SPACE',''
  ) );
#6920 = PCURVE('',#5153,#6921);
#6921 = DEFINITIONAL_REPRESENTATION('',(#6922),#6926);
#6922 = LINE('',#6923,#6924);
#6923 = CARTESIAN_POINT('',(0.,0.));
#6924 = VECTOR('',#6925,1.);
#6925 = DIRECTION('',(1.,0.));
#6926 = ( GEOMETRIC_REPRESENTATION_CONTEXT(2) 
PARAMETRIC_REPRESENTATION_CONTEXT() REPRESENTATION_CONTEXT('2D SPACE',''
  ) );
#6927 = ADVANCED_FACE('',(#6928),#5153,.T.);
#6928 = FACE_BOUND('',#6929,.T.);
#6929 = EDGE_LOOP('',(#6930,#6931,#6953));
#6930 = ORIENTED_EDGE('',*,*,#5115,.T.);
#6931 = ORIENTED_EDGE('',*,*,#6932,.T.);
#6932 = EDGE_CURVE('',#5030,#6766,#6933,.T.);
#6933 = SURFACE_CURVE('',#6934,(#6939,#6946),.PCURVE_S1.);
#6934 = CIRCLE('',#6935,1.);
#6935 = AXIS2_PLACEMENT_3D('',#6936,#6937,#6938);
#6936 = CARTESIAN_POINT('',(136.93543013382,-17.39079506635,
    16.683688285171));
#6937 = DIRECTION('',(-0.686220426896,0.514344984282,-0.514344984282));
#6938 = DIRECTION('',(-0.727393652509,-0.485231117247,0.485231117247));
#6939 = PCURVE('',#5153,#6940);
#6940 = DEFINITIONAL_REPRESENTATION('',(#6941),#6945);
#6941 = LINE('',#6942,#6943);
#6942 = CARTESIAN_POINT('',(2.108407562811,-6.28318530718));
#6943 = VECTOR('',#6944,1.);
#6944 = DIRECTION('',(0.,1.));
#6945 = ( GEOMETRIC_REPRESENTATION_CONTEXT(2) 
PARAMETRIC_REPRESENTATION_CONTEXT() REPRESENTATION_CONTEXT('2D SPACE',''
  ) );
#6946 = PCURVE('',#5081,#6947);
#6947 = DEFINITIONAL_REPRESENTATION('',(#6948),#6952);
#6948 = LINE('',#6949,#6950);
#6949 = CARTESIAN_POINT('',(6.28318530718,1.760420462527));
#6950 = VECTOR('',#6951,1.);
#6951 = DIRECTION('',(-1.,-0.));
#6952 = ( GEOMETRIC_REPRESENTATION_CONTEXT(2) 
PARAMETRIC_REPRESENTATION_CONTEXT() REPRESENTATION_CONTEXT('2D SPACE',''
  ) );
#6953 = ORIENTED_EDGE('',*,*,#6906,.F.);
#6954 = ADVANCED_FACE('',(#6955),#5081,.T.);
#6955 = FACE_BOUND('',#6956,.T.);
#6956 = EDGE_LOOP('',(#6957,#6958,#6959,#6982,#7009));
#6957 = ORIENTED_EDGE('',*,*,#6932,.F.);
#6958 = ORIENTED_EDGE('',*,*,#5029,.F.);
#6959 = ORIENTED_EDGE('',*,*,#6960,.T.);
#6960 = EDGE_CURVE('',#4997,#6961,#6963,.T.);
#6961 = VERTEX_POINT('',#6962);
#6962 = CARTESIAN_POINT('',(160.43137518731,-35.70889244992,
    33.587572106361));
#6963 = SURFACE_CURVE('',#6964,(#6968,#6975),.PCURVE_S1.);
#6964 = LINE('',#6965,#6966);
#6965 = CARTESIAN_POINT('',(135.7273936525,-17.19243841241,
    15.071118068857));
#6966 = VECTOR('',#6967,1.);
#6967 = DIRECTION('',(0.686220426896,-0.514344984281,0.514344984281));
#6968 = PCURVE('',#5081,#6969);
#6969 = DEFINITIONAL_REPRESENTATION('',(#6970),#6974);
#6970 = LINE('',#6971,#6972);
#6971 = CARTESIAN_POINT('',(1.570796326795,0.));
#6972 = VECTOR('',#6973,1.);
#6973 = DIRECTION('',(0.,1.));
#6974 = ( GEOMETRIC_REPRESENTATION_CONTEXT(2) 
PARAMETRIC_REPRESENTATION_CONTEXT() REPRESENTATION_CONTEXT('2D SPACE',''
  ) );
#6975 = PCURVE('',#5017,#6976);
#6976 = DEFINITIONAL_REPRESENTATION('',(#6977),#6981);
#6977 = LINE('',#6978,#6979);
#6978 = CARTESIAN_POINT('',(26.857406911678,-8.478491948914));
#6979 = VECTOR('',#6980,1.);
#6980 = DIRECTION('',(-0.686220426896,0.727393652509));
#6981 = ( GEOMETRIC_REPRESENTATION_CONTEXT(2) 
PARAMETRIC_REPRESENTATION_CONTEXT() REPRESENTATION_CONTEXT('2D SPACE',''
  ) );
#6982 = ORIENTED_EDGE('',*,*,#6983,.T.);
#6983 = EDGE_CURVE('',#6961,#6768,#6984,.T.);
#6984 = SURFACE_CURVE('',#6985,(#6990,#6997),.PCURVE_S1.);
#6985 = CIRCLE('',#6986,1.);
#6986 = AXIS2_PLACEMENT_3D('',#6987,#6988,#6989);
#6987 = CARTESIAN_POINT('',(160.43137518731,-35.00178566873,
    34.294678887548));
#6988 = DIRECTION('',(-0.686220426896,0.514344984281,-0.514344984281));
#6989 = DIRECTION('',(-0.727393652509,-0.485231117247,0.485231117247));
#6990 = PCURVE('',#5081,#6991);
#6991 = DEFINITIONAL_REPRESENTATION('',(#6992),#6996);
#6992 = LINE('',#6993,#6994);
#6993 = CARTESIAN_POINT('',(6.28318530718,36.000067276577));
#6994 = VECTOR('',#6995,1.);
#6995 = DIRECTION('',(-1.,-0.));
#6996 = ( GEOMETRIC_REPRESENTATION_CONTEXT(2) 
PARAMETRIC_REPRESENTATION_CONTEXT() REPRESENTATION_CONTEXT('2D SPACE',''
  ) );
#6997 = PCURVE('',#6998,#7003);
#6998 = SPHERICAL_SURFACE('',#6999,1.);
#6999 = AXIS2_PLACEMENT_3D('',#7000,#7001,#7002);
#7000 = CARTESIAN_POINT('',(160.43137518731,-35.00178566873,
    34.294678887548));
#7001 = DIRECTION('',(0.,0.707106781187,0.707106781187));
#7002 = DIRECTION('',(0.,-0.707106781187,0.707106781187));
#7003 = DEFINITIONAL_REPRESENTATION('',(#7004),#7008);
#7004 = LINE('',#7005,#7006);
#7005 = CARTESIAN_POINT('',(-0.814516144904,-6.28318530718));
#7006 = VECTOR('',#7007,1.);
#7007 = DIRECTION('',(-0.,1.));
#7008 = ( GEOMETRIC_REPRESENTATION_CONTEXT(2) 
PARAMETRIC_REPRESENTATION_CONTEXT() REPRESENTATION_CONTEXT('2D SPACE',''
  ) );
#7009 = ORIENTED_EDGE('',*,*,#6765,.F.);
#7010 = ADVANCED_FACE('',(#7011),#4747,.T.);
#7011 = FACE_BOUND('',#7012,.F.);
#7012 = EDGE_LOOP('',(#7013,#7037,#7038,#7061,#7090));
#7013 = ORIENTED_EDGE('',*,*,#7014,.F.);
#7014 = EDGE_CURVE('',#4623,#7015,#7017,.T.);
#7015 = VERTEX_POINT('',#7016);
#7016 = CARTESIAN_POINT('',(136.20803648131,-17.8760261836,
    -17.16891940241));
#7017 = SURFACE_CURVE('',#7018,(#7023,#7030),.PCURVE_S1.);
#7018 = CIRCLE('',#7019,1.);
#7019 = AXIS2_PLACEMENT_3D('',#7020,#7021,#7022);
#7020 = CARTESIAN_POINT('',(136.93543013382,-17.39079506635,
    -16.68368828517));
#7021 = DIRECTION('',(0.686220426896,-0.514344984282,-0.514344984282));
#7022 = DIRECTION('',(-0.727393652509,-0.485231117247,-0.485231117247));
#7023 = PCURVE('',#4747,#7024);
#7024 = DEFINITIONAL_REPRESENTATION('',(#7025),#7029);
#7025 = LINE('',#7026,#7027);
#7026 = CARTESIAN_POINT('',(-6.28318530718,1.760420462527));
#7027 = VECTOR('',#7028,1.);
#7028 = DIRECTION('',(1.,-0.));
#7029 = ( GEOMETRIC_REPRESENTATION_CONTEXT(2) 
PARAMETRIC_REPRESENTATION_CONTEXT() REPRESENTATION_CONTEXT('2D SPACE',''
  ) );
#7030 = PCURVE('',#4668,#7031);
#7031 = DEFINITIONAL_REPRESENTATION('',(#7032),#7036);
#7032 = LINE('',#7033,#7034);
#7033 = CARTESIAN_POINT('',(-2.108407562811,-6.28318530718));
#7034 = VECTOR('',#7035,1.);
#7035 = DIRECTION('',(-0.,1.));
#7036 = ( GEOMETRIC_REPRESENTATION_CONTEXT(2) 
PARAMETRIC_REPRESENTATION_CONTEXT() REPRESENTATION_CONTEXT('2D SPACE',''
  ) );
#7037 = ORIENTED_EDGE('',*,*,#4695,.T.);
#7038 = ORIENTED_EDGE('',*,*,#7039,.T.);
#7039 = EDGE_CURVE('',#4696,#7040,#7042,.T.);
#7040 = VERTEX_POINT('',#7041);
#7041 = CARTESIAN_POINT('',(160.43137518731,-35.70889244992,
    -33.58757210636));
#7042 = SURFACE_CURVE('',#7043,(#7047,#7054),.PCURVE_S1.);
#7043 = LINE('',#7044,#7045);
#7044 = CARTESIAN_POINT('',(135.7273936525,-17.19243841241,
    -15.07111806885));
#7045 = VECTOR('',#7046,1.);
#7046 = DIRECTION('',(0.686220426896,-0.514344984281,-0.514344984281));
#7047 = PCURVE('',#4747,#7048);
#7048 = DEFINITIONAL_REPRESENTATION('',(#7049),#7053);
#7049 = LINE('',#7050,#7051);
#7050 = CARTESIAN_POINT('',(-1.570796326795,0.));
#7051 = VECTOR('',#7052,1.);
#7052 = DIRECTION('',(-0.,1.));
#7053 = ( GEOMETRIC_REPRESENTATION_CONTEXT(2) 
PARAMETRIC_REPRESENTATION_CONTEXT() REPRESENTATION_CONTEXT('2D SPACE',''
  ) );
#7054 = PCURVE('',#4802,#7055);
#7055 = DEFINITIONAL_REPRESENTATION('',(#7056),#7060);
#7056 = LINE('',#7057,#7058);
#7057 = CARTESIAN_POINT('',(26.857406911678,-8.478491948914));
#7058 = VECTOR('',#7059,1.);
#7059 = DIRECTION('',(-0.686220426896,0.727393652509));
#7060 = ( GEOMETRIC_REPRESENTATION_CONTEXT(2) 
PARAMETRIC_REPRESENTATION_CONTEXT() REPRESENTATION_CONTEXT('2D SPACE',''
  ) );
#7061 = ORIENTED_EDGE('',*,*,#7062,.T.);
#7062 = EDGE_CURVE('',#7040,#7063,#7065,.T.);
#7063 = VERTEX_POINT('',#7064);
#7064 = CARTESIAN_POINT('',(159.7039815348,-35.48701678598,
    -34.77991000479));
#7065 = SURFACE_CURVE('',#7066,(#7071,#7078),.PCURVE_S1.);
#7066 = CIRCLE('',#7067,1.);
#7067 = AXIS2_PLACEMENT_3D('',#7068,#7069,#7070);
#7068 = CARTESIAN_POINT('',(160.43137518731,-35.00178566873,
    -34.29467888754));
#7069 = DIRECTION('',(0.686220426896,-0.514344984281,-0.514344984281));
#7070 = DIRECTION('',(-0.727393652509,-0.485231117247,-0.485231117247));
#7071 = PCURVE('',#4747,#7072);
#7072 = DEFINITIONAL_REPRESENTATION('',(#7073),#7077);
#7073 = LINE('',#7074,#7075);
#7074 = CARTESIAN_POINT('',(-6.28318530718,36.000067276577));
#7075 = VECTOR('',#7076,1.);
#7076 = DIRECTION('',(1.,-0.));
#7077 = ( GEOMETRIC_REPRESENTATION_CONTEXT(2) 
PARAMETRIC_REPRESENTATION_CONTEXT() REPRESENTATION_CONTEXT('2D SPACE',''
  ) );
#7078 = PCURVE('',#7079,#7084);
#7079 = SPHERICAL_SURFACE('',#7080,1.);
#7080 = AXIS2_PLACEMENT_3D('',#7081,#7082,#7083);
#7081 = CARTESIAN_POINT('',(160.43137518731,-35.00178566873,
    -34.29467888754));
#7082 = DIRECTION('',(0.,0.707106781187,-0.707106781187));
#7083 = DIRECTION('',(-0.727393652509,-0.485231117247,-0.485231117247));
#7084 = DEFINITIONAL_REPRESENTATION('',(#7085),#7089);
#7085 = LINE('',#7086,#7087);
#7086 = CARTESIAN_POINT('',(-0.,-6.28318530718));
#7087 = VECTOR('',#7088,1.);
#7088 = DIRECTION('',(-0.,1.));
#7089 = ( GEOMETRIC_REPRESENTATION_CONTEXT(2) 
PARAMETRIC_REPRESENTATION_CONTEXT() REPRESENTATION_CONTEXT('2D SPACE',''
  ) );
#7090 = ORIENTED_EDGE('',*,*,#7091,.F.);
#7091 = EDGE_CURVE('',#7015,#7063,#7092,.T.);
#7092 = SURFACE_CURVE('',#7093,(#7097,#7104),.PCURVE_S1.);
#7093 = LINE('',#7094,#7095);
#7094 = CARTESIAN_POINT('',(135.,-16.97056274847,-16.26345596729));
#7095 = VECTOR('',#7096,1.);
#7096 = DIRECTION('',(0.686220426896,-0.514344984281,-0.514344984281));
#7097 = PCURVE('',#4747,#7098);
#7098 = DEFINITIONAL_REPRESENTATION('',(#7099),#7103);
#7099 = LINE('',#7100,#7101);
#7100 = CARTESIAN_POINT('',(-0.,0.));
#7101 = VECTOR('',#7102,1.);
#7102 = DIRECTION('',(-0.,1.));
#7103 = ( GEOMETRIC_REPRESENTATION_CONTEXT(2) 
PARAMETRIC_REPRESENTATION_CONTEXT() REPRESENTATION_CONTEXT('2D SPACE',''
  ) );
#7104 = PCURVE('',#7105,#7110);
#7105 = PLANE('',#7106);
#7106 = AXIS2_PLACEMENT_3D('',#7107,#7108,#7109);
#7107 = CARTESIAN_POINT('',(135.,-16.61700935788,-16.61700935788));
#7108 = DIRECTION('',(-0.727393652509,-0.485231117247,-0.485231117247));
#7109 = DIRECTION('',(0.686220426896,-0.514344984281,-0.514344984281));
#7110 = DEFINITIONAL_REPRESENTATION('',(#7111),#7115);
#7111 = LINE('',#7112,#7113);
#7112 = CARTESIAN_POINT('',(-1.7763568394E-15,0.5));
#7113 = VECTOR('',#7114,1.);
#7114 = DIRECTION('',(1.,-5.551115123126E-17));
#7115 = ( GEOMETRIC_REPRESENTATION_CONTEXT(2) 
PARAMETRIC_REPRESENTATION_CONTEXT() REPRESENTATION_CONTEXT('2D SPACE',''
  ) );
#7116 = ADVANCED_FACE('',(#7117),#4668,.T.);
#7117 = FACE_BOUND('',#7118,.F.);
#7118 = EDGE_LOOP('',(#7119,#7120,#7121));
#7119 = ORIENTED_EDGE('',*,*,#4622,.F.);
#7120 = ORIENTED_EDGE('',*,*,#7014,.T.);
#7121 = ORIENTED_EDGE('',*,*,#7122,.F.);
#7122 = EDGE_CURVE('',#4589,#7015,#7123,.T.);
#7123 = SURFACE_CURVE('',#7124,(#7129,#7136),.PCURVE_S1.);
#7124 = CIRCLE('',#7125,1.);
#7125 = AXIS2_PLACEMENT_3D('',#7126,#7127,#7128);
#7126 = CARTESIAN_POINT('',(136.93543013382,-17.39079506635,
    -16.68368828517));
#7127 = DIRECTION('',(0.,-0.707106781187,0.707106781187));
#7128 = DIRECTION('',(-0.216930457819,0.690268489963,0.690268489963));
#7129 = PCURVE('',#4668,#7130);
#7130 = DEFINITIONAL_REPRESENTATION('',(#7131),#7135);
#7131 = LINE('',#7132,#7133);
#7132 = CARTESIAN_POINT('',(-0.,0.));
#7133 = VECTOR('',#7134,1.);
#7134 = DIRECTION('',(-1.,0.));
#7135 = ( GEOMETRIC_REPRESENTATION_CONTEXT(2) 
PARAMETRIC_REPRESENTATION_CONTEXT() REPRESENTATION_CONTEXT('2D SPACE',''
  ) );
#7136 = PCURVE('',#4608,#7137);
#7137 = DEFINITIONAL_REPRESENTATION('',(#7138),#7142);
#7138 = LINE('',#7139,#7140);
#7139 = CARTESIAN_POINT('',(2.108407562811,1.));
#7140 = VECTOR('',#7141,1.);
#7141 = DIRECTION('',(-1.,-0.));
#7142 = ( GEOMETRIC_REPRESENTATION_CONTEXT(2) 
PARAMETRIC_REPRESENTATION_CONTEXT() REPRESENTATION_CONTEXT('2D SPACE',''
  ) );
#7143 = ADVANCED_FACE('',(#7144),#4608,.T.);
#7144 = FACE_BOUND('',#7145,.T.);
#7145 = EDGE_LOOP('',(#7146,#7169,#7170,#7171));
#7146 = ORIENTED_EDGE('',*,*,#7147,.F.);
#7147 = EDGE_CURVE('',#7015,#7148,#7150,.T.);
#7148 = VERTEX_POINT('',#7149);
#7149 = CARTESIAN_POINT('',(136.20803648131,-17.16891940241,
    -17.8760261836));
#7150 = SURFACE_CURVE('',#7151,(#7155,#7162),.PCURVE_S1.);
#7151 = LINE('',#7152,#7153);
#7152 = CARTESIAN_POINT('',(136.20803648131,-18.58313296479,
    -16.46181262123));
#7153 = VECTOR('',#7154,1.);
#7154 = DIRECTION('',(0.,0.707106781187,-0.707106781187));
#7155 = PCURVE('',#4608,#7156);
#7156 = DEFINITIONAL_REPRESENTATION('',(#7157),#7161);
#7157 = LINE('',#7158,#7159);
#7158 = CARTESIAN_POINT('',(0.,0.));
#7159 = VECTOR('',#7160,1.);
#7160 = DIRECTION('',(0.,1.));
#7161 = ( GEOMETRIC_REPRESENTATION_CONTEXT(2) 
PARAMETRIC_REPRESENTATION_CONTEXT() REPRESENTATION_CONTEXT('2D SPACE',''
  ) );
#7162 = PCURVE('',#7105,#7163);
#7163 = DEFINITIONAL_REPRESENTATION('',(#7164),#7168);
#7164 = LINE('',#7165,#7166);
#7165 = CARTESIAN_POINT('',(1.760420462527,1.5));
#7166 = VECTOR('',#7167,1.);
#7167 = DIRECTION('',(5.551115123126E-17,-1.));
#7168 = ( GEOMETRIC_REPRESENTATION_CONTEXT(2) 
PARAMETRIC_REPRESENTATION_CONTEXT() REPRESENTATION_CONTEXT('2D SPACE',''
  ) );
#7169 = ORIENTED_EDGE('',*,*,#7122,.F.);
#7170 = ORIENTED_EDGE('',*,*,#4588,.F.);
#7171 = ORIENTED_EDGE('',*,*,#7172,.T.);
#7172 = EDGE_CURVE('',#4528,#7148,#7173,.T.);
#7173 = SURFACE_CURVE('',#7174,(#7179,#7186),.PCURVE_S1.);
#7174 = CIRCLE('',#7175,1.);
#7175 = AXIS2_PLACEMENT_3D('',#7176,#7177,#7178);
#7176 = CARTESIAN_POINT('',(136.93543013382,-16.68368828517,
    -17.39079506635));
#7177 = DIRECTION('',(0.,-0.707106781187,0.707106781187));
#7178 = DIRECTION('',(-0.216930457819,0.690268489963,0.690268489963));
#7179 = PCURVE('',#4608,#7180);
#7180 = DEFINITIONAL_REPRESENTATION('',(#7181),#7185);
#7181 = LINE('',#7182,#7183);
#7182 = CARTESIAN_POINT('',(2.108407562811,2.));
#7183 = VECTOR('',#7184,1.);
#7184 = DIRECTION('',(-1.,-0.));
#7185 = ( GEOMETRIC_REPRESENTATION_CONTEXT(2) 
PARAMETRIC_REPRESENTATION_CONTEXT() REPRESENTATION_CONTEXT('2D SPACE',''
  ) );
#7186 = PCURVE('',#4565,#7187);
#7187 = DEFINITIONAL_REPRESENTATION('',(#7188),#7192);
#7188 = LINE('',#7189,#7190);
#7189 = CARTESIAN_POINT('',(0.,0.));
#7190 = VECTOR('',#7191,1.);
#7191 = DIRECTION('',(1.,0.));
#7192 = ( GEOMETRIC_REPRESENTATION_CONTEXT(2) 
PARAMETRIC_REPRESENTATION_CONTEXT() REPRESENTATION_CONTEXT('2D SPACE',''
  ) );
#7193 = ADVANCED_FACE('',(#7194),#4565,.T.);
#7194 = FACE_BOUND('',#7195,.T.);
#7195 = EDGE_LOOP('',(#7196,#7197,#7219));
#7196 = ORIENTED_EDGE('',*,*,#4527,.T.);
#7197 = ORIENTED_EDGE('',*,*,#7198,.T.);
#7198 = EDGE_CURVE('',#4442,#7148,#7199,.T.);
#7199 = SURFACE_CURVE('',#7200,(#7205,#7212),.PCURVE_S1.);
#7200 = CIRCLE('',#7201,1.);
#7201 = AXIS2_PLACEMENT_3D('',#7202,#7203,#7204);
#7202 = CARTESIAN_POINT('',(136.93543013382,-16.68368828517,
    -17.39079506635));
#7203 = DIRECTION('',(-0.686220426896,0.514344984282,0.514344984282));
#7204 = DIRECTION('',(-0.727393652509,-0.485231117247,-0.485231117247));
#7205 = PCURVE('',#4565,#7206);
#7206 = DEFINITIONAL_REPRESENTATION('',(#7207),#7211);
#7207 = LINE('',#7208,#7209);
#7208 = CARTESIAN_POINT('',(2.108407562811,-6.28318530718));
#7209 = VECTOR('',#7210,1.);
#7210 = DIRECTION('',(0.,1.));
#7211 = ( GEOMETRIC_REPRESENTATION_CONTEXT(2) 
PARAMETRIC_REPRESENTATION_CONTEXT() REPRESENTATION_CONTEXT('2D SPACE',''
  ) );
#7212 = PCURVE('',#4493,#7213);
#7213 = DEFINITIONAL_REPRESENTATION('',(#7214),#7218);
#7214 = LINE('',#7215,#7216);
#7215 = CARTESIAN_POINT('',(6.28318530718,1.760420462527));
#7216 = VECTOR('',#7217,1.);
#7217 = DIRECTION('',(-1.,-0.));
#7218 = ( GEOMETRIC_REPRESENTATION_CONTEXT(2) 
PARAMETRIC_REPRESENTATION_CONTEXT() REPRESENTATION_CONTEXT('2D SPACE',''
  ) );
#7219 = ORIENTED_EDGE('',*,*,#7172,.F.);
#7220 = ADVANCED_FACE('',(#7221),#4493,.T.);
#7221 = FACE_BOUND('',#7222,.T.);
#7222 = EDGE_LOOP('',(#7223,#7224,#7225,#7248,#7277));
#7223 = ORIENTED_EDGE('',*,*,#7198,.F.);
#7224 = ORIENTED_EDGE('',*,*,#4441,.F.);
#7225 = ORIENTED_EDGE('',*,*,#7226,.T.);
#7226 = EDGE_CURVE('',#4409,#7227,#7229,.T.);
#7227 = VERTEX_POINT('',#7228);
#7228 = CARTESIAN_POINT('',(160.43137518731,-33.58757210636,
    -35.70889244992));
#7229 = SURFACE_CURVE('',#7230,(#7234,#7241),.PCURVE_S1.);
#7230 = LINE('',#7231,#7232);
#7231 = CARTESIAN_POINT('',(135.7273936525,-15.07111806885,
    -17.19243841241));
#7232 = VECTOR('',#7233,1.);
#7233 = DIRECTION('',(0.686220426896,-0.514344984281,-0.514344984281));
#7234 = PCURVE('',#4493,#7235);
#7235 = DEFINITIONAL_REPRESENTATION('',(#7236),#7240);
#7236 = LINE('',#7237,#7238);
#7237 = CARTESIAN_POINT('',(1.570796326795,0.));
#7238 = VECTOR('',#7239,1.);
#7239 = DIRECTION('',(0.,1.));
#7240 = ( GEOMETRIC_REPRESENTATION_CONTEXT(2) 
PARAMETRIC_REPRESENTATION_CONTEXT() REPRESENTATION_CONTEXT('2D SPACE',''
  ) );
#7241 = PCURVE('',#4429,#7242);
#7242 = DEFINITIONAL_REPRESENTATION('',(#7243),#7247);
#7243 = LINE('',#7244,#7245);
#7244 = CARTESIAN_POINT('',(26.857406911678,-8.478491948914));
#7245 = VECTOR('',#7246,1.);
#7246 = DIRECTION('',(-0.686220426896,0.727393652509));
#7247 = ( GEOMETRIC_REPRESENTATION_CONTEXT(2) 
PARAMETRIC_REPRESENTATION_CONTEXT() REPRESENTATION_CONTEXT('2D SPACE',''
  ) );
#7248 = ORIENTED_EDGE('',*,*,#7249,.T.);
#7249 = EDGE_CURVE('',#7227,#7250,#7252,.T.);
#7250 = VERTEX_POINT('',#7251);
#7251 = CARTESIAN_POINT('',(159.7039815348,-34.77991000479,
    -35.48701678598));
#7252 = SURFACE_CURVE('',#7253,(#7258,#7265),.PCURVE_S1.);
#7253 = CIRCLE('',#7254,1.);
#7254 = AXIS2_PLACEMENT_3D('',#7255,#7256,#7257);
#7255 = CARTESIAN_POINT('',(160.43137518731,-34.29467888754,
    -35.00178566873));
#7256 = DIRECTION('',(-0.686220426896,0.514344984281,0.514344984281));
#7257 = DIRECTION('',(-0.727393652509,-0.485231117247,-0.485231117247));
#7258 = PCURVE('',#4493,#7259);
#7259 = DEFINITIONAL_REPRESENTATION('',(#7260),#7264);
#7260 = LINE('',#7261,#7262);
#7261 = CARTESIAN_POINT('',(6.28318530718,36.000067276577));
#7262 = VECTOR('',#7263,1.);
#7263 = DIRECTION('',(-1.,-0.));
#7264 = ( GEOMETRIC_REPRESENTATION_CONTEXT(2) 
PARAMETRIC_REPRESENTATION_CONTEXT() REPRESENTATION_CONTEXT('2D SPACE',''
  ) );
#7265 = PCURVE('',#7266,#7271);
#7266 = SPHERICAL_SURFACE('',#7267,1.);
#7267 = AXIS2_PLACEMENT_3D('',#7268,#7269,#7270);
#7268 = CARTESIAN_POINT('',(160.43137518731,-34.29467888754,
    -35.00178566873));
#7269 = DIRECTION('',(0.,-0.707106781187,0.707106781187));
#7270 = DIRECTION('',(0.,-0.707106781187,-0.707106781187));
#7271 = DEFINITIONAL_REPRESENTATION('',(#7272),#7276);
#7272 = LINE('',#7273,#7274);
#7273 = CARTESIAN_POINT('',(-0.814516144904,-6.28318530718));
#7274 = VECTOR('',#7275,1.);
#7275 = DIRECTION('',(-0.,1.));
#7276 = ( GEOMETRIC_REPRESENTATION_CONTEXT(2) 
PARAMETRIC_REPRESENTATION_CONTEXT() REPRESENTATION_CONTEXT('2D SPACE',''
  ) );
#7277 = ORIENTED_EDGE('',*,*,#7278,.F.);
#7278 = EDGE_CURVE('',#7148,#7250,#7279,.T.);
#7279 = SURFACE_CURVE('',#7280,(#7284,#7291),.PCURVE_S1.);
#7280 = LINE('',#7281,#7282);
#7281 = CARTESIAN_POINT('',(135.,-16.26345596729,-16.97056274847));
#7282 = VECTOR('',#7283,1.);
#7283 = DIRECTION('',(0.686220426896,-0.514344984281,-0.514344984281));
#7284 = PCURVE('',#4493,#7285);
#7285 = DEFINITIONAL_REPRESENTATION('',(#7286),#7290);
#7286 = LINE('',#7287,#7288);
#7287 = CARTESIAN_POINT('',(0.,0.));
#7288 = VECTOR('',#7289,1.);
#7289 = DIRECTION('',(0.,1.));
#7290 = ( GEOMETRIC_REPRESENTATION_CONTEXT(2) 
PARAMETRIC_REPRESENTATION_CONTEXT() REPRESENTATION_CONTEXT('2D SPACE',''
  ) );
#7291 = PCURVE('',#7105,#7292);
#7292 = DEFINITIONAL_REPRESENTATION('',(#7293),#7297);
#7293 = LINE('',#7294,#7295);
#7294 = CARTESIAN_POINT('',(-1.887379141863E-15,-0.5));
#7295 = VECTOR('',#7296,1.);
#7296 = DIRECTION('',(1.,-5.551115123126E-17));
#7297 = ( GEOMETRIC_REPRESENTATION_CONTEXT(2) 
PARAMETRIC_REPRESENTATION_CONTEXT() REPRESENTATION_CONTEXT('2D SPACE',''
  ) );
#7298 = ADVANCED_FACE('',(#7299),#4159,.T.);
#7299 = FACE_BOUND('',#7300,.F.);
#7300 = EDGE_LOOP('',(#7301,#7325,#7326,#7349,#7378));
#7301 = ORIENTED_EDGE('',*,*,#7302,.F.);
#7302 = EDGE_CURVE('',#4047,#7303,#7305,.T.);
#7303 = VERTEX_POINT('',#7304);
#7304 = CARTESIAN_POINT('',(136.20803648131,17.168919402418,
    -17.8760261836));
#7305 = SURFACE_CURVE('',#7306,(#7311,#7318),.PCURVE_S1.);
#7306 = CIRCLE('',#7307,1.);
#7307 = AXIS2_PLACEMENT_3D('',#7308,#7309,#7310);
#7308 = CARTESIAN_POINT('',(136.93543013382,16.683688285171,
    -17.39079506635));
#7309 = DIRECTION('',(0.686220426896,0.514344984282,-0.514344984282));
#7310 = DIRECTION('',(-0.727393652509,0.485231117247,-0.485231117247));
#7311 = PCURVE('',#4159,#7312);
#7312 = DEFINITIONAL_REPRESENTATION('',(#7313),#7317);
#7313 = LINE('',#7314,#7315);
#7314 = CARTESIAN_POINT('',(-6.28318530718,1.760420462527));
#7315 = VECTOR('',#7316,1.);
#7316 = DIRECTION('',(1.,-0.));
#7317 = ( GEOMETRIC_REPRESENTATION_CONTEXT(2) 
PARAMETRIC_REPRESENTATION_CONTEXT() REPRESENTATION_CONTEXT('2D SPACE',''
  ) );
#7318 = PCURVE('',#4084,#7319);
#7319 = DEFINITIONAL_REPRESENTATION('',(#7320),#7324);
#7320 = LINE('',#7321,#7322);
#7321 = CARTESIAN_POINT('',(-2.108407562811,-6.28318530718));
#7322 = VECTOR('',#7323,1.);
#7323 = DIRECTION('',(-0.,1.));
#7324 = ( GEOMETRIC_REPRESENTATION_CONTEXT(2) 
PARAMETRIC_REPRESENTATION_CONTEXT() REPRESENTATION_CONTEXT('2D SPACE',''
  ) );
#7325 = ORIENTED_EDGE('',*,*,#4107,.T.);
#7326 = ORIENTED_EDGE('',*,*,#7327,.T.);
#7327 = EDGE_CURVE('',#4108,#7328,#7330,.T.);
#7328 = VERTEX_POINT('',#7329);
#7329 = CARTESIAN_POINT('',(160.43137518731,33.587572106361,
    -35.70889244992));
#7330 = SURFACE_CURVE('',#7331,(#7335,#7342),.PCURVE_S1.);
#7331 = LINE('',#7332,#7333);
#7332 = CARTESIAN_POINT('',(135.7273936525,15.071118068857,
    -17.19243841241));
#7333 = VECTOR('',#7334,1.);
#7334 = DIRECTION('',(0.686220426896,0.514344984281,-0.514344984281));
#7335 = PCURVE('',#4159,#7336);
#7336 = DEFINITIONAL_REPRESENTATION('',(#7337),#7341);
#7337 = LINE('',#7338,#7339);
#7338 = CARTESIAN_POINT('',(-1.570796326795,0.));
#7339 = VECTOR('',#7340,1.);
#7340 = DIRECTION('',(-0.,1.));
#7341 = ( GEOMETRIC_REPRESENTATION_CONTEXT(2) 
PARAMETRIC_REPRESENTATION_CONTEXT() REPRESENTATION_CONTEXT('2D SPACE',''
  ) );
#7342 = PCURVE('',#4214,#7343);
#7343 = DEFINITIONAL_REPRESENTATION('',(#7344),#7348);
#7344 = LINE('',#7345,#7346);
#7345 = CARTESIAN_POINT('',(26.857406911678,-8.478491948914));
#7346 = VECTOR('',#7347,1.);
#7347 = DIRECTION('',(-0.686220426896,0.727393652509));
#7348 = ( GEOMETRIC_REPRESENTATION_CONTEXT(2) 
PARAMETRIC_REPRESENTATION_CONTEXT() REPRESENTATION_CONTEXT('2D SPACE',''
  ) );
#7349 = ORIENTED_EDGE('',*,*,#7350,.T.);
#7350 = EDGE_CURVE('',#7328,#7351,#7353,.T.);
#7351 = VERTEX_POINT('',#7352);
#7352 = CARTESIAN_POINT('',(159.7039815348,34.779910004794,
    -35.48701678598));
#7353 = SURFACE_CURVE('',#7354,(#7359,#7366),.PCURVE_S1.);
#7354 = CIRCLE('',#7355,1.);
#7355 = AXIS2_PLACEMENT_3D('',#7356,#7357,#7358);
#7356 = CARTESIAN_POINT('',(160.43137518731,34.294678887548,
    -35.00178566873));
#7357 = DIRECTION('',(0.686220426896,0.514344984281,-0.514344984281));
#7358 = DIRECTION('',(-0.727393652509,0.485231117247,-0.485231117247));
#7359 = PCURVE('',#4159,#7360);
#7360 = DEFINITIONAL_REPRESENTATION('',(#7361),#7365);
#7361 = LINE('',#7362,#7363);
#7362 = CARTESIAN_POINT('',(-6.28318530718,36.000067276577));
#7363 = VECTOR('',#7364,1.);
#7364 = DIRECTION('',(1.,-0.));
#7365 = ( GEOMETRIC_REPRESENTATION_CONTEXT(2) 
PARAMETRIC_REPRESENTATION_CONTEXT() REPRESENTATION_CONTEXT('2D SPACE',''
  ) );
#7366 = PCURVE('',#7367,#7372);
#7367 = SPHERICAL_SURFACE('',#7368,1.);
#7368 = AXIS2_PLACEMENT_3D('',#7369,#7370,#7371);
#7369 = CARTESIAN_POINT('',(160.43137518731,34.294678887548,
    -35.00178566873));
#7370 = DIRECTION('',(0.,0.707106781187,0.707106781187));
#7371 = DIRECTION('',(-0.727393652509,0.485231117247,-0.485231117247));
#7372 = DEFINITIONAL_REPRESENTATION('',(#7373),#7377);
#7373 = LINE('',#7374,#7375);
#7374 = CARTESIAN_POINT('',(-0.,-6.28318530718));
#7375 = VECTOR('',#7376,1.);
#7376 = DIRECTION('',(-0.,1.));
#7377 = ( GEOMETRIC_REPRESENTATION_CONTEXT(2) 
PARAMETRIC_REPRESENTATION_CONTEXT() REPRESENTATION_CONTEXT('2D SPACE',''
  ) );
#7378 = ORIENTED_EDGE('',*,*,#7379,.F.);
#7379 = EDGE_CURVE('',#7303,#7351,#7380,.T.);
#7380 = SURFACE_CURVE('',#7381,(#7385,#7392),.PCURVE_S1.);
#7381 = LINE('',#7382,#7383);
#7382 = CARTESIAN_POINT('',(135.,16.263455967291,-16.97056274847));
#7383 = VECTOR('',#7384,1.);
#7384 = DIRECTION('',(0.686220426896,0.514344984281,-0.514344984281));
#7385 = PCURVE('',#4159,#7386);
#7386 = DEFINITIONAL_REPRESENTATION('',(#7387),#7391);
#7387 = LINE('',#7388,#7389);
#7388 = CARTESIAN_POINT('',(-0.,0.));
#7389 = VECTOR('',#7390,1.);
#7390 = DIRECTION('',(-0.,1.));
#7391 = ( GEOMETRIC_REPRESENTATION_CONTEXT(2) 
PARAMETRIC_REPRESENTATION_CONTEXT() REPRESENTATION_CONTEXT('2D SPACE',''
  ) );
#7392 = PCURVE('',#7393,#7398);
#7393 = PLANE('',#7394);
#7394 = AXIS2_PLACEMENT_3D('',#7395,#7396,#7397);
#7395 = CARTESIAN_POINT('',(135.,16.617009357884,-16.61700935788));
#7396 = DIRECTION('',(-0.727393652509,0.485231117247,-0.485231117247));
#7397 = DIRECTION('',(0.686220426896,0.514344984281,-0.514344984281));
#7398 = DEFINITIONAL_REPRESENTATION('',(#7399),#7403);
#7399 = LINE('',#7400,#7401);
#7400 = CARTESIAN_POINT('',(-1.748601263785E-15,0.5));
#7401 = VECTOR('',#7402,1.);
#7402 = DIRECTION('',(1.,0.));
#7403 = ( GEOMETRIC_REPRESENTATION_CONTEXT(2) 
PARAMETRIC_REPRESENTATION_CONTEXT() REPRESENTATION_CONTEXT('2D SPACE',''
  ) );
#7404 = ADVANCED_FACE('',(#7405),#4084,.T.);
#7405 = FACE_BOUND('',#7406,.F.);
#7406 = EDGE_LOOP('',(#7407,#7408,#7409));
#7407 = ORIENTED_EDGE('',*,*,#4046,.F.);
#7408 = ORIENTED_EDGE('',*,*,#7302,.T.);
#7409 = ORIENTED_EDGE('',*,*,#7410,.F.);
#7410 = EDGE_CURVE('',#4013,#7303,#7411,.T.);
#7411 = SURFACE_CURVE('',#7412,(#7417,#7424),.PCURVE_S1.);
#7412 = CIRCLE('',#7413,1.);
#7413 = AXIS2_PLACEMENT_3D('',#7414,#7415,#7416);
#7414 = CARTESIAN_POINT('',(136.93543013382,16.683688285171,
    -17.39079506635));
#7415 = DIRECTION('',(0.,-0.707106781187,-0.707106781187));
#7416 = DIRECTION('',(-0.216930457819,-0.690268489963,0.690268489963));
#7417 = PCURVE('',#4084,#7418);
#7418 = DEFINITIONAL_REPRESENTATION('',(#7419),#7423);
#7419 = LINE('',#7420,#7421);
#7420 = CARTESIAN_POINT('',(-0.,0.));
#7421 = VECTOR('',#7422,1.);
#7422 = DIRECTION('',(-1.,0.));
#7423 = ( GEOMETRIC_REPRESENTATION_CONTEXT(2) 
PARAMETRIC_REPRESENTATION_CONTEXT() REPRESENTATION_CONTEXT('2D SPACE',''
  ) );
#7424 = PCURVE('',#4032,#7425);
#7425 = DEFINITIONAL_REPRESENTATION('',(#7426),#7430);
#7426 = LINE('',#7427,#7428);
#7427 = CARTESIAN_POINT('',(2.108407562811,1.));
#7428 = VECTOR('',#7429,1.);
#7429 = DIRECTION('',(-1.,-0.));
#7430 = ( GEOMETRIC_REPRESENTATION_CONTEXT(2) 
PARAMETRIC_REPRESENTATION_CONTEXT() REPRESENTATION_CONTEXT('2D SPACE',''
  ) );
#7431 = ADVANCED_FACE('',(#7432),#4032,.T.);
#7432 = FACE_BOUND('',#7433,.T.);
#7433 = EDGE_LOOP('',(#7434,#7457,#7458,#7459));
#7434 = ORIENTED_EDGE('',*,*,#7435,.F.);
#7435 = EDGE_CURVE('',#7303,#7436,#7438,.T.);
#7436 = VERTEX_POINT('',#7437);
#7437 = CARTESIAN_POINT('',(136.20803648131,17.876026183605,
    -17.16891940241));
#7438 = SURFACE_CURVE('',#7439,(#7443,#7450),.PCURVE_S1.);
#7439 = LINE('',#7440,#7441);
#7440 = CARTESIAN_POINT('',(136.20803648131,16.461812621232,
    -18.58313296479));
#7441 = VECTOR('',#7442,1.);
#7442 = DIRECTION('',(0.,0.707106781187,0.707106781187));
#7443 = PCURVE('',#4032,#7444);
#7444 = DEFINITIONAL_REPRESENTATION('',(#7445),#7449);
#7445 = LINE('',#7446,#7447);
#7446 = CARTESIAN_POINT('',(0.,0.));
#7447 = VECTOR('',#7448,1.);
#7448 = DIRECTION('',(0.,1.));
#7449 = ( GEOMETRIC_REPRESENTATION_CONTEXT(2) 
PARAMETRIC_REPRESENTATION_CONTEXT() REPRESENTATION_CONTEXT('2D SPACE',''
  ) );
#7450 = PCURVE('',#7393,#7451);
#7451 = DEFINITIONAL_REPRESENTATION('',(#7452),#7456);
#7452 = LINE('',#7453,#7454);
#7453 = CARTESIAN_POINT('',(1.760420462527,1.5));
#7454 = VECTOR('',#7455,1.);
#7455 = DIRECTION('',(0.,-1.));
#7456 = ( GEOMETRIC_REPRESENTATION_CONTEXT(2) 
PARAMETRIC_REPRESENTATION_CONTEXT() REPRESENTATION_CONTEXT('2D SPACE',''
  ) );
#7457 = ORIENTED_EDGE('',*,*,#7410,.F.);
#7458 = ORIENTED_EDGE('',*,*,#4012,.F.);
#7459 = ORIENTED_EDGE('',*,*,#7460,.T.);
#7460 = EDGE_CURVE('',#3952,#7436,#7461,.T.);
#7461 = SURFACE_CURVE('',#7462,(#7467,#7474),.PCURVE_S1.);
#7462 = CIRCLE('',#7463,1.);
#7463 = AXIS2_PLACEMENT_3D('',#7464,#7465,#7466);
#7464 = CARTESIAN_POINT('',(136.93543013382,17.390795066358,
    -16.68368828517));
#7465 = DIRECTION('',(0.,-0.707106781187,-0.707106781187));
#7466 = DIRECTION('',(-0.216930457819,-0.690268489963,0.690268489963));
#7467 = PCURVE('',#4032,#7468);
#7468 = DEFINITIONAL_REPRESENTATION('',(#7469),#7473);
#7469 = LINE('',#7470,#7471);
#7470 = CARTESIAN_POINT('',(2.108407562811,2.));
#7471 = VECTOR('',#7472,1.);
#7472 = DIRECTION('',(-1.,-0.));
#7473 = ( GEOMETRIC_REPRESENTATION_CONTEXT(2) 
PARAMETRIC_REPRESENTATION_CONTEXT() REPRESENTATION_CONTEXT('2D SPACE',''
  ) );
#7474 = PCURVE('',#3989,#7475);
#7475 = DEFINITIONAL_REPRESENTATION('',(#7476),#7480);
#7476 = LINE('',#7477,#7478);
#7477 = CARTESIAN_POINT('',(0.,0.));
#7478 = VECTOR('',#7479,1.);
#7479 = DIRECTION('',(1.,0.));
#7480 = ( GEOMETRIC_REPRESENTATION_CONTEXT(2) 
PARAMETRIC_REPRESENTATION_CONTEXT() REPRESENTATION_CONTEXT('2D SPACE',''
  ) );
#7481 = ADVANCED_FACE('',(#7482),#3989,.T.);
#7482 = FACE_BOUND('',#7483,.T.);
#7483 = EDGE_LOOP('',(#7484,#7485,#7507));
#7484 = ORIENTED_EDGE('',*,*,#3951,.T.);
#7485 = ORIENTED_EDGE('',*,*,#7486,.T.);
#7486 = EDGE_CURVE('',#3866,#7436,#7487,.T.);
#7487 = SURFACE_CURVE('',#7488,(#7493,#7500),.PCURVE_S1.);
#7488 = CIRCLE('',#7489,1.);
#7489 = AXIS2_PLACEMENT_3D('',#7490,#7491,#7492);
#7490 = CARTESIAN_POINT('',(136.93543013382,17.390795066358,
    -16.68368828517));
#7491 = DIRECTION('',(-0.686220426896,-0.514344984282,0.514344984282));
#7492 = DIRECTION('',(-0.727393652509,0.485231117247,-0.485231117247));
#7493 = PCURVE('',#3989,#7494);
#7494 = DEFINITIONAL_REPRESENTATION('',(#7495),#7499);
#7495 = LINE('',#7496,#7497);
#7496 = CARTESIAN_POINT('',(2.108407562811,-6.28318530718));
#7497 = VECTOR('',#7498,1.);
#7498 = DIRECTION('',(0.,1.));
#7499 = ( GEOMETRIC_REPRESENTATION_CONTEXT(2) 
PARAMETRIC_REPRESENTATION_CONTEXT() REPRESENTATION_CONTEXT('2D SPACE',''
  ) );
#7500 = PCURVE('',#3917,#7501);
#7501 = DEFINITIONAL_REPRESENTATION('',(#7502),#7506);
#7502 = LINE('',#7503,#7504);
#7503 = CARTESIAN_POINT('',(6.28318530718,1.760420462527));
#7504 = VECTOR('',#7505,1.);
#7505 = DIRECTION('',(-1.,-0.));
#7506 = ( GEOMETRIC_REPRESENTATION_CONTEXT(2) 
PARAMETRIC_REPRESENTATION_CONTEXT() REPRESENTATION_CONTEXT('2D SPACE',''
  ) );
#7507 = ORIENTED_EDGE('',*,*,#7460,.F.);
#7508 = ADVANCED_FACE('',(#7509),#3917,.T.);
#7509 = FACE_BOUND('',#7510,.T.);
#7510 = EDGE_LOOP('',(#7511,#7512,#7513,#7536,#7565));
#7511 = ORIENTED_EDGE('',*,*,#7486,.F.);
#7512 = ORIENTED_EDGE('',*,*,#3865,.F.);
#7513 = ORIENTED_EDGE('',*,*,#7514,.T.);
#7514 = EDGE_CURVE('',#3833,#7515,#7517,.T.);
#7515 = VERTEX_POINT('',#7516);
#7516 = CARTESIAN_POINT('',(160.43137518731,35.708892449921,
    -33.58757210636));
#7517 = SURFACE_CURVE('',#7518,(#7522,#7529),.PCURVE_S1.);
#7518 = LINE('',#7519,#7520);
#7519 = CARTESIAN_POINT('',(135.7273936525,17.192438412417,
    -15.07111806885));
#7520 = VECTOR('',#7521,1.);
#7521 = DIRECTION('',(0.686220426896,0.514344984281,-0.514344984281));
#7522 = PCURVE('',#3917,#7523);
#7523 = DEFINITIONAL_REPRESENTATION('',(#7524),#7528);
#7524 = LINE('',#7525,#7526);
#7525 = CARTESIAN_POINT('',(1.570796326795,0.));
#7526 = VECTOR('',#7527,1.);
#7527 = DIRECTION('',(0.,1.));
#7528 = ( GEOMETRIC_REPRESENTATION_CONTEXT(2) 
PARAMETRIC_REPRESENTATION_CONTEXT() REPRESENTATION_CONTEXT('2D SPACE',''
  ) );
#7529 = PCURVE('',#3853,#7530);
#7530 = DEFINITIONAL_REPRESENTATION('',(#7531),#7535);
#7531 = LINE('',#7532,#7533);
#7532 = CARTESIAN_POINT('',(26.857406911678,-8.478491948914));
#7533 = VECTOR('',#7534,1.);
#7534 = DIRECTION('',(-0.686220426896,0.727393652509));
#7535 = ( GEOMETRIC_REPRESENTATION_CONTEXT(2) 
PARAMETRIC_REPRESENTATION_CONTEXT() REPRESENTATION_CONTEXT('2D SPACE',''
  ) );
#7536 = ORIENTED_EDGE('',*,*,#7537,.T.);
#7537 = EDGE_CURVE('',#7515,#7538,#7540,.T.);
#7538 = VERTEX_POINT('',#7539);
#7539 = CARTESIAN_POINT('',(159.7039815348,35.487016785981,
    -34.77991000479));
#7540 = SURFACE_CURVE('',#7541,(#7546,#7553),.PCURVE_S1.);
#7541 = CIRCLE('',#7542,1.);
#7542 = AXIS2_PLACEMENT_3D('',#7543,#7544,#7545);
#7543 = CARTESIAN_POINT('',(160.43137518731,35.001785668734,
    -34.29467888754));
#7544 = DIRECTION('',(-0.686220426896,-0.514344984281,0.514344984281));
#7545 = DIRECTION('',(-0.727393652509,0.485231117247,-0.485231117247));
#7546 = PCURVE('',#3917,#7547);
#7547 = DEFINITIONAL_REPRESENTATION('',(#7548),#7552);
#7548 = LINE('',#7549,#7550);
#7549 = CARTESIAN_POINT('',(6.28318530718,36.000067276577));
#7550 = VECTOR('',#7551,1.);
#7551 = DIRECTION('',(-1.,-0.));
#7552 = ( GEOMETRIC_REPRESENTATION_CONTEXT(2) 
PARAMETRIC_REPRESENTATION_CONTEXT() REPRESENTATION_CONTEXT('2D SPACE',''
  ) );
#7553 = PCURVE('',#7554,#7559);
#7554 = SPHERICAL_SURFACE('',#7555,1.);
#7555 = AXIS2_PLACEMENT_3D('',#7556,#7557,#7558);
#7556 = CARTESIAN_POINT('',(160.43137518731,35.001785668734,
    -34.29467888754));
#7557 = DIRECTION('',(0.,-0.707106781187,-0.707106781187));
#7558 = DIRECTION('',(0.,0.707106781187,-0.707106781187));
#7559 = DEFINITIONAL_REPRESENTATION('',(#7560),#7564);
#7560 = LINE('',#7561,#7562);
#7561 = CARTESIAN_POINT('',(-0.814516144904,-6.28318530718));
#7562 = VECTOR('',#7563,1.);
#7563 = DIRECTION('',(-0.,1.));
#7564 = ( GEOMETRIC_REPRESENTATION_CONTEXT(2) 
PARAMETRIC_REPRESENTATION_CONTEXT() REPRESENTATION_CONTEXT('2D SPACE',''
  ) );
#7565 = ORIENTED_EDGE('',*,*,#7566,.F.);
#7566 = EDGE_CURVE('',#7436,#7538,#7567,.T.);
#7567 = SURFACE_CURVE('',#7568,(#7572,#7579),.PCURVE_S1.);
#7568 = LINE('',#7569,#7570);
#7569 = CARTESIAN_POINT('',(135.,16.970562748477,-16.26345596729));
#7570 = VECTOR('',#7571,1.);
#7571 = DIRECTION('',(0.686220426896,0.514344984281,-0.514344984281));
#7572 = PCURVE('',#3917,#7573);
#7573 = DEFINITIONAL_REPRESENTATION('',(#7574),#7578);
#7574 = LINE('',#7575,#7576);
#7575 = CARTESIAN_POINT('',(0.,0.));
#7576 = VECTOR('',#7577,1.);
#7577 = DIRECTION('',(0.,1.));
#7578 = ( GEOMETRIC_REPRESENTATION_CONTEXT(2) 
PARAMETRIC_REPRESENTATION_CONTEXT() REPRESENTATION_CONTEXT('2D SPACE',''
  ) );
#7579 = PCURVE('',#7393,#7580);
#7580 = DEFINITIONAL_REPRESENTATION('',(#7581),#7585);
#7581 = LINE('',#7582,#7583);
#7582 = CARTESIAN_POINT('',(-1.915134717478E-15,-0.5));
#7583 = VECTOR('',#7584,1.);
#7584 = DIRECTION('',(1.,0.));
#7585 = ( GEOMETRIC_REPRESENTATION_CONTEXT(2) 
PARAMETRIC_REPRESENTATION_CONTEXT() REPRESENTATION_CONTEXT('2D SPACE',''
  ) );
#7586 = ADVANCED_FACE('',(#7587),#3583,.T.);
#7587 = FACE_BOUND('',#7588,.F.);
#7588 = EDGE_LOOP('',(#7589,#7613,#7614,#7637,#7666));
#7589 = ORIENTED_EDGE('',*,*,#7590,.F.);
#7590 = EDGE_CURVE('',#3471,#7591,#7593,.T.);
#7591 = VERTEX_POINT('',#7592);
#7592 = CARTESIAN_POINT('',(136.20803648131,17.876026183605,
    17.168919402418));
#7593 = SURFACE_CURVE('',#7594,(#7599,#7606),.PCURVE_S1.);
#7594 = CIRCLE('',#7595,1.);
#7595 = AXIS2_PLACEMENT_3D('',#7596,#7597,#7598);
#7596 = CARTESIAN_POINT('',(136.93543013382,17.390795066358,
    16.683688285171));
#7597 = DIRECTION('',(0.686220426896,0.514344984282,0.514344984282));
#7598 = DIRECTION('',(-0.727393652509,0.485231117247,0.485231117247));
#7599 = PCURVE('',#3583,#7600);
#7600 = DEFINITIONAL_REPRESENTATION('',(#7601),#7605);
#7601 = LINE('',#7602,#7603);
#7602 = CARTESIAN_POINT('',(-6.28318530718,1.760420462527));
#7603 = VECTOR('',#7604,1.);
#7604 = DIRECTION('',(1.,-0.));
#7605 = ( GEOMETRIC_REPRESENTATION_CONTEXT(2) 
PARAMETRIC_REPRESENTATION_CONTEXT() REPRESENTATION_CONTEXT('2D SPACE',''
  ) );
#7606 = PCURVE('',#3508,#7607);
#7607 = DEFINITIONAL_REPRESENTATION('',(#7608),#7612);
#7608 = LINE('',#7609,#7610);
#7609 = CARTESIAN_POINT('',(-2.108407562811,-6.28318530718));
#7610 = VECTOR('',#7611,1.);
#7611 = DIRECTION('',(-0.,1.));
#7612 = ( GEOMETRIC_REPRESENTATION_CONTEXT(2) 
PARAMETRIC_REPRESENTATION_CONTEXT() REPRESENTATION_CONTEXT('2D SPACE',''
  ) );
#7613 = ORIENTED_EDGE('',*,*,#3531,.T.);
#7614 = ORIENTED_EDGE('',*,*,#7615,.T.);
#7615 = EDGE_CURVE('',#3532,#7616,#7618,.T.);
#7616 = VERTEX_POINT('',#7617);
#7617 = CARTESIAN_POINT('',(160.43137518731,35.708892449921,
    33.587572106361));
#7618 = SURFACE_CURVE('',#7619,(#7623,#7630),.PCURVE_S1.);
#7619 = LINE('',#7620,#7621);
#7620 = CARTESIAN_POINT('',(135.7273936525,17.192438412417,
    15.071118068857));
#7621 = VECTOR('',#7622,1.);
#7622 = DIRECTION('',(0.686220426896,0.514344984281,0.514344984281));
#7623 = PCURVE('',#3583,#7624);
#7624 = DEFINITIONAL_REPRESENTATION('',(#7625),#7629);
#7625 = LINE('',#7626,#7627);
#7626 = CARTESIAN_POINT('',(-1.570796326795,0.));
#7627 = VECTOR('',#7628,1.);
#7628 = DIRECTION('',(-0.,1.));
#7629 = ( GEOMETRIC_REPRESENTATION_CONTEXT(2) 
PARAMETRIC_REPRESENTATION_CONTEXT() REPRESENTATION_CONTEXT('2D SPACE',''
  ) );
#7630 = PCURVE('',#3638,#7631);
#7631 = DEFINITIONAL_REPRESENTATION('',(#7632),#7636);
#7632 = LINE('',#7633,#7634);
#7633 = CARTESIAN_POINT('',(26.857406911678,-8.478491948914));
#7634 = VECTOR('',#7635,1.);
#7635 = DIRECTION('',(-0.686220426896,0.727393652509));
#7636 = ( GEOMETRIC_REPRESENTATION_CONTEXT(2) 
PARAMETRIC_REPRESENTATION_CONTEXT() REPRESENTATION_CONTEXT('2D SPACE',''
  ) );
#7637 = ORIENTED_EDGE('',*,*,#7638,.T.);
#7638 = EDGE_CURVE('',#7616,#7639,#7641,.T.);
#7639 = VERTEX_POINT('',#7640);
#7640 = CARTESIAN_POINT('',(159.7039815348,35.487016785981,
    34.779910004794));
#7641 = SURFACE_CURVE('',#7642,(#7647,#7654),.PCURVE_S1.);
#7642 = CIRCLE('',#7643,1.);
#7643 = AXIS2_PLACEMENT_3D('',#7644,#7645,#7646);
#7644 = CARTESIAN_POINT('',(160.43137518731,35.001785668734,
    34.294678887548));
#7645 = DIRECTION('',(0.686220426896,0.514344984281,0.514344984281));
#7646 = DIRECTION('',(-0.727393652509,0.485231117247,0.485231117247));
#7647 = PCURVE('',#3583,#7648);
#7648 = DEFINITIONAL_REPRESENTATION('',(#7649),#7653);
#7649 = LINE('',#7650,#7651);
#7650 = CARTESIAN_POINT('',(-6.28318530718,36.000067276577));
#7651 = VECTOR('',#7652,1.);
#7652 = DIRECTION('',(1.,-0.));
#7653 = ( GEOMETRIC_REPRESENTATION_CONTEXT(2) 
PARAMETRIC_REPRESENTATION_CONTEXT() REPRESENTATION_CONTEXT('2D SPACE',''
  ) );
#7654 = PCURVE('',#7655,#7660);
#7655 = SPHERICAL_SURFACE('',#7656,1.);
#7656 = AXIS2_PLACEMENT_3D('',#7657,#7658,#7659);
#7657 = CARTESIAN_POINT('',(160.43137518731,35.001785668734,
    34.294678887548));
#7658 = DIRECTION('',(0.,-0.707106781187,0.707106781187));
#7659 = DIRECTION('',(-0.727393652509,0.485231117247,0.485231117247));
#7660 = DEFINITIONAL_REPRESENTATION('',(#7661),#7665);
#7661 = LINE('',#7662,#7663);
#7662 = CARTESIAN_POINT('',(-0.,-6.28318530718));
#7663 = VECTOR('',#7664,1.);
#7664 = DIRECTION('',(-0.,1.));
#7665 = ( GEOMETRIC_REPRESENTATION_CONTEXT(2) 
PARAMETRIC_REPRESENTATION_CONTEXT() REPRESENTATION_CONTEXT('2D SPACE',''
  ) );
#7666 = ORIENTED_EDGE('',*,*,#7667,.F.);
#7667 = EDGE_CURVE('',#7591,#7639,#7668,.T.);
#7668 = SURFACE_CURVE('',#7669,(#7673,#7680),.PCURVE_S1.);
#7669 = LINE('',#7670,#7671);
#7670 = CARTESIAN_POINT('',(135.,16.970562748477,16.263455967291));
#7671 = VECTOR('',#7672,1.);
#7672 = DIRECTION('',(0.686220426896,0.514344984281,0.514344984281));
#7673 = PCURVE('',#3583,#7674);
#7674 = DEFINITIONAL_REPRESENTATION('',(#7675),#7679);
#7675 = LINE('',#7676,#7677);
#7676 = CARTESIAN_POINT('',(-0.,0.));
#7677 = VECTOR('',#7678,1.);
#7678 = DIRECTION('',(-0.,1.));
#7679 = ( GEOMETRIC_REPRESENTATION_CONTEXT(2) 
PARAMETRIC_REPRESENTATION_CONTEXT() REPRESENTATION_CONTEXT('2D SPACE',''
  ) );
#7680 = PCURVE('',#6426,#7681);
#7681 = DEFINITIONAL_REPRESENTATION('',(#7682),#7686);
#7682 = LINE('',#7683,#7684);
#7683 = CARTESIAN_POINT('',(-3.663735981263E-15,0.5));
#7684 = VECTOR('',#7685,1.);
#7685 = DIRECTION('',(1.,-1.110223024625E-16));
#7686 = ( GEOMETRIC_REPRESENTATION_CONTEXT(2) 
PARAMETRIC_REPRESENTATION_CONTEXT() REPRESENTATION_CONTEXT('2D SPACE',''
  ) );
#7687 = ADVANCED_FACE('',(#7688),#3508,.T.);
#7688 = FACE_BOUND('',#7689,.F.);
#7689 = EDGE_LOOP('',(#7690,#7691,#7692));
#7690 = ORIENTED_EDGE('',*,*,#3470,.F.);
#7691 = ORIENTED_EDGE('',*,*,#7590,.T.);
#7692 = ORIENTED_EDGE('',*,*,#7693,.F.);
#7693 = EDGE_CURVE('',#3437,#7591,#7694,.T.);
#7694 = SURFACE_CURVE('',#7695,(#7700,#7707),.PCURVE_S1.);
#7695 = CIRCLE('',#7696,1.);
#7696 = AXIS2_PLACEMENT_3D('',#7697,#7698,#7699);
#7697 = CARTESIAN_POINT('',(136.93543013382,17.390795066358,
    16.683688285171));
#7698 = DIRECTION('',(0.,0.707106781187,-0.707106781187));
#7699 = DIRECTION('',(-0.216930457819,-0.690268489963,-0.690268489963));
#7700 = PCURVE('',#3508,#7701);
#7701 = DEFINITIONAL_REPRESENTATION('',(#7702),#7706);
#7702 = LINE('',#7703,#7704);
#7703 = CARTESIAN_POINT('',(-0.,0.));
#7704 = VECTOR('',#7705,1.);
#7705 = DIRECTION('',(-1.,0.));
#7706 = ( GEOMETRIC_REPRESENTATION_CONTEXT(2) 
PARAMETRIC_REPRESENTATION_CONTEXT() REPRESENTATION_CONTEXT('2D SPACE',''
  ) );
#7707 = PCURVE('',#3456,#7708);
#7708 = DEFINITIONAL_REPRESENTATION('',(#7709),#7713);
#7709 = LINE('',#7710,#7711);
#7710 = CARTESIAN_POINT('',(2.108407562811,1.));
#7711 = VECTOR('',#7712,1.);
#7712 = DIRECTION('',(-1.,-0.));
#7713 = ( GEOMETRIC_REPRESENTATION_CONTEXT(2) 
PARAMETRIC_REPRESENTATION_CONTEXT() REPRESENTATION_CONTEXT('2D SPACE',''
  ) );
#7714 = ADVANCED_FACE('',(#7715),#3456,.T.);
#7715 = FACE_BOUND('',#7716,.T.);
#7716 = EDGE_LOOP('',(#7717,#7738,#7739,#7740));
#7717 = ORIENTED_EDGE('',*,*,#7718,.F.);
#7718 = EDGE_CURVE('',#7591,#6336,#7719,.T.);
#7719 = SURFACE_CURVE('',#7720,(#7724,#7731),.PCURVE_S1.);
#7720 = LINE('',#7721,#7722);
#7721 = CARTESIAN_POINT('',(136.20803648131,18.583132964791,
    16.461812621232));
#7722 = VECTOR('',#7723,1.);
#7723 = DIRECTION('',(0.,-0.707106781187,0.707106781187));
#7724 = PCURVE('',#3456,#7725);
#7725 = DEFINITIONAL_REPRESENTATION('',(#7726),#7730);
#7726 = LINE('',#7727,#7728);
#7727 = CARTESIAN_POINT('',(0.,0.));
#7728 = VECTOR('',#7729,1.);
#7729 = DIRECTION('',(0.,1.));
#7730 = ( GEOMETRIC_REPRESENTATION_CONTEXT(2) 
PARAMETRIC_REPRESENTATION_CONTEXT() REPRESENTATION_CONTEXT('2D SPACE',''
  ) );
#7731 = PCURVE('',#6426,#7732);
#7732 = DEFINITIONAL_REPRESENTATION('',(#7733),#7737);
#7733 = LINE('',#7734,#7735);
#7734 = CARTESIAN_POINT('',(1.760420462527,1.5));
#7735 = VECTOR('',#7736,1.);
#7736 = DIRECTION('',(1.110223024625E-16,-1.));
#7737 = ( GEOMETRIC_REPRESENTATION_CONTEXT(2) 
PARAMETRIC_REPRESENTATION_CONTEXT() REPRESENTATION_CONTEXT('2D SPACE',''
  ) );
#7738 = ORIENTED_EDGE('',*,*,#7693,.F.);
#7739 = ORIENTED_EDGE('',*,*,#3436,.F.);
#7740 = ORIENTED_EDGE('',*,*,#7741,.T.);
#7741 = EDGE_CURVE('',#3376,#6336,#7742,.T.);
#7742 = SURFACE_CURVE('',#7743,(#7748,#7755),.PCURVE_S1.);
#7743 = CIRCLE('',#7744,1.);
#7744 = AXIS2_PLACEMENT_3D('',#7745,#7746,#7747);
#7745 = CARTESIAN_POINT('',(136.93543013382,16.683688285171,
    17.390795066358));
#7746 = DIRECTION('',(0.,0.707106781187,-0.707106781187));
#7747 = DIRECTION('',(-0.216930457819,-0.690268489963,-0.690268489963));
#7748 = PCURVE('',#3456,#7749);
#7749 = DEFINITIONAL_REPRESENTATION('',(#7750),#7754);
#7750 = LINE('',#7751,#7752);
#7751 = CARTESIAN_POINT('',(2.108407562811,2.));
#7752 = VECTOR('',#7753,1.);
#7753 = DIRECTION('',(-1.,-0.));
#7754 = ( GEOMETRIC_REPRESENTATION_CONTEXT(2) 
PARAMETRIC_REPRESENTATION_CONTEXT() REPRESENTATION_CONTEXT('2D SPACE',''
  ) );
#7755 = PCURVE('',#3413,#7756);
#7756 = DEFINITIONAL_REPRESENTATION('',(#7757),#7761);
#7757 = LINE('',#7758,#7759);
#7758 = CARTESIAN_POINT('',(0.,0.));
#7759 = VECTOR('',#7760,1.);
#7760 = DIRECTION('',(1.,0.));
#7761 = ( GEOMETRIC_REPRESENTATION_CONTEXT(2) 
PARAMETRIC_REPRESENTATION_CONTEXT() REPRESENTATION_CONTEXT('2D SPACE',''
  ) );
#7762 = ADVANCED_FACE('',(#7763),#3413,.T.);
#7763 = FACE_BOUND('',#7764,.T.);
#7764 = EDGE_LOOP('',(#7765,#7766,#7767));
#7765 = ORIENTED_EDGE('',*,*,#3375,.T.);
#7766 = ORIENTED_EDGE('',*,*,#6335,.T.);
#7767 = ORIENTED_EDGE('',*,*,#7741,.F.);
#7768 = ADVANCED_FACE('',(#7769),#6426,.T.);
#7769 = FACE_BOUND('',#7770,.T.);
#7770 = EDGE_LOOP('',(#7771,#7772,#7798,#7799));
#7771 = ORIENTED_EDGE('',*,*,#6412,.T.);
#7772 = ORIENTED_EDGE('',*,*,#7773,.T.);
#7773 = EDGE_CURVE('',#6384,#7639,#7774,.T.);
#7774 = SURFACE_CURVE('',#7775,(#7779,#7786),.PCURVE_S1.);
#7775 = LINE('',#7776,#7777);
#7776 = CARTESIAN_POINT('',(159.7039815348,34.072803223608,
    36.194123567167));
#7777 = VECTOR('',#7778,1.);
#7778 = DIRECTION('',(0.,0.707106781187,-0.707106781187));
#7779 = PCURVE('',#6426,#7780);
#7780 = DEFINITIONAL_REPRESENTATION('',(#7781),#7785);
#7781 = LINE('',#7782,#7783);
#7782 = CARTESIAN_POINT('',(36.000067276577,-1.5));
#7783 = VECTOR('',#7784,1.);
#7784 = DIRECTION('',(-1.110223024625E-16,1.));
#7785 = ( GEOMETRIC_REPRESENTATION_CONTEXT(2) 
PARAMETRIC_REPRESENTATION_CONTEXT() REPRESENTATION_CONTEXT('2D SPACE',''
  ) );
#7786 = PCURVE('',#7787,#7792);
#7787 = CYLINDRICAL_SURFACE('',#7788,1.);
#7788 = AXIS2_PLACEMENT_3D('',#7789,#7790,#7791);
#7789 = CARTESIAN_POINT('',(160.43137518731,33.587572106361,
    35.708892449921));
#7790 = DIRECTION('',(0.,0.707106781187,-0.707106781187));
#7791 = DIRECTION('',(-0.727393652509,0.485231117247,0.485231117247));
#7792 = DEFINITIONAL_REPRESENTATION('',(#7793),#7797);
#7793 = LINE('',#7794,#7795);
#7794 = CARTESIAN_POINT('',(0.,0.));
#7795 = VECTOR('',#7796,1.);
#7796 = DIRECTION('',(0.,1.));
#7797 = ( GEOMETRIC_REPRESENTATION_CONTEXT(2) 
PARAMETRIC_REPRESENTATION_CONTEXT() REPRESENTATION_CONTEXT('2D SPACE',''
  ) );
#7798 = ORIENTED_EDGE('',*,*,#7667,.F.);
#7799 = ORIENTED_EDGE('',*,*,#7718,.T.);
#7800 = ADVANCED_FACE('',(#7801),#6400,.T.);
#7801 = FACE_BOUND('',#7802,.F.);
#7802 = EDGE_LOOP('',(#7803,#7827,#7828));
#7803 = ORIENTED_EDGE('',*,*,#7804,.F.);
#7804 = EDGE_CURVE('',#6361,#7805,#7807,.T.);
#7805 = VERTEX_POINT('',#7806);
#7806 = CARTESIAN_POINT('',(160.43137518731,35.001785668734,
    35.708892449921));
#7807 = SURFACE_CURVE('',#7808,(#7813,#7820),.PCURVE_S1.);
#7808 = CIRCLE('',#7809,1.);
#7809 = AXIS2_PLACEMENT_3D('',#7810,#7811,#7812);
#7810 = CARTESIAN_POINT('',(160.43137518731,34.294678887548,
    35.001785668734));
#7811 = DIRECTION('',(-1.,0.,0.));
#7812 = DIRECTION('',(0.,0.707106781187,0.707106781187));
#7813 = PCURVE('',#6400,#7814);
#7814 = DEFINITIONAL_REPRESENTATION('',(#7815),#7819);
#7815 = LINE('',#7816,#7817);
#7816 = CARTESIAN_POINT('',(-0.,-6.28318530718));
#7817 = VECTOR('',#7818,1.);
#7818 = DIRECTION('',(-0.,1.));
#7819 = ( GEOMETRIC_REPRESENTATION_CONTEXT(2) 
PARAMETRIC_REPRESENTATION_CONTEXT() REPRESENTATION_CONTEXT('2D SPACE',''
  ) );
#7820 = PCURVE('',#6459,#7821);
#7821 = DEFINITIONAL_REPRESENTATION('',(#7822),#7826);
#7822 = LINE('',#7823,#7824);
#7823 = CARTESIAN_POINT('',(6.28318530718,0.431375187317));
#7824 = VECTOR('',#7825,1.);
#7825 = DIRECTION('',(-1.,-0.));
#7826 = ( GEOMETRIC_REPRESENTATION_CONTEXT(2) 
PARAMETRIC_REPRESENTATION_CONTEXT() REPRESENTATION_CONTEXT('2D SPACE',''
  ) );
#7827 = ORIENTED_EDGE('',*,*,#6383,.T.);
#7828 = ORIENTED_EDGE('',*,*,#7829,.F.);
#7829 = EDGE_CURVE('',#7805,#6384,#7830,.T.);
#7830 = SURFACE_CURVE('',#7831,(#7836,#7843),.PCURVE_S1.);
#7831 = CIRCLE('',#7832,1.);
#7832 = AXIS2_PLACEMENT_3D('',#7833,#7834,#7835);
#7833 = CARTESIAN_POINT('',(160.43137518731,34.294678887548,
    35.001785668734));
#7834 = DIRECTION('',(0.,-0.707106781187,0.707106781187));
#7835 = DIRECTION('',(0.,0.707106781187,0.707106781187));
#7836 = PCURVE('',#6400,#7837);
#7837 = DEFINITIONAL_REPRESENTATION('',(#7838),#7842);
#7838 = LINE('',#7839,#7840);
#7839 = CARTESIAN_POINT('',(-0.,0.));
#7840 = VECTOR('',#7841,1.);
#7841 = DIRECTION('',(-1.,0.));
#7842 = ( GEOMETRIC_REPRESENTATION_CONTEXT(2) 
PARAMETRIC_REPRESENTATION_CONTEXT() REPRESENTATION_CONTEXT('2D SPACE',''
  ) );
#7843 = PCURVE('',#7787,#7844);
#7844 = DEFINITIONAL_REPRESENTATION('',(#7845),#7849);
#7845 = LINE('',#7846,#7847);
#7846 = CARTESIAN_POINT('',(0.814516144904,1.));
#7847 = VECTOR('',#7848,1.);
#7848 = DIRECTION('',(-1.,-0.));
#7849 = ( GEOMETRIC_REPRESENTATION_CONTEXT(2) 
PARAMETRIC_REPRESENTATION_CONTEXT() REPRESENTATION_CONTEXT('2D SPACE',''
  ) );
#7850 = ADVANCED_FACE('',(#7851),#6459,.T.);
#7851 = FACE_BOUND('',#7852,.T.);
#7852 = EDGE_LOOP('',(#7853,#7854,#7855,#7879));
#7853 = ORIENTED_EDGE('',*,*,#7804,.F.);
#7854 = ORIENTED_EDGE('',*,*,#6443,.T.);
#7855 = ORIENTED_EDGE('',*,*,#7856,.F.);
#7856 = EDGE_CURVE('',#7857,#6444,#7859,.T.);
#7857 = VERTEX_POINT('',#7858);
#7858 = CARTESIAN_POINT('',(179.,35.001785668734,35.708892449921));
#7859 = SURFACE_CURVE('',#7860,(#7865,#7872),.PCURVE_S1.);
#7860 = CIRCLE('',#7861,1.);
#7861 = AXIS2_PLACEMENT_3D('',#7862,#7863,#7864);
#7862 = CARTESIAN_POINT('',(179.,34.294678887548,35.001785668734));
#7863 = DIRECTION('',(1.,0.,-0.));
#7864 = DIRECTION('',(0.,0.707106781187,0.707106781187));
#7865 = PCURVE('',#6459,#7866);
#7866 = DEFINITIONAL_REPRESENTATION('',(#7867),#7871);
#7867 = LINE('',#7868,#7869);
#7868 = CARTESIAN_POINT('',(0.,19.));
#7869 = VECTOR('',#7870,1.);
#7870 = DIRECTION('',(1.,0.));
#7871 = ( GEOMETRIC_REPRESENTATION_CONTEXT(2) 
PARAMETRIC_REPRESENTATION_CONTEXT() REPRESENTATION_CONTEXT('2D SPACE',''
  ) );
#7872 = PCURVE('',#6510,#7873);
#7873 = DEFINITIONAL_REPRESENTATION('',(#7874),#7878);
#7874 = LINE('',#7875,#7876);
#7875 = CARTESIAN_POINT('',(-0.,0.));
#7876 = VECTOR('',#7877,1.);
#7877 = DIRECTION('',(-1.,0.));
#7878 = ( GEOMETRIC_REPRESENTATION_CONTEXT(2) 
PARAMETRIC_REPRESENTATION_CONTEXT() REPRESENTATION_CONTEXT('2D SPACE',''
  ) );
#7879 = ORIENTED_EDGE('',*,*,#7880,.F.);
#7880 = EDGE_CURVE('',#7805,#7857,#7881,.T.);
#7881 = SURFACE_CURVE('',#7882,(#7886,#7893),.PCURVE_S1.);
#7882 = LINE('',#7883,#7884);
#7883 = CARTESIAN_POINT('',(160.,35.001785668734,35.708892449921));
#7884 = VECTOR('',#7885,1.);
#7885 = DIRECTION('',(1.,0.,0.));
#7886 = PCURVE('',#6459,#7887);
#7887 = DEFINITIONAL_REPRESENTATION('',(#7888),#7892);
#7888 = LINE('',#7889,#7890);
#7889 = CARTESIAN_POINT('',(0.,0.));
#7890 = VECTOR('',#7891,1.);
#7891 = DIRECTION('',(0.,1.));
#7892 = ( GEOMETRIC_REPRESENTATION_CONTEXT(2) 
PARAMETRIC_REPRESENTATION_CONTEXT() REPRESENTATION_CONTEXT('2D SPACE',''
  ) );
#7893 = PCURVE('',#7894,#7899);
#7894 = PLANE('',#7895);
#7895 = AXIS2_PLACEMENT_3D('',#7896,#7897,#7898);
#7896 = CARTESIAN_POINT('',(160.,35.355339059327,35.355339059327));
#7897 = DIRECTION('',(0.,0.707106781187,0.707106781187));
#7898 = DIRECTION('',(1.,0.,0.));
#7899 = DEFINITIONAL_REPRESENTATION('',(#7900),#7904);
#7900 = LINE('',#7901,#7902);
#7901 = CARTESIAN_POINT('',(0.,-0.5));
#7902 = VECTOR('',#7903,1.);
#7903 = DIRECTION('',(1.,0.));
#7904 = ( GEOMETRIC_REPRESENTATION_CONTEXT(2) 
PARAMETRIC_REPRESENTATION_CONTEXT() REPRESENTATION_CONTEXT('2D SPACE',''
  ) );
#7905 = ADVANCED_FACE('',(#7906),#6510,.T.);
#7906 = FACE_BOUND('',#7907,.F.);
#7907 = EDGE_LOOP('',(#7908,#7930,#7931));
#7908 = ORIENTED_EDGE('',*,*,#7909,.F.);
#7909 = EDGE_CURVE('',#5809,#7857,#7910,.T.);
#7910 = SURFACE_CURVE('',#7911,(#7916,#7923),.PCURVE_S1.);
#7911 = CIRCLE('',#7912,1.);
#7912 = AXIS2_PLACEMENT_3D('',#7913,#7914,#7915);
#7913 = CARTESIAN_POINT('',(179.,34.294678887548,35.001785668734));
#7914 = DIRECTION('',(0.,-0.707106781187,0.707106781187));
#7915 = DIRECTION('',(0.,0.707106781187,0.707106781187));
#7916 = PCURVE('',#6510,#7917);
#7917 = DEFINITIONAL_REPRESENTATION('',(#7918),#7922);
#7918 = LINE('',#7919,#7920);
#7919 = CARTESIAN_POINT('',(-0.,-6.28318530718));
#7920 = VECTOR('',#7921,1.);
#7921 = DIRECTION('',(-0.,1.));
#7922 = ( GEOMETRIC_REPRESENTATION_CONTEXT(2) 
PARAMETRIC_REPRESENTATION_CONTEXT() REPRESENTATION_CONTEXT('2D SPACE',''
  ) );
#7923 = PCURVE('',#5824,#7924);
#7924 = DEFINITIONAL_REPRESENTATION('',(#7925),#7929);
#7925 = LINE('',#7926,#7927);
#7926 = CARTESIAN_POINT('',(6.28318530718,1.));
#7927 = VECTOR('',#7928,1.);
#7928 = DIRECTION('',(-1.,-0.));
#7929 = ( GEOMETRIC_REPRESENTATION_CONTEXT(2) 
PARAMETRIC_REPRESENTATION_CONTEXT() REPRESENTATION_CONTEXT('2D SPACE',''
  ) );
#7930 = ORIENTED_EDGE('',*,*,#6495,.T.);
#7931 = ORIENTED_EDGE('',*,*,#7856,.F.);
#7932 = ADVANCED_FACE('',(#7933),#3853,.F.);
#7933 = FACE_BOUND('',#7934,.F.);
#7934 = EDGE_LOOP('',(#7935,#7936,#7937,#7965));
#7935 = ORIENTED_EDGE('',*,*,#3832,.T.);
#7936 = ORIENTED_EDGE('',*,*,#7514,.T.);
#7937 = ORIENTED_EDGE('',*,*,#7938,.T.);
#7938 = EDGE_CURVE('',#7515,#7939,#7941,.T.);
#7939 = VERTEX_POINT('',#7940);
#7940 = CARTESIAN_POINT('',(179.,35.708892449921,-33.58757210636));
#7941 = SURFACE_CURVE('',#7942,(#7946,#7953),.PCURVE_S1.);
#7942 = LINE('',#7943,#7944);
#7943 = CARTESIAN_POINT('',(160.,35.708892449921,-33.58757210636));
#7944 = VECTOR('',#7945,1.);
#7945 = DIRECTION('',(1.,0.,0.));
#7946 = PCURVE('',#3853,#7947);
#7947 = DEFINITIONAL_REPRESENTATION('',(#7948),#7952);
#7948 = LINE('',#7949,#7950);
#7949 = CARTESIAN_POINT('',(2.584800564187,17.707728477981));
#7950 = VECTOR('',#7951,1.);
#7951 = DIRECTION('',(-1.,0.));
#7952 = ( GEOMETRIC_REPRESENTATION_CONTEXT(2) 
PARAMETRIC_REPRESENTATION_CONTEXT() REPRESENTATION_CONTEXT('2D SPACE',''
  ) );
#7953 = PCURVE('',#7954,#7959);
#7954 = CYLINDRICAL_SURFACE('',#7955,1.);
#7955 = AXIS2_PLACEMENT_3D('',#7956,#7957,#7958);
#7956 = CARTESIAN_POINT('',(160.,35.001785668734,-34.29467888754));
#7957 = DIRECTION('',(1.,0.,0.));
#7958 = DIRECTION('',(0.,0.707106781187,-0.707106781187));
#7959 = DEFINITIONAL_REPRESENTATION('',(#7960),#7964);
#7960 = LINE('',#7961,#7962);
#7961 = CARTESIAN_POINT('',(1.570796326795,0.));
#7962 = VECTOR('',#7963,1.);
#7963 = DIRECTION('',(0.,1.));
#7964 = ( GEOMETRIC_REPRESENTATION_CONTEXT(2) 
PARAMETRIC_REPRESENTATION_CONTEXT() REPRESENTATION_CONTEXT('2D SPACE',''
  ) );
#7965 = ORIENTED_EDGE('',*,*,#7966,.T.);
#7966 = EDGE_CURVE('',#7939,#3754,#7967,.T.);
#7967 = SURFACE_CURVE('',#7968,(#7972,#7979),.PCURVE_S1.);
#7968 = LINE('',#7969,#7970);
#7969 = CARTESIAN_POINT('',(179.,36.415999231107,-34.29467888754));
#7970 = VECTOR('',#7971,1.);
#7971 = DIRECTION('',(0.,-0.707106781187,0.707106781187));
#7972 = PCURVE('',#3853,#7973);
#7973 = DEFINITIONAL_REPRESENTATION('',(#7974),#7978);
#7974 = LINE('',#7975,#7976);
#7975 = CARTESIAN_POINT('',(-16.41519943581,18.707728477981));
#7976 = VECTOR('',#7977,1.);
#7977 = DIRECTION('',(0.,-1.));
#7978 = ( GEOMETRIC_REPRESENTATION_CONTEXT(2) 
PARAMETRIC_REPRESENTATION_CONTEXT() REPRESENTATION_CONTEXT('2D SPACE',''
  ) );
#7979 = PCURVE('',#3803,#7980);
#7980 = DEFINITIONAL_REPRESENTATION('',(#7981),#7985);
#7981 = LINE('',#7982,#7983);
#7982 = CARTESIAN_POINT('',(-0.,0.));
#7983 = VECTOR('',#7984,1.);
#7984 = DIRECTION('',(-0.,1.));
#7985 = ( GEOMETRIC_REPRESENTATION_CONTEXT(2) 
PARAMETRIC_REPRESENTATION_CONTEXT() REPRESENTATION_CONTEXT('2D SPACE',''
  ) );
#7986 = ADVANCED_FACE('',(#7987),#3803,.T.);
#7987 = FACE_BOUND('',#7988,.F.);
#7988 = EDGE_LOOP('',(#7989,#8016,#8017,#8018));
#7989 = ORIENTED_EDGE('',*,*,#7990,.F.);
#7990 = EDGE_CURVE('',#6029,#7939,#7991,.T.);
#7991 = SURFACE_CURVE('',#7992,(#7997,#8004),.PCURVE_S1.);
#7992 = CIRCLE('',#7993,1.);
#7993 = AXIS2_PLACEMENT_3D('',#7994,#7995,#7996);
#7994 = CARTESIAN_POINT('',(179.,35.001785668734,-34.29467888754));
#7995 = DIRECTION('',(0.,-0.707106781187,0.707106781187));
#7996 = DIRECTION('',(0.,0.707106781187,0.707106781187));
#7997 = PCURVE('',#3803,#7998);
#7998 = DEFINITIONAL_REPRESENTATION('',(#7999),#8003);
#7999 = LINE('',#8000,#8001);
#8000 = CARTESIAN_POINT('',(-6.28318530718,1.));
#8001 = VECTOR('',#8002,1.);
#8002 = DIRECTION('',(1.,-0.));
#8003 = ( GEOMETRIC_REPRESENTATION_CONTEXT(2) 
PARAMETRIC_REPRESENTATION_CONTEXT() REPRESENTATION_CONTEXT('2D SPACE',''
  ) );
#8004 = PCURVE('',#8005,#8010);
#8005 = SPHERICAL_SURFACE('',#8006,1.);
#8006 = AXIS2_PLACEMENT_3D('',#8007,#8008,#8009);
#8007 = CARTESIAN_POINT('',(179.,35.001785668734,-34.29467888754));
#8008 = DIRECTION('',(-1.,-0.,0.));
#8009 = DIRECTION('',(0.,0.707106781187,-0.707106781187));
#8010 = DEFINITIONAL_REPRESENTATION('',(#8011),#8015);
#8011 = LINE('',#8012,#8013);
#8012 = CARTESIAN_POINT('',(-1.570796326795,-6.28318530718));
#8013 = VECTOR('',#8014,1.);
#8014 = DIRECTION('',(-0.,1.));
#8015 = ( GEOMETRIC_REPRESENTATION_CONTEXT(2) 
PARAMETRIC_REPRESENTATION_CONTEXT() REPRESENTATION_CONTEXT('2D SPACE',''
  ) );
#8016 = ORIENTED_EDGE('',*,*,#6056,.T.);
#8017 = ORIENTED_EDGE('',*,*,#3753,.F.);
#8018 = ORIENTED_EDGE('',*,*,#7966,.F.);
#8019 = ADVANCED_FACE('',(#8020),#3700,.T.);
#8020 = FACE_BOUND('',#8021,.F.);
#8021 = EDGE_LOOP('',(#8022,#8051,#8072,#8073));
#8022 = ORIENTED_EDGE('',*,*,#8023,.F.);
#8023 = EDGE_CURVE('',#8024,#5786,#8026,.T.);
#8024 = VERTEX_POINT('',#8025);
#8025 = CARTESIAN_POINT('',(179.,35.708892449921,33.587572106361));
#8026 = SURFACE_CURVE('',#8027,(#8032,#8039),.PCURVE_S1.);
#8027 = CIRCLE('',#8028,1.);
#8028 = AXIS2_PLACEMENT_3D('',#8029,#8030,#8031);
#8029 = CARTESIAN_POINT('',(179.,35.001785668734,34.294678887548));
#8030 = DIRECTION('',(6.123233995737E-17,-0.707106781187,-0.707106781187
    ));
#8031 = DIRECTION('',(1.,4.329780281177E-17,4.329780281177E-17));
#8032 = PCURVE('',#3700,#8033);
#8033 = DEFINITIONAL_REPRESENTATION('',(#8034),#8038);
#8034 = LINE('',#8035,#8036);
#8035 = CARTESIAN_POINT('',(-6.28318530718,1.));
#8036 = VECTOR('',#8037,1.);
#8037 = DIRECTION('',(1.,-0.));
#8038 = ( GEOMETRIC_REPRESENTATION_CONTEXT(2) 
PARAMETRIC_REPRESENTATION_CONTEXT() REPRESENTATION_CONTEXT('2D SPACE',''
  ) );
#8039 = PCURVE('',#8040,#8045);
#8040 = SPHERICAL_SURFACE('',#8041,1.);
#8041 = AXIS2_PLACEMENT_3D('',#8042,#8043,#8044);
#8042 = CARTESIAN_POINT('',(179.,35.001785668734,34.294678887548));
#8043 = DIRECTION('',(0.,-0.707106781187,0.707106781187));
#8044 = DIRECTION('',(0.,0.707106781187,0.707106781187));
#8045 = DEFINITIONAL_REPRESENTATION('',(#8046),#8050);
#8046 = LINE('',#8047,#8048);
#8047 = CARTESIAN_POINT('',(-1.570796326795,-6.28318530718));
#8048 = VECTOR('',#8049,1.);
#8049 = DIRECTION('',(-0.,1.));
#8050 = ( GEOMETRIC_REPRESENTATION_CONTEXT(2) 
PARAMETRIC_REPRESENTATION_CONTEXT() REPRESENTATION_CONTEXT('2D SPACE',''
  ) );
#8051 = ORIENTED_EDGE('',*,*,#8052,.T.);
#8052 = EDGE_CURVE('',#8024,#3618,#8053,.T.);
#8053 = SURFACE_CURVE('',#8054,(#8058,#8065),.PCURVE_S1.);
#8054 = LINE('',#8055,#8056);
#8055 = CARTESIAN_POINT('',(179.,36.415999231107,34.294678887548));
#8056 = VECTOR('',#8057,1.);
#8057 = DIRECTION('',(0.,-0.707106781187,-0.707106781187));
#8058 = PCURVE('',#3700,#8059);
#8059 = DEFINITIONAL_REPRESENTATION('',(#8060),#8064);
#8060 = LINE('',#8061,#8062);
#8061 = CARTESIAN_POINT('',(-1.570796326795,0.));
#8062 = VECTOR('',#8063,1.);
#8063 = DIRECTION('',(-0.,1.));
#8064 = ( GEOMETRIC_REPRESENTATION_CONTEXT(2) 
PARAMETRIC_REPRESENTATION_CONTEXT() REPRESENTATION_CONTEXT('2D SPACE',''
  ) );
#8065 = PCURVE('',#3638,#8066);
#8066 = DEFINITIONAL_REPRESENTATION('',(#8067),#8071);
#8067 = LINE('',#8068,#8069);
#8068 = CARTESIAN_POINT('',(-16.41519943581,18.707728477981));
#8069 = VECTOR('',#8070,1.);
#8070 = DIRECTION('',(-0.,-1.));
#8071 = ( GEOMETRIC_REPRESENTATION_CONTEXT(2) 
PARAMETRIC_REPRESENTATION_CONTEXT() REPRESENTATION_CONTEXT('2D SPACE',''
  ) );
#8072 = ORIENTED_EDGE('',*,*,#3650,.F.);
#8073 = ORIENTED_EDGE('',*,*,#5785,.F.);
#8074 = ADVANCED_FACE('',(#8075),#3638,.T.);
#8075 = FACE_BOUND('',#8076,.T.);
#8076 = EDGE_LOOP('',(#8077,#8078,#8079,#8105));
#8077 = ORIENTED_EDGE('',*,*,#3617,.T.);
#8078 = ORIENTED_EDGE('',*,*,#7615,.T.);
#8079 = ORIENTED_EDGE('',*,*,#8080,.T.);
#8080 = EDGE_CURVE('',#7616,#8024,#8081,.T.);
#8081 = SURFACE_CURVE('',#8082,(#8086,#8093),.PCURVE_S1.);
#8082 = LINE('',#8083,#8084);
#8083 = CARTESIAN_POINT('',(160.,35.708892449921,33.587572106361));
#8084 = VECTOR('',#8085,1.);
#8085 = DIRECTION('',(1.,0.,0.));
#8086 = PCURVE('',#3638,#8087);
#8087 = DEFINITIONAL_REPRESENTATION('',(#8088),#8092);
#8088 = LINE('',#8089,#8090);
#8089 = CARTESIAN_POINT('',(2.584800564187,17.707728477981));
#8090 = VECTOR('',#8091,1.);
#8091 = DIRECTION('',(-1.,0.));
#8092 = ( GEOMETRIC_REPRESENTATION_CONTEXT(2) 
PARAMETRIC_REPRESENTATION_CONTEXT() REPRESENTATION_CONTEXT('2D SPACE',''
  ) );
#8093 = PCURVE('',#8094,#8099);
#8094 = CYLINDRICAL_SURFACE('',#8095,1.);
#8095 = AXIS2_PLACEMENT_3D('',#8096,#8097,#8098);
#8096 = CARTESIAN_POINT('',(160.,35.001785668734,34.294678887548));
#8097 = DIRECTION('',(1.,0.,0.));
#8098 = DIRECTION('',(0.,0.707106781187,0.707106781187));
#8099 = DEFINITIONAL_REPRESENTATION('',(#8100),#8104);
#8100 = LINE('',#8101,#8102);
#8101 = CARTESIAN_POINT('',(-1.570796326795,0.));
#8102 = VECTOR('',#8103,1.);
#8103 = DIRECTION('',(-0.,1.));
#8104 = ( GEOMETRIC_REPRESENTATION_CONTEXT(2) 
PARAMETRIC_REPRESENTATION_CONTEXT() REPRESENTATION_CONTEXT('2D SPACE',''
  ) );
#8105 = ORIENTED_EDGE('',*,*,#8052,.T.);
#8106 = ADVANCED_FACE('',(#8107),#4429,.F.);
#8107 = FACE_BOUND('',#8108,.F.);
#8108 = EDGE_LOOP('',(#8109,#8110,#8111,#8139));
#8109 = ORIENTED_EDGE('',*,*,#4408,.T.);
#8110 = ORIENTED_EDGE('',*,*,#7226,.T.);
#8111 = ORIENTED_EDGE('',*,*,#8112,.T.);
#8112 = EDGE_CURVE('',#7227,#8113,#8115,.T.);
#8113 = VERTEX_POINT('',#8114);
#8114 = CARTESIAN_POINT('',(179.,-33.58757210636,-35.70889244992));
#8115 = SURFACE_CURVE('',#8116,(#8120,#8127),.PCURVE_S1.);
#8116 = LINE('',#8117,#8118);
#8117 = CARTESIAN_POINT('',(160.,-33.58757210636,-35.70889244992));
#8118 = VECTOR('',#8119,1.);
#8119 = DIRECTION('',(1.,0.,0.));
#8120 = PCURVE('',#4429,#8121);
#8121 = DEFINITIONAL_REPRESENTATION('',(#8122),#8126);
#8122 = LINE('',#8123,#8124);
#8123 = CARTESIAN_POINT('',(2.584800564187,17.707728477981));
#8124 = VECTOR('',#8125,1.);
#8125 = DIRECTION('',(-1.,0.));
#8126 = ( GEOMETRIC_REPRESENTATION_CONTEXT(2) 
PARAMETRIC_REPRESENTATION_CONTEXT() REPRESENTATION_CONTEXT('2D SPACE',''
  ) );
#8127 = PCURVE('',#8128,#8133);
#8128 = CYLINDRICAL_SURFACE('',#8129,1.);
#8129 = AXIS2_PLACEMENT_3D('',#8130,#8131,#8132);
#8130 = CARTESIAN_POINT('',(160.,-34.29467888754,-35.00178566873));
#8131 = DIRECTION('',(1.,0.,0.));
#8132 = DIRECTION('',(0.,-0.707106781187,-0.707106781187));
#8133 = DEFINITIONAL_REPRESENTATION('',(#8134),#8138);
#8134 = LINE('',#8135,#8136);
#8135 = CARTESIAN_POINT('',(1.570796326795,0.));
#8136 = VECTOR('',#8137,1.);
#8137 = DIRECTION('',(0.,1.));
#8138 = ( GEOMETRIC_REPRESENTATION_CONTEXT(2) 
PARAMETRIC_REPRESENTATION_CONTEXT() REPRESENTATION_CONTEXT('2D SPACE',''
  ) );
#8139 = ORIENTED_EDGE('',*,*,#8140,.T.);
#8140 = EDGE_CURVE('',#8113,#4330,#8141,.T.);
#8141 = SURFACE_CURVE('',#8142,(#8146,#8153),.PCURVE_S1.);
#8142 = LINE('',#8143,#8144);
#8143 = CARTESIAN_POINT('',(179.,-34.29467888754,-36.4159992311));
#8144 = VECTOR('',#8145,1.);
#8145 = DIRECTION('',(0.,0.707106781187,0.707106781187));
#8146 = PCURVE('',#4429,#8147);
#8147 = DEFINITIONAL_REPRESENTATION('',(#8148),#8152);
#8148 = LINE('',#8149,#8150);
#8149 = CARTESIAN_POINT('',(-16.41519943581,18.707728477981));
#8150 = VECTOR('',#8151,1.);
#8151 = DIRECTION('',(0.,-1.));
#8152 = ( GEOMETRIC_REPRESENTATION_CONTEXT(2) 
PARAMETRIC_REPRESENTATION_CONTEXT() REPRESENTATION_CONTEXT('2D SPACE',''
  ) );
#8153 = PCURVE('',#4379,#8154);
#8154 = DEFINITIONAL_REPRESENTATION('',(#8155),#8159);
#8155 = LINE('',#8156,#8157);
#8156 = CARTESIAN_POINT('',(-0.,0.));
#8157 = VECTOR('',#8158,1.);
#8158 = DIRECTION('',(-0.,1.));
#8159 = ( GEOMETRIC_REPRESENTATION_CONTEXT(2) 
PARAMETRIC_REPRESENTATION_CONTEXT() REPRESENTATION_CONTEXT('2D SPACE',''
  ) );
#8160 = ADVANCED_FACE('',(#8161),#4379,.T.);
#8161 = FACE_BOUND('',#8162,.F.);
#8162 = EDGE_LOOP('',(#8163,#8190,#8191,#8192));
#8163 = ORIENTED_EDGE('',*,*,#8164,.F.);
#8164 = EDGE_CURVE('',#5956,#8113,#8165,.T.);
#8165 = SURFACE_CURVE('',#8166,(#8171,#8178),.PCURVE_S1.);
#8166 = CIRCLE('',#8167,1.);
#8167 = AXIS2_PLACEMENT_3D('',#8168,#8169,#8170);
#8168 = CARTESIAN_POINT('',(179.,-34.29467888754,-35.00178566873));
#8169 = DIRECTION('',(0.,0.707106781187,0.707106781187));
#8170 = DIRECTION('',(0.,0.707106781187,-0.707106781187));
#8171 = PCURVE('',#4379,#8172);
#8172 = DEFINITIONAL_REPRESENTATION('',(#8173),#8177);
#8173 = LINE('',#8174,#8175);
#8174 = CARTESIAN_POINT('',(-6.28318530718,1.));
#8175 = VECTOR('',#8176,1.);
#8176 = DIRECTION('',(1.,-0.));
#8177 = ( GEOMETRIC_REPRESENTATION_CONTEXT(2) 
PARAMETRIC_REPRESENTATION_CONTEXT() REPRESENTATION_CONTEXT('2D SPACE',''
  ) );
#8178 = PCURVE('',#8179,#8184);
#8179 = SPHERICAL_SURFACE('',#8180,1.);
#8180 = AXIS2_PLACEMENT_3D('',#8181,#8182,#8183);
#8181 = CARTESIAN_POINT('',(179.,-34.29467888754,-35.00178566873));
#8182 = DIRECTION('',(-1.,0.,0.));
#8183 = DIRECTION('',(0.,-0.707106781187,-0.707106781187));
#8184 = DEFINITIONAL_REPRESENTATION('',(#8185),#8189);
#8185 = LINE('',#8186,#8187);
#8186 = CARTESIAN_POINT('',(-1.570796326795,-6.28318530718));
#8187 = VECTOR('',#8188,1.);
#8188 = DIRECTION('',(-0.,1.));
#8189 = ( GEOMETRIC_REPRESENTATION_CONTEXT(2) 
PARAMETRIC_REPRESENTATION_CONTEXT() REPRESENTATION_CONTEXT('2D SPACE',''
  ) );
#8190 = ORIENTED_EDGE('',*,*,#5983,.T.);
#8191 = ORIENTED_EDGE('',*,*,#4329,.F.);
#8192 = ORIENTED_EDGE('',*,*,#8140,.F.);
#8193 = ADVANCED_FACE('',(#8194),#4276,.T.);
#8194 = FACE_BOUND('',#8195,.F.);
#8195 = EDGE_LOOP('',(#8196,#8225,#8246,#8247));
#8196 = ORIENTED_EDGE('',*,*,#8197,.F.);
#8197 = EDGE_CURVE('',#8198,#6006,#8200,.T.);
#8198 = VERTEX_POINT('',#8199);
#8199 = CARTESIAN_POINT('',(179.,33.587572106361,-35.70889244992));
#8200 = SURFACE_CURVE('',#8201,(#8206,#8213),.PCURVE_S1.);
#8201 = CIRCLE('',#8202,1.);
#8202 = AXIS2_PLACEMENT_3D('',#8203,#8204,#8205);
#8203 = CARTESIAN_POINT('',(179.,34.294678887548,-35.00178566873));
#8204 = DIRECTION('',(6.123233995737E-17,-0.707106781187,0.707106781187)
  );
#8205 = DIRECTION('',(1.,4.329780281177E-17,-4.329780281177E-17));
#8206 = PCURVE('',#4276,#8207);
#8207 = DEFINITIONAL_REPRESENTATION('',(#8208),#8212);
#8208 = LINE('',#8209,#8210);
#8209 = CARTESIAN_POINT('',(-6.28318530718,1.));
#8210 = VECTOR('',#8211,1.);
#8211 = DIRECTION('',(1.,-0.));
#8212 = ( GEOMETRIC_REPRESENTATION_CONTEXT(2) 
PARAMETRIC_REPRESENTATION_CONTEXT() REPRESENTATION_CONTEXT('2D SPACE',''
  ) );
#8213 = PCURVE('',#8214,#8219);
#8214 = SPHERICAL_SURFACE('',#8215,1.);
#8215 = AXIS2_PLACEMENT_3D('',#8216,#8217,#8218);
#8216 = CARTESIAN_POINT('',(179.,34.294678887548,-35.00178566873));
#8217 = DIRECTION('',(0.,0.707106781187,0.707106781187));
#8218 = DIRECTION('',(0.,0.707106781187,-0.707106781187));
#8219 = DEFINITIONAL_REPRESENTATION('',(#8220),#8224);
#8220 = LINE('',#8221,#8222);
#8221 = CARTESIAN_POINT('',(-1.570796326795,-6.28318530718));
#8222 = VECTOR('',#8223,1.);
#8223 = DIRECTION('',(-0.,1.));
#8224 = ( GEOMETRIC_REPRESENTATION_CONTEXT(2) 
PARAMETRIC_REPRESENTATION_CONTEXT() REPRESENTATION_CONTEXT('2D SPACE',''
  ) );
#8225 = ORIENTED_EDGE('',*,*,#8226,.T.);
#8226 = EDGE_CURVE('',#8198,#4194,#8227,.T.);
#8227 = SURFACE_CURVE('',#8228,(#8232,#8239),.PCURVE_S1.);
#8228 = LINE('',#8229,#8230);
#8229 = CARTESIAN_POINT('',(179.,34.294678887548,-36.4159992311));
#8230 = VECTOR('',#8231,1.);
#8231 = DIRECTION('',(0.,-0.707106781187,0.707106781187));
#8232 = PCURVE('',#4276,#8233);
#8233 = DEFINITIONAL_REPRESENTATION('',(#8234),#8238);
#8234 = LINE('',#8235,#8236);
#8235 = CARTESIAN_POINT('',(-1.570796326795,0.));
#8236 = VECTOR('',#8237,1.);
#8237 = DIRECTION('',(-0.,1.));
#8238 = ( GEOMETRIC_REPRESENTATION_CONTEXT(2) 
PARAMETRIC_REPRESENTATION_CONTEXT() REPRESENTATION_CONTEXT('2D SPACE',''
  ) );
#8239 = PCURVE('',#4214,#8240);
#8240 = DEFINITIONAL_REPRESENTATION('',(#8241),#8245);
#8241 = LINE('',#8242,#8243);
#8242 = CARTESIAN_POINT('',(-16.41519943581,18.707728477981));
#8243 = VECTOR('',#8244,1.);
#8244 = DIRECTION('',(0.,-1.));
#8245 = ( GEOMETRIC_REPRESENTATION_CONTEXT(2) 
PARAMETRIC_REPRESENTATION_CONTEXT() REPRESENTATION_CONTEXT('2D SPACE',''
  ) );
#8246 = ORIENTED_EDGE('',*,*,#4226,.F.);
#8247 = ORIENTED_EDGE('',*,*,#6005,.F.);
#8248 = ADVANCED_FACE('',(#8249),#4214,.T.);
#8249 = FACE_BOUND('',#8250,.T.);
#8250 = EDGE_LOOP('',(#8251,#8252,#8253,#8279));
#8251 = ORIENTED_EDGE('',*,*,#4193,.T.);
#8252 = ORIENTED_EDGE('',*,*,#7327,.T.);
#8253 = ORIENTED_EDGE('',*,*,#8254,.T.);
#8254 = EDGE_CURVE('',#7328,#8198,#8255,.T.);
#8255 = SURFACE_CURVE('',#8256,(#8260,#8267),.PCURVE_S1.);
#8256 = LINE('',#8257,#8258);
#8257 = CARTESIAN_POINT('',(160.,33.587572106361,-35.70889244992));
#8258 = VECTOR('',#8259,1.);
#8259 = DIRECTION('',(1.,0.,0.));
#8260 = PCURVE('',#4214,#8261);
#8261 = DEFINITIONAL_REPRESENTATION('',(#8262),#8266);
#8262 = LINE('',#8263,#8264);
#8263 = CARTESIAN_POINT('',(2.584800564187,17.707728477981));
#8264 = VECTOR('',#8265,1.);
#8265 = DIRECTION('',(-1.,0.));
#8266 = ( GEOMETRIC_REPRESENTATION_CONTEXT(2) 
PARAMETRIC_REPRESENTATION_CONTEXT() REPRESENTATION_CONTEXT('2D SPACE',''
  ) );
#8267 = PCURVE('',#8268,#8273);
#8268 = CYLINDRICAL_SURFACE('',#8269,1.);
#8269 = AXIS2_PLACEMENT_3D('',#8270,#8271,#8272);
#8270 = CARTESIAN_POINT('',(160.,34.294678887548,-35.00178566873));
#8271 = DIRECTION('',(1.,0.,0.));
#8272 = DIRECTION('',(0.,0.707106781187,-0.707106781187));
#8273 = DEFINITIONAL_REPRESENTATION('',(#8274),#8278);
#8274 = LINE('',#8275,#8276);
#8275 = CARTESIAN_POINT('',(-1.570796326795,0.));
#8276 = VECTOR('',#8277,1.);
#8277 = DIRECTION('',(-0.,1.));
#8278 = ( GEOMETRIC_REPRESENTATION_CONTEXT(2) 
PARAMETRIC_REPRESENTATION_CONTEXT() REPRESENTATION_CONTEXT('2D SPACE',''
  ) );
#8279 = ORIENTED_EDGE('',*,*,#8226,.T.);
#8280 = ADVANCED_FACE('',(#8281),#5602,.T.);
#8281 = FACE_BOUND('',#8282,.T.);
#8282 = EDGE_LOOP('',(#8283,#8305,#8306,#8328));
#8283 = ORIENTED_EDGE('',*,*,#8284,.F.);
#8284 = EDGE_CURVE('',#5565,#5660,#8285,.T.);
#8285 = SURFACE_CURVE('',#8286,(#8291,#8298),.PCURVE_S1.);
#8286 = CIRCLE('',#8287,5.);
#8287 = AXIS2_PLACEMENT_3D('',#8288,#8289,#8290);
#8288 = CARTESIAN_POINT('',(175.,1.5,-17.));
#8289 = DIRECTION('',(0.,1.,0.));
#8290 = DIRECTION('',(0.,-0.,1.));
#8291 = PCURVE('',#5602,#8292);
#8292 = DEFINITIONAL_REPRESENTATION('',(#8293),#8297);
#8293 = LINE('',#8294,#8295);
#8294 = CARTESIAN_POINT('',(0.,3.));
#8295 = VECTOR('',#8296,1.);
#8296 = DIRECTION('',(1.,0.));
#8297 = ( GEOMETRIC_REPRESENTATION_CONTEXT(2) 
PARAMETRIC_REPRESENTATION_CONTEXT() REPRESENTATION_CONTEXT('2D SPACE',''
  ) );
#8298 = PCURVE('',#5643,#8299);
#8299 = DEFINITIONAL_REPRESENTATION('',(#8300),#8304);
#8300 = CIRCLE('',#8301,5.);
#8301 = AXIS2_PLACEMENT_2D('',#8302,#8303);
#8302 = CARTESIAN_POINT('',(0.,0.));
#8303 = DIRECTION('',(1.,0.));
#8304 = ( GEOMETRIC_REPRESENTATION_CONTEXT(2) 
PARAMETRIC_REPRESENTATION_CONTEXT() REPRESENTATION_CONTEXT('2D SPACE',''
  ) );
#8305 = ORIENTED_EDGE('',*,*,#5564,.T.);
#8306 = ORIENTED_EDGE('',*,*,#8307,.T.);
#8307 = EDGE_CURVE('',#5533,#5658,#8308,.T.);
#8308 = SURFACE_CURVE('',#8309,(#8314,#8321),.PCURVE_S1.);
#8309 = CIRCLE('',#8310,5.);
#8310 = AXIS2_PLACEMENT_3D('',#8311,#8312,#8313);
#8311 = CARTESIAN_POINT('',(175.,-1.5,-17.));
#8312 = DIRECTION('',(0.,1.,0.));
#8313 = DIRECTION('',(0.,-0.,1.));
#8314 = PCURVE('',#5602,#8315);
#8315 = DEFINITIONAL_REPRESENTATION('',(#8316),#8320);
#8316 = LINE('',#8317,#8318);
#8317 = CARTESIAN_POINT('',(0.,0.));
#8318 = VECTOR('',#8319,1.);
#8319 = DIRECTION('',(1.,0.));
#8320 = ( GEOMETRIC_REPRESENTATION_CONTEXT(2) 
PARAMETRIC_REPRESENTATION_CONTEXT() REPRESENTATION_CONTEXT('2D SPACE',''
  ) );
#8321 = PCURVE('',#5552,#8322);
#8322 = DEFINITIONAL_REPRESENTATION('',(#8323),#8327);
#8323 = CIRCLE('',#8324,5.);
#8324 = AXIS2_PLACEMENT_2D('',#8325,#8326);
#8325 = CARTESIAN_POINT('',(0.,0.));
#8326 = DIRECTION('',(1.,0.));
#8327 = ( GEOMETRIC_REPRESENTATION_CONTEXT(2) 
PARAMETRIC_REPRESENTATION_CONTEXT() REPRESENTATION_CONTEXT('2D SPACE',''
  ) );
#8328 = ORIENTED_EDGE('',*,*,#5657,.T.);
#8329 = ADVANCED_FACE('',(#8330),#5552,.F.);
#8330 = FACE_BOUND('',#8331,.F.);
#8331 = EDGE_LOOP('',(#8332,#8333,#8334,#8335));
#8332 = ORIENTED_EDGE('',*,*,#5532,.T.);
#8333 = ORIENTED_EDGE('',*,*,#8307,.T.);
#8334 = ORIENTED_EDGE('',*,*,#5694,.T.);
#8335 = ORIENTED_EDGE('',*,*,#8336,.F.);
#8336 = EDGE_CURVE('',#5472,#5695,#8337,.T.);
#8337 = SURFACE_CURVE('',#8338,(#8343,#8350),.PCURVE_S1.);
#8338 = CIRCLE('',#8339,3.);
#8339 = AXIS2_PLACEMENT_3D('',#8340,#8341,#8342);
#8340 = CARTESIAN_POINT('',(175.,-1.5,-17.));
#8341 = DIRECTION('',(0.,1.,0.));
#8342 = DIRECTION('',(0.,-0.,1.));
#8343 = PCURVE('',#5552,#8344);
#8344 = DEFINITIONAL_REPRESENTATION('',(#8345),#8349);
#8345 = CIRCLE('',#8346,3.);
#8346 = AXIS2_PLACEMENT_2D('',#8347,#8348);
#8347 = CARTESIAN_POINT('',(0.,0.));
#8348 = DIRECTION('',(1.,0.));
#8349 = ( GEOMETRIC_REPRESENTATION_CONTEXT(2) 
PARAMETRIC_REPRESENTATION_CONTEXT() REPRESENTATION_CONTEXT('2D SPACE',''
  ) );
#8350 = PCURVE('',#5509,#8351);
#8351 = DEFINITIONAL_REPRESENTATION('',(#8352),#8356);
#8352 = LINE('',#8353,#8354);
#8353 = CARTESIAN_POINT('',(0.,0.));
#8354 = VECTOR('',#8355,1.);
#8355 = DIRECTION('',(1.,0.));
#8356 = ( GEOMETRIC_REPRESENTATION_CONTEXT(2) 
PARAMETRIC_REPRESENTATION_CONTEXT() REPRESENTATION_CONTEXT('2D SPACE',''
  ) );
#8357 = ADVANCED_FACE('',(#8358),#5643,.T.);
#8358 = FACE_BOUND('',#8359,.T.);
#8359 = EDGE_LOOP('',(#8360,#8361,#8362,#8363));
#8360 = ORIENTED_EDGE('',*,*,#5625,.T.);
#8361 = ORIENTED_EDGE('',*,*,#8284,.T.);
#8362 = ORIENTED_EDGE('',*,*,#5756,.T.);
#8363 = ORIENTED_EDGE('',*,*,#8364,.F.);
#8364 = EDGE_CURVE('',#5470,#5722,#8365,.T.);
#8365 = SURFACE_CURVE('',#8366,(#8371,#8378),.PCURVE_S1.);
#8366 = CIRCLE('',#8367,3.);
#8367 = AXIS2_PLACEMENT_3D('',#8368,#8369,#8370);
#8368 = CARTESIAN_POINT('',(175.,1.5,-17.));
#8369 = DIRECTION('',(0.,1.,0.));
#8370 = DIRECTION('',(0.,-0.,1.));
#8371 = PCURVE('',#5643,#8372);
#8372 = DEFINITIONAL_REPRESENTATION('',(#8373),#8377);
#8373 = CIRCLE('',#8374,3.);
#8374 = AXIS2_PLACEMENT_2D('',#8375,#8376);
#8375 = CARTESIAN_POINT('',(0.,0.));
#8376 = DIRECTION('',(1.,0.));
#8377 = ( GEOMETRIC_REPRESENTATION_CONTEXT(2) 
PARAMETRIC_REPRESENTATION_CONTEXT() REPRESENTATION_CONTEXT('2D SPACE',''
  ) );
#8378 = PCURVE('',#5509,#8379);
#8379 = DEFINITIONAL_REPRESENTATION('',(#8380),#8384);
#8380 = LINE('',#8381,#8382);
#8381 = CARTESIAN_POINT('',(0.,3.));
#8382 = VECTOR('',#8383,1.);
#8383 = DIRECTION('',(1.,0.));
#8384 = ( GEOMETRIC_REPRESENTATION_CONTEXT(2) 
PARAMETRIC_REPRESENTATION_CONTEXT() REPRESENTATION_CONTEXT('2D SPACE',''
  ) );
#8385 = ADVANCED_FACE('',(#8386),#5509,.F.);
#8386 = FACE_BOUND('',#8387,.F.);
#8387 = EDGE_LOOP('',(#8388,#8389,#8390,#8391));
#8388 = ORIENTED_EDGE('',*,*,#8364,.F.);
#8389 = ORIENTED_EDGE('',*,*,#5469,.T.);
#8390 = ORIENTED_EDGE('',*,*,#8336,.T.);
#8391 = ORIENTED_EDGE('',*,*,#5721,.T.);
#8392 = ADVANCED_FACE('',(#8393),#5017,.F.);
#8393 = FACE_BOUND('',#8394,.F.);
#8394 = EDGE_LOOP('',(#8395,#8396,#8397,#8425));
#8395 = ORIENTED_EDGE('',*,*,#4996,.T.);
#8396 = ORIENTED_EDGE('',*,*,#6960,.T.);
#8397 = ORIENTED_EDGE('',*,*,#8398,.T.);
#8398 = EDGE_CURVE('',#6961,#8399,#8401,.T.);
#8399 = VERTEX_POINT('',#8400);
#8400 = CARTESIAN_POINT('',(179.,-35.70889244992,33.587572106361));
#8401 = SURFACE_CURVE('',#8402,(#8406,#8413),.PCURVE_S1.);
#8402 = LINE('',#8403,#8404);
#8403 = CARTESIAN_POINT('',(160.,-35.70889244992,33.587572106361));
#8404 = VECTOR('',#8405,1.);
#8405 = DIRECTION('',(1.,0.,0.));
#8406 = PCURVE('',#5017,#8407);
#8407 = DEFINITIONAL_REPRESENTATION('',(#8408),#8412);
#8408 = LINE('',#8409,#8410);
#8409 = CARTESIAN_POINT('',(2.584800564187,17.707728477981));
#8410 = VECTOR('',#8411,1.);
#8411 = DIRECTION('',(-1.,0.));
#8412 = ( GEOMETRIC_REPRESENTATION_CONTEXT(2) 
PARAMETRIC_REPRESENTATION_CONTEXT() REPRESENTATION_CONTEXT('2D SPACE',''
  ) );
#8413 = PCURVE('',#8414,#8419);
#8414 = CYLINDRICAL_SURFACE('',#8415,1.);
#8415 = AXIS2_PLACEMENT_3D('',#8416,#8417,#8418);
#8416 = CARTESIAN_POINT('',(160.,-35.00178566873,34.294678887548));
#8417 = DIRECTION('',(1.,0.,0.));
#8418 = DIRECTION('',(0.,-0.707106781187,0.707106781187));
#8419 = DEFINITIONAL_REPRESENTATION('',(#8420),#8424);
#8420 = LINE('',#8421,#8422);
#8421 = CARTESIAN_POINT('',(1.570796326795,0.));
#8422 = VECTOR('',#8423,1.);
#8423 = DIRECTION('',(0.,1.));
#8424 = ( GEOMETRIC_REPRESENTATION_CONTEXT(2) 
PARAMETRIC_REPRESENTATION_CONTEXT() REPRESENTATION_CONTEXT('2D SPACE',''
  ) );
#8425 = ORIENTED_EDGE('',*,*,#8426,.T.);
#8426 = EDGE_CURVE('',#8399,#4918,#8427,.T.);
#8427 = SURFACE_CURVE('',#8428,(#8432,#8439),.PCURVE_S1.);
#8428 = LINE('',#8429,#8430);
#8429 = CARTESIAN_POINT('',(179.,-36.4159992311,34.294678887548));
#8430 = VECTOR('',#8431,1.);
#8431 = DIRECTION('',(0.,0.707106781187,-0.707106781187));
#8432 = PCURVE('',#5017,#8433);
#8433 = DEFINITIONAL_REPRESENTATION('',(#8434),#8438);
#8434 = LINE('',#8435,#8436);
#8435 = CARTESIAN_POINT('',(-16.41519943581,18.707728477981));
#8436 = VECTOR('',#8437,1.);
#8437 = DIRECTION('',(-0.,-1.));
#8438 = ( GEOMETRIC_REPRESENTATION_CONTEXT(2) 
PARAMETRIC_REPRESENTATION_CONTEXT() REPRESENTATION_CONTEXT('2D SPACE',''
  ) );
#8439 = PCURVE('',#4967,#8440);
#8440 = DEFINITIONAL_REPRESENTATION('',(#8441),#8445);
#8441 = LINE('',#8442,#8443);
#8442 = CARTESIAN_POINT('',(-0.,0.));
#8443 = VECTOR('',#8444,1.);
#8444 = DIRECTION('',(-0.,1.));
#8445 = ( GEOMETRIC_REPRESENTATION_CONTEXT(2) 
PARAMETRIC_REPRESENTATION_CONTEXT() REPRESENTATION_CONTEXT('2D SPACE',''
  ) );
#8446 = ADVANCED_FACE('',(#8447),#4967,.T.);
#8447 = FACE_BOUND('',#8448,.F.);
#8448 = EDGE_LOOP('',(#8449,#8476,#8477,#8478));
#8449 = ORIENTED_EDGE('',*,*,#8450,.F.);
#8450 = EDGE_CURVE('',#5883,#8399,#8451,.T.);
#8451 = SURFACE_CURVE('',#8452,(#8457,#8464),.PCURVE_S1.);
#8452 = CIRCLE('',#8453,1.);
#8453 = AXIS2_PLACEMENT_3D('',#8454,#8455,#8456);
#8454 = CARTESIAN_POINT('',(179.,-35.00178566873,34.294678887548));
#8455 = DIRECTION('',(-0.,0.707106781187,-0.707106781187));
#8456 = DIRECTION('',(0.,-0.707106781187,-0.707106781187));
#8457 = PCURVE('',#4967,#8458);
#8458 = DEFINITIONAL_REPRESENTATION('',(#8459),#8463);
#8459 = LINE('',#8460,#8461);
#8460 = CARTESIAN_POINT('',(-6.28318530718,1.));
#8461 = VECTOR('',#8462,1.);
#8462 = DIRECTION('',(1.,-0.));
#8463 = ( GEOMETRIC_REPRESENTATION_CONTEXT(2) 
PARAMETRIC_REPRESENTATION_CONTEXT() REPRESENTATION_CONTEXT('2D SPACE',''
  ) );
#8464 = PCURVE('',#8465,#8470);
#8465 = SPHERICAL_SURFACE('',#8466,1.);
#8466 = AXIS2_PLACEMENT_3D('',#8467,#8468,#8469);
#8467 = CARTESIAN_POINT('',(179.,-35.00178566873,34.294678887548));
#8468 = DIRECTION('',(-1.,0.,0.));
#8469 = DIRECTION('',(0.,-0.707106781187,0.707106781187));
#8470 = DEFINITIONAL_REPRESENTATION('',(#8471),#8475);
#8471 = LINE('',#8472,#8473);
#8472 = CARTESIAN_POINT('',(-1.570796326795,-6.28318530718));
#8473 = VECTOR('',#8474,1.);
#8474 = DIRECTION('',(-0.,1.));
#8475 = ( GEOMETRIC_REPRESENTATION_CONTEXT(2) 
PARAMETRIC_REPRESENTATION_CONTEXT() REPRESENTATION_CONTEXT('2D SPACE',''
  ) );
#8476 = ORIENTED_EDGE('',*,*,#5910,.T.);
#8477 = ORIENTED_EDGE('',*,*,#4917,.F.);
#8478 = ORIENTED_EDGE('',*,*,#8426,.F.);
#8479 = ADVANCED_FACE('',(#8480),#4864,.T.);
#8480 = FACE_BOUND('',#8481,.F.);
#8481 = EDGE_LOOP('',(#8482,#8511,#8532,#8533));
#8482 = ORIENTED_EDGE('',*,*,#8483,.F.);
#8483 = EDGE_CURVE('',#8484,#5933,#8486,.T.);
#8484 = VERTEX_POINT('',#8485);
#8485 = CARTESIAN_POINT('',(179.,-35.70889244992,-33.58757210636));
#8486 = SURFACE_CURVE('',#8487,(#8492,#8499),.PCURVE_S1.);
#8487 = CIRCLE('',#8488,1.);
#8488 = AXIS2_PLACEMENT_3D('',#8489,#8490,#8491);
#8489 = CARTESIAN_POINT('',(179.,-35.00178566873,-34.29467888754));
#8490 = DIRECTION('',(6.123233995737E-17,0.707106781187,0.707106781187)
  );
#8491 = DIRECTION('',(1.,-4.329780281177E-17,-4.329780281177E-17));
#8492 = PCURVE('',#4864,#8493);
#8493 = DEFINITIONAL_REPRESENTATION('',(#8494),#8498);
#8494 = LINE('',#8495,#8496);
#8495 = CARTESIAN_POINT('',(-6.28318530718,1.));
#8496 = VECTOR('',#8497,1.);
#8497 = DIRECTION('',(1.,-0.));
#8498 = ( GEOMETRIC_REPRESENTATION_CONTEXT(2) 
PARAMETRIC_REPRESENTATION_CONTEXT() REPRESENTATION_CONTEXT('2D SPACE',''
  ) );
#8499 = PCURVE('',#8500,#8505);
#8500 = SPHERICAL_SURFACE('',#8501,1.);
#8501 = AXIS2_PLACEMENT_3D('',#8502,#8503,#8504);
#8502 = CARTESIAN_POINT('',(179.,-35.00178566873,-34.29467888754));
#8503 = DIRECTION('',(0.,0.707106781187,-0.707106781187));
#8504 = DIRECTION('',(0.,-0.707106781187,-0.707106781187));
#8505 = DEFINITIONAL_REPRESENTATION('',(#8506),#8510);
#8506 = LINE('',#8507,#8508);
#8507 = CARTESIAN_POINT('',(-1.570796326795,-6.28318530718));
#8508 = VECTOR('',#8509,1.);
#8509 = DIRECTION('',(-0.,1.));
#8510 = ( GEOMETRIC_REPRESENTATION_CONTEXT(2) 
PARAMETRIC_REPRESENTATION_CONTEXT() REPRESENTATION_CONTEXT('2D SPACE',''
  ) );
#8511 = ORIENTED_EDGE('',*,*,#8512,.T.);
#8512 = EDGE_CURVE('',#8484,#4782,#8513,.T.);
#8513 = SURFACE_CURVE('',#8514,(#8518,#8525),.PCURVE_S1.);
#8514 = LINE('',#8515,#8516);
#8515 = CARTESIAN_POINT('',(179.,-36.4159992311,-34.29467888754));
#8516 = VECTOR('',#8517,1.);
#8517 = DIRECTION('',(0.,0.707106781187,0.707106781187));
#8518 = PCURVE('',#4864,#8519);
#8519 = DEFINITIONAL_REPRESENTATION('',(#8520),#8524);
#8520 = LINE('',#8521,#8522);
#8521 = CARTESIAN_POINT('',(-1.570796326795,0.));
#8522 = VECTOR('',#8523,1.);
#8523 = DIRECTION('',(-0.,1.));
#8524 = ( GEOMETRIC_REPRESENTATION_CONTEXT(2) 
PARAMETRIC_REPRESENTATION_CONTEXT() REPRESENTATION_CONTEXT('2D SPACE',''
  ) );
#8525 = PCURVE('',#4802,#8526);
#8526 = DEFINITIONAL_REPRESENTATION('',(#8527),#8531);
#8527 = LINE('',#8528,#8529);
#8528 = CARTESIAN_POINT('',(-16.41519943581,18.707728477981));
#8529 = VECTOR('',#8530,1.);
#8530 = DIRECTION('',(0.,-1.));
#8531 = ( GEOMETRIC_REPRESENTATION_CONTEXT(2) 
PARAMETRIC_REPRESENTATION_CONTEXT() REPRESENTATION_CONTEXT('2D SPACE',''
  ) );
#8532 = ORIENTED_EDGE('',*,*,#4814,.F.);
#8533 = ORIENTED_EDGE('',*,*,#5932,.F.);
#8534 = ADVANCED_FACE('',(#8535),#4802,.T.);
#8535 = FACE_BOUND('',#8536,.T.);
#8536 = EDGE_LOOP('',(#8537,#8538,#8539,#8565));
#8537 = ORIENTED_EDGE('',*,*,#4781,.T.);
#8538 = ORIENTED_EDGE('',*,*,#7039,.T.);
#8539 = ORIENTED_EDGE('',*,*,#8540,.T.);
#8540 = EDGE_CURVE('',#7040,#8484,#8541,.T.);
#8541 = SURFACE_CURVE('',#8542,(#8546,#8553),.PCURVE_S1.);
#8542 = LINE('',#8543,#8544);
#8543 = CARTESIAN_POINT('',(160.,-35.70889244992,-33.58757210636));
#8544 = VECTOR('',#8545,1.);
#8545 = DIRECTION('',(1.,0.,0.));
#8546 = PCURVE('',#4802,#8547);
#8547 = DEFINITIONAL_REPRESENTATION('',(#8548),#8552);
#8548 = LINE('',#8549,#8550);
#8549 = CARTESIAN_POINT('',(2.584800564187,17.707728477981));
#8550 = VECTOR('',#8551,1.);
#8551 = DIRECTION('',(-1.,0.));
#8552 = ( GEOMETRIC_REPRESENTATION_CONTEXT(2) 
PARAMETRIC_REPRESENTATION_CONTEXT() REPRESENTATION_CONTEXT('2D SPACE',''
  ) );
#8553 = PCURVE('',#8554,#8559);
#8554 = CYLINDRICAL_SURFACE('',#8555,1.);
#8555 = AXIS2_PLACEMENT_3D('',#8556,#8557,#8558);
#8556 = CARTESIAN_POINT('',(160.,-35.00178566873,-34.29467888754));
#8557 = DIRECTION('',(1.,0.,0.));
#8558 = DIRECTION('',(0.,-0.707106781187,-0.707106781187));
#8559 = DEFINITIONAL_REPRESENTATION('',(#8560),#8564);
#8560 = LINE('',#8561,#8562);
#8561 = CARTESIAN_POINT('',(-1.570796326795,0.));
#8562 = VECTOR('',#8563,1.);
#8563 = DIRECTION('',(-0.,1.));
#8564 = ( GEOMETRIC_REPRESENTATION_CONTEXT(2) 
PARAMETRIC_REPRESENTATION_CONTEXT() REPRESENTATION_CONTEXT('2D SPACE',''
  ) );
#8565 = ORIENTED_EDGE('',*,*,#8512,.T.);
#8566 = ADVANCED_FACE('',(#8567,#8700,#8703),#6567,.F.);
#8567 = FACE_BOUND('',#8568,.F.);
#8568 = EDGE_LOOP('',(#8569,#8600,#8624,#8650,#8676));
#8569 = ORIENTED_EDGE('',*,*,#8570,.T.);
#8570 = EDGE_CURVE('',#8571,#8573,#8575,.T.);
#8571 = VERTEX_POINT('',#8572);
#8572 = CARTESIAN_POINT('',(177.5,1.5,-12.90770603401));
#8573 = VERTEX_POINT('',#8574);
#8574 = CARTESIAN_POINT('',(177.5,3.182751952391E-15,12.994570984085));
#8575 = SURFACE_CURVE('',#8576,(#8581,#8588),.PCURVE_S1.);
#8576 = CIRCLE('',#8577,12.994570984085);
#8577 = AXIS2_PLACEMENT_3D('',#8578,#8579,#8580);
#8578 = CARTESIAN_POINT('',(177.5,0.,0.));
#8579 = DIRECTION('',(1.,0.,0.));
#8580 = DIRECTION('',(-0.,0.,1.));
#8581 = PCURVE('',#6567,#8582);
#8582 = DEFINITIONAL_REPRESENTATION('',(#8583),#8587);
#8583 = CIRCLE('',#8584,12.994570984085);
#8584 = AXIS2_PLACEMENT_2D('',#8585,#8586);
#8585 = CARTESIAN_POINT('',(0.,0.));
#8586 = DIRECTION('',(1.,0.));
#8587 = ( GEOMETRIC_REPRESENTATION_CONTEXT(2) 
PARAMETRIC_REPRESENTATION_CONTEXT() REPRESENTATION_CONTEXT('2D SPACE',''
  ) );
#8588 = PCURVE('',#8589,#8594);
#8589 = CONICAL_SURFACE('',#8590,22.43901542853,0.218668945874);
#8590 = AXIS2_PLACEMENT_3D('',#8591,#8592,#8593);
#8591 = CARTESIAN_POINT('',(135.,0.,0.));
#8592 = DIRECTION('',(-1.,-0.,-0.));
#8593 = DIRECTION('',(-0.,0.,1.));
#8594 = DEFINITIONAL_REPRESENTATION('',(#8595),#8599);
#8595 = LINE('',#8596,#8597);
#8596 = CARTESIAN_POINT('',(-0.,-42.5));
#8597 = VECTOR('',#8598,1.);
#8598 = DIRECTION('',(-1.,-0.));
#8599 = ( GEOMETRIC_REPRESENTATION_CONTEXT(2) 
PARAMETRIC_REPRESENTATION_CONTEXT() REPRESENTATION_CONTEXT('2D SPACE',''
  ) );
#8600 = ORIENTED_EDGE('',*,*,#8601,.T.);
#8601 = EDGE_CURVE('',#8573,#8602,#8604,.T.);
#8602 = VERTEX_POINT('',#8603);
#8603 = CARTESIAN_POINT('',(177.5,-1.5,-12.90770603401));
#8604 = SURFACE_CURVE('',#8605,(#8610,#8617),.PCURVE_S1.);
#8605 = CIRCLE('',#8606,12.994570984085);
#8606 = AXIS2_PLACEMENT_3D('',#8607,#8608,#8609);
#8607 = CARTESIAN_POINT('',(177.5,0.,0.));
#8608 = DIRECTION('',(1.,0.,0.));
#8609 = DIRECTION('',(-0.,0.,1.));
#8610 = PCURVE('',#6567,#8611);
#8611 = DEFINITIONAL_REPRESENTATION('',(#8612),#8616);
#8612 = CIRCLE('',#8613,12.994570984085);
#8613 = AXIS2_PLACEMENT_2D('',#8614,#8615);
#8614 = CARTESIAN_POINT('',(0.,0.));
#8615 = DIRECTION('',(1.,0.));
#8616 = ( GEOMETRIC_REPRESENTATION_CONTEXT(2) 
PARAMETRIC_REPRESENTATION_CONTEXT() REPRESENTATION_CONTEXT('2D SPACE',''
  ) );
#8617 = PCURVE('',#8589,#8618);
#8618 = DEFINITIONAL_REPRESENTATION('',(#8619),#8623);
#8619 = LINE('',#8620,#8621);
#8620 = CARTESIAN_POINT('',(-0.,-42.5));
#8621 = VECTOR('',#8622,1.);
#8622 = DIRECTION('',(-1.,-0.));
#8623 = ( GEOMETRIC_REPRESENTATION_CONTEXT(2) 
PARAMETRIC_REPRESENTATION_CONTEXT() REPRESENTATION_CONTEXT('2D SPACE',''
  ) );
#8624 = ORIENTED_EDGE('',*,*,#8625,.T.);
#8625 = EDGE_CURVE('',#8602,#8626,#8628,.T.);
#8626 = VERTEX_POINT('',#8627);
#8627 = CARTESIAN_POINT('',(177.5,-1.5,-12.66987298107));
#8628 = SURFACE_CURVE('',#8629,(#8633,#8639),.PCURVE_S1.);
#8629 = LINE('',#8630,#8631);
#8630 = CARTESIAN_POINT('',(177.5,-1.5,-8.5));
#8631 = VECTOR('',#8632,1.);
#8632 = DIRECTION('',(0.,0.,1.));
#8633 = PCURVE('',#6567,#8634);
#8634 = DEFINITIONAL_REPRESENTATION('',(#8635),#8638);
#8635 = B_SPLINE_CURVE_WITH_KNOTS('',1,(#8636,#8637),.UNSPECIFIED.,.F.,
  .F.,(2,2),(-4.494570984085,-3.5),.PIECEWISE_BEZIER_KNOTS.);
#8636 = CARTESIAN_POINT('',(-12.99457098408,1.5));
#8637 = CARTESIAN_POINT('',(-12.,1.5));
#8638 = ( GEOMETRIC_REPRESENTATION_CONTEXT(2) 
PARAMETRIC_REPRESENTATION_CONTEXT() REPRESENTATION_CONTEXT('2D SPACE',''
  ) );
#8639 = PCURVE('',#8640,#8645);
#8640 = PLANE('',#8641);
#8641 = AXIS2_PLACEMENT_3D('',#8642,#8643,#8644);
#8642 = CARTESIAN_POINT('',(175.,-1.5,-17.));
#8643 = DIRECTION('',(0.,1.,0.));
#8644 = DIRECTION('',(0.,-0.,1.));
#8645 = DEFINITIONAL_REPRESENTATION('',(#8646),#8649);
#8646 = B_SPLINE_CURVE_WITH_KNOTS('',1,(#8647,#8648),.UNSPECIFIED.,.F.,
  .F.,(2,2),(-4.494570984085,-3.5),.PIECEWISE_BEZIER_KNOTS.);
#8647 = CARTESIAN_POINT('',(4.005429015915,2.5));
#8648 = CARTESIAN_POINT('',(5.,2.5));
#8649 = ( GEOMETRIC_REPRESENTATION_CONTEXT(2) 
PARAMETRIC_REPRESENTATION_CONTEXT() REPRESENTATION_CONTEXT('2D SPACE',''
  ) );
#8650 = ORIENTED_EDGE('',*,*,#8651,.T.);
#8651 = EDGE_CURVE('',#8626,#8652,#8654,.T.);
#8652 = VERTEX_POINT('',#8653);
#8653 = CARTESIAN_POINT('',(177.5,1.5,-12.66987298107));
#8654 = SURFACE_CURVE('',#8655,(#8659,#8665),.PCURVE_S1.);
#8655 = LINE('',#8656,#8657);
#8656 = CARTESIAN_POINT('',(177.5,-1.5,-12.66987298107));
#8657 = VECTOR('',#8658,1.);
#8658 = DIRECTION('',(0.,1.,0.));
#8659 = PCURVE('',#6567,#8660);
#8660 = DEFINITIONAL_REPRESENTATION('',(#8661),#8664);
#8661 = B_SPLINE_CURVE_WITH_KNOTS('',1,(#8662,#8663),.UNSPECIFIED.,.F.,
  .F.,(2,2),(-5.999999999062E-07,3.0000006),.PIECEWISE_BEZIER_KNOTS.);
#8662 = CARTESIAN_POINT('',(-12.66987298107,1.5000006));
#8663 = CARTESIAN_POINT('',(-12.66987298107,-1.5000006));
#8664 = ( GEOMETRIC_REPRESENTATION_CONTEXT(2) 
PARAMETRIC_REPRESENTATION_CONTEXT() REPRESENTATION_CONTEXT('2D SPACE',''
  ) );
#8665 = PCURVE('',#8666,#8671);
#8666 = CYLINDRICAL_SURFACE('',#8667,5.);
#8667 = AXIS2_PLACEMENT_3D('',#8668,#8669,#8670);
#8668 = CARTESIAN_POINT('',(175.,-1.5,-17.));
#8669 = DIRECTION('',(0.,1.,0.));
#8670 = DIRECTION('',(0.,-0.,1.));
#8671 = DEFINITIONAL_REPRESENTATION('',(#8672),#8675);
#8672 = B_SPLINE_CURVE_WITH_KNOTS('',1,(#8673,#8674),.UNSPECIFIED.,.F.,
  .F.,(2,2),(0.,3.),.PIECEWISE_BEZIER_KNOTS.);
#8673 = CARTESIAN_POINT('',(6.806784082778,0.));
#8674 = CARTESIAN_POINT('',(6.806784082778,3.));
#8675 = ( GEOMETRIC_REPRESENTATION_CONTEXT(2) 
PARAMETRIC_REPRESENTATION_CONTEXT() REPRESENTATION_CONTEXT('2D SPACE',''
  ) );
#8676 = ORIENTED_EDGE('',*,*,#8677,.F.);
#8677 = EDGE_CURVE('',#8571,#8652,#8678,.T.);
#8678 = SURFACE_CURVE('',#8679,(#8683,#8689),.PCURVE_S1.);
#8679 = LINE('',#8680,#8681);
#8680 = CARTESIAN_POINT('',(177.5,1.5,-8.5));
#8681 = VECTOR('',#8682,1.);
#8682 = DIRECTION('',(0.,0.,1.));
#8683 = PCURVE('',#6567,#8684);
#8684 = DEFINITIONAL_REPRESENTATION('',(#8685),#8688);
#8685 = B_SPLINE_CURVE_WITH_KNOTS('',1,(#8686,#8687),.UNSPECIFIED.,.F.,
  .F.,(2,2),(-4.494570984085,-3.5),.PIECEWISE_BEZIER_KNOTS.);
#8686 = CARTESIAN_POINT('',(-12.99457098408,-1.5));
#8687 = CARTESIAN_POINT('',(-12.,-1.5));
#8688 = ( GEOMETRIC_REPRESENTATION_CONTEXT(2) 
PARAMETRIC_REPRESENTATION_CONTEXT() REPRESENTATION_CONTEXT('2D SPACE',''
  ) );
#8689 = PCURVE('',#8690,#8695);
#8690 = PLANE('',#8691);
#8691 = AXIS2_PLACEMENT_3D('',#8692,#8693,#8694);
#8692 = CARTESIAN_POINT('',(175.,1.5,-17.));
#8693 = DIRECTION('',(0.,1.,0.));
#8694 = DIRECTION('',(0.,-0.,1.));
#8695 = DEFINITIONAL_REPRESENTATION('',(#8696),#8699);
#8696 = B_SPLINE_CURVE_WITH_KNOTS('',1,(#8697,#8698),.UNSPECIFIED.,.F.,
  .F.,(2,2),(-4.494570984085,-3.5),.PIECEWISE_BEZIER_KNOTS.);
#8697 = CARTESIAN_POINT('',(4.005429015915,2.5));
#8698 = CARTESIAN_POINT('',(5.,2.5));
#8699 = ( GEOMETRIC_REPRESENTATION_CONTEXT(2) 
PARAMETRIC_REPRESENTATION_CONTEXT() REPRESENTATION_CONTEXT('2D SPACE',''
  ) );
#8700 = FACE_BOUND('',#8701,.F.);
#8701 = EDGE_LOOP('',(#8702));
#8702 = ORIENTED_EDGE('',*,*,#6552,.F.);
#8703 = FACE_BOUND('',#8704,.F.);
#8704 = EDGE_LOOP('',(#8705));
#8705 = ORIENTED_EDGE('',*,*,#6607,.F.);
#8706 = ADVANCED_FACE('',(#8707),#5898,.T.);
#8707 = FACE_BOUND('',#8708,.T.);
#8708 = EDGE_LOOP('',(#8709,#8733,#8734,#8735));
#8709 = ORIENTED_EDGE('',*,*,#8710,.F.);
#8710 = EDGE_CURVE('',#5883,#8711,#8713,.T.);
#8711 = VERTEX_POINT('',#8712);
#8712 = CARTESIAN_POINT('',(179.,-35.70889244992,35.001785668734));
#8713 = SURFACE_CURVE('',#8714,(#8719,#8726),.PCURVE_S1.);
#8714 = CIRCLE('',#8715,1.);
#8715 = AXIS2_PLACEMENT_3D('',#8716,#8717,#8718);
#8716 = CARTESIAN_POINT('',(179.,-35.00178566873,34.294678887548));
#8717 = DIRECTION('',(0.,-0.707106781187,-0.707106781187));
#8718 = DIRECTION('',(0.,-0.707106781187,0.707106781187));
#8719 = PCURVE('',#5898,#8720);
#8720 = DEFINITIONAL_REPRESENTATION('',(#8721),#8725);
#8721 = LINE('',#8722,#8723);
#8722 = CARTESIAN_POINT('',(6.28318530718,1.));
#8723 = VECTOR('',#8724,1.);
#8724 = DIRECTION('',(-1.,-0.));
#8725 = ( GEOMETRIC_REPRESENTATION_CONTEXT(2) 
PARAMETRIC_REPRESENTATION_CONTEXT() REPRESENTATION_CONTEXT('2D SPACE',''
  ) );
#8726 = PCURVE('',#8465,#8727);
#8727 = DEFINITIONAL_REPRESENTATION('',(#8728),#8732);
#8728 = LINE('',#8729,#8730);
#8729 = CARTESIAN_POINT('',(-0.,-6.28318530718));
#8730 = VECTOR('',#8731,1.);
#8731 = DIRECTION('',(-0.,1.));
#8732 = ( GEOMETRIC_REPRESENTATION_CONTEXT(2) 
PARAMETRIC_REPRESENTATION_CONTEXT() REPRESENTATION_CONTEXT('2D SPACE',''
  ) );
#8733 = ORIENTED_EDGE('',*,*,#5882,.T.);
#8734 = ORIENTED_EDGE('',*,*,#6658,.F.);
#8735 = ORIENTED_EDGE('',*,*,#8736,.F.);
#8736 = EDGE_CURVE('',#8711,#6634,#8737,.T.);
#8737 = SURFACE_CURVE('',#8738,(#8742,#8749),.PCURVE_S1.);
#8738 = LINE('',#8739,#8740);
#8739 = CARTESIAN_POINT('',(179.,-36.4159992311,34.294678887548));
#8740 = VECTOR('',#8741,1.);
#8741 = DIRECTION('',(0.,0.707106781187,0.707106781187));
#8742 = PCURVE('',#5898,#8743);
#8743 = DEFINITIONAL_REPRESENTATION('',(#8744),#8748);
#8744 = LINE('',#8745,#8746);
#8745 = CARTESIAN_POINT('',(0.,0.));
#8746 = VECTOR('',#8747,1.);
#8747 = DIRECTION('',(0.,1.));
#8748 = ( GEOMETRIC_REPRESENTATION_CONTEXT(2) 
PARAMETRIC_REPRESENTATION_CONTEXT() REPRESENTATION_CONTEXT('2D SPACE',''
  ) );
#8749 = PCURVE('',#6723,#8750);
#8750 = DEFINITIONAL_REPRESENTATION('',(#8751),#8755);
#8751 = LINE('',#8752,#8753);
#8752 = CARTESIAN_POINT('',(19.,-1.5));
#8753 = VECTOR('',#8754,1.);
#8754 = DIRECTION('',(0.,1.));
#8755 = ( GEOMETRIC_REPRESENTATION_CONTEXT(2) 
PARAMETRIC_REPRESENTATION_CONTEXT() REPRESENTATION_CONTEXT('2D SPACE',''
  ) );
#8756 = ADVANCED_FACE('',(#8757),#6723,.T.);
#8757 = FACE_BOUND('',#8758,.T.);
#8758 = EDGE_LOOP('',(#8759,#8782,#8803,#8804));
#8759 = ORIENTED_EDGE('',*,*,#8760,.F.);
#8760 = EDGE_CURVE('',#8761,#6684,#8763,.T.);
#8761 = VERTEX_POINT('',#8762);
#8762 = CARTESIAN_POINT('',(160.43137518731,-35.70889244992,
    35.001785668734));
#8763 = SURFACE_CURVE('',#8764,(#8768,#8775),.PCURVE_S1.);
#8764 = LINE('',#8765,#8766);
#8765 = CARTESIAN_POINT('',(160.43137518731,-36.4159992311,
    34.294678887548));
#8766 = VECTOR('',#8767,1.);
#8767 = DIRECTION('',(0.,0.707106781187,0.707106781187));
#8768 = PCURVE('',#6723,#8769);
#8769 = DEFINITIONAL_REPRESENTATION('',(#8770),#8774);
#8770 = LINE('',#8771,#8772);
#8771 = CARTESIAN_POINT('',(0.431375187317,-1.5));
#8772 = VECTOR('',#8773,1.);
#8773 = DIRECTION('',(0.,1.));
#8774 = ( GEOMETRIC_REPRESENTATION_CONTEXT(2) 
PARAMETRIC_REPRESENTATION_CONTEXT() REPRESENTATION_CONTEXT('2D SPACE',''
  ) );
#8775 = PCURVE('',#6804,#8776);
#8776 = DEFINITIONAL_REPRESENTATION('',(#8777),#8781);
#8777 = LINE('',#8778,#8779);
#8778 = CARTESIAN_POINT('',(0.814516144904,0.));
#8779 = VECTOR('',#8780,1.);
#8780 = DIRECTION('',(0.,1.));
#8781 = ( GEOMETRIC_REPRESENTATION_CONTEXT(2) 
PARAMETRIC_REPRESENTATION_CONTEXT() REPRESENTATION_CONTEXT('2D SPACE',''
  ) );
#8782 = ORIENTED_EDGE('',*,*,#8783,.T.);
#8783 = EDGE_CURVE('',#8761,#8711,#8784,.T.);
#8784 = SURFACE_CURVE('',#8785,(#8789,#8796),.PCURVE_S1.);
#8785 = LINE('',#8786,#8787);
#8786 = CARTESIAN_POINT('',(160.,-35.70889244992,35.001785668734));
#8787 = VECTOR('',#8788,1.);
#8788 = DIRECTION('',(1.,0.,0.));
#8789 = PCURVE('',#6723,#8790);
#8790 = DEFINITIONAL_REPRESENTATION('',(#8791),#8795);
#8791 = LINE('',#8792,#8793);
#8792 = CARTESIAN_POINT('',(0.,-0.5));
#8793 = VECTOR('',#8794,1.);
#8794 = DIRECTION('',(1.,0.));
#8795 = ( GEOMETRIC_REPRESENTATION_CONTEXT(2) 
PARAMETRIC_REPRESENTATION_CONTEXT() REPRESENTATION_CONTEXT('2D SPACE',''
  ) );
#8796 = PCURVE('',#8414,#8797);
#8797 = DEFINITIONAL_REPRESENTATION('',(#8798),#8802);
#8798 = LINE('',#8799,#8800);
#8799 = CARTESIAN_POINT('',(0.,0.));
#8800 = VECTOR('',#8801,1.);
#8801 = DIRECTION('',(0.,1.));
#8802 = ( GEOMETRIC_REPRESENTATION_CONTEXT(2) 
PARAMETRIC_REPRESENTATION_CONTEXT() REPRESENTATION_CONTEXT('2D SPACE',''
  ) );
#8803 = ORIENTED_EDGE('',*,*,#8736,.T.);
#8804 = ORIENTED_EDGE('',*,*,#6709,.F.);
#8805 = ADVANCED_FACE('',(#8806),#6804,.T.);
#8806 = FACE_BOUND('',#8807,.T.);
#8807 = EDGE_LOOP('',(#8808,#8809,#8831,#8832));
#8808 = ORIENTED_EDGE('',*,*,#6790,.F.);
#8809 = ORIENTED_EDGE('',*,*,#8810,.F.);
#8810 = EDGE_CURVE('',#8761,#6768,#8811,.T.);
#8811 = SURFACE_CURVE('',#8812,(#8817,#8824),.PCURVE_S1.);
#8812 = CIRCLE('',#8813,1.);
#8813 = AXIS2_PLACEMENT_3D('',#8814,#8815,#8816);
#8814 = CARTESIAN_POINT('',(160.43137518731,-35.00178566873,
    34.294678887548));
#8815 = DIRECTION('',(0.,-0.707106781187,-0.707106781187));
#8816 = DIRECTION('',(0.,-0.707106781187,0.707106781187));
#8817 = PCURVE('',#6804,#8818);
#8818 = DEFINITIONAL_REPRESENTATION('',(#8819),#8823);
#8819 = LINE('',#8820,#8821);
#8820 = CARTESIAN_POINT('',(0.814516144904,1.));
#8821 = VECTOR('',#8822,1.);
#8822 = DIRECTION('',(-1.,-0.));
#8823 = ( GEOMETRIC_REPRESENTATION_CONTEXT(2) 
PARAMETRIC_REPRESENTATION_CONTEXT() REPRESENTATION_CONTEXT('2D SPACE',''
  ) );
#8824 = PCURVE('',#6998,#8825);
#8825 = DEFINITIONAL_REPRESENTATION('',(#8826),#8830);
#8826 = LINE('',#8827,#8828);
#8827 = CARTESIAN_POINT('',(-0.,0.));
#8828 = VECTOR('',#8829,1.);
#8829 = DIRECTION('',(-1.,0.));
#8830 = ( GEOMETRIC_REPRESENTATION_CONTEXT(2) 
PARAMETRIC_REPRESENTATION_CONTEXT() REPRESENTATION_CONTEXT('2D SPACE',''
  ) );
#8831 = ORIENTED_EDGE('',*,*,#8760,.T.);
#8832 = ORIENTED_EDGE('',*,*,#6843,.F.);
#8833 = ADVANCED_FACE('',(#8834),#6888,.T.);
#8834 = FACE_BOUND('',#8835,.T.);
#8835 = EDGE_LOOP('',(#8836,#8837,#8860,#8887));
#8836 = ORIENTED_EDGE('',*,*,#6871,.F.);
#8837 = ORIENTED_EDGE('',*,*,#8838,.F.);
#8838 = EDGE_CURVE('',#8839,#6872,#8841,.T.);
#8839 = VERTEX_POINT('',#8840);
#8840 = CARTESIAN_POINT('',(127.,5.510910596163E-15,22.5));
#8841 = SEAM_CURVE('',#8842,(#8846,#8853),.PCURVE_S1.);
#8842 = LINE('',#8843,#8844);
#8843 = CARTESIAN_POINT('',(127.,5.510910596163E-15,22.5));
#8844 = VECTOR('',#8845,1.);
#8845 = DIRECTION('',(1.,0.,0.));
#8846 = PCURVE('',#6888,#8847);
#8847 = DEFINITIONAL_REPRESENTATION('',(#8848),#8852);
#8848 = LINE('',#8849,#8850);
#8849 = CARTESIAN_POINT('',(6.28318530718,-0.));
#8850 = VECTOR('',#8851,1.);
#8851 = DIRECTION('',(0.,1.));
#8852 = ( GEOMETRIC_REPRESENTATION_CONTEXT(2) 
PARAMETRIC_REPRESENTATION_CONTEXT() REPRESENTATION_CONTEXT('2D SPACE',''
  ) );
#8853 = PCURVE('',#6888,#8854);
#8854 = DEFINITIONAL_REPRESENTATION('',(#8855),#8859);
#8855 = LINE('',#8856,#8857);
#8856 = CARTESIAN_POINT('',(0.,-0.));
#8857 = VECTOR('',#8858,1.);
#8858 = DIRECTION('',(0.,1.));
#8859 = ( GEOMETRIC_REPRESENTATION_CONTEXT(2) 
PARAMETRIC_REPRESENTATION_CONTEXT() REPRESENTATION_CONTEXT('2D SPACE',''
  ) );
#8860 = ORIENTED_EDGE('',*,*,#8861,.T.);
#8861 = EDGE_CURVE('',#8839,#8839,#8862,.T.);
#8862 = SURFACE_CURVE('',#8863,(#8868,#8875),.PCURVE_S1.);
#8863 = CIRCLE('',#8864,22.5);
#8864 = AXIS2_PLACEMENT_3D('',#8865,#8866,#8867);
#8865 = CARTESIAN_POINT('',(127.,0.,0.));
#8866 = DIRECTION('',(1.,0.,0.));
#8867 = DIRECTION('',(-0.,0.,1.));
#8868 = PCURVE('',#6888,#8869);
#8869 = DEFINITIONAL_REPRESENTATION('',(#8870),#8874);
#8870 = LINE('',#8871,#8872);
#8871 = CARTESIAN_POINT('',(0.,0.));
#8872 = VECTOR('',#8873,1.);
#8873 = DIRECTION('',(1.,0.));
#8874 = ( GEOMETRIC_REPRESENTATION_CONTEXT(2) 
PARAMETRIC_REPRESENTATION_CONTEXT() REPRESENTATION_CONTEXT('2D SPACE',''
  ) );
#8875 = PCURVE('',#8876,#8881);
#8876 = PLANE('',#8877);
#8877 = AXIS2_PLACEMENT_3D('',#8878,#8879,#8880);
#8878 = CARTESIAN_POINT('',(127.,0.,0.));
#8879 = DIRECTION('',(1.,0.,0.));
#8880 = DIRECTION('',(-0.,0.,1.));
#8881 = DEFINITIONAL_REPRESENTATION('',(#8882),#8886);
#8882 = CIRCLE('',#8883,22.5);
#8883 = AXIS2_PLACEMENT_2D('',#8884,#8885);
#8884 = CARTESIAN_POINT('',(0.,0.));
#8885 = DIRECTION('',(1.,0.));
#8886 = ( GEOMETRIC_REPRESENTATION_CONTEXT(2) 
PARAMETRIC_REPRESENTATION_CONTEXT() REPRESENTATION_CONTEXT('2D SPACE',''
  ) );
#8887 = ORIENTED_EDGE('',*,*,#8838,.T.);
#8888 = ADVANCED_FACE('',(#8889),#6998,.T.);
#8889 = FACE_BOUND('',#8890,.F.);
#8890 = EDGE_LOOP('',(#8891,#8913,#8914));
#8891 = ORIENTED_EDGE('',*,*,#8892,.F.);
#8892 = EDGE_CURVE('',#6961,#8761,#8893,.T.);
#8893 = SURFACE_CURVE('',#8894,(#8899,#8906),.PCURVE_S1.);
#8894 = CIRCLE('',#8895,1.);
#8895 = AXIS2_PLACEMENT_3D('',#8896,#8897,#8898);
#8896 = CARTESIAN_POINT('',(160.43137518731,-35.00178566873,
    34.294678887548));
#8897 = DIRECTION('',(-1.,0.,0.));
#8898 = DIRECTION('',(0.,-0.707106781187,0.707106781187));
#8899 = PCURVE('',#6998,#8900);
#8900 = DEFINITIONAL_REPRESENTATION('',(#8901),#8905);
#8901 = LINE('',#8902,#8903);
#8902 = CARTESIAN_POINT('',(-0.,-6.28318530718));
#8903 = VECTOR('',#8904,1.);
#8904 = DIRECTION('',(-0.,1.));
#8905 = ( GEOMETRIC_REPRESENTATION_CONTEXT(2) 
PARAMETRIC_REPRESENTATION_CONTEXT() REPRESENTATION_CONTEXT('2D SPACE',''
  ) );
#8906 = PCURVE('',#8414,#8907);
#8907 = DEFINITIONAL_REPRESENTATION('',(#8908),#8912);
#8908 = LINE('',#8909,#8910);
#8909 = CARTESIAN_POINT('',(6.28318530718,0.431375187317));
#8910 = VECTOR('',#8911,1.);
#8911 = DIRECTION('',(-1.,-0.));
#8912 = ( GEOMETRIC_REPRESENTATION_CONTEXT(2) 
PARAMETRIC_REPRESENTATION_CONTEXT() REPRESENTATION_CONTEXT('2D SPACE',''
  ) );
#8913 = ORIENTED_EDGE('',*,*,#6983,.T.);
#8914 = ORIENTED_EDGE('',*,*,#8810,.F.);
#8915 = ADVANCED_FACE('',(#8916),#7105,.T.);
#8916 = FACE_BOUND('',#8917,.T.);
#8917 = EDGE_LOOP('',(#8918,#8919,#8945,#8946));
#8918 = ORIENTED_EDGE('',*,*,#7278,.T.);
#8919 = ORIENTED_EDGE('',*,*,#8920,.T.);
#8920 = EDGE_CURVE('',#7250,#7063,#8921,.T.);
#8921 = SURFACE_CURVE('',#8922,(#8926,#8933),.PCURVE_S1.);
#8922 = LINE('',#8923,#8924);
#8923 = CARTESIAN_POINT('',(159.7039815348,-34.0728032236,
    -36.19412356716));
#8924 = VECTOR('',#8925,1.);
#8925 = DIRECTION('',(0.,-0.707106781187,0.707106781187));
#8926 = PCURVE('',#7105,#8927);
#8927 = DEFINITIONAL_REPRESENTATION('',(#8928),#8932);
#8928 = LINE('',#8929,#8930);
#8929 = CARTESIAN_POINT('',(36.000067276577,-1.5));
#8930 = VECTOR('',#8931,1.);
#8931 = DIRECTION('',(-5.551115123126E-17,1.));
#8932 = ( GEOMETRIC_REPRESENTATION_CONTEXT(2) 
PARAMETRIC_REPRESENTATION_CONTEXT() REPRESENTATION_CONTEXT('2D SPACE',''
  ) );
#8933 = PCURVE('',#8934,#8939);
#8934 = CYLINDRICAL_SURFACE('',#8935,1.);
#8935 = AXIS2_PLACEMENT_3D('',#8936,#8937,#8938);
#8936 = CARTESIAN_POINT('',(160.43137518731,-33.58757210636,
    -35.70889244992));
#8937 = DIRECTION('',(0.,-0.707106781187,0.707106781187));
#8938 = DIRECTION('',(-0.727393652509,-0.485231117247,-0.485231117247));
#8939 = DEFINITIONAL_REPRESENTATION('',(#8940),#8944);
#8940 = LINE('',#8941,#8942);
#8941 = CARTESIAN_POINT('',(0.,0.));
#8942 = VECTOR('',#8943,1.);
#8943 = DIRECTION('',(0.,1.));
#8944 = ( GEOMETRIC_REPRESENTATION_CONTEXT(2) 
PARAMETRIC_REPRESENTATION_CONTEXT() REPRESENTATION_CONTEXT('2D SPACE',''
  ) );
#8945 = ORIENTED_EDGE('',*,*,#7091,.F.);
#8946 = ORIENTED_EDGE('',*,*,#7147,.T.);
#8947 = ADVANCED_FACE('',(#8948),#7079,.T.);
#8948 = FACE_BOUND('',#8949,.F.);
#8949 = EDGE_LOOP('',(#8950,#8951,#8975));
#8950 = ORIENTED_EDGE('',*,*,#7062,.F.);
#8951 = ORIENTED_EDGE('',*,*,#8952,.T.);
#8952 = EDGE_CURVE('',#7040,#8953,#8955,.T.);
#8953 = VERTEX_POINT('',#8954);
#8954 = CARTESIAN_POINT('',(160.43137518731,-35.70889244992,
    -35.00178566873));
#8955 = SURFACE_CURVE('',#8956,(#8961,#8968),.PCURVE_S1.);
#8956 = CIRCLE('',#8957,1.);
#8957 = AXIS2_PLACEMENT_3D('',#8958,#8959,#8960);
#8958 = CARTESIAN_POINT('',(160.43137518731,-35.00178566873,
    -34.29467888754));
#8959 = DIRECTION('',(1.,7.261677621412E-15,7.261677621412E-15));
#8960 = DIRECTION('',(1.026956297778E-14,-0.707106781187,-0.707106781187
    ));
#8961 = PCURVE('',#7079,#8962);
#8962 = DEFINITIONAL_REPRESENTATION('',(#8963),#8967);
#8963 = LINE('',#8964,#8965);
#8964 = CARTESIAN_POINT('',(-0.814516144904,-6.28318530718));
#8965 = VECTOR('',#8966,1.);
#8966 = DIRECTION('',(-0.,1.));
#8967 = ( GEOMETRIC_REPRESENTATION_CONTEXT(2) 
PARAMETRIC_REPRESENTATION_CONTEXT() REPRESENTATION_CONTEXT('2D SPACE',''
  ) );
#8968 = PCURVE('',#8554,#8969);
#8969 = DEFINITIONAL_REPRESENTATION('',(#8970),#8974);
#8970 = LINE('',#8971,#8972);
#8971 = CARTESIAN_POINT('',(-6.28318530718,0.431375187317));
#8972 = VECTOR('',#8973,1.);
#8973 = DIRECTION('',(1.,-0.));
#8974 = ( GEOMETRIC_REPRESENTATION_CONTEXT(2) 
PARAMETRIC_REPRESENTATION_CONTEXT() REPRESENTATION_CONTEXT('2D SPACE',''
  ) );
#8975 = ORIENTED_EDGE('',*,*,#8976,.F.);
#8976 = EDGE_CURVE('',#7063,#8953,#8977,.T.);
#8977 = SURFACE_CURVE('',#8978,(#8983,#8990),.PCURVE_S1.);
#8978 = CIRCLE('',#8979,1.);
#8979 = AXIS2_PLACEMENT_3D('',#8980,#8981,#8982);
#8980 = CARTESIAN_POINT('',(160.43137518731,-35.00178566873,
    -34.29467888754));
#8981 = DIRECTION('',(0.,-0.707106781187,0.707106781187));
#8982 = DIRECTION('',(-0.727393652509,-0.485231117247,-0.485231117247));
#8983 = PCURVE('',#7079,#8984);
#8984 = DEFINITIONAL_REPRESENTATION('',(#8985),#8989);
#8985 = LINE('',#8986,#8987);
#8986 = CARTESIAN_POINT('',(-0.,0.));
#8987 = VECTOR('',#8988,1.);
#8988 = DIRECTION('',(-1.,0.));
#8989 = ( GEOMETRIC_REPRESENTATION_CONTEXT(2) 
PARAMETRIC_REPRESENTATION_CONTEXT() REPRESENTATION_CONTEXT('2D SPACE',''
  ) );
#8990 = PCURVE('',#8934,#8991);
#8991 = DEFINITIONAL_REPRESENTATION('',(#8992),#8996);
#8992 = LINE('',#8993,#8994);
#8993 = CARTESIAN_POINT('',(2.84217094304E-14,2.));
#8994 = VECTOR('',#8995,1.);
#8995 = DIRECTION('',(1.,0.));
#8996 = ( GEOMETRIC_REPRESENTATION_CONTEXT(2) 
PARAMETRIC_REPRESENTATION_CONTEXT() REPRESENTATION_CONTEXT('2D SPACE',''
  ) );
#8997 = ADVANCED_FACE('',(#8998),#7266,.T.);
#8998 = FACE_BOUND('',#8999,.F.);
#8999 = EDGE_LOOP('',(#9000,#9024,#9025));
#9000 = ORIENTED_EDGE('',*,*,#9001,.F.);
#9001 = EDGE_CURVE('',#7227,#9002,#9004,.T.);
#9002 = VERTEX_POINT('',#9003);
#9003 = CARTESIAN_POINT('',(160.43137518731,-35.00178566873,
    -35.70889244992));
#9004 = SURFACE_CURVE('',#9005,(#9010,#9017),.PCURVE_S1.);
#9005 = CIRCLE('',#9006,1.);
#9006 = AXIS2_PLACEMENT_3D('',#9007,#9008,#9009);
#9007 = CARTESIAN_POINT('',(160.43137518731,-34.29467888754,
    -35.00178566873));
#9008 = DIRECTION('',(-1.,-0.,0.));
#9009 = DIRECTION('',(0.,-0.707106781187,-0.707106781187));
#9010 = PCURVE('',#7266,#9011);
#9011 = DEFINITIONAL_REPRESENTATION('',(#9012),#9016);
#9012 = LINE('',#9013,#9014);
#9013 = CARTESIAN_POINT('',(-0.,-6.28318530718));
#9014 = VECTOR('',#9015,1.);
#9015 = DIRECTION('',(-0.,1.));
#9016 = ( GEOMETRIC_REPRESENTATION_CONTEXT(2) 
PARAMETRIC_REPRESENTATION_CONTEXT() REPRESENTATION_CONTEXT('2D SPACE',''
  ) );
#9017 = PCURVE('',#8128,#9018);
#9018 = DEFINITIONAL_REPRESENTATION('',(#9019),#9023);
#9019 = LINE('',#9020,#9021);
#9020 = CARTESIAN_POINT('',(6.28318530718,0.431375187317));
#9021 = VECTOR('',#9022,1.);
#9022 = DIRECTION('',(-1.,-0.));
#9023 = ( GEOMETRIC_REPRESENTATION_CONTEXT(2) 
PARAMETRIC_REPRESENTATION_CONTEXT() REPRESENTATION_CONTEXT('2D SPACE',''
  ) );
#9024 = ORIENTED_EDGE('',*,*,#7249,.T.);
#9025 = ORIENTED_EDGE('',*,*,#9026,.F.);
#9026 = EDGE_CURVE('',#9002,#7250,#9027,.T.);
#9027 = SURFACE_CURVE('',#9028,(#9033,#9040),.PCURVE_S1.);
#9028 = CIRCLE('',#9029,1.);
#9029 = AXIS2_PLACEMENT_3D('',#9030,#9031,#9032);
#9030 = CARTESIAN_POINT('',(160.43137518731,-34.29467888754,
    -35.00178566873));
#9031 = DIRECTION('',(0.,0.707106781187,-0.707106781187));
#9032 = DIRECTION('',(0.,-0.707106781187,-0.707106781187));
#9033 = PCURVE('',#7266,#9034);
#9034 = DEFINITIONAL_REPRESENTATION('',(#9035),#9039);
#9035 = LINE('',#9036,#9037);
#9036 = CARTESIAN_POINT('',(-0.,0.));
#9037 = VECTOR('',#9038,1.);
#9038 = DIRECTION('',(-1.,0.));
#9039 = ( GEOMETRIC_REPRESENTATION_CONTEXT(2) 
PARAMETRIC_REPRESENTATION_CONTEXT() REPRESENTATION_CONTEXT('2D SPACE',''
  ) );
#9040 = PCURVE('',#8934,#9041);
#9041 = DEFINITIONAL_REPRESENTATION('',(#9042),#9046);
#9042 = LINE('',#9043,#9044);
#9043 = CARTESIAN_POINT('',(0.814516144904,1.));
#9044 = VECTOR('',#9045,1.);
#9045 = DIRECTION('',(-1.,-0.));
#9046 = ( GEOMETRIC_REPRESENTATION_CONTEXT(2) 
PARAMETRIC_REPRESENTATION_CONTEXT() REPRESENTATION_CONTEXT('2D SPACE',''
  ) );
#9047 = ADVANCED_FACE('',(#9048),#7393,.T.);
#9048 = FACE_BOUND('',#9049,.T.);
#9049 = EDGE_LOOP('',(#9050,#9051,#9077,#9078));
#9050 = ORIENTED_EDGE('',*,*,#7566,.T.);
#9051 = ORIENTED_EDGE('',*,*,#9052,.T.);
#9052 = EDGE_CURVE('',#7538,#7351,#9053,.T.);
#9053 = SURFACE_CURVE('',#9054,(#9058,#9065),.PCURVE_S1.);
#9054 = LINE('',#9055,#9056);
#9055 = CARTESIAN_POINT('',(159.7039815348,36.194123567167,
    -34.0728032236));
#9056 = VECTOR('',#9057,1.);
#9057 = DIRECTION('',(0.,-0.707106781187,-0.707106781187));
#9058 = PCURVE('',#7393,#9059);
#9059 = DEFINITIONAL_REPRESENTATION('',(#9060),#9064);
#9060 = LINE('',#9061,#9062);
#9061 = CARTESIAN_POINT('',(36.000067276577,-1.5));
#9062 = VECTOR('',#9063,1.);
#9063 = DIRECTION('',(0.,1.));
#9064 = ( GEOMETRIC_REPRESENTATION_CONTEXT(2) 
PARAMETRIC_REPRESENTATION_CONTEXT() REPRESENTATION_CONTEXT('2D SPACE',''
  ) );
#9065 = PCURVE('',#9066,#9071);
#9066 = CYLINDRICAL_SURFACE('',#9067,1.);
#9067 = AXIS2_PLACEMENT_3D('',#9068,#9069,#9070);
#9068 = CARTESIAN_POINT('',(160.43137518731,35.708892449921,
    -33.58757210636));
#9069 = DIRECTION('',(0.,-0.707106781187,-0.707106781187));
#9070 = DIRECTION('',(-0.727393652509,0.485231117247,-0.485231117247));
#9071 = DEFINITIONAL_REPRESENTATION('',(#9072),#9076);
#9072 = LINE('',#9073,#9074);
#9073 = CARTESIAN_POINT('',(0.,0.));
#9074 = VECTOR('',#9075,1.);
#9075 = DIRECTION('',(0.,1.));
#9076 = ( GEOMETRIC_REPRESENTATION_CONTEXT(2) 
PARAMETRIC_REPRESENTATION_CONTEXT() REPRESENTATION_CONTEXT('2D SPACE',''
  ) );
#9077 = ORIENTED_EDGE('',*,*,#7379,.F.);
#9078 = ORIENTED_EDGE('',*,*,#7435,.T.);
#9079 = ADVANCED_FACE('',(#9080),#7367,.T.);
#9080 = FACE_BOUND('',#9081,.F.);
#9081 = EDGE_LOOP('',(#9082,#9083,#9107));
#9082 = ORIENTED_EDGE('',*,*,#7350,.F.);
#9083 = ORIENTED_EDGE('',*,*,#9084,.T.);
#9084 = EDGE_CURVE('',#7328,#9085,#9087,.T.);
#9085 = VERTEX_POINT('',#9086);
#9086 = CARTESIAN_POINT('',(160.43137518731,35.001785668734,
    -35.70889244992));
#9087 = SURFACE_CURVE('',#9088,(#9093,#9100),.PCURVE_S1.);
#9088 = CIRCLE('',#9089,1.);
#9089 = AXIS2_PLACEMENT_3D('',#9090,#9091,#9092);
#9090 = CARTESIAN_POINT('',(160.43137518731,34.294678887548,
    -35.00178566873));
#9091 = DIRECTION('',(1.,-7.261677621412E-15,7.261677621412E-15));
#9092 = DIRECTION('',(1.026956297778E-14,0.707106781187,-0.707106781187)
  );
#9093 = PCURVE('',#7367,#9094);
#9094 = DEFINITIONAL_REPRESENTATION('',(#9095),#9099);
#9095 = LINE('',#9096,#9097);
#9096 = CARTESIAN_POINT('',(-0.814516144904,-6.28318530718));
#9097 = VECTOR('',#9098,1.);
#9098 = DIRECTION('',(-0.,1.));
#9099 = ( GEOMETRIC_REPRESENTATION_CONTEXT(2) 
PARAMETRIC_REPRESENTATION_CONTEXT() REPRESENTATION_CONTEXT('2D SPACE',''
  ) );
#9100 = PCURVE('',#8268,#9101);
#9101 = DEFINITIONAL_REPRESENTATION('',(#9102),#9106);
#9102 = LINE('',#9103,#9104);
#9103 = CARTESIAN_POINT('',(-6.28318530718,0.431375187317));
#9104 = VECTOR('',#9105,1.);
#9105 = DIRECTION('',(1.,-0.));
#9106 = ( GEOMETRIC_REPRESENTATION_CONTEXT(2) 
PARAMETRIC_REPRESENTATION_CONTEXT() REPRESENTATION_CONTEXT('2D SPACE',''
  ) );
#9107 = ORIENTED_EDGE('',*,*,#9108,.F.);
#9108 = EDGE_CURVE('',#7351,#9085,#9109,.T.);
#9109 = SURFACE_CURVE('',#9110,(#9115,#9122),.PCURVE_S1.);
#9110 = CIRCLE('',#9111,1.);
#9111 = AXIS2_PLACEMENT_3D('',#9112,#9113,#9114);
#9112 = CARTESIAN_POINT('',(160.43137518731,34.294678887548,
    -35.00178566873));
#9113 = DIRECTION('',(0.,-0.707106781187,-0.707106781187));
#9114 = DIRECTION('',(-0.727393652509,0.485231117247,-0.485231117247));
#9115 = PCURVE('',#7367,#9116);
#9116 = DEFINITIONAL_REPRESENTATION('',(#9117),#9121);
#9117 = LINE('',#9118,#9119);
#9118 = CARTESIAN_POINT('',(-0.,0.));
#9119 = VECTOR('',#9120,1.);
#9120 = DIRECTION('',(-1.,0.));
#9121 = ( GEOMETRIC_REPRESENTATION_CONTEXT(2) 
PARAMETRIC_REPRESENTATION_CONTEXT() REPRESENTATION_CONTEXT('2D SPACE',''
  ) );
#9122 = PCURVE('',#9066,#9123);
#9123 = DEFINITIONAL_REPRESENTATION('',(#9124),#9128);
#9124 = LINE('',#9125,#9126);
#9125 = CARTESIAN_POINT('',(2.84217094304E-14,2.));
#9126 = VECTOR('',#9127,1.);
#9127 = DIRECTION('',(1.,0.));
#9128 = ( GEOMETRIC_REPRESENTATION_CONTEXT(2) 
PARAMETRIC_REPRESENTATION_CONTEXT() REPRESENTATION_CONTEXT('2D SPACE',''
  ) );
#9129 = ADVANCED_FACE('',(#9130),#7554,.T.);
#9130 = FACE_BOUND('',#9131,.F.);
#9131 = EDGE_LOOP('',(#9132,#9156,#9157));
#9132 = ORIENTED_EDGE('',*,*,#9133,.F.);
#9133 = EDGE_CURVE('',#7515,#9134,#9136,.T.);
#9134 = VERTEX_POINT('',#9135);
#9135 = CARTESIAN_POINT('',(160.43137518731,35.708892449921,
    -35.00178566873));
#9136 = SURFACE_CURVE('',#9137,(#9142,#9149),.PCURVE_S1.);
#9137 = CIRCLE('',#9138,1.);
#9138 = AXIS2_PLACEMENT_3D('',#9139,#9140,#9141);
#9139 = CARTESIAN_POINT('',(160.43137518731,35.001785668734,
    -34.29467888754));
#9140 = DIRECTION('',(-1.,0.,-0.));
#9141 = DIRECTION('',(0.,0.707106781187,-0.707106781187));
#9142 = PCURVE('',#7554,#9143);
#9143 = DEFINITIONAL_REPRESENTATION('',(#9144),#9148);
#9144 = LINE('',#9145,#9146);
#9145 = CARTESIAN_POINT('',(-0.,-6.28318530718));
#9146 = VECTOR('',#9147,1.);
#9147 = DIRECTION('',(-0.,1.));
#9148 = ( GEOMETRIC_REPRESENTATION_CONTEXT(2) 
PARAMETRIC_REPRESENTATION_CONTEXT() REPRESENTATION_CONTEXT('2D SPACE',''
  ) );
#9149 = PCURVE('',#7954,#9150);
#9150 = DEFINITIONAL_REPRESENTATION('',(#9151),#9155);
#9151 = LINE('',#9152,#9153);
#9152 = CARTESIAN_POINT('',(6.28318530718,0.431375187317));
#9153 = VECTOR('',#9154,1.);
#9154 = DIRECTION('',(-1.,-0.));
#9155 = ( GEOMETRIC_REPRESENTATION_CONTEXT(2) 
PARAMETRIC_REPRESENTATION_CONTEXT() REPRESENTATION_CONTEXT('2D SPACE',''
  ) );
#9156 = ORIENTED_EDGE('',*,*,#7537,.T.);
#9157 = ORIENTED_EDGE('',*,*,#9158,.F.);
#9158 = EDGE_CURVE('',#9134,#7538,#9159,.T.);
#9159 = SURFACE_CURVE('',#9160,(#9165,#9172),.PCURVE_S1.);
#9160 = CIRCLE('',#9161,1.);
#9161 = AXIS2_PLACEMENT_3D('',#9162,#9163,#9164);
#9162 = CARTESIAN_POINT('',(160.43137518731,35.001785668734,
    -34.29467888754));
#9163 = DIRECTION('',(0.,0.707106781187,0.707106781187));
#9164 = DIRECTION('',(0.,0.707106781187,-0.707106781187));
#9165 = PCURVE('',#7554,#9166);
#9166 = DEFINITIONAL_REPRESENTATION('',(#9167),#9171);
#9167 = LINE('',#9168,#9169);
#9168 = CARTESIAN_POINT('',(-0.,0.));
#9169 = VECTOR('',#9170,1.);
#9170 = DIRECTION('',(-1.,0.));
#9171 = ( GEOMETRIC_REPRESENTATION_CONTEXT(2) 
PARAMETRIC_REPRESENTATION_CONTEXT() REPRESENTATION_CONTEXT('2D SPACE',''
  ) );
#9172 = PCURVE('',#9066,#9173);
#9173 = DEFINITIONAL_REPRESENTATION('',(#9174),#9178);
#9174 = LINE('',#9175,#9176);
#9175 = CARTESIAN_POINT('',(0.814516144904,1.));
#9176 = VECTOR('',#9177,1.);
#9177 = DIRECTION('',(-1.,-0.));
#9178 = ( GEOMETRIC_REPRESENTATION_CONTEXT(2) 
PARAMETRIC_REPRESENTATION_CONTEXT() REPRESENTATION_CONTEXT('2D SPACE',''
  ) );
#9179 = ADVANCED_FACE('',(#9180),#7655,.T.);
#9180 = FACE_BOUND('',#9181,.F.);
#9181 = EDGE_LOOP('',(#9182,#9183,#9207));
#9182 = ORIENTED_EDGE('',*,*,#7638,.F.);
#9183 = ORIENTED_EDGE('',*,*,#9184,.T.);
#9184 = EDGE_CURVE('',#7616,#9185,#9187,.T.);
#9185 = VERTEX_POINT('',#9186);
#9186 = CARTESIAN_POINT('',(160.43137518731,35.708892449921,
    35.001785668734));
#9187 = SURFACE_CURVE('',#9188,(#9193,#9200),.PCURVE_S1.);
#9188 = CIRCLE('',#9189,1.);
#9189 = AXIS2_PLACEMENT_3D('',#9190,#9191,#9192);
#9190 = CARTESIAN_POINT('',(160.43137518731,35.001785668734,
    34.294678887548));
#9191 = DIRECTION('',(1.,-7.261677621412E-15,-7.261677621412E-15));
#9192 = DIRECTION('',(1.026956297778E-14,0.707106781187,0.707106781187)
  );
#9193 = PCURVE('',#7655,#9194);
#9194 = DEFINITIONAL_REPRESENTATION('',(#9195),#9199);
#9195 = LINE('',#9196,#9197);
#9196 = CARTESIAN_POINT('',(-0.814516144904,-6.28318530718));
#9197 = VECTOR('',#9198,1.);
#9198 = DIRECTION('',(-0.,1.));
#9199 = ( GEOMETRIC_REPRESENTATION_CONTEXT(2) 
PARAMETRIC_REPRESENTATION_CONTEXT() REPRESENTATION_CONTEXT('2D SPACE',''
  ) );
#9200 = PCURVE('',#8094,#9201);
#9201 = DEFINITIONAL_REPRESENTATION('',(#9202),#9206);
#9202 = LINE('',#9203,#9204);
#9203 = CARTESIAN_POINT('',(-6.28318530718,0.431375187317));
#9204 = VECTOR('',#9205,1.);
#9205 = DIRECTION('',(1.,-0.));
#9206 = ( GEOMETRIC_REPRESENTATION_CONTEXT(2) 
PARAMETRIC_REPRESENTATION_CONTEXT() REPRESENTATION_CONTEXT('2D SPACE',''
  ) );
#9207 = ORIENTED_EDGE('',*,*,#9208,.F.);
#9208 = EDGE_CURVE('',#7639,#9185,#9209,.T.);
#9209 = SURFACE_CURVE('',#9210,(#9215,#9222),.PCURVE_S1.);
#9210 = CIRCLE('',#9211,1.);
#9211 = AXIS2_PLACEMENT_3D('',#9212,#9213,#9214);
#9212 = CARTESIAN_POINT('',(160.43137518731,35.001785668734,
    34.294678887548));
#9213 = DIRECTION('',(2.775557561563E-17,0.707106781187,-0.707106781187)
  );
#9214 = DIRECTION('',(-0.727393652509,0.485231117247,0.485231117247));
#9215 = PCURVE('',#7655,#9216);
#9216 = DEFINITIONAL_REPRESENTATION('',(#9217),#9221);
#9217 = LINE('',#9218,#9219);
#9218 = CARTESIAN_POINT('',(-0.,0.));
#9219 = VECTOR('',#9220,1.);
#9220 = DIRECTION('',(-1.,0.));
#9221 = ( GEOMETRIC_REPRESENTATION_CONTEXT(2) 
PARAMETRIC_REPRESENTATION_CONTEXT() REPRESENTATION_CONTEXT('2D SPACE',''
  ) );
#9222 = PCURVE('',#7787,#9223);
#9223 = DEFINITIONAL_REPRESENTATION('',(#9224),#9228);
#9224 = LINE('',#9225,#9226);
#9225 = CARTESIAN_POINT('',(2.84217094304E-14,2.));
#9226 = VECTOR('',#9227,1.);
#9227 = DIRECTION('',(1.,0.));
#9228 = ( GEOMETRIC_REPRESENTATION_CONTEXT(2) 
PARAMETRIC_REPRESENTATION_CONTEXT() REPRESENTATION_CONTEXT('2D SPACE',''
  ) );
#9229 = ADVANCED_FACE('',(#9230),#7787,.T.);
#9230 = FACE_BOUND('',#9231,.T.);
#9231 = EDGE_LOOP('',(#9232,#9233,#9234,#9255));
#9232 = ORIENTED_EDGE('',*,*,#7773,.F.);
#9233 = ORIENTED_EDGE('',*,*,#7829,.F.);
#9234 = ORIENTED_EDGE('',*,*,#9235,.T.);
#9235 = EDGE_CURVE('',#7805,#9185,#9236,.T.);
#9236 = SURFACE_CURVE('',#9237,(#9241,#9248),.PCURVE_S1.);
#9237 = LINE('',#9238,#9239);
#9238 = CARTESIAN_POINT('',(160.43137518731,34.294678887548,
    36.415999231107));
#9239 = VECTOR('',#9240,1.);
#9240 = DIRECTION('',(0.,0.707106781187,-0.707106781187));
#9241 = PCURVE('',#7787,#9242);
#9242 = DEFINITIONAL_REPRESENTATION('',(#9243),#9247);
#9243 = LINE('',#9244,#9245);
#9244 = CARTESIAN_POINT('',(0.814516144904,0.));
#9245 = VECTOR('',#9246,1.);
#9246 = DIRECTION('',(0.,1.));
#9247 = ( GEOMETRIC_REPRESENTATION_CONTEXT(2) 
PARAMETRIC_REPRESENTATION_CONTEXT() REPRESENTATION_CONTEXT('2D SPACE',''
  ) );
#9248 = PCURVE('',#7894,#9249);
#9249 = DEFINITIONAL_REPRESENTATION('',(#9250),#9254);
#9250 = LINE('',#9251,#9252);
#9251 = CARTESIAN_POINT('',(0.431375187317,-1.5));
#9252 = VECTOR('',#9253,1.);
#9253 = DIRECTION('',(0.,1.));
#9254 = ( GEOMETRIC_REPRESENTATION_CONTEXT(2) 
PARAMETRIC_REPRESENTATION_CONTEXT() REPRESENTATION_CONTEXT('2D SPACE',''
  ) );
#9255 = ORIENTED_EDGE('',*,*,#9208,.F.);
#9256 = ADVANCED_FACE('',(#9257),#7894,.T.);
#9257 = FACE_BOUND('',#9258,.T.);
#9258 = EDGE_LOOP('',(#9259,#9260,#9261,#9284));
#9259 = ORIENTED_EDGE('',*,*,#9235,.F.);
#9260 = ORIENTED_EDGE('',*,*,#7880,.T.);
#9261 = ORIENTED_EDGE('',*,*,#9262,.T.);
#9262 = EDGE_CURVE('',#7857,#9263,#9265,.T.);
#9263 = VERTEX_POINT('',#9264);
#9264 = CARTESIAN_POINT('',(179.,35.708892449921,35.001785668734));
#9265 = SURFACE_CURVE('',#9266,(#9270,#9277),.PCURVE_S1.);
#9266 = LINE('',#9267,#9268);
#9267 = CARTESIAN_POINT('',(179.,34.294678887548,36.415999231107));
#9268 = VECTOR('',#9269,1.);
#9269 = DIRECTION('',(0.,0.707106781187,-0.707106781187));
#9270 = PCURVE('',#7894,#9271);
#9271 = DEFINITIONAL_REPRESENTATION('',(#9272),#9276);
#9272 = LINE('',#9273,#9274);
#9273 = CARTESIAN_POINT('',(19.,-1.5));
#9274 = VECTOR('',#9275,1.);
#9275 = DIRECTION('',(0.,1.));
#9276 = ( GEOMETRIC_REPRESENTATION_CONTEXT(2) 
PARAMETRIC_REPRESENTATION_CONTEXT() REPRESENTATION_CONTEXT('2D SPACE',''
  ) );
#9277 = PCURVE('',#5824,#9278);
#9278 = DEFINITIONAL_REPRESENTATION('',(#9279),#9283);
#9279 = LINE('',#9280,#9281);
#9280 = CARTESIAN_POINT('',(0.,0.));
#9281 = VECTOR('',#9282,1.);
#9282 = DIRECTION('',(0.,1.));
#9283 = ( GEOMETRIC_REPRESENTATION_CONTEXT(2) 
PARAMETRIC_REPRESENTATION_CONTEXT() REPRESENTATION_CONTEXT('2D SPACE',''
  ) );
#9284 = ORIENTED_EDGE('',*,*,#9285,.F.);
#9285 = EDGE_CURVE('',#9185,#9263,#9286,.T.);
#9286 = SURFACE_CURVE('',#9287,(#9291,#9298),.PCURVE_S1.);
#9287 = LINE('',#9288,#9289);
#9288 = CARTESIAN_POINT('',(160.,35.708892449921,35.001785668734));
#9289 = VECTOR('',#9290,1.);
#9290 = DIRECTION('',(1.,0.,0.));
#9291 = PCURVE('',#7894,#9292);
#9292 = DEFINITIONAL_REPRESENTATION('',(#9293),#9297);
#9293 = LINE('',#9294,#9295);
#9294 = CARTESIAN_POINT('',(0.,0.5));
#9295 = VECTOR('',#9296,1.);
#9296 = DIRECTION('',(1.,0.));
#9297 = ( GEOMETRIC_REPRESENTATION_CONTEXT(2) 
PARAMETRIC_REPRESENTATION_CONTEXT() REPRESENTATION_CONTEXT('2D SPACE',''
  ) );
#9298 = PCURVE('',#8094,#9299);
#9299 = DEFINITIONAL_REPRESENTATION('',(#9300),#9304);
#9300 = LINE('',#9301,#9302);
#9301 = CARTESIAN_POINT('',(-0.,0.));
#9302 = VECTOR('',#9303,1.);
#9303 = DIRECTION('',(-0.,1.));
#9304 = ( GEOMETRIC_REPRESENTATION_CONTEXT(2) 
PARAMETRIC_REPRESENTATION_CONTEXT() REPRESENTATION_CONTEXT('2D SPACE',''
  ) );
#9305 = ADVANCED_FACE('',(#9306),#5824,.T.);
#9306 = FACE_BOUND('',#9307,.T.);
#9307 = EDGE_LOOP('',(#9308,#9309,#9310,#9332));
#9308 = ORIENTED_EDGE('',*,*,#7909,.F.);
#9309 = ORIENTED_EDGE('',*,*,#5808,.T.);
#9310 = ORIENTED_EDGE('',*,*,#9311,.F.);
#9311 = EDGE_CURVE('',#9263,#5786,#9312,.T.);
#9312 = SURFACE_CURVE('',#9313,(#9318,#9325),.PCURVE_S1.);
#9313 = CIRCLE('',#9314,1.);
#9314 = AXIS2_PLACEMENT_3D('',#9315,#9316,#9317);
#9315 = CARTESIAN_POINT('',(179.,35.001785668734,34.294678887548));
#9316 = DIRECTION('',(0.,0.707106781187,-0.707106781187));
#9317 = DIRECTION('',(0.,0.707106781187,0.707106781187));
#9318 = PCURVE('',#5824,#9319);
#9319 = DEFINITIONAL_REPRESENTATION('',(#9320),#9324);
#9320 = LINE('',#9321,#9322);
#9321 = CARTESIAN_POINT('',(0.,2.));
#9322 = VECTOR('',#9323,1.);
#9323 = DIRECTION('',(1.,0.));
#9324 = ( GEOMETRIC_REPRESENTATION_CONTEXT(2) 
PARAMETRIC_REPRESENTATION_CONTEXT() REPRESENTATION_CONTEXT('2D SPACE',''
  ) );
#9325 = PCURVE('',#8040,#9326);
#9326 = DEFINITIONAL_REPRESENTATION('',(#9327),#9331);
#9327 = LINE('',#9328,#9329);
#9328 = CARTESIAN_POINT('',(-0.,0.));
#9329 = VECTOR('',#9330,1.);
#9330 = DIRECTION('',(-1.,0.));
#9331 = ( GEOMETRIC_REPRESENTATION_CONTEXT(2) 
PARAMETRIC_REPRESENTATION_CONTEXT() REPRESENTATION_CONTEXT('2D SPACE',''
  ) );
#9332 = ORIENTED_EDGE('',*,*,#9262,.F.);
#9333 = ADVANCED_FACE('',(#9334),#7954,.T.);
#9334 = FACE_BOUND('',#9335,.T.);
#9335 = EDGE_LOOP('',(#9336,#9337,#9338,#9362));
#9336 = ORIENTED_EDGE('',*,*,#9133,.F.);
#9337 = ORIENTED_EDGE('',*,*,#7938,.T.);
#9338 = ORIENTED_EDGE('',*,*,#9339,.F.);
#9339 = EDGE_CURVE('',#9340,#7939,#9342,.T.);
#9340 = VERTEX_POINT('',#9341);
#9341 = CARTESIAN_POINT('',(179.,35.708892449921,-35.00178566873));
#9342 = SURFACE_CURVE('',#9343,(#9348,#9355),.PCURVE_S1.);
#9343 = CIRCLE('',#9344,1.);
#9344 = AXIS2_PLACEMENT_3D('',#9345,#9346,#9347);
#9345 = CARTESIAN_POINT('',(179.,35.001785668734,-34.29467888754));
#9346 = DIRECTION('',(1.,-0.,0.));
#9347 = DIRECTION('',(0.,0.707106781187,-0.707106781187));
#9348 = PCURVE('',#7954,#9349);
#9349 = DEFINITIONAL_REPRESENTATION('',(#9350),#9354);
#9350 = LINE('',#9351,#9352);
#9351 = CARTESIAN_POINT('',(0.,19.));
#9352 = VECTOR('',#9353,1.);
#9353 = DIRECTION('',(1.,0.));
#9354 = ( GEOMETRIC_REPRESENTATION_CONTEXT(2) 
PARAMETRIC_REPRESENTATION_CONTEXT() REPRESENTATION_CONTEXT('2D SPACE',''
  ) );
#9355 = PCURVE('',#8005,#9356);
#9356 = DEFINITIONAL_REPRESENTATION('',(#9357),#9361);
#9357 = LINE('',#9358,#9359);
#9358 = CARTESIAN_POINT('',(-0.,0.));
#9359 = VECTOR('',#9360,1.);
#9360 = DIRECTION('',(-1.,0.));
#9361 = ( GEOMETRIC_REPRESENTATION_CONTEXT(2) 
PARAMETRIC_REPRESENTATION_CONTEXT() REPRESENTATION_CONTEXT('2D SPACE',''
  ) );
#9362 = ORIENTED_EDGE('',*,*,#9363,.F.);
#9363 = EDGE_CURVE('',#9134,#9340,#9364,.T.);
#9364 = SURFACE_CURVE('',#9365,(#9369,#9376),.PCURVE_S1.);
#9365 = LINE('',#9366,#9367);
#9366 = CARTESIAN_POINT('',(160.,35.708892449921,-35.00178566873));
#9367 = VECTOR('',#9368,1.);
#9368 = DIRECTION('',(1.,0.,0.));
#9369 = PCURVE('',#7954,#9370);
#9370 = DEFINITIONAL_REPRESENTATION('',(#9371),#9375);
#9371 = LINE('',#9372,#9373);
#9372 = CARTESIAN_POINT('',(0.,0.));
#9373 = VECTOR('',#9374,1.);
#9374 = DIRECTION('',(0.,1.));
#9375 = ( GEOMETRIC_REPRESENTATION_CONTEXT(2) 
PARAMETRIC_REPRESENTATION_CONTEXT() REPRESENTATION_CONTEXT('2D SPACE',''
  ) );
#9376 = PCURVE('',#9377,#9382);
#9377 = PLANE('',#9378);
#9378 = AXIS2_PLACEMENT_3D('',#9379,#9380,#9381);
#9379 = CARTESIAN_POINT('',(160.,35.355339059327,-35.35533905932));
#9380 = DIRECTION('',(0.,0.707106781187,-0.707106781187));
#9381 = DIRECTION('',(1.,0.,0.));
#9382 = DEFINITIONAL_REPRESENTATION('',(#9383),#9387);
#9383 = LINE('',#9384,#9385);
#9384 = CARTESIAN_POINT('',(0.,-0.5));
#9385 = VECTOR('',#9386,1.);
#9386 = DIRECTION('',(1.,0.));
#9387 = ( GEOMETRIC_REPRESENTATION_CONTEXT(2) 
PARAMETRIC_REPRESENTATION_CONTEXT() REPRESENTATION_CONTEXT('2D SPACE',''
  ) );
#9388 = ADVANCED_FACE('',(#9389),#8005,.T.);
#9389 = FACE_BOUND('',#9390,.F.);
#9390 = EDGE_LOOP('',(#9391,#9413,#9414));
#9391 = ORIENTED_EDGE('',*,*,#9392,.F.);
#9392 = EDGE_CURVE('',#6029,#9340,#9393,.T.);
#9393 = SURFACE_CURVE('',#9394,(#9399,#9406),.PCURVE_S1.);
#9394 = CIRCLE('',#9395,1.);
#9395 = AXIS2_PLACEMENT_3D('',#9396,#9397,#9398);
#9396 = CARTESIAN_POINT('',(179.,35.001785668734,-34.29467888754));
#9397 = DIRECTION('',(0.,0.707106781187,0.707106781187));
#9398 = DIRECTION('',(0.,0.707106781187,-0.707106781187));
#9399 = PCURVE('',#8005,#9400);
#9400 = DEFINITIONAL_REPRESENTATION('',(#9401),#9405);
#9401 = LINE('',#9402,#9403);
#9402 = CARTESIAN_POINT('',(-0.,-6.28318530718));
#9403 = VECTOR('',#9404,1.);
#9404 = DIRECTION('',(-0.,1.));
#9405 = ( GEOMETRIC_REPRESENTATION_CONTEXT(2) 
PARAMETRIC_REPRESENTATION_CONTEXT() REPRESENTATION_CONTEXT('2D SPACE',''
  ) );
#9406 = PCURVE('',#6044,#9407);
#9407 = DEFINITIONAL_REPRESENTATION('',(#9408),#9412);
#9408 = LINE('',#9409,#9410);
#9409 = CARTESIAN_POINT('',(6.28318530718,1.));
#9410 = VECTOR('',#9411,1.);
#9411 = DIRECTION('',(-1.,-0.));
#9412 = ( GEOMETRIC_REPRESENTATION_CONTEXT(2) 
PARAMETRIC_REPRESENTATION_CONTEXT() REPRESENTATION_CONTEXT('2D SPACE',''
  ) );
#9413 = ORIENTED_EDGE('',*,*,#7990,.T.);
#9414 = ORIENTED_EDGE('',*,*,#9339,.F.);
#9415 = ADVANCED_FACE('',(#9416),#8040,.T.);
#9416 = FACE_BOUND('',#9417,.F.);
#9417 = EDGE_LOOP('',(#9418,#9440,#9441));
#9418 = ORIENTED_EDGE('',*,*,#9419,.F.);
#9419 = EDGE_CURVE('',#8024,#9263,#9420,.T.);
#9420 = SURFACE_CURVE('',#9421,(#9426,#9433),.PCURVE_S1.);
#9421 = CIRCLE('',#9422,1.);
#9422 = AXIS2_PLACEMENT_3D('',#9423,#9424,#9425);
#9423 = CARTESIAN_POINT('',(179.,35.001785668734,34.294678887548));
#9424 = DIRECTION('',(1.,0.,-0.));
#9425 = DIRECTION('',(0.,0.707106781187,0.707106781187));
#9426 = PCURVE('',#8040,#9427);
#9427 = DEFINITIONAL_REPRESENTATION('',(#9428),#9432);
#9428 = LINE('',#9429,#9430);
#9429 = CARTESIAN_POINT('',(-0.,-6.28318530718));
#9430 = VECTOR('',#9431,1.);
#9431 = DIRECTION('',(-0.,1.));
#9432 = ( GEOMETRIC_REPRESENTATION_CONTEXT(2) 
PARAMETRIC_REPRESENTATION_CONTEXT() REPRESENTATION_CONTEXT('2D SPACE',''
  ) );
#9433 = PCURVE('',#8094,#9434);
#9434 = DEFINITIONAL_REPRESENTATION('',(#9435),#9439);
#9435 = LINE('',#9436,#9437);
#9436 = CARTESIAN_POINT('',(-6.28318530718,19.));
#9437 = VECTOR('',#9438,1.);
#9438 = DIRECTION('',(1.,-0.));
#9439 = ( GEOMETRIC_REPRESENTATION_CONTEXT(2) 
PARAMETRIC_REPRESENTATION_CONTEXT() REPRESENTATION_CONTEXT('2D SPACE',''
  ) );
#9440 = ORIENTED_EDGE('',*,*,#8023,.T.);
#9441 = ORIENTED_EDGE('',*,*,#9311,.F.);
#9442 = ADVANCED_FACE('',(#9443),#8094,.T.);
#9443 = FACE_BOUND('',#9444,.F.);
#9444 = EDGE_LOOP('',(#9445,#9446,#9447,#9448));
#9445 = ORIENTED_EDGE('',*,*,#9184,.F.);
#9446 = ORIENTED_EDGE('',*,*,#8080,.T.);
#9447 = ORIENTED_EDGE('',*,*,#9419,.T.);
#9448 = ORIENTED_EDGE('',*,*,#9285,.F.);
#9449 = ADVANCED_FACE('',(#9450),#6044,.T.);
#9450 = FACE_BOUND('',#9451,.T.);
#9451 = EDGE_LOOP('',(#9452,#9453,#9454,#9478));
#9452 = ORIENTED_EDGE('',*,*,#9392,.F.);
#9453 = ORIENTED_EDGE('',*,*,#6028,.T.);
#9454 = ORIENTED_EDGE('',*,*,#9455,.F.);
#9455 = EDGE_CURVE('',#9456,#6006,#9458,.T.);
#9456 = VERTEX_POINT('',#9457);
#9457 = CARTESIAN_POINT('',(179.,35.001785668734,-35.70889244992));
#9458 = SURFACE_CURVE('',#9459,(#9464,#9471),.PCURVE_S1.);
#9459 = CIRCLE('',#9460,1.);
#9460 = AXIS2_PLACEMENT_3D('',#9461,#9462,#9463);
#9461 = CARTESIAN_POINT('',(179.,34.294678887548,-35.00178566873));
#9462 = DIRECTION('',(0.,-0.707106781187,-0.707106781187));
#9463 = DIRECTION('',(0.,0.707106781187,-0.707106781187));
#9464 = PCURVE('',#6044,#9465);
#9465 = DEFINITIONAL_REPRESENTATION('',(#9466),#9470);
#9466 = LINE('',#9467,#9468);
#9467 = CARTESIAN_POINT('',(0.,2.));
#9468 = VECTOR('',#9469,1.);
#9469 = DIRECTION('',(1.,0.));
#9470 = ( GEOMETRIC_REPRESENTATION_CONTEXT(2) 
PARAMETRIC_REPRESENTATION_CONTEXT() REPRESENTATION_CONTEXT('2D SPACE',''
  ) );
#9471 = PCURVE('',#8214,#9472);
#9472 = DEFINITIONAL_REPRESENTATION('',(#9473),#9477);
#9473 = LINE('',#9474,#9475);
#9474 = CARTESIAN_POINT('',(-0.,0.));
#9475 = VECTOR('',#9476,1.);
#9476 = DIRECTION('',(-1.,0.));
#9477 = ( GEOMETRIC_REPRESENTATION_CONTEXT(2) 
PARAMETRIC_REPRESENTATION_CONTEXT() REPRESENTATION_CONTEXT('2D SPACE',''
  ) );
#9478 = ORIENTED_EDGE('',*,*,#9479,.F.);
#9479 = EDGE_CURVE('',#9340,#9456,#9480,.T.);
#9480 = SURFACE_CURVE('',#9481,(#9485,#9492),.PCURVE_S1.);
#9481 = LINE('',#9482,#9483);
#9482 = CARTESIAN_POINT('',(179.,36.415999231107,-34.29467888754));
#9483 = VECTOR('',#9484,1.);
#9484 = DIRECTION('',(0.,-0.707106781187,-0.707106781187));
#9485 = PCURVE('',#6044,#9486);
#9486 = DEFINITIONAL_REPRESENTATION('',(#9487),#9491);
#9487 = LINE('',#9488,#9489);
#9488 = CARTESIAN_POINT('',(0.,0.));
#9489 = VECTOR('',#9490,1.);
#9490 = DIRECTION('',(0.,1.));
#9491 = ( GEOMETRIC_REPRESENTATION_CONTEXT(2) 
PARAMETRIC_REPRESENTATION_CONTEXT() REPRESENTATION_CONTEXT('2D SPACE',''
  ) );
#9492 = PCURVE('',#9377,#9493);
#9493 = DEFINITIONAL_REPRESENTATION('',(#9494),#9498);
#9494 = LINE('',#9495,#9496);
#9495 = CARTESIAN_POINT('',(19.,-1.5));
#9496 = VECTOR('',#9497,1.);
#9497 = DIRECTION('',(0.,1.));
#9498 = ( GEOMETRIC_REPRESENTATION_CONTEXT(2) 
PARAMETRIC_REPRESENTATION_CONTEXT() REPRESENTATION_CONTEXT('2D SPACE',''
  ) );
#9499 = ADVANCED_FACE('',(#9500),#8128,.T.);
#9500 = FACE_BOUND('',#9501,.T.);
#9501 = EDGE_LOOP('',(#9502,#9503,#9504,#9528));
#9502 = ORIENTED_EDGE('',*,*,#9001,.F.);
#9503 = ORIENTED_EDGE('',*,*,#8112,.T.);
#9504 = ORIENTED_EDGE('',*,*,#9505,.F.);
#9505 = EDGE_CURVE('',#9506,#8113,#9508,.T.);
#9506 = VERTEX_POINT('',#9507);
#9507 = CARTESIAN_POINT('',(179.,-35.00178566873,-35.70889244992));
#9508 = SURFACE_CURVE('',#9509,(#9514,#9521),.PCURVE_S1.);
#9509 = CIRCLE('',#9510,1.);
#9510 = AXIS2_PLACEMENT_3D('',#9511,#9512,#9513);
#9511 = CARTESIAN_POINT('',(179.,-34.29467888754,-35.00178566873));
#9512 = DIRECTION('',(1.,0.,0.));
#9513 = DIRECTION('',(0.,-0.707106781187,-0.707106781187));
#9514 = PCURVE('',#8128,#9515);
#9515 = DEFINITIONAL_REPRESENTATION('',(#9516),#9520);
#9516 = LINE('',#9517,#9518);
#9517 = CARTESIAN_POINT('',(0.,19.));
#9518 = VECTOR('',#9519,1.);
#9519 = DIRECTION('',(1.,0.));
#9520 = ( GEOMETRIC_REPRESENTATION_CONTEXT(2) 
PARAMETRIC_REPRESENTATION_CONTEXT() REPRESENTATION_CONTEXT('2D SPACE',''
  ) );
#9521 = PCURVE('',#8179,#9522);
#9522 = DEFINITIONAL_REPRESENTATION('',(#9523),#9527);
#9523 = LINE('',#9524,#9525);
#9524 = CARTESIAN_POINT('',(-0.,0.));
#9525 = VECTOR('',#9526,1.);
#9526 = DIRECTION('',(-1.,0.));
#9527 = ( GEOMETRIC_REPRESENTATION_CONTEXT(2) 
PARAMETRIC_REPRESENTATION_CONTEXT() REPRESENTATION_CONTEXT('2D SPACE',''
  ) );
#9528 = ORIENTED_EDGE('',*,*,#9529,.F.);
#9529 = EDGE_CURVE('',#9002,#9506,#9530,.T.);
#9530 = SURFACE_CURVE('',#9531,(#9535,#9542),.PCURVE_S1.);
#9531 = LINE('',#9532,#9533);
#9532 = CARTESIAN_POINT('',(160.,-35.00178566873,-35.70889244992));
#9533 = VECTOR('',#9534,1.);
#9534 = DIRECTION('',(1.,0.,0.));
#9535 = PCURVE('',#8128,#9536);
#9536 = DEFINITIONAL_REPRESENTATION('',(#9537),#9541);
#9537 = LINE('',#9538,#9539);
#9538 = CARTESIAN_POINT('',(0.,0.));
#9539 = VECTOR('',#9540,1.);
#9540 = DIRECTION('',(0.,1.));
#9541 = ( GEOMETRIC_REPRESENTATION_CONTEXT(2) 
PARAMETRIC_REPRESENTATION_CONTEXT() REPRESENTATION_CONTEXT('2D SPACE',''
  ) );
#9542 = PCURVE('',#9543,#9548);
#9543 = PLANE('',#9544);
#9544 = AXIS2_PLACEMENT_3D('',#9545,#9546,#9547);
#9545 = CARTESIAN_POINT('',(160.,-35.35533905932,-35.35533905932));
#9546 = DIRECTION('',(0.,-0.707106781187,-0.707106781187));
#9547 = DIRECTION('',(1.,0.,0.));
#9548 = DEFINITIONAL_REPRESENTATION('',(#9549),#9553);
#9549 = LINE('',#9550,#9551);
#9550 = CARTESIAN_POINT('',(0.,-0.5));
#9551 = VECTOR('',#9552,1.);
#9552 = DIRECTION('',(1.,0.));
#9553 = ( GEOMETRIC_REPRESENTATION_CONTEXT(2) 
PARAMETRIC_REPRESENTATION_CONTEXT() REPRESENTATION_CONTEXT('2D SPACE',''
  ) );
#9554 = ADVANCED_FACE('',(#9555),#8179,.T.);
#9555 = FACE_BOUND('',#9556,.F.);
#9556 = EDGE_LOOP('',(#9557,#9579,#9580));
#9557 = ORIENTED_EDGE('',*,*,#9558,.F.);
#9558 = EDGE_CURVE('',#5956,#9506,#9559,.T.);
#9559 = SURFACE_CURVE('',#9560,(#9565,#9572),.PCURVE_S1.);
#9560 = CIRCLE('',#9561,1.);
#9561 = AXIS2_PLACEMENT_3D('',#9562,#9563,#9564);
#9562 = CARTESIAN_POINT('',(179.,-34.29467888754,-35.00178566873));
#9563 = DIRECTION('',(0.,0.707106781187,-0.707106781187));
#9564 = DIRECTION('',(0.,-0.707106781187,-0.707106781187));
#9565 = PCURVE('',#8179,#9566);
#9566 = DEFINITIONAL_REPRESENTATION('',(#9567),#9571);
#9567 = LINE('',#9568,#9569);
#9568 = CARTESIAN_POINT('',(-0.,-6.28318530718));
#9569 = VECTOR('',#9570,1.);
#9570 = DIRECTION('',(-0.,1.));
#9571 = ( GEOMETRIC_REPRESENTATION_CONTEXT(2) 
PARAMETRIC_REPRESENTATION_CONTEXT() REPRESENTATION_CONTEXT('2D SPACE',''
  ) );
#9572 = PCURVE('',#5971,#9573);
#9573 = DEFINITIONAL_REPRESENTATION('',(#9574),#9578);
#9574 = LINE('',#9575,#9576);
#9575 = CARTESIAN_POINT('',(6.28318530718,1.));
#9576 = VECTOR('',#9577,1.);
#9577 = DIRECTION('',(-1.,-0.));
#9578 = ( GEOMETRIC_REPRESENTATION_CONTEXT(2) 
PARAMETRIC_REPRESENTATION_CONTEXT() REPRESENTATION_CONTEXT('2D SPACE',''
  ) );
#9579 = ORIENTED_EDGE('',*,*,#8164,.T.);
#9580 = ORIENTED_EDGE('',*,*,#9505,.F.);
#9581 = ADVANCED_FACE('',(#9582),#8214,.T.);
#9582 = FACE_BOUND('',#9583,.F.);
#9583 = EDGE_LOOP('',(#9584,#9606,#9607));
#9584 = ORIENTED_EDGE('',*,*,#9585,.F.);
#9585 = EDGE_CURVE('',#8198,#9456,#9586,.T.);
#9586 = SURFACE_CURVE('',#9587,(#9592,#9599),.PCURVE_S1.);
#9587 = CIRCLE('',#9588,1.);
#9588 = AXIS2_PLACEMENT_3D('',#9589,#9590,#9591);
#9589 = CARTESIAN_POINT('',(179.,34.294678887548,-35.00178566873));
#9590 = DIRECTION('',(1.,-0.,0.));
#9591 = DIRECTION('',(0.,0.707106781187,-0.707106781187));
#9592 = PCURVE('',#8214,#9593);
#9593 = DEFINITIONAL_REPRESENTATION('',(#9594),#9598);
#9594 = LINE('',#9595,#9596);
#9595 = CARTESIAN_POINT('',(-0.,-6.28318530718));
#9596 = VECTOR('',#9597,1.);
#9597 = DIRECTION('',(-0.,1.));
#9598 = ( GEOMETRIC_REPRESENTATION_CONTEXT(2) 
PARAMETRIC_REPRESENTATION_CONTEXT() REPRESENTATION_CONTEXT('2D SPACE',''
  ) );
#9599 = PCURVE('',#8268,#9600);
#9600 = DEFINITIONAL_REPRESENTATION('',(#9601),#9605);
#9601 = LINE('',#9602,#9603);
#9602 = CARTESIAN_POINT('',(-6.28318530718,19.));
#9603 = VECTOR('',#9604,1.);
#9604 = DIRECTION('',(1.,-0.));
#9605 = ( GEOMETRIC_REPRESENTATION_CONTEXT(2) 
PARAMETRIC_REPRESENTATION_CONTEXT() REPRESENTATION_CONTEXT('2D SPACE',''
  ) );
#9606 = ORIENTED_EDGE('',*,*,#8197,.T.);
#9607 = ORIENTED_EDGE('',*,*,#9455,.F.);
#9608 = ADVANCED_FACE('',(#9609),#8268,.T.);
#9609 = FACE_BOUND('',#9610,.F.);
#9610 = EDGE_LOOP('',(#9611,#9612,#9613,#9614));
#9611 = ORIENTED_EDGE('',*,*,#9084,.F.);
#9612 = ORIENTED_EDGE('',*,*,#8254,.T.);
#9613 = ORIENTED_EDGE('',*,*,#9585,.T.);
#9614 = ORIENTED_EDGE('',*,*,#9615,.F.);
#9615 = EDGE_CURVE('',#9085,#9456,#9616,.T.);
#9616 = SURFACE_CURVE('',#9617,(#9621,#9628),.PCURVE_S1.);
#9617 = LINE('',#9618,#9619);
#9618 = CARTESIAN_POINT('',(160.,35.001785668734,-35.70889244992));
#9619 = VECTOR('',#9620,1.);
#9620 = DIRECTION('',(1.,0.,0.));
#9621 = PCURVE('',#8268,#9622);
#9622 = DEFINITIONAL_REPRESENTATION('',(#9623),#9627);
#9623 = LINE('',#9624,#9625);
#9624 = CARTESIAN_POINT('',(-0.,0.));
#9625 = VECTOR('',#9626,1.);
#9626 = DIRECTION('',(-0.,1.));
#9627 = ( GEOMETRIC_REPRESENTATION_CONTEXT(2) 
PARAMETRIC_REPRESENTATION_CONTEXT() REPRESENTATION_CONTEXT('2D SPACE',''
  ) );
#9628 = PCURVE('',#9377,#9629);
#9629 = DEFINITIONAL_REPRESENTATION('',(#9630),#9634);
#9630 = LINE('',#9631,#9632);
#9631 = CARTESIAN_POINT('',(0.,0.5));
#9632 = VECTOR('',#9633,1.);
#9633 = DIRECTION('',(1.,0.));
#9634 = ( GEOMETRIC_REPRESENTATION_CONTEXT(2) 
PARAMETRIC_REPRESENTATION_CONTEXT() REPRESENTATION_CONTEXT('2D SPACE',''
  ) );
#9635 = ADVANCED_FACE('',(#9636),#5971,.T.);
#9636 = FACE_BOUND('',#9637,.T.);
#9637 = EDGE_LOOP('',(#9638,#9639,#9640,#9664));
#9638 = ORIENTED_EDGE('',*,*,#9558,.F.);
#9639 = ORIENTED_EDGE('',*,*,#5955,.T.);
#9640 = ORIENTED_EDGE('',*,*,#9641,.F.);
#9641 = EDGE_CURVE('',#9642,#5933,#9644,.T.);
#9642 = VERTEX_POINT('',#9643);
#9643 = CARTESIAN_POINT('',(179.,-35.70889244992,-35.00178566873));
#9644 = SURFACE_CURVE('',#9645,(#9650,#9657),.PCURVE_S1.);
#9645 = CIRCLE('',#9646,1.);
#9646 = AXIS2_PLACEMENT_3D('',#9647,#9648,#9649);
#9647 = CARTESIAN_POINT('',(179.,-35.00178566873,-34.29467888754));
#9648 = DIRECTION('',(0.,-0.707106781187,0.707106781187));
#9649 = DIRECTION('',(0.,-0.707106781187,-0.707106781187));
#9650 = PCURVE('',#5971,#9651);
#9651 = DEFINITIONAL_REPRESENTATION('',(#9652),#9656);
#9652 = LINE('',#9653,#9654);
#9653 = CARTESIAN_POINT('',(0.,2.));
#9654 = VECTOR('',#9655,1.);
#9655 = DIRECTION('',(1.,0.));
#9656 = ( GEOMETRIC_REPRESENTATION_CONTEXT(2) 
PARAMETRIC_REPRESENTATION_CONTEXT() REPRESENTATION_CONTEXT('2D SPACE',''
  ) );
#9657 = PCURVE('',#8500,#9658);
#9658 = DEFINITIONAL_REPRESENTATION('',(#9659),#9663);
#9659 = LINE('',#9660,#9661);
#9660 = CARTESIAN_POINT('',(-0.,0.));
#9661 = VECTOR('',#9662,1.);
#9662 = DIRECTION('',(-1.,0.));
#9663 = ( GEOMETRIC_REPRESENTATION_CONTEXT(2) 
PARAMETRIC_REPRESENTATION_CONTEXT() REPRESENTATION_CONTEXT('2D SPACE',''
  ) );
#9664 = ORIENTED_EDGE('',*,*,#9665,.F.);
#9665 = EDGE_CURVE('',#9506,#9642,#9666,.T.);
#9666 = SURFACE_CURVE('',#9667,(#9671,#9678),.PCURVE_S1.);
#9667 = LINE('',#9668,#9669);
#9668 = CARTESIAN_POINT('',(179.,-34.29467888754,-36.4159992311));
#9669 = VECTOR('',#9670,1.);
#9670 = DIRECTION('',(0.,-0.707106781187,0.707106781187));
#9671 = PCURVE('',#5971,#9672);
#9672 = DEFINITIONAL_REPRESENTATION('',(#9673),#9677);
#9673 = LINE('',#9674,#9675);
#9674 = CARTESIAN_POINT('',(0.,0.));
#9675 = VECTOR('',#9676,1.);
#9676 = DIRECTION('',(0.,1.));
#9677 = ( GEOMETRIC_REPRESENTATION_CONTEXT(2) 
PARAMETRIC_REPRESENTATION_CONTEXT() REPRESENTATION_CONTEXT('2D SPACE',''
  ) );
#9678 = PCURVE('',#9543,#9679);
#9679 = DEFINITIONAL_REPRESENTATION('',(#9680),#9684);
#9680 = LINE('',#9681,#9682);
#9681 = CARTESIAN_POINT('',(19.,-1.5));
#9682 = VECTOR('',#9683,1.);
#9683 = DIRECTION('',(0.,1.));
#9684 = ( GEOMETRIC_REPRESENTATION_CONTEXT(2) 
PARAMETRIC_REPRESENTATION_CONTEXT() REPRESENTATION_CONTEXT('2D SPACE',''
  ) );
#9685 = ADVANCED_FACE('',(#9686),#8414,.T.);
#9686 = FACE_BOUND('',#9687,.T.);
#9687 = EDGE_LOOP('',(#9688,#9689,#9690,#9712));
#9688 = ORIENTED_EDGE('',*,*,#8892,.F.);
#9689 = ORIENTED_EDGE('',*,*,#8398,.T.);
#9690 = ORIENTED_EDGE('',*,*,#9691,.F.);
#9691 = EDGE_CURVE('',#8711,#8399,#9692,.T.);
#9692 = SURFACE_CURVE('',#9693,(#9698,#9705),.PCURVE_S1.);
#9693 = CIRCLE('',#9694,1.);
#9694 = AXIS2_PLACEMENT_3D('',#9695,#9696,#9697);
#9695 = CARTESIAN_POINT('',(179.,-35.00178566873,34.294678887548));
#9696 = DIRECTION('',(1.,0.,0.));
#9697 = DIRECTION('',(0.,-0.707106781187,0.707106781187));
#9698 = PCURVE('',#8414,#9699);
#9699 = DEFINITIONAL_REPRESENTATION('',(#9700),#9704);
#9700 = LINE('',#9701,#9702);
#9701 = CARTESIAN_POINT('',(0.,19.));
#9702 = VECTOR('',#9703,1.);
#9703 = DIRECTION('',(1.,0.));
#9704 = ( GEOMETRIC_REPRESENTATION_CONTEXT(2) 
PARAMETRIC_REPRESENTATION_CONTEXT() REPRESENTATION_CONTEXT('2D SPACE',''
  ) );
#9705 = PCURVE('',#8465,#9706);
#9706 = DEFINITIONAL_REPRESENTATION('',(#9707),#9711);
#9707 = LINE('',#9708,#9709);
#9708 = CARTESIAN_POINT('',(-0.,0.));
#9709 = VECTOR('',#9710,1.);
#9710 = DIRECTION('',(-1.,0.));
#9711 = ( GEOMETRIC_REPRESENTATION_CONTEXT(2) 
PARAMETRIC_REPRESENTATION_CONTEXT() REPRESENTATION_CONTEXT('2D SPACE',''
  ) );
#9712 = ORIENTED_EDGE('',*,*,#8783,.F.);
#9713 = ADVANCED_FACE('',(#9714),#8465,.T.);
#9714 = FACE_BOUND('',#9715,.F.);
#9715 = EDGE_LOOP('',(#9716,#9717,#9718));
#9716 = ORIENTED_EDGE('',*,*,#8710,.F.);
#9717 = ORIENTED_EDGE('',*,*,#8450,.T.);
#9718 = ORIENTED_EDGE('',*,*,#9691,.F.);
#9719 = ADVANCED_FACE('',(#9720),#8500,.T.);
#9720 = FACE_BOUND('',#9721,.F.);
#9721 = EDGE_LOOP('',(#9722,#9744,#9745));
#9722 = ORIENTED_EDGE('',*,*,#9723,.F.);
#9723 = EDGE_CURVE('',#8484,#9642,#9724,.T.);
#9724 = SURFACE_CURVE('',#9725,(#9730,#9737),.PCURVE_S1.);
#9725 = CIRCLE('',#9726,1.);
#9726 = AXIS2_PLACEMENT_3D('',#9727,#9728,#9729);
#9727 = CARTESIAN_POINT('',(179.,-35.00178566873,-34.29467888754));
#9728 = DIRECTION('',(1.,0.,0.));
#9729 = DIRECTION('',(0.,-0.707106781187,-0.707106781187));
#9730 = PCURVE('',#8500,#9731);
#9731 = DEFINITIONAL_REPRESENTATION('',(#9732),#9736);
#9732 = LINE('',#9733,#9734);
#9733 = CARTESIAN_POINT('',(-0.,-6.28318530718));
#9734 = VECTOR('',#9735,1.);
#9735 = DIRECTION('',(-0.,1.));
#9736 = ( GEOMETRIC_REPRESENTATION_CONTEXT(2) 
PARAMETRIC_REPRESENTATION_CONTEXT() REPRESENTATION_CONTEXT('2D SPACE',''
  ) );
#9737 = PCURVE('',#8554,#9738);
#9738 = DEFINITIONAL_REPRESENTATION('',(#9739),#9743);
#9739 = LINE('',#9740,#9741);
#9740 = CARTESIAN_POINT('',(-6.28318530718,19.));
#9741 = VECTOR('',#9742,1.);
#9742 = DIRECTION('',(1.,-0.));
#9743 = ( GEOMETRIC_REPRESENTATION_CONTEXT(2) 
PARAMETRIC_REPRESENTATION_CONTEXT() REPRESENTATION_CONTEXT('2D SPACE',''
  ) );
#9744 = ORIENTED_EDGE('',*,*,#8483,.T.);
#9745 = ORIENTED_EDGE('',*,*,#9641,.F.);
#9746 = ADVANCED_FACE('',(#9747),#8554,.T.);
#9747 = FACE_BOUND('',#9748,.F.);
#9748 = EDGE_LOOP('',(#9749,#9750,#9751,#9752));
#9749 = ORIENTED_EDGE('',*,*,#8952,.F.);
#9750 = ORIENTED_EDGE('',*,*,#8540,.T.);
#9751 = ORIENTED_EDGE('',*,*,#9723,.T.);
#9752 = ORIENTED_EDGE('',*,*,#9753,.F.);
#9753 = EDGE_CURVE('',#8953,#9642,#9754,.T.);
#9754 = SURFACE_CURVE('',#9755,(#9759,#9766),.PCURVE_S1.);
#9755 = LINE('',#9756,#9757);
#9756 = CARTESIAN_POINT('',(160.,-35.70889244992,-35.00178566873));
#9757 = VECTOR('',#9758,1.);
#9758 = DIRECTION('',(1.,0.,0.));
#9759 = PCURVE('',#8554,#9760);
#9760 = DEFINITIONAL_REPRESENTATION('',(#9761),#9765);
#9761 = LINE('',#9762,#9763);
#9762 = CARTESIAN_POINT('',(-0.,0.));
#9763 = VECTOR('',#9764,1.);
#9764 = DIRECTION('',(-0.,1.));
#9765 = ( GEOMETRIC_REPRESENTATION_CONTEXT(2) 
PARAMETRIC_REPRESENTATION_CONTEXT() REPRESENTATION_CONTEXT('2D SPACE',''
  ) );
#9766 = PCURVE('',#9543,#9767);
#9767 = DEFINITIONAL_REPRESENTATION('',(#9768),#9772);
#9768 = LINE('',#9769,#9770);
#9769 = CARTESIAN_POINT('',(0.,0.5));
#9770 = VECTOR('',#9771,1.);
#9771 = DIRECTION('',(1.,0.));
#9772 = ( GEOMETRIC_REPRESENTATION_CONTEXT(2) 
PARAMETRIC_REPRESENTATION_CONTEXT() REPRESENTATION_CONTEXT('2D SPACE',''
  ) );
#9773 = ADVANCED_FACE('',(#9774),#8589,.F.);
#9774 = FACE_BOUND('',#9775,.F.);
#9775 = EDGE_LOOP('',(#9776,#9805,#9826,#9827,#9854,#9898,#9923,#9924));
#9776 = ORIENTED_EDGE('',*,*,#9777,.T.);
#9777 = EDGE_CURVE('',#9778,#9778,#9780,.T.);
#9778 = VERTEX_POINT('',#9779);
#9779 = CARTESIAN_POINT('',(137.,5.387116190856E-15,21.994570984085));
#9780 = SURFACE_CURVE('',#9781,(#9786,#9793),.PCURVE_S1.);
#9781 = CIRCLE('',#9782,21.994570984085);
#9782 = AXIS2_PLACEMENT_3D('',#9783,#9784,#9785);
#9783 = CARTESIAN_POINT('',(137.,0.,0.));
#9784 = DIRECTION('',(1.,0.,0.));
#9785 = DIRECTION('',(-0.,0.,1.));
#9786 = PCURVE('',#8589,#9787);
#9787 = DEFINITIONAL_REPRESENTATION('',(#9788),#9792);
#9788 = LINE('',#9789,#9790);
#9789 = CARTESIAN_POINT('',(-0.,-2.));
#9790 = VECTOR('',#9791,1.);
#9791 = DIRECTION('',(-1.,-0.));
#9792 = ( GEOMETRIC_REPRESENTATION_CONTEXT(2) 
PARAMETRIC_REPRESENTATION_CONTEXT() REPRESENTATION_CONTEXT('2D SPACE',''
  ) );
#9793 = PCURVE('',#9794,#9799);
#9794 = PLANE('',#9795);
#9795 = AXIS2_PLACEMENT_3D('',#9796,#9797,#9798);
#9796 = CARTESIAN_POINT('',(137.,0.,0.));
#9797 = DIRECTION('',(1.,0.,0.));
#9798 = DIRECTION('',(-0.,0.,1.));
#9799 = DEFINITIONAL_REPRESENTATION('',(#9800),#9804);
#9800 = CIRCLE('',#9801,21.994570984085);
#9801 = AXIS2_PLACEMENT_2D('',#9802,#9803);
#9802 = CARTESIAN_POINT('',(0.,0.));
#9803 = DIRECTION('',(1.,0.));
#9804 = ( GEOMETRIC_REPRESENTATION_CONTEXT(2) 
PARAMETRIC_REPRESENTATION_CONTEXT() REPRESENTATION_CONTEXT('2D SPACE',''
  ) );
#9805 = ORIENTED_EDGE('',*,*,#9806,.T.);
#9806 = EDGE_CURVE('',#9778,#8573,#9807,.T.);
#9807 = SEAM_CURVE('',#9808,(#9812,#9819),.PCURVE_S1.);
#9808 = LINE('',#9809,#9810);
#9809 = CARTESIAN_POINT('',(135.,5.495973684113E-15,22.43901542853));
#9810 = VECTOR('',#9811,1.);
#9811 = DIRECTION('',(0.976187060184,-5.313263816104E-17,-0.216930457819
    ));
#9812 = PCURVE('',#8589,#9813);
#9813 = DEFINITIONAL_REPRESENTATION('',(#9814),#9818);
#9814 = LINE('',#9815,#9816);
#9815 = CARTESIAN_POINT('',(0.,-0.));
#9816 = VECTOR('',#9817,1.);
#9817 = DIRECTION('',(-0.,-1.));
#9818 = ( GEOMETRIC_REPRESENTATION_CONTEXT(2) 
PARAMETRIC_REPRESENTATION_CONTEXT() REPRESENTATION_CONTEXT('2D SPACE',''
  ) );
#9819 = PCURVE('',#8589,#9820);
#9820 = DEFINITIONAL_REPRESENTATION('',(#9821),#9825);
#9821 = LINE('',#9822,#9823);
#9822 = CARTESIAN_POINT('',(-6.28318530718,0.));
#9823 = VECTOR('',#9824,1.);
#9824 = DIRECTION('',(-0.,-1.));
#9825 = ( GEOMETRIC_REPRESENTATION_CONTEXT(2) 
PARAMETRIC_REPRESENTATION_CONTEXT() REPRESENTATION_CONTEXT('2D SPACE',''
  ) );
#9826 = ORIENTED_EDGE('',*,*,#8570,.F.);
#9827 = ORIENTED_EDGE('',*,*,#9828,.F.);
#9828 = EDGE_CURVE('',#9829,#8571,#9831,.T.);
#9829 = VERTEX_POINT('',#9830);
#9830 = CARTESIAN_POINT('',(170.71420250336,1.5,-14.42474470822));
#9831 = SURFACE_CURVE('',#9832,(#9837,#9847),.PCURVE_S1.);
#9832 = HYPERBOLA('',#9833,6.75,1.5);
#9833 = AXIS2_PLACEMENT_3D('',#9834,#9835,#9836);
#9834 = CARTESIAN_POINT('',(235.97556942838,1.5,0.));
#9835 = DIRECTION('',(0.,1.,0.));
#9836 = DIRECTION('',(-1.,0.,0.));
#9837 = PCURVE('',#8589,#9838);
#9838 = DEFINITIONAL_REPRESENTATION('',(#9839),#9846);
#9839 = B_SPLINE_CURVE_WITH_KNOTS('',5,(#9840,#9841,#9842,#9843,#9844,
    #9845),.UNSPECIFIED.,.F.,.F.,(6,6),(-2.985383561965,-2.84886577249),
  .PIECEWISE_BEZIER_KNOTS.);
#9840 = CARTESIAN_POINT('',(-3.242547068368,-34.));
#9841 = CARTESIAN_POINT('',(-3.245298803327,-35.81936052864));
#9842 = CARTESIAN_POINT('',(-3.248143975296,-37.57630952752));
#9843 = CARTESIAN_POINT('',(-3.251086771203,-39.27367254953));
#9844 = CARTESIAN_POINT('',(-3.254131650309,-40.91408165453));
#9845 = CARTESIAN_POINT('',(-3.257283377049,-42.5));
#9846 = ( GEOMETRIC_REPRESENTATION_CONTEXT(2) 
PARAMETRIC_REPRESENTATION_CONTEXT() REPRESENTATION_CONTEXT('2D SPACE',''
  ) );
#9847 = PCURVE('',#8690,#9848);
#9848 = DEFINITIONAL_REPRESENTATION('',(#9849),#9853);
#9849 = ( BOUNDED_CURVE() B_SPLINE_CURVE(2,(#9850,#9851,#9852),
.UNSPECIFIED.,.F.,.F.) B_SPLINE_CURVE_WITH_KNOTS((3,3),(-2.985383561965,
-2.84886577249),.PIECEWISE_BEZIER_KNOTS.) CURVE() 
GEOMETRIC_REPRESENTATION_ITEM() RATIONAL_B_SPLINE_CURVE((1.,
1.002330543032,1.)) REPRESENTATION_ITEM('') );
#9850 = CARTESIAN_POINT('',(2.192320310378,-6.));
#9851 = CARTESIAN_POINT('',(3.206673935568,-1.458649624549));
#9852 = CARTESIAN_POINT('',(4.092293965989,2.5));
#9853 = ( GEOMETRIC_REPRESENTATION_CONTEXT(2) 
PARAMETRIC_REPRESENTATION_CONTEXT() REPRESENTATION_CONTEXT('2D SPACE',''
  ) );
#9854 = ORIENTED_EDGE('',*,*,#9855,.F.);
#9855 = EDGE_CURVE('',#9856,#9829,#9858,.T.);
#9856 = VERTEX_POINT('',#9857);
#9857 = CARTESIAN_POINT('',(170.71420250336,-1.5,-14.42474470822));
#9858 = SURFACE_CURVE('',#9859,(#9870,#9884),.PCURVE_S1.);
#9859 = B_SPLINE_CURVE_WITH_KNOTS('',5,(#9860,#9861,#9862,#9863,#9864,
    #9865,#9866,#9867,#9868,#9869),.UNSPECIFIED.,.F.,.F.,(6,4,6),(0.,
    0.500000000003,1.),.UNSPECIFIED.);
#9860 = CARTESIAN_POINT('',(170.71420254666,-1.5000006,-14.42474463615)
  );
#9861 = CARTESIAN_POINT('',(170.69264706933,-1.201339544539,
    -14.46061774262));
#9862 = CARTESIAN_POINT('',(170.67704867462,-0.90165829673,
    -14.48742683969));
#9863 = CARTESIAN_POINT('',(170.66682574071,-0.601387567454,
    -14.50526196144));
#9864 = CARTESIAN_POINT('',(170.66171087003,-0.300795999409,
    -14.51419079074));
#9865 = CARTESIAN_POINT('',(170.66171087003,0.300795999405,
    -14.51419079074));
#9866 = CARTESIAN_POINT('',(170.66682574071,0.601387567456,
    -14.50526196144));
#9867 = CARTESIAN_POINT('',(170.67704867462,0.901658296729,
    -14.48742683969));
#9868 = CARTESIAN_POINT('',(170.69264706933,1.201339544539,
    -14.46061774262));
#9869 = CARTESIAN_POINT('',(170.71420254666,1.5000006,-14.42474463615));
#9870 = PCURVE('',#8589,#9871);
#9871 = DEFINITIONAL_REPRESENTATION('',(#9872),#9883);
#9872 = B_SPLINE_CURVE_WITH_KNOTS('',5,(#9873,#9874,#9875,#9876,#9877,
    #9878,#9879,#9880,#9881,#9882),.UNSPECIFIED.,.F.,.F.,(6,4,6),(0.,
    0.500000000003,1.),.UNSPECIFIED.);
#9873 = CARTESIAN_POINT('',(-3.037977047731,-35.71420254666));
#9874 = CARTESIAN_POINT('',(-3.05871616687,-35.69264706933));
#9875 = CARTESIAN_POINT('',(-3.079443484519,-35.67704867462));
#9876 = CARTESIAN_POINT('',(-3.100158187134,-35.66682574071));
#9877 = CARTESIAN_POINT('',(-3.120868384235,-35.66171087003));
#9878 = CARTESIAN_POINT('',(-3.162316922944,-35.66171087003));
#9879 = CARTESIAN_POINT('',(-3.183027120045,-35.66682574071));
#9880 = CARTESIAN_POINT('',(-3.203741822661,-35.67704867462));
#9881 = CARTESIAN_POINT('',(-3.224469140309,-35.69264706933));
#9882 = CARTESIAN_POINT('',(-3.245208259449,-35.71420254666));
#9883 = ( GEOMETRIC_REPRESENTATION_CONTEXT(2) 
PARAMETRIC_REPRESENTATION_CONTEXT() REPRESENTATION_CONTEXT('2D SPACE',''
  ) );
#9884 = PCURVE('',#8666,#9885);
#9885 = DEFINITIONAL_REPRESENTATION('',(#9886),#9897);
#9886 = B_SPLINE_CURVE_WITH_KNOTS('',5,(#9887,#9888,#9889,#9890,#9891,
    #9892,#9893,#9894,#9895,#9896),.UNSPECIFIED.,.F.,.F.,(6,4,6),(
    2.008966310785E-07,0.500000000003,0.999999799103),.UNSPECIFIED.);
#9887 = CARTESIAN_POINT('',(5.253456195493,3.356869920516E-16));
#9888 = CARTESIAN_POINT('',(5.245085973261,0.298660937101));
#9889 = CARTESIAN_POINT('',(5.238883237768,0.598342065211));
#9890 = CARTESIAN_POINT('',(5.234771543818,0.898612674097));
#9891 = CARTESIAN_POINT('',(5.232713621972,1.199204121449));
#9892 = CARTESIAN_POINT('',(5.232713621972,1.800795878547));
#9893 = CARTESIAN_POINT('',(5.234771543818,2.101387325905));
#9894 = CARTESIAN_POINT('',(5.238883237768,2.401657934789));
#9895 = CARTESIAN_POINT('',(5.245085973261,2.701339062899));
#9896 = CARTESIAN_POINT('',(5.253456195493,3.));
#9897 = ( GEOMETRIC_REPRESENTATION_CONTEXT(2) 
PARAMETRIC_REPRESENTATION_CONTEXT() REPRESENTATION_CONTEXT('2D SPACE',''
  ) );
#9898 = ORIENTED_EDGE('',*,*,#9899,.T.);
#9899 = EDGE_CURVE('',#9856,#8602,#9900,.T.);
#9900 = SURFACE_CURVE('',#9901,(#9906,#9916),.PCURVE_S1.);
#9901 = HYPERBOLA('',#9902,6.75,1.5);
#9902 = AXIS2_PLACEMENT_3D('',#9903,#9904,#9905);
#9903 = CARTESIAN_POINT('',(235.97556942838,-1.5,0.));
#9904 = DIRECTION('',(0.,1.,0.));
#9905 = DIRECTION('',(-1.,0.,0.));
#9906 = PCURVE('',#8589,#9907);
#9907 = DEFINITIONAL_REPRESENTATION('',(#9908),#9915);
#9908 = B_SPLINE_CURVE_WITH_KNOTS('',5,(#9909,#9910,#9911,#9912,#9913,
    #9914),.UNSPECIFIED.,.F.,.F.,(6,6),(-2.985383561965,-2.84886577249),
  .PIECEWISE_BEZIER_KNOTS.);
#9909 = CARTESIAN_POINT('',(-3.040638238812,-34.));
#9910 = CARTESIAN_POINT('',(-3.037886503853,-35.81936052864));
#9911 = CARTESIAN_POINT('',(-3.035041331883,-37.57630952752));
#9912 = CARTESIAN_POINT('',(-3.032098535977,-39.27367254953));
#9913 = CARTESIAN_POINT('',(-3.02905365687,-40.91408165453));
#9914 = CARTESIAN_POINT('',(-3.02590193013,-42.5));
#9915 = ( GEOMETRIC_REPRESENTATION_CONTEXT(2) 
PARAMETRIC_REPRESENTATION_CONTEXT() REPRESENTATION_CONTEXT('2D SPACE',''
  ) );
#9916 = PCURVE('',#8640,#9917);
#9917 = DEFINITIONAL_REPRESENTATION('',(#9918),#9922);
#9918 = ( BOUNDED_CURVE() B_SPLINE_CURVE(2,(#9919,#9920,#9921),
.UNSPECIFIED.,.F.,.F.) B_SPLINE_CURVE_WITH_KNOTS((3,3),(-2.985383561965,
-2.84886577249),.PIECEWISE_BEZIER_KNOTS.) CURVE() 
GEOMETRIC_REPRESENTATION_ITEM() RATIONAL_B_SPLINE_CURVE((1.,
1.002330543032,1.)) REPRESENTATION_ITEM('') );
#9919 = CARTESIAN_POINT('',(2.192320310378,-6.));
#9920 = CARTESIAN_POINT('',(3.206673935568,-1.458649624549));
#9921 = CARTESIAN_POINT('',(4.092293965989,2.5));
#9922 = ( GEOMETRIC_REPRESENTATION_CONTEXT(2) 
PARAMETRIC_REPRESENTATION_CONTEXT() REPRESENTATION_CONTEXT('2D SPACE',''
  ) );
#9923 = ORIENTED_EDGE('',*,*,#8601,.F.);
#9924 = ORIENTED_EDGE('',*,*,#9806,.F.);
#9925 = ADVANCED_FACE('',(#9926),#8690,.T.);
#9926 = FACE_BOUND('',#9927,.T.);
#9927 = EDGE_LOOP('',(#9928,#9950,#9951));
#9928 = ORIENTED_EDGE('',*,*,#9929,.T.);
#9929 = EDGE_CURVE('',#9829,#8652,#9930,.T.);
#9930 = SURFACE_CURVE('',#9931,(#9936,#9943),.PCURVE_S1.);
#9931 = CIRCLE('',#9932,5.);
#9932 = AXIS2_PLACEMENT_3D('',#9933,#9934,#9935);
#9933 = CARTESIAN_POINT('',(175.,1.5,-17.));
#9934 = DIRECTION('',(0.,1.,-0.));
#9935 = DIRECTION('',(-0.857159499327,0.,0.515051058356));
#9936 = PCURVE('',#8690,#9937);
#9937 = DEFINITIONAL_REPRESENTATION('',(#9938),#9942);
#9938 = CIRCLE('',#9939,5.);
#9939 = AXIS2_PLACEMENT_2D('',#9940,#9941);
#9940 = CARTESIAN_POINT('',(0.,0.));
#9941 = DIRECTION('',(0.515051058356,-0.857159499327));
#9942 = ( GEOMETRIC_REPRESENTATION_CONTEXT(2) 
PARAMETRIC_REPRESENTATION_CONTEXT() REPRESENTATION_CONTEXT('2D SPACE',''
  ) );
#9943 = PCURVE('',#8666,#9944);
#9944 = DEFINITIONAL_REPRESENTATION('',(#9945),#9949);
#9945 = LINE('',#9946,#9947);
#9946 = CARTESIAN_POINT('',(5.253456195493,3.));
#9947 = VECTOR('',#9948,1.);
#9948 = DIRECTION('',(1.,0.));
#9949 = ( GEOMETRIC_REPRESENTATION_CONTEXT(2) 
PARAMETRIC_REPRESENTATION_CONTEXT() REPRESENTATION_CONTEXT('2D SPACE',''
  ) );
#9950 = ORIENTED_EDGE('',*,*,#8677,.F.);
#9951 = ORIENTED_EDGE('',*,*,#9828,.F.);
#9952 = ADVANCED_FACE('',(#9953),#8666,.T.);
#9953 = FACE_BOUND('',#9954,.T.);
#9954 = EDGE_LOOP('',(#9955,#9956,#9957,#9979));
#9955 = ORIENTED_EDGE('',*,*,#9929,.F.);
#9956 = ORIENTED_EDGE('',*,*,#9855,.F.);
#9957 = ORIENTED_EDGE('',*,*,#9958,.T.);
#9958 = EDGE_CURVE('',#9856,#8626,#9959,.T.);
#9959 = SURFACE_CURVE('',#9960,(#9965,#9972),.PCURVE_S1.);
#9960 = CIRCLE('',#9961,5.);
#9961 = AXIS2_PLACEMENT_3D('',#9962,#9963,#9964);
#9962 = CARTESIAN_POINT('',(175.,-1.5,-17.));
#9963 = DIRECTION('',(0.,1.,-0.));
#9964 = DIRECTION('',(-0.857159499327,0.,0.515051058356));
#9965 = PCURVE('',#8666,#9966);
#9966 = DEFINITIONAL_REPRESENTATION('',(#9967),#9971);
#9967 = LINE('',#9968,#9969);
#9968 = CARTESIAN_POINT('',(5.253456195493,0.));
#9969 = VECTOR('',#9970,1.);
#9970 = DIRECTION('',(1.,0.));
#9971 = ( GEOMETRIC_REPRESENTATION_CONTEXT(2) 
PARAMETRIC_REPRESENTATION_CONTEXT() REPRESENTATION_CONTEXT('2D SPACE',''
  ) );
#9972 = PCURVE('',#8640,#9973);
#9973 = DEFINITIONAL_REPRESENTATION('',(#9974),#9978);
#9974 = CIRCLE('',#9975,5.);
#9975 = AXIS2_PLACEMENT_2D('',#9976,#9977);
#9976 = CARTESIAN_POINT('',(0.,0.));
#9977 = DIRECTION('',(0.515051058356,-0.857159499327));
#9978 = ( GEOMETRIC_REPRESENTATION_CONTEXT(2) 
PARAMETRIC_REPRESENTATION_CONTEXT() REPRESENTATION_CONTEXT('2D SPACE',''
  ) );
#9979 = ORIENTED_EDGE('',*,*,#8651,.T.);
#9980 = ADVANCED_FACE('',(#9981),#8640,.F.);
#9981 = FACE_BOUND('',#9982,.F.);
#9982 = EDGE_LOOP('',(#9983,#9984,#9985));
#9983 = ORIENTED_EDGE('',*,*,#9958,.T.);
#9984 = ORIENTED_EDGE('',*,*,#8625,.F.);
#9985 = ORIENTED_EDGE('',*,*,#9899,.F.);
#9986 = ADVANCED_FACE('',(#9987,#9990),#8876,.F.);
#9987 = FACE_BOUND('',#9988,.F.);
#9988 = EDGE_LOOP('',(#9989));
#9989 = ORIENTED_EDGE('',*,*,#8861,.T.);
#9990 = FACE_BOUND('',#9991,.F.);
#9991 = EDGE_LOOP('',(#9992));
#9992 = ORIENTED_EDGE('',*,*,#9993,.F.);
#9993 = EDGE_CURVE('',#9994,#9994,#9996,.T.);
#9994 = VERTEX_POINT('',#9995);
#9995 = CARTESIAN_POINT('',(127.,4.898587196589E-15,20.));
#9996 = SURFACE_CURVE('',#9997,(#10002,#10009),.PCURVE_S1.);
#9997 = CIRCLE('',#9998,20.);
#9998 = AXIS2_PLACEMENT_3D('',#9999,#10000,#10001);
#9999 = CARTESIAN_POINT('',(127.,0.,0.));
#10000 = DIRECTION('',(1.,0.,0.));
#10001 = DIRECTION('',(-0.,0.,1.));
#10002 = PCURVE('',#8876,#10003);
#10003 = DEFINITIONAL_REPRESENTATION('',(#10004),#10008);
#10004 = CIRCLE('',#10005,20.);
#10005 = AXIS2_PLACEMENT_2D('',#10006,#10007);
#10006 = CARTESIAN_POINT('',(0.,0.));
#10007 = DIRECTION('',(1.,0.));
#10008 = ( GEOMETRIC_REPRESENTATION_CONTEXT(2) 
PARAMETRIC_REPRESENTATION_CONTEXT() REPRESENTATION_CONTEXT('2D SPACE',''
  ) );
#10009 = PCURVE('',#10010,#10015);
#10010 = CYLINDRICAL_SURFACE('',#10011,20.);
#10011 = AXIS2_PLACEMENT_3D('',#10012,#10013,#10014);
#10012 = CARTESIAN_POINT('',(126.99,0.,0.));
#10013 = DIRECTION('',(1.,0.,0.));
#10014 = DIRECTION('',(-0.,0.,1.));
#10015 = DEFINITIONAL_REPRESENTATION('',(#10016),#10020);
#10016 = LINE('',#10017,#10018);
#10017 = CARTESIAN_POINT('',(0.,1.000000000001E-02));
#10018 = VECTOR('',#10019,1.);
#10019 = DIRECTION('',(1.,0.));
#10020 = ( GEOMETRIC_REPRESENTATION_CONTEXT(2) 
PARAMETRIC_REPRESENTATION_CONTEXT() REPRESENTATION_CONTEXT('2D SPACE',''
  ) );
#10021 = ADVANCED_FACE('',(#10022),#8934,.T.);
#10022 = FACE_BOUND('',#10023,.T.);
#10023 = EDGE_LOOP('',(#10024,#10025,#10026,#10047));
#10024 = ORIENTED_EDGE('',*,*,#8920,.F.);
#10025 = ORIENTED_EDGE('',*,*,#9026,.F.);
#10026 = ORIENTED_EDGE('',*,*,#10027,.T.);
#10027 = EDGE_CURVE('',#9002,#8953,#10028,.T.);
#10028 = SURFACE_CURVE('',#10029,(#10033,#10040),.PCURVE_S1.);
#10029 = LINE('',#10030,#10031);
#10030 = CARTESIAN_POINT('',(160.43137518731,-34.29467888754,
    -36.4159992311));
#10031 = VECTOR('',#10032,1.);
#10032 = DIRECTION('',(0.,-0.707106781187,0.707106781187));
#10033 = PCURVE('',#8934,#10034);
#10034 = DEFINITIONAL_REPRESENTATION('',(#10035),#10039);
#10035 = LINE('',#10036,#10037);
#10036 = CARTESIAN_POINT('',(0.814516144904,0.));
#10037 = VECTOR('',#10038,1.);
#10038 = DIRECTION('',(0.,1.));
#10039 = ( GEOMETRIC_REPRESENTATION_CONTEXT(2) 
PARAMETRIC_REPRESENTATION_CONTEXT() REPRESENTATION_CONTEXT('2D SPACE',''
  ) );
#10040 = PCURVE('',#9543,#10041);
#10041 = DEFINITIONAL_REPRESENTATION('',(#10042),#10046);
#10042 = LINE('',#10043,#10044);
#10043 = CARTESIAN_POINT('',(0.431375187317,-1.5));
#10044 = VECTOR('',#10045,1.);
#10045 = DIRECTION('',(0.,1.));
#10046 = ( GEOMETRIC_REPRESENTATION_CONTEXT(2) 
PARAMETRIC_REPRESENTATION_CONTEXT() REPRESENTATION_CONTEXT('2D SPACE',''
  ) );
#10047 = ORIENTED_EDGE('',*,*,#8976,.F.);
#10048 = ADVANCED_FACE('',(#10049),#9066,.T.);
#10049 = FACE_BOUND('',#10050,.T.);
#10050 = EDGE_LOOP('',(#10051,#10052,#10053,#10074));
#10051 = ORIENTED_EDGE('',*,*,#9052,.F.);
#10052 = ORIENTED_EDGE('',*,*,#9158,.F.);
#10053 = ORIENTED_EDGE('',*,*,#10054,.T.);
#10054 = EDGE_CURVE('',#9134,#9085,#10055,.T.);
#10055 = SURFACE_CURVE('',#10056,(#10060,#10067),.PCURVE_S1.);
#10056 = LINE('',#10057,#10058);
#10057 = CARTESIAN_POINT('',(160.43137518731,36.415999231107,
    -34.29467888754));
#10058 = VECTOR('',#10059,1.);
#10059 = DIRECTION('',(0.,-0.707106781187,-0.707106781187));
#10060 = PCURVE('',#9066,#10061);
#10061 = DEFINITIONAL_REPRESENTATION('',(#10062),#10066);
#10062 = LINE('',#10063,#10064);
#10063 = CARTESIAN_POINT('',(0.814516144904,0.));
#10064 = VECTOR('',#10065,1.);
#10065 = DIRECTION('',(0.,1.));
#10066 = ( GEOMETRIC_REPRESENTATION_CONTEXT(2) 
PARAMETRIC_REPRESENTATION_CONTEXT() REPRESENTATION_CONTEXT('2D SPACE',''
  ) );
#10067 = PCURVE('',#9377,#10068);
#10068 = DEFINITIONAL_REPRESENTATION('',(#10069),#10073);
#10069 = LINE('',#10070,#10071);
#10070 = CARTESIAN_POINT('',(0.431375187317,-1.5));
#10071 = VECTOR('',#10072,1.);
#10072 = DIRECTION('',(0.,1.));
#10073 = ( GEOMETRIC_REPRESENTATION_CONTEXT(2) 
PARAMETRIC_REPRESENTATION_CONTEXT() REPRESENTATION_CONTEXT('2D SPACE',''
  ) );
#10074 = ORIENTED_EDGE('',*,*,#9108,.F.);
#10075 = ADVANCED_FACE('',(#10076),#9377,.T.);
#10076 = FACE_BOUND('',#10077,.T.);
#10077 = EDGE_LOOP('',(#10078,#10079,#10080,#10081));
#10078 = ORIENTED_EDGE('',*,*,#10054,.F.);
#10079 = ORIENTED_EDGE('',*,*,#9363,.T.);
#10080 = ORIENTED_EDGE('',*,*,#9479,.T.);
#10081 = ORIENTED_EDGE('',*,*,#9615,.F.);
#10082 = ADVANCED_FACE('',(#10083),#9543,.T.);
#10083 = FACE_BOUND('',#10084,.T.);
#10084 = EDGE_LOOP('',(#10085,#10086,#10087,#10088));
#10085 = ORIENTED_EDGE('',*,*,#10027,.F.);
#10086 = ORIENTED_EDGE('',*,*,#9529,.T.);
#10087 = ORIENTED_EDGE('',*,*,#9665,.T.);
#10088 = ORIENTED_EDGE('',*,*,#9753,.F.);
#10089 = ADVANCED_FACE('',(#10090,#10093),#9794,.T.);
#10090 = FACE_BOUND('',#10091,.T.);
#10091 = EDGE_LOOP('',(#10092));
#10092 = ORIENTED_EDGE('',*,*,#9777,.T.);
#10093 = FACE_BOUND('',#10094,.T.);
#10094 = EDGE_LOOP('',(#10095));
#10095 = ORIENTED_EDGE('',*,*,#10096,.F.);
#10096 = EDGE_CURVE('',#10097,#10097,#10099,.T.);
#10097 = VERTEX_POINT('',#10098);
#10098 = CARTESIAN_POINT('',(137.,4.898587196589E-15,20.));
#10099 = SURFACE_CURVE('',#10100,(#10105,#10112),.PCURVE_S1.);
#10100 = CIRCLE('',#10101,20.);
#10101 = AXIS2_PLACEMENT_3D('',#10102,#10103,#10104);
#10102 = CARTESIAN_POINT('',(137.,0.,0.));
#10103 = DIRECTION('',(1.,0.,0.));
#10104 = DIRECTION('',(-0.,0.,1.));
#10105 = PCURVE('',#9794,#10106);
#10106 = DEFINITIONAL_REPRESENTATION('',(#10107),#10111);
#10107 = CIRCLE('',#10108,20.);
#10108 = AXIS2_PLACEMENT_2D('',#10109,#10110);
#10109 = CARTESIAN_POINT('',(0.,0.));
#10110 = DIRECTION('',(1.,0.));
#10111 = ( GEOMETRIC_REPRESENTATION_CONTEXT(2) 
PARAMETRIC_REPRESENTATION_CONTEXT() REPRESENTATION_CONTEXT('2D SPACE',''
  ) );
#10112 = PCURVE('',#10010,#10113);
#10113 = DEFINITIONAL_REPRESENTATION('',(#10114),#10118);
#10114 = LINE('',#10115,#10116);
#10115 = CARTESIAN_POINT('',(0.,10.01));
#10116 = VECTOR('',#10117,1.);
#10117 = DIRECTION('',(1.,0.));
#10118 = ( GEOMETRIC_REPRESENTATION_CONTEXT(2) 
PARAMETRIC_REPRESENTATION_CONTEXT() REPRESENTATION_CONTEXT('2D SPACE',''
  ) );
#10119 = ADVANCED_FACE('',(#10120),#10010,.F.);
#10120 = FACE_BOUND('',#10121,.F.);
#10121 = EDGE_LOOP('',(#10122,#10123,#10144,#10145));
#10122 = ORIENTED_EDGE('',*,*,#9993,.T.);
#10123 = ORIENTED_EDGE('',*,*,#10124,.F.);
#10124 = EDGE_CURVE('',#10097,#9994,#10125,.T.);
#10125 = SEAM_CURVE('',#10126,(#10130,#10137),.PCURVE_S1.);
#10126 = LINE('',#10127,#10128);
#10127 = CARTESIAN_POINT('',(137.,4.898587196589E-15,20.));
#10128 = VECTOR('',#10129,1.);
#10129 = DIRECTION('',(-1.,0.,0.));
#10130 = PCURVE('',#10010,#10131);
#10131 = DEFINITIONAL_REPRESENTATION('',(#10132),#10136);
#10132 = LINE('',#10133,#10134);
#10133 = CARTESIAN_POINT('',(6.28318530718,10.01));
#10134 = VECTOR('',#10135,1.);
#10135 = DIRECTION('',(-0.,-1.));
#10136 = ( GEOMETRIC_REPRESENTATION_CONTEXT(2) 
PARAMETRIC_REPRESENTATION_CONTEXT() REPRESENTATION_CONTEXT('2D SPACE',''
  ) );
#10137 = PCURVE('',#10010,#10138);
#10138 = DEFINITIONAL_REPRESENTATION('',(#10139),#10143);
#10139 = LINE('',#10140,#10141);
#10140 = CARTESIAN_POINT('',(0.,10.01));
#10141 = VECTOR('',#10142,1.);
#10142 = DIRECTION('',(-0.,-1.));
#10143 = ( GEOMETRIC_REPRESENTATION_CONTEXT(2) 
PARAMETRIC_REPRESENTATION_CONTEXT() REPRESENTATION_CONTEXT('2D SPACE',''
  ) );
#10144 = ORIENTED_EDGE('',*,*,#10096,.F.);
#10145 = ORIENTED_EDGE('',*,*,#10124,.T.);
#10146 = ( GEOMETRIC_REPRESENTATION_CONTEXT(3) 
GLOBAL_UNCERTAINTY_ASSIGNED_CONTEXT((#10150)) 
GLOBAL_UNIT_ASSIGNED_CONTEXT((#10147,#10148,#10149)) 
REPRESENTATION_CONTEXT('Context #1',
  '3D Context with UNIT and UNCERTAINTY') );
#10147 = ( LENGTH_UNIT() NAMED_UNIT(*) SI_UNIT(.MILLI.,.METRE.) );
#10148 = ( NAMED_UNIT(*) PLANE_ANGLE_UNIT() SI_UNIT($,.RADIAN.) );
#10149 = ( NAMED_UNIT(*) SI_UNIT($,.STERADIAN.) SOLID_ANGLE_UNIT() );
#10150 = UNCERTAINTY_MEASURE_WITH_UNIT(LENGTH_MEASURE(1.E-07),#10147,
  'distance_accuracy_value','confusion accuracy');
#10151 = CONTEXT_DEPENDENT_SHAPE_REPRESENTATION(#10152,#10154);
#10152 = ( REPRESENTATION_RELATIONSHIP('','',#3059,#10) 
REPRESENTATION_RELATIONSHIP_WITH_TRANSFORMATION(#10153) 
SHAPE_REPRESENTATION_RELATIONSHIP() );
#10153 = ITEM_DEFINED_TRANSFORMATION('','',#11,#23);
#10154 = PRODUCT_DEFINITION_SHAPE('Placement','Placement of an item',
  #10155);
#10155 = NEXT_ASSEMBLY_USAGE_OCCURRENCE('3','03_Tail_with_four_fins','',
  #5,#3054,$);
#10156 = PRODUCT_RELATED_PRODUCT_CATEGORY('part',$,(#3056));
#10157 = SHAPE_DEFINITION_REPRESENTATION(#10158,#10164);
#10158 = PRODUCT_DEFINITION_SHAPE('','',#10159);
#10159 = PRODUCT_DEFINITION('design','',#10160,#10163);
#10160 = PRODUCT_DEFINITION_FORMATION('','',#10161);
#10161 = PRODUCT('04_Contact_pad','04_Contact_pad','',(#10162));
#10162 = PRODUCT_CONTEXT('',#2,'mechanical');
#10163 = PRODUCT_DEFINITION_CONTEXT('part definition',#2,'design');
#10164 = ADVANCED_BREP_SHAPE_REPRESENTATION('',(#11,#10165),#10263);
#10165 = MANIFOLD_SOLID_BREP('',#10166);
#10166 = CLOSED_SHELL('',(#10167,#10255,#10259));
#10167 = ADVANCED_FACE('',(#10168),#10181,.T.);
#10168 = FACE_BOUND('',#10169,.T.);
#10169 = EDGE_LOOP('',(#10170,#10204,#10227,#10254));
#10170 = ORIENTED_EDGE('',*,*,#10171,.F.);
#10171 = EDGE_CURVE('',#10172,#10172,#10174,.T.);
#10172 = VERTEX_POINT('',#10173);
#10173 = CARTESIAN_POINT('',(3.,6.858022075225E-15,28.));
#10174 = SURFACE_CURVE('',#10175,(#10180,#10192),.PCURVE_S1.);
#10175 = CIRCLE('',#10176,28.);
#10176 = AXIS2_PLACEMENT_3D('',#10177,#10178,#10179);
#10177 = CARTESIAN_POINT('',(3.,0.,0.));
#10178 = DIRECTION('',(1.,0.,0.));
#10179 = DIRECTION('',(-0.,0.,1.));
#10180 = PCURVE('',#10181,#10186);
#10181 = CYLINDRICAL_SURFACE('',#10182,28.);
#10182 = AXIS2_PLACEMENT_3D('',#10183,#10184,#10185);
#10183 = CARTESIAN_POINT('',(0.,0.,0.));
#10184 = DIRECTION('',(1.,0.,0.));
#10185 = DIRECTION('',(-0.,0.,1.));
#10186 = DEFINITIONAL_REPRESENTATION('',(#10187),#10191);
#10187 = LINE('',#10188,#10189);
#10188 = CARTESIAN_POINT('',(0.,3.));
#10189 = VECTOR('',#10190,1.);
#10190 = DIRECTION('',(1.,0.));
#10191 = ( GEOMETRIC_REPRESENTATION_CONTEXT(2) 
PARAMETRIC_REPRESENTATION_CONTEXT() REPRESENTATION_CONTEXT('2D SPACE',''
  ) );
#10192 = PCURVE('',#10193,#10198);
#10193 = PLANE('',#10194);
#10194 = AXIS2_PLACEMENT_3D('',#10195,#10196,#10197);
#10195 = CARTESIAN_POINT('',(3.,0.,0.));
#10196 = DIRECTION('',(1.,0.,0.));
#10197 = DIRECTION('',(-0.,0.,1.));
#10198 = DEFINITIONAL_REPRESENTATION('',(#10199),#10203);
#10199 = CIRCLE('',#10200,28.);
#10200 = AXIS2_PLACEMENT_2D('',#10201,#10202);
#10201 = CARTESIAN_POINT('',(0.,0.));
#10202 = DIRECTION('',(1.,0.));
#10203 = ( GEOMETRIC_REPRESENTATION_CONTEXT(2) 
PARAMETRIC_REPRESENTATION_CONTEXT() REPRESENTATION_CONTEXT('2D SPACE',''
  ) );
#10204 = ORIENTED_EDGE('',*,*,#10205,.F.);
#10205 = EDGE_CURVE('',#10206,#10172,#10208,.T.);
#10206 = VERTEX_POINT('',#10207);
#10207 = CARTESIAN_POINT('',(0.,6.858022075225E-15,28.));
#10208 = SEAM_CURVE('',#10209,(#10213,#10220),.PCURVE_S1.);
#10209 = LINE('',#10210,#10211);
#10210 = CARTESIAN_POINT('',(0.,6.858022075225E-15,28.));
#10211 = VECTOR('',#10212,1.);
#10212 = DIRECTION('',(1.,0.,0.));
#10213 = PCURVE('',#10181,#10214);
#10214 = DEFINITIONAL_REPRESENTATION('',(#10215),#10219);
#10215 = LINE('',#10216,#10217);
#10216 = CARTESIAN_POINT('',(6.28318530718,-0.));
#10217 = VECTOR('',#10218,1.);
#10218 = DIRECTION('',(0.,1.));
#10219 = ( GEOMETRIC_REPRESENTATION_CONTEXT(2) 
PARAMETRIC_REPRESENTATION_CONTEXT() REPRESENTATION_CONTEXT('2D SPACE',''
  ) );
#10220 = PCURVE('',#10181,#10221);
#10221 = DEFINITIONAL_REPRESENTATION('',(#10222),#10226);
#10222 = LINE('',#10223,#10224);
#10223 = CARTESIAN_POINT('',(0.,-0.));
#10224 = VECTOR('',#10225,1.);
#10225 = DIRECTION('',(0.,1.));
#10226 = ( GEOMETRIC_REPRESENTATION_CONTEXT(2) 
PARAMETRIC_REPRESENTATION_CONTEXT() REPRESENTATION_CONTEXT('2D SPACE',''
  ) );
#10227 = ORIENTED_EDGE('',*,*,#10228,.T.);
#10228 = EDGE_CURVE('',#10206,#10206,#10229,.T.);
#10229 = SURFACE_CURVE('',#10230,(#10235,#10242),.PCURVE_S1.);
#10230 = CIRCLE('',#10231,28.);
#10231 = AXIS2_PLACEMENT_3D('',#10232,#10233,#10234);
#10232 = CARTESIAN_POINT('',(0.,0.,0.));
#10233 = DIRECTION('',(1.,0.,0.));
#10234 = DIRECTION('',(-0.,0.,1.));
#10235 = PCURVE('',#10181,#10236);
#10236 = DEFINITIONAL_REPRESENTATION('',(#10237),#10241);
#10237 = LINE('',#10238,#10239);
#10238 = CARTESIAN_POINT('',(0.,0.));
#10239 = VECTOR('',#10240,1.);
#10240 = DIRECTION('',(1.,0.));
#10241 = ( GEOMETRIC_REPRESENTATION_CONTEXT(2) 
PARAMETRIC_REPRESENTATION_CONTEXT() REPRESENTATION_CONTEXT('2D SPACE',''
  ) );
#10242 = PCURVE('',#10243,#10248);
#10243 = PLANE('',#10244);
#10244 = AXIS2_PLACEMENT_3D('',#10245,#10246,#10247);
#10245 = CARTESIAN_POINT('',(0.,0.,0.));
#10246 = DIRECTION('',(1.,0.,0.));
#10247 = DIRECTION('',(-0.,0.,1.));
#10248 = DEFINITIONAL_REPRESENTATION('',(#10249),#10253);
#10249 = CIRCLE('',#10250,28.);
#10250 = AXIS2_PLACEMENT_2D('',#10251,#10252);
#10251 = CARTESIAN_POINT('',(0.,0.));
#10252 = DIRECTION('',(1.,0.));
#10253 = ( GEOMETRIC_REPRESENTATION_CONTEXT(2) 
PARAMETRIC_REPRESENTATION_CONTEXT() REPRESENTATION_CONTEXT('2D SPACE',''
  ) );
#10254 = ORIENTED_EDGE('',*,*,#10205,.T.);
#10255 = ADVANCED_FACE('',(#10256),#10193,.T.);
#10256 = FACE_BOUND('',#10257,.T.);
#10257 = EDGE_LOOP('',(#10258));
#10258 = ORIENTED_EDGE('',*,*,#10171,.T.);
#10259 = ADVANCED_FACE('',(#10260),#10243,.F.);
#10260 = FACE_BOUND('',#10261,.T.);
#10261 = EDGE_LOOP('',(#10262));
#10262 = ORIENTED_EDGE('',*,*,#10228,.F.);
#10263 = ( GEOMETRIC_REPRESENTATION_CONTEXT(3) 
GLOBAL_UNCERTAINTY_ASSIGNED_CONTEXT((#10267)) 
GLOBAL_UNIT_ASSIGNED_CONTEXT((#10264,#10265,#10266)) 
REPRESENTATION_CONTEXT('Context #1',
  '3D Context with UNIT and UNCERTAINTY') );
#10264 = ( LENGTH_UNIT() NAMED_UNIT(*) SI_UNIT(.MILLI.,.METRE.) );
#10265 = ( NAMED_UNIT(*) PLANE_ANGLE_UNIT() SI_UNIT($,.RADIAN.) );
#10266 = ( NAMED_UNIT(*) SI_UNIT($,.STERADIAN.) SOLID_ANGLE_UNIT() );
#10267 = UNCERTAINTY_MEASURE_WITH_UNIT(LENGTH_MEASURE(1.E-07),#10264,
  'distance_accuracy_value','confusion accuracy');
#10268 = CONTEXT_DEPENDENT_SHAPE_REPRESENTATION(#10269,#10271);
#10269 = ( REPRESENTATION_RELATIONSHIP('','',#10164,#10) 
REPRESENTATION_RELATIONSHIP_WITH_TRANSFORMATION(#10270) 
SHAPE_REPRESENTATION_RELATIONSHIP() );
#10270 = ITEM_DEFINED_TRANSFORMATION('','',#11,#27);
#10271 = PRODUCT_DEFINITION_SHAPE('Placement','Placement of an item',
  #10272);
#10272 = NEXT_ASSEMBLY_USAGE_OCCURRENCE('4','04_Contact_pad','',#5,
  #10159,$);
#10273 = PRODUCT_RELATED_PRODUCT_CATEGORY('part',$,(#10161));
#10274 = SHAPE_DEFINITION_REPRESENTATION(#10275,#10281);
#10275 = PRODUCT_DEFINITION_SHAPE('','',#10276);
#10276 = PRODUCT_DEFINITION('design','',#10277,#10280);
#10277 = PRODUCT_DEFINITION_FORMATION('','',#10278);
#10278 = PRODUCT('05_Piezo_disc','05_Piezo_disc','',(#10279));
#10279 = PRODUCT_CONTEXT('',#2,'mechanical');
#10280 = PRODUCT_DEFINITION_CONTEXT('part definition',#2,'design');
#10281 = ADVANCED_BREP_SHAPE_REPRESENTATION('',(#11,#10282),#10380);
#10282 = MANIFOLD_SOLID_BREP('',#10283);
#10283 = CLOSED_SHELL('',(#10284,#10372,#10376));
#10284 = ADVANCED_FACE('',(#10285),#10298,.T.);
#10285 = FACE_BOUND('',#10286,.T.);
#10286 = EDGE_LOOP('',(#10287,#10321,#10344,#10371));
#10287 = ORIENTED_EDGE('',*,*,#10288,.F.);
#10288 = EDGE_CURVE('',#10289,#10289,#10291,.T.);
#10289 = VERTEX_POINT('',#10290);
#10290 = CARTESIAN_POINT('',(3.5,3.306546357698E-15,13.5));
#10291 = SURFACE_CURVE('',#10292,(#10297,#10309),.PCURVE_S1.);
#10292 = CIRCLE('',#10293,13.5);
#10293 = AXIS2_PLACEMENT_3D('',#10294,#10295,#10296);
#10294 = CARTESIAN_POINT('',(3.5,0.,0.));
#10295 = DIRECTION('',(1.,0.,0.));
#10296 = DIRECTION('',(-0.,0.,1.));
#10297 = PCURVE('',#10298,#10303);
#10298 = CYLINDRICAL_SURFACE('',#10299,13.5);
#10299 = AXIS2_PLACEMENT_3D('',#10300,#10301,#10302);
#10300 = CARTESIAN_POINT('',(3.,0.,0.));
#10301 = DIRECTION('',(1.,0.,0.));
#10302 = DIRECTION('',(-0.,0.,1.));
#10303 = DEFINITIONAL_REPRESENTATION('',(#10304),#10308);
#10304 = LINE('',#10305,#10306);
#10305 = CARTESIAN_POINT('',(0.,0.5));
#10306 = VECTOR('',#10307,1.);
#10307 = DIRECTION('',(1.,0.));
#10308 = ( GEOMETRIC_REPRESENTATION_CONTEXT(2) 
PARAMETRIC_REPRESENTATION_CONTEXT() REPRESENTATION_CONTEXT('2D SPACE',''
  ) );
#10309 = PCURVE('',#10310,#10315);
#10310 = PLANE('',#10311);
#10311 = AXIS2_PLACEMENT_3D('',#10312,#10313,#10314);
#10312 = CARTESIAN_POINT('',(3.5,0.,0.));
#10313 = DIRECTION('',(1.,0.,0.));
#10314 = DIRECTION('',(-0.,0.,1.));
#10315 = DEFINITIONAL_REPRESENTATION('',(#10316),#10320);
#10316 = CIRCLE('',#10317,13.5);
#10317 = AXIS2_PLACEMENT_2D('',#10318,#10319);
#10318 = CARTESIAN_POINT('',(0.,0.));
#10319 = DIRECTION('',(1.,0.));
#10320 = ( GEOMETRIC_REPRESENTATION_CONTEXT(2) 
PARAMETRIC_REPRESENTATION_CONTEXT() REPRESENTATION_CONTEXT('2D SPACE',''
  ) );
#10321 = ORIENTED_EDGE('',*,*,#10322,.F.);
#10322 = EDGE_CURVE('',#10323,#10289,#10325,.T.);
#10323 = VERTEX_POINT('',#10324);
#10324 = CARTESIAN_POINT('',(3.,3.306546357698E-15,13.5));
#10325 = SEAM_CURVE('',#10326,(#10330,#10337),.PCURVE_S1.);
#10326 = LINE('',#10327,#10328);
#10327 = CARTESIAN_POINT('',(3.,3.306546357698E-15,13.5));
#10328 = VECTOR('',#10329,1.);
#10329 = DIRECTION('',(1.,0.,0.));
#10330 = PCURVE('',#10298,#10331);
#10331 = DEFINITIONAL_REPRESENTATION('',(#10332),#10336);
#10332 = LINE('',#10333,#10334);
#10333 = CARTESIAN_POINT('',(6.28318530718,-0.));
#10334 = VECTOR('',#10335,1.);
#10335 = DIRECTION('',(0.,1.));
#10336 = ( GEOMETRIC_REPRESENTATION_CONTEXT(2) 
PARAMETRIC_REPRESENTATION_CONTEXT() REPRESENTATION_CONTEXT('2D SPACE',''
  ) );
#10337 = PCURVE('',#10298,#10338);
#10338 = DEFINITIONAL_REPRESENTATION('',(#10339),#10343);
#10339 = LINE('',#10340,#10341);
#10340 = CARTESIAN_POINT('',(0.,-0.));
#10341 = VECTOR('',#10342,1.);
#10342 = DIRECTION('',(0.,1.));
#10343 = ( GEOMETRIC_REPRESENTATION_CONTEXT(2) 
PARAMETRIC_REPRESENTATION_CONTEXT() REPRESENTATION_CONTEXT('2D SPACE',''
  ) );
#10344 = ORIENTED_EDGE('',*,*,#10345,.T.);
#10345 = EDGE_CURVE('',#10323,#10323,#10346,.T.);
#10346 = SURFACE_CURVE('',#10347,(#10352,#10359),.PCURVE_S1.);
#10347 = CIRCLE('',#10348,13.5);
#10348 = AXIS2_PLACEMENT_3D('',#10349,#10350,#10351);
#10349 = CARTESIAN_POINT('',(3.,0.,0.));
#10350 = DIRECTION('',(1.,0.,0.));
#10351 = DIRECTION('',(-0.,0.,1.));
#10352 = PCURVE('',#10298,#10353);
#10353 = DEFINITIONAL_REPRESENTATION('',(#10354),#10358);
#10354 = LINE('',#10355,#10356);
#10355 = CARTESIAN_POINT('',(0.,0.));
#10356 = VECTOR('',#10357,1.);
#10357 = DIRECTION('',(1.,0.));
#10358 = ( GEOMETRIC_REPRESENTATION_CONTEXT(2) 
PARAMETRIC_REPRESENTATION_CONTEXT() REPRESENTATION_CONTEXT('2D SPACE',''
  ) );
#10359 = PCURVE('',#10360,#10365);
#10360 = PLANE('',#10361);
#10361 = AXIS2_PLACEMENT_3D('',#10362,#10363,#10364);
#10362 = CARTESIAN_POINT('',(3.,0.,0.));
#10363 = DIRECTION('',(1.,0.,0.));
#10364 = DIRECTION('',(-0.,0.,1.));
#10365 = DEFINITIONAL_REPRESENTATION('',(#10366),#10370);
#10366 = CIRCLE('',#10367,13.5);
#10367 = AXIS2_PLACEMENT_2D('',#10368,#10369);
#10368 = CARTESIAN_POINT('',(0.,0.));
#10369 = DIRECTION('',(1.,0.));
#10370 = ( GEOMETRIC_REPRESENTATION_CONTEXT(2) 
PARAMETRIC_REPRESENTATION_CONTEXT() REPRESENTATION_CONTEXT('2D SPACE',''
  ) );
#10371 = ORIENTED_EDGE('',*,*,#10322,.T.);
#10372 = ADVANCED_FACE('',(#10373),#10310,.T.);
#10373 = FACE_BOUND('',#10374,.T.);
#10374 = EDGE_LOOP('',(#10375));
#10375 = ORIENTED_EDGE('',*,*,#10288,.T.);
#10376 = ADVANCED_FACE('',(#10377),#10360,.F.);
#10377 = FACE_BOUND('',#10378,.T.);
#10378 = EDGE_LOOP('',(#10379));
#10379 = ORIENTED_EDGE('',*,*,#10345,.F.);
#10380 = ( GEOMETRIC_REPRESENTATION_CONTEXT(3) 
GLOBAL_UNCERTAINTY_ASSIGNED_CONTEXT((#10384)) 
GLOBAL_UNIT_ASSIGNED_CONTEXT((#10381,#10382,#10383)) 
REPRESENTATION_CONTEXT('Context #1',
  '3D Context with UNIT and UNCERTAINTY') );
#10381 = ( LENGTH_UNIT() NAMED_UNIT(*) SI_UNIT(.MILLI.,.METRE.) );
#10382 = ( NAMED_UNIT(*) PLANE_ANGLE_UNIT() SI_UNIT($,.RADIAN.) );
#10383 = ( NAMED_UNIT(*) SI_UNIT($,.STERADIAN.) SOLID_ANGLE_UNIT() );
#10384 = UNCERTAINTY_MEASURE_WITH_UNIT(LENGTH_MEASURE(1.E-07),#10381,
  'distance_accuracy_value','confusion accuracy');
#10385 = CONTEXT_DEPENDENT_SHAPE_REPRESENTATION(#10386,#10388);
#10386 = ( REPRESENTATION_RELATIONSHIP('','',#10281,#10) 
REPRESENTATION_RELATIONSHIP_WITH_TRANSFORMATION(#10387) 
SHAPE_REPRESENTATION_RELATIONSHIP() );
#10387 = ITEM_DEFINED_TRANSFORMATION('','',#11,#31);
#10388 = PRODUCT_DEFINITION_SHAPE('Placement','Placement of an item',
  #10389);
#10389 = NEXT_ASSEMBLY_USAGE_OCCURRENCE('5','05_Piezo_disc','',#5,#10276
  ,$);
#10390 = PRODUCT_RELATED_PRODUCT_CATEGORY('part',$,(#10278));
#10391 = SHAPE_DEFINITION_REPRESENTATION(#10392,#10398);
#10392 = PRODUCT_DEFINITION_SHAPE('','',#10393);
#10393 = PRODUCT_DEFINITION('design','',#10394,#10397);
#10394 = PRODUCT_DEFINITION_FORMATION('','',#10395);
#10395 = PRODUCT('06_Steel_strike_plate','06_Steel_strike_plate','',(
    #10396));
#10396 = PRODUCT_CONTEXT('',#2,'mechanical');
#10397 = PRODUCT_DEFINITION_CONTEXT('part definition',#2,'design');
#10398 = ADVANCED_BREP_SHAPE_REPRESENTATION('',(#11,#10399),#10497);
#10399 = MANIFOLD_SOLID_BREP('',#10400);
#10400 = CLOSED_SHELL('',(#10401,#10489,#10493));
#10401 = ADVANCED_FACE('',(#10402),#10415,.T.);
#10402 = FACE_BOUND('',#10403,.T.);
#10403 = EDGE_LOOP('',(#10404,#10438,#10461,#10488));
#10404 = ORIENTED_EDGE('',*,*,#10405,.F.);
#10405 = EDGE_CURVE('',#10406,#10406,#10408,.T.);
#10406 = VERTEX_POINT('',#10407);
#10407 = CARTESIAN_POINT('',(8.5,4.898587196589E-15,20.));
#10408 = SURFACE_CURVE('',#10409,(#10414,#10426),.PCURVE_S1.);
#10409 = CIRCLE('',#10410,20.);
#10410 = AXIS2_PLACEMENT_3D('',#10411,#10412,#10413);
#10411 = CARTESIAN_POINT('',(8.5,0.,0.));
#10412 = DIRECTION('',(1.,0.,0.));
#10413 = DIRECTION('',(-0.,0.,1.));
#10414 = PCURVE('',#10415,#10420);
#10415 = CYLINDRICAL_SURFACE('',#10416,20.);
#10416 = AXIS2_PLACEMENT_3D('',#10417,#10418,#10419);
#10417 = CARTESIAN_POINT('',(3.5,0.,0.));
#10418 = DIRECTION('',(1.,0.,0.));
#10419 = DIRECTION('',(-0.,0.,1.));
#10420 = DEFINITIONAL_REPRESENTATION('',(#10421),#10425);
#10421 = LINE('',#10422,#10423);
#10422 = CARTESIAN_POINT('',(0.,5.));
#10423 = VECTOR('',#10424,1.);
#10424 = DIRECTION('',(1.,0.));
#10425 = ( GEOMETRIC_REPRESENTATION_CONTEXT(2) 
PARAMETRIC_REPRESENTATION_CONTEXT() REPRESENTATION_CONTEXT('2D SPACE',''
  ) );
#10426 = PCURVE('',#10427,#10432);
#10427 = PLANE('',#10428);
#10428 = AXIS2_PLACEMENT_3D('',#10429,#10430,#10431);
#10429 = CARTESIAN_POINT('',(8.5,0.,0.));
#10430 = DIRECTION('',(1.,0.,0.));
#10431 = DIRECTION('',(-0.,0.,1.));
#10432 = DEFINITIONAL_REPRESENTATION('',(#10433),#10437);
#10433 = CIRCLE('',#10434,20.);
#10434 = AXIS2_PLACEMENT_2D('',#10435,#10436);
#10435 = CARTESIAN_POINT('',(0.,0.));
#10436 = DIRECTION('',(1.,0.));
#10437 = ( GEOMETRIC_REPRESENTATION_CONTEXT(2) 
PARAMETRIC_REPRESENTATION_CONTEXT() REPRESENTATION_CONTEXT('2D SPACE',''
  ) );
#10438 = ORIENTED_EDGE('',*,*,#10439,.F.);
#10439 = EDGE_CURVE('',#10440,#10406,#10442,.T.);
#10440 = VERTEX_POINT('',#10441);
#10441 = CARTESIAN_POINT('',(3.5,4.898587196589E-15,20.));
#10442 = SEAM_CURVE('',#10443,(#10447,#10454),.PCURVE_S1.);
#10443 = LINE('',#10444,#10445);
#10444 = CARTESIAN_POINT('',(3.5,4.898587196589E-15,20.));
#10445 = VECTOR('',#10446,1.);
#10446 = DIRECTION('',(1.,0.,0.));
#10447 = PCURVE('',#10415,#10448);
#10448 = DEFINITIONAL_REPRESENTATION('',(#10449),#10453);
#10449 = LINE('',#10450,#10451);
#10450 = CARTESIAN_POINT('',(6.28318530718,-0.));
#10451 = VECTOR('',#10452,1.);
#10452 = DIRECTION('',(0.,1.));
#10453 = ( GEOMETRIC_REPRESENTATION_CONTEXT(2) 
PARAMETRIC_REPRESENTATION_CONTEXT() REPRESENTATION_CONTEXT('2D SPACE',''
  ) );
#10454 = PCURVE('',#10415,#10455);
#10455 = DEFINITIONAL_REPRESENTATION('',(#10456),#10460);
#10456 = LINE('',#10457,#10458);
#10457 = CARTESIAN_POINT('',(0.,-0.));
#10458 = VECTOR('',#10459,1.);
#10459 = DIRECTION('',(0.,1.));
#10460 = ( GEOMETRIC_REPRESENTATION_CONTEXT(2) 
PARAMETRIC_REPRESENTATION_CONTEXT() REPRESENTATION_CONTEXT('2D SPACE',''
  ) );
#10461 = ORIENTED_EDGE('',*,*,#10462,.T.);
#10462 = EDGE_CURVE('',#10440,#10440,#10463,.T.);
#10463 = SURFACE_CURVE('',#10464,(#10469,#10476),.PCURVE_S1.);
#10464 = CIRCLE('',#10465,20.);
#10465 = AXIS2_PLACEMENT_3D('',#10466,#10467,#10468);
#10466 = CARTESIAN_POINT('',(3.5,0.,0.));
#10467 = DIRECTION('',(1.,0.,0.));
#10468 = DIRECTION('',(-0.,0.,1.));
#10469 = PCURVE('',#10415,#10470);
#10470 = DEFINITIONAL_REPRESENTATION('',(#10471),#10475);
#10471 = LINE('',#10472,#10473);
#10472 = CARTESIAN_POINT('',(0.,0.));
#10473 = VECTOR('',#10474,1.);
#10474 = DIRECTION('',(1.,0.));
#10475 = ( GEOMETRIC_REPRESENTATION_CONTEXT(2) 
PARAMETRIC_REPRESENTATION_CONTEXT() REPRESENTATION_CONTEXT('2D SPACE',''
  ) );
#10476 = PCURVE('',#10477,#10482);
#10477 = PLANE('',#10478);
#10478 = AXIS2_PLACEMENT_3D('',#10479,#10480,#10481);
#10479 = CARTESIAN_POINT('',(3.5,0.,0.));
#10480 = DIRECTION('',(1.,0.,0.));
#10481 = DIRECTION('',(-0.,0.,1.));
#10482 = DEFINITIONAL_REPRESENTATION('',(#10483),#10487);
#10483 = CIRCLE('',#10484,20.);
#10484 = AXIS2_PLACEMENT_2D('',#10485,#10486);
#10485 = CARTESIAN_POINT('',(0.,0.));
#10486 = DIRECTION('',(1.,0.));
#10487 = ( GEOMETRIC_REPRESENTATION_CONTEXT(2) 
PARAMETRIC_REPRESENTATION_CONTEXT() REPRESENTATION_CONTEXT('2D SPACE',''
  ) );
#10488 = ORIENTED_EDGE('',*,*,#10439,.T.);
#10489 = ADVANCED_FACE('',(#10490),#10427,.T.);
#10490 = FACE_BOUND('',#10491,.T.);
#10491 = EDGE_LOOP('',(#10492));
#10492 = ORIENTED_EDGE('',*,*,#10405,.T.);
#10493 = ADVANCED_FACE('',(#10494),#10477,.F.);
#10494 = FACE_BOUND('',#10495,.T.);
#10495 = EDGE_LOOP('',(#10496));
#10496 = ORIENTED_EDGE('',*,*,#10462,.F.);
#10497 = ( GEOMETRIC_REPRESENTATION_CONTEXT(3) 
GLOBAL_UNCERTAINTY_ASSIGNED_CONTEXT((#10501)) 
GLOBAL_UNIT_ASSIGNED_CONTEXT((#10498,#10499,#10500)) 
REPRESENTATION_CONTEXT('Context #1',
  '3D Context with UNIT and UNCERTAINTY') );
#10498 = ( LENGTH_UNIT() NAMED_UNIT(*) SI_UNIT(.MILLI.,.METRE.) );
#10499 = ( NAMED_UNIT(*) PLANE_ANGLE_UNIT() SI_UNIT($,.RADIAN.) );
#10500 = ( NAMED_UNIT(*) SI_UNIT($,.STERADIAN.) SOLID_ANGLE_UNIT() );
#10501 = UNCERTAINTY_MEASURE_WITH_UNIT(LENGTH_MEASURE(1.E-07),#10498,
  'distance_accuracy_value','confusion accuracy');
#10502 = CONTEXT_DEPENDENT_SHAPE_REPRESENTATION(#10503,#10505);
#10503 = ( REPRESENTATION_RELATIONSHIP('','',#10398,#10) 
REPRESENTATION_RELATIONSHIP_WITH_TRANSFORMATION(#10504) 
SHAPE_REPRESENTATION_RELATIONSHIP() );
#10504 = ITEM_DEFINED_TRANSFORMATION('','',#11,#35);
#10505 = PRODUCT_DEFINITION_SHAPE('Placement','Placement of an item',
  #10506);
#10506 = NEXT_ASSEMBLY_USAGE_OCCURRENCE('6','06_Steel_strike_plate','',
  #5,#10393,$);
#10507 = PRODUCT_RELATED_PRODUCT_CATEGORY('part',$,(#10395));
#10508 = SHAPE_DEFINITION_REPRESENTATION(#10509,#10515);
#10509 = PRODUCT_DEFINITION_SHAPE('','',#10510);
#10510 = PRODUCT_DEFINITION('design','',#10511,#10514);
#10511 = PRODUCT_DEFINITION_FORMATION('','',#10512);
#10512 = PRODUCT('07_Magnet_ring','07_Magnet_ring','',(#10513));
#10513 = PRODUCT_CONTEXT('',#2,'mechanical');
#10514 = PRODUCT_DEFINITION_CONTEXT('part definition',#2,'design');
#10515 = ADVANCED_BREP_SHAPE_REPRESENTATION('',(#11,#10516),#10698);
#10516 = MANIFOLD_SOLID_BREP('',#10517);
#10517 = CLOSED_SHELL('',(#10518,#10606,#10641,#10671));
#10518 = ADVANCED_FACE('',(#10519),#10532,.T.);
#10519 = FACE_BOUND('',#10520,.T.);
#10520 = EDGE_LOOP('',(#10521,#10555,#10578,#10605));
#10521 = ORIENTED_EDGE('',*,*,#10522,.F.);
#10522 = EDGE_CURVE('',#10523,#10523,#10525,.T.);
#10523 = VERTEX_POINT('',#10524);
#10524 = CARTESIAN_POINT('',(4.,7.960204194458E-15,32.5));
#10525 = SURFACE_CURVE('',#10526,(#10531,#10543),.PCURVE_S1.);
#10526 = CIRCLE('',#10527,32.5);
#10527 = AXIS2_PLACEMENT_3D('',#10528,#10529,#10530);
#10528 = CARTESIAN_POINT('',(4.,0.,0.));
#10529 = DIRECTION('',(1.,0.,0.));
#10530 = DIRECTION('',(-0.,0.,1.));
#10531 = PCURVE('',#10532,#10537);
#10532 = CYLINDRICAL_SURFACE('',#10533,32.5);
#10533 = AXIS2_PLACEMENT_3D('',#10534,#10535,#10536);
#10534 = CARTESIAN_POINT('',(0.,0.,0.));
#10535 = DIRECTION('',(1.,0.,0.));
#10536 = DIRECTION('',(-0.,0.,1.));
#10537 = DEFINITIONAL_REPRESENTATION('',(#10538),#10542);
#10538 = LINE('',#10539,#10540);
#10539 = CARTESIAN_POINT('',(0.,4.));
#10540 = VECTOR('',#10541,1.);
#10541 = DIRECTION('',(1.,0.));
#10542 = ( GEOMETRIC_REPRESENTATION_CONTEXT(2) 
PARAMETRIC_REPRESENTATION_CONTEXT() REPRESENTATION_CONTEXT('2D SPACE',''
  ) );
#10543 = PCURVE('',#10544,#10549);
#10544 = PLANE('',#10545);
#10545 = AXIS2_PLACEMENT_3D('',#10546,#10547,#10548);
#10546 = CARTESIAN_POINT('',(4.,0.,0.));
#10547 = DIRECTION('',(1.,0.,0.));
#10548 = DIRECTION('',(-0.,0.,1.));
#10549 = DEFINITIONAL_REPRESENTATION('',(#10550),#10554);
#10550 = CIRCLE('',#10551,32.5);
#10551 = AXIS2_PLACEMENT_2D('',#10552,#10553);
#10552 = CARTESIAN_POINT('',(0.,0.));
#10553 = DIRECTION('',(1.,0.));
#10554 = ( GEOMETRIC_REPRESENTATION_CONTEXT(2) 
PARAMETRIC_REPRESENTATION_CONTEXT() REPRESENTATION_CONTEXT('2D SPACE',''
  ) );
#10555 = ORIENTED_EDGE('',*,*,#10556,.F.);
#10556 = EDGE_CURVE('',#10557,#10523,#10559,.T.);
#10557 = VERTEX_POINT('',#10558);
#10558 = CARTESIAN_POINT('',(0.,7.960204194458E-15,32.5));
#10559 = SEAM_CURVE('',#10560,(#10564,#10571),.PCURVE_S1.);
#10560 = LINE('',#10561,#10562);
#10561 = CARTESIAN_POINT('',(0.,7.960204194458E-15,32.5));
#10562 = VECTOR('',#10563,1.);
#10563 = DIRECTION('',(1.,0.,0.));
#10564 = PCURVE('',#10532,#10565);
#10565 = DEFINITIONAL_REPRESENTATION('',(#10566),#10570);
#10566 = LINE('',#10567,#10568);
#10567 = CARTESIAN_POINT('',(6.28318530718,-0.));
#10568 = VECTOR('',#10569,1.);
#10569 = DIRECTION('',(0.,1.));
#10570 = ( GEOMETRIC_REPRESENTATION_CONTEXT(2) 
PARAMETRIC_REPRESENTATION_CONTEXT() REPRESENTATION_CONTEXT('2D SPACE',''
  ) );
#10571 = PCURVE('',#10532,#10572);
#10572 = DEFINITIONAL_REPRESENTATION('',(#10573),#10577);
#10573 = LINE('',#10574,#10575);
#10574 = CARTESIAN_POINT('',(0.,-0.));
#10575 = VECTOR('',#10576,1.);
#10576 = DIRECTION('',(0.,1.));
#10577 = ( GEOMETRIC_REPRESENTATION_CONTEXT(2) 
PARAMETRIC_REPRESENTATION_CONTEXT() REPRESENTATION_CONTEXT('2D SPACE',''
  ) );
#10578 = ORIENTED_EDGE('',*,*,#10579,.T.);
#10579 = EDGE_CURVE('',#10557,#10557,#10580,.T.);
#10580 = SURFACE_CURVE('',#10581,(#10586,#10593),.PCURVE_S1.);
#10581 = CIRCLE('',#10582,32.5);
#10582 = AXIS2_PLACEMENT_3D('',#10583,#10584,#10585);
#10583 = CARTESIAN_POINT('',(0.,0.,0.));
#10584 = DIRECTION('',(1.,0.,0.));
#10585 = DIRECTION('',(-0.,0.,1.));
#10586 = PCURVE('',#10532,#10587);
#10587 = DEFINITIONAL_REPRESENTATION('',(#10588),#10592);
#10588 = LINE('',#10589,#10590);
#10589 = CARTESIAN_POINT('',(0.,0.));
#10590 = VECTOR('',#10591,1.);
#10591 = DIRECTION('',(1.,0.));
#10592 = ( GEOMETRIC_REPRESENTATION_CONTEXT(2) 
PARAMETRIC_REPRESENTATION_CONTEXT() REPRESENTATION_CONTEXT('2D SPACE',''
  ) );
#10593 = PCURVE('',#10594,#10599);
#10594 = PLANE('',#10595);
#10595 = AXIS2_PLACEMENT_3D('',#10596,#10597,#10598);
#10596 = CARTESIAN_POINT('',(0.,0.,0.));
#10597 = DIRECTION('',(1.,0.,0.));
#10598 = DIRECTION('',(-0.,0.,1.));
#10599 = DEFINITIONAL_REPRESENTATION('',(#10600),#10604);
#10600 = CIRCLE('',#10601,32.5);
#10601 = AXIS2_PLACEMENT_2D('',#10602,#10603);
#10602 = CARTESIAN_POINT('',(0.,0.));
#10603 = DIRECTION('',(1.,0.));
#10604 = ( GEOMETRIC_REPRESENTATION_CONTEXT(2) 
PARAMETRIC_REPRESENTATION_CONTEXT() REPRESENTATION_CONTEXT('2D SPACE',''
  ) );
#10605 = ORIENTED_EDGE('',*,*,#10556,.T.);
#10606 = ADVANCED_FACE('',(#10607,#10610),#10544,.T.);
#10607 = FACE_BOUND('',#10608,.T.);
#10608 = EDGE_LOOP('',(#10609));
#10609 = ORIENTED_EDGE('',*,*,#10522,.T.);
#10610 = FACE_BOUND('',#10611,.T.);
#10611 = EDGE_LOOP('',(#10612));
#10612 = ORIENTED_EDGE('',*,*,#10613,.F.);
#10613 = EDGE_CURVE('',#10614,#10614,#10616,.T.);
#10614 = VERTEX_POINT('',#10615);
#10615 = CARTESIAN_POINT('',(4.,7.347880794884E-15,30.));
#10616 = SURFACE_CURVE('',#10617,(#10622,#10629),.PCURVE_S1.);
#10617 = CIRCLE('',#10618,30.);
#10618 = AXIS2_PLACEMENT_3D('',#10619,#10620,#10621);
#10619 = CARTESIAN_POINT('',(4.,0.,0.));
#10620 = DIRECTION('',(1.,0.,0.));
#10621 = DIRECTION('',(-0.,0.,1.));
#10622 = PCURVE('',#10544,#10623);
#10623 = DEFINITIONAL_REPRESENTATION('',(#10624),#10628);
#10624 = CIRCLE('',#10625,30.);
#10625 = AXIS2_PLACEMENT_2D('',#10626,#10627);
#10626 = CARTESIAN_POINT('',(0.,0.));
#10627 = DIRECTION('',(1.,0.));
#10628 = ( GEOMETRIC_REPRESENTATION_CONTEXT(2) 
PARAMETRIC_REPRESENTATION_CONTEXT() REPRESENTATION_CONTEXT('2D SPACE',''
  ) );
#10629 = PCURVE('',#10630,#10635);
#10630 = CYLINDRICAL_SURFACE('',#10631,30.);
#10631 = AXIS2_PLACEMENT_3D('',#10632,#10633,#10634);
#10632 = CARTESIAN_POINT('',(-1.E-02,0.,0.));
#10633 = DIRECTION('',(1.,0.,0.));
#10634 = DIRECTION('',(-0.,0.,1.));
#10635 = DEFINITIONAL_REPRESENTATION('',(#10636),#10640);
#10636 = LINE('',#10637,#10638);
#10637 = CARTESIAN_POINT('',(0.,4.01));
#10638 = VECTOR('',#10639,1.);
#10639 = DIRECTION('',(1.,0.));
#10640 = ( GEOMETRIC_REPRESENTATION_CONTEXT(2) 
PARAMETRIC_REPRESENTATION_CONTEXT() REPRESENTATION_CONTEXT('2D SPACE',''
  ) );
#10641 = ADVANCED_FACE('',(#10642,#10645),#10594,.F.);
#10642 = FACE_BOUND('',#10643,.F.);
#10643 = EDGE_LOOP('',(#10644));
#10644 = ORIENTED_EDGE('',*,*,#10579,.T.);
#10645 = FACE_BOUND('',#10646,.F.);
#10646 = EDGE_LOOP('',(#10647));
#10647 = ORIENTED_EDGE('',*,*,#10648,.F.);
#10648 = EDGE_CURVE('',#10649,#10649,#10651,.T.);
#10649 = VERTEX_POINT('',#10650);
#10650 = CARTESIAN_POINT('',(0.,7.347880794884E-15,30.));
#10651 = SURFACE_CURVE('',#10652,(#10657,#10664),.PCURVE_S1.);
#10652 = CIRCLE('',#10653,30.);
#10653 = AXIS2_PLACEMENT_3D('',#10654,#10655,#10656);
#10654 = CARTESIAN_POINT('',(0.,0.,0.));
#10655 = DIRECTION('',(1.,0.,0.));
#10656 = DIRECTION('',(-0.,0.,1.));
#10657 = PCURVE('',#10594,#10658);
#10658 = DEFINITIONAL_REPRESENTATION('',(#10659),#10663);
#10659 = CIRCLE('',#10660,30.);
#10660 = AXIS2_PLACEMENT_2D('',#10661,#10662);
#10661 = CARTESIAN_POINT('',(0.,0.));
#10662 = DIRECTION('',(1.,0.));
#10663 = ( GEOMETRIC_REPRESENTATION_CONTEXT(2) 
PARAMETRIC_REPRESENTATION_CONTEXT() REPRESENTATION_CONTEXT('2D SPACE',''
  ) );
#10664 = PCURVE('',#10630,#10665);
#10665 = DEFINITIONAL_REPRESENTATION('',(#10666),#10670);
#10666 = LINE('',#10667,#10668);
#10667 = CARTESIAN_POINT('',(0.,1.E-02));
#10668 = VECTOR('',#10669,1.);
#10669 = DIRECTION('',(1.,0.));
#10670 = ( GEOMETRIC_REPRESENTATION_CONTEXT(2) 
PARAMETRIC_REPRESENTATION_CONTEXT() REPRESENTATION_CONTEXT('2D SPACE',''
  ) );
#10671 = ADVANCED_FACE('',(#10672),#10630,.F.);
#10672 = FACE_BOUND('',#10673,.F.);
#10673 = EDGE_LOOP('',(#10674,#10675,#10696,#10697));
#10674 = ORIENTED_EDGE('',*,*,#10613,.F.);
#10675 = ORIENTED_EDGE('',*,*,#10676,.F.);
#10676 = EDGE_CURVE('',#10649,#10614,#10677,.T.);
#10677 = SEAM_CURVE('',#10678,(#10682,#10689),.PCURVE_S1.);
#10678 = LINE('',#10679,#10680);
#10679 = CARTESIAN_POINT('',(-1.E-02,7.347880794884E-15,30.));
#10680 = VECTOR('',#10681,1.);
#10681 = DIRECTION('',(1.,0.,0.));
#10682 = PCURVE('',#10630,#10683);
#10683 = DEFINITIONAL_REPRESENTATION('',(#10684),#10688);
#10684 = LINE('',#10685,#10686);
#10685 = CARTESIAN_POINT('',(6.28318530718,-0.));
#10686 = VECTOR('',#10687,1.);
#10687 = DIRECTION('',(0.,1.));
#10688 = ( GEOMETRIC_REPRESENTATION_CONTEXT(2) 
PARAMETRIC_REPRESENTATION_CONTEXT() REPRESENTATION_CONTEXT('2D SPACE',''
  ) );
#10689 = PCURVE('',#10630,#10690);
#10690 = DEFINITIONAL_REPRESENTATION('',(#10691),#10695);
#10691 = LINE('',#10692,#10693);
#10692 = CARTESIAN_POINT('',(0.,-0.));
#10693 = VECTOR('',#10694,1.);
#10694 = DIRECTION('',(0.,1.));
#10695 = ( GEOMETRIC_REPRESENTATION_CONTEXT(2) 
PARAMETRIC_REPRESENTATION_CONTEXT() REPRESENTATION_CONTEXT('2D SPACE',''
  ) );
#10696 = ORIENTED_EDGE('',*,*,#10648,.T.);
#10697 = ORIENTED_EDGE('',*,*,#10676,.T.);
#10698 = ( GEOMETRIC_REPRESENTATION_CONTEXT(3) 
GLOBAL_UNCERTAINTY_ASSIGNED_CONTEXT((#10702)) 
GLOBAL_UNIT_ASSIGNED_CONTEXT((#10699,#10700,#10701)) 
REPRESENTATION_CONTEXT('Context #1',
  '3D Context with UNIT and UNCERTAINTY') );
#10699 = ( LENGTH_UNIT() NAMED_UNIT(*) SI_UNIT(.MILLI.,.METRE.) );
#10700 = ( NAMED_UNIT(*) PLANE_ANGLE_UNIT() SI_UNIT($,.RADIAN.) );
#10701 = ( NAMED_UNIT(*) SI_UNIT($,.STERADIAN.) SOLID_ANGLE_UNIT() );
#10702 = UNCERTAINTY_MEASURE_WITH_UNIT(LENGTH_MEASURE(1.E-07),#10699,
  'distance_accuracy_value','confusion accuracy');
#10703 = CONTEXT_DEPENDENT_SHAPE_REPRESENTATION(#10704,#10706);
#10704 = ( REPRESENTATION_RELATIONSHIP('','',#10515,#10) 
REPRESENTATION_RELATIONSHIP_WITH_TRANSFORMATION(#10705) 
SHAPE_REPRESENTATION_RELATIONSHIP() );
#10705 = ITEM_DEFINED_TRANSFORMATION('','',#11,#39);
#10706 = PRODUCT_DEFINITION_SHAPE('Placement','Placement of an item',
  #10707);
#10707 = NEXT_ASSEMBLY_USAGE_OCCURRENCE('7','07_Magnet_ring','',#5,
  #10510,$);
#10708 = PRODUCT_RELATED_PRODUCT_CATEGORY('part',$,(#10512));
#10709 = SHAPE_DEFINITION_REPRESENTATION(#10710,#10716);
#10710 = PRODUCT_DEFINITION_SHAPE('','',#10711);
#10711 = PRODUCT_DEFINITION('design','',#10712,#10715);
#10712 = PRODUCT_DEFINITION_FORMATION('','',#10713);
#10713 = PRODUCT('08_Solenoid','08_Solenoid','',(#10714));
#10714 = PRODUCT_CONTEXT('',#2,'mechanical');
#10715 = PRODUCT_DEFINITION_CONTEXT('part definition',#2,'design');
#10716 = ADVANCED_BREP_SHAPE_REPRESENTATION('',(#11,#10717),#10815);
#10717 = MANIFOLD_SOLID_BREP('',#10718);
#10718 = CLOSED_SHELL('',(#10719,#10807,#10811));
#10719 = ADVANCED_FACE('',(#10720),#10733,.T.);
#10720 = FACE_BOUND('',#10721,.T.);
#10721 = EDGE_LOOP('',(#10722,#10756,#10779,#10806));
#10722 = ORIENTED_EDGE('',*,*,#10723,.F.);
#10723 = EDGE_CURVE('',#10724,#10724,#10726,.T.);
#10724 = VERTEX_POINT('',#10725);
#10725 = CARTESIAN_POINT('',(40.5,2.449293598295E-15,10.));
#10726 = SURFACE_CURVE('',#10727,(#10732,#10744),.PCURVE_S1.);
#10727 = CIRCLE('',#10728,10.);
#10728 = AXIS2_PLACEMENT_3D('',#10729,#10730,#10731);
#10729 = CARTESIAN_POINT('',(40.5,0.,0.));
#10730 = DIRECTION('',(1.,0.,0.));
#10731 = DIRECTION('',(-0.,0.,1.));
#10732 = PCURVE('',#10733,#10738);
#10733 = CYLINDRICAL_SURFACE('',#10734,10.);
#10734 = AXIS2_PLACEMENT_3D('',#10735,#10736,#10737);
#10735 = CARTESIAN_POINT('',(10.5,0.,0.));
#10736 = DIRECTION('',(1.,0.,0.));
#10737 = DIRECTION('',(-0.,0.,1.));
#10738 = DEFINITIONAL_REPRESENTATION('',(#10739),#10743);
#10739 = LINE('',#10740,#10741);
#10740 = CARTESIAN_POINT('',(0.,30.));
#10741 = VECTOR('',#10742,1.);
#10742 = DIRECTION('',(1.,0.));
#10743 = ( GEOMETRIC_REPRESENTATION_CONTEXT(2) 
PARAMETRIC_REPRESENTATION_CONTEXT() REPRESENTATION_CONTEXT('2D SPACE',''
  ) );
#10744 = PCURVE('',#10745,#10750);
#10745 = PLANE('',#10746);
#10746 = AXIS2_PLACEMENT_3D('',#10747,#10748,#10749);
#10747 = CARTESIAN_POINT('',(40.5,0.,0.));
#10748 = DIRECTION('',(1.,0.,0.));
#10749 = DIRECTION('',(-0.,0.,1.));
#10750 = DEFINITIONAL_REPRESENTATION('',(#10751),#10755);
#10751 = CIRCLE('',#10752,10.);
#10752 = AXIS2_PLACEMENT_2D('',#10753,#10754);
#10753 = CARTESIAN_POINT('',(0.,0.));
#10754 = DIRECTION('',(1.,0.));
#10755 = ( GEOMETRIC_REPRESENTATION_CONTEXT(2) 
PARAMETRIC_REPRESENTATION_CONTEXT() REPRESENTATION_CONTEXT('2D SPACE',''
  ) );
#10756 = ORIENTED_EDGE('',*,*,#10757,.F.);
#10757 = EDGE_CURVE('',#10758,#10724,#10760,.T.);
#10758 = VERTEX_POINT('',#10759);
#10759 = CARTESIAN_POINT('',(10.5,2.449293598295E-15,10.));
#10760 = SEAM_CURVE('',#10761,(#10765,#10772),.PCURVE_S1.);
#10761 = LINE('',#10762,#10763);
#10762 = CARTESIAN_POINT('',(10.5,2.449293598295E-15,10.));
#10763 = VECTOR('',#10764,1.);
#10764 = DIRECTION('',(1.,0.,0.));
#10765 = PCURVE('',#10733,#10766);
#10766 = DEFINITIONAL_REPRESENTATION('',(#10767),#10771);
#10767 = LINE('',#10768,#10769);
#10768 = CARTESIAN_POINT('',(6.28318530718,-0.));
#10769 = VECTOR('',#10770,1.);
#10770 = DIRECTION('',(0.,1.));
#10771 = ( GEOMETRIC_REPRESENTATION_CONTEXT(2) 
PARAMETRIC_REPRESENTATION_CONTEXT() REPRESENTATION_CONTEXT('2D SPACE',''
  ) );
#10772 = PCURVE('',#10733,#10773);
#10773 = DEFINITIONAL_REPRESENTATION('',(#10774),#10778);
#10774 = LINE('',#10775,#10776);
#10775 = CARTESIAN_POINT('',(0.,-0.));
#10776 = VECTOR('',#10777,1.);
#10777 = DIRECTION('',(0.,1.));
#10778 = ( GEOMETRIC_REPRESENTATION_CONTEXT(2) 
PARAMETRIC_REPRESENTATION_CONTEXT() REPRESENTATION_CONTEXT('2D SPACE',''
  ) );
#10779 = ORIENTED_EDGE('',*,*,#10780,.T.);
#10780 = EDGE_CURVE('',#10758,#10758,#10781,.T.);
#10781 = SURFACE_CURVE('',#10782,(#10787,#10794),.PCURVE_S1.);
#10782 = CIRCLE('',#10783,10.);
#10783 = AXIS2_PLACEMENT_3D('',#10784,#10785,#10786);
#10784 = CARTESIAN_POINT('',(10.5,0.,0.));
#10785 = DIRECTION('',(1.,0.,0.));
#10786 = DIRECTION('',(-0.,0.,1.));
#10787 = PCURVE('',#10733,#10788);
#10788 = DEFINITIONAL_REPRESENTATION('',(#10789),#10793);
#10789 = LINE('',#10790,#10791);
#10790 = CARTESIAN_POINT('',(0.,0.));
#10791 = VECTOR('',#10792,1.);
#10792 = DIRECTION('',(1.,0.));
#10793 = ( GEOMETRIC_REPRESENTATION_CONTEXT(2) 
PARAMETRIC_REPRESENTATION_CONTEXT() REPRESENTATION_CONTEXT('2D SPACE',''
  ) );
#10794 = PCURVE('',#10795,#10800);
#10795 = PLANE('',#10796);
#10796 = AXIS2_PLACEMENT_3D('',#10797,#10798,#10799);
#10797 = CARTESIAN_POINT('',(10.5,0.,0.));
#10798 = DIRECTION('',(1.,0.,0.));
#10799 = DIRECTION('',(-0.,0.,1.));
#10800 = DEFINITIONAL_REPRESENTATION('',(#10801),#10805);
#10801 = CIRCLE('',#10802,10.);
#10802 = AXIS2_PLACEMENT_2D('',#10803,#10804);
#10803 = CARTESIAN_POINT('',(0.,0.));
#10804 = DIRECTION('',(1.,0.));
#10805 = ( GEOMETRIC_REPRESENTATION_CONTEXT(2) 
PARAMETRIC_REPRESENTATION_CONTEXT() REPRESENTATION_CONTEXT('2D SPACE',''
  ) );
#10806 = ORIENTED_EDGE('',*,*,#10757,.T.);
#10807 = ADVANCED_FACE('',(#10808),#10745,.T.);
#10808 = FACE_BOUND('',#10809,.T.);
#10809 = EDGE_LOOP('',(#10810));
#10810 = ORIENTED_EDGE('',*,*,#10723,.T.);
#10811 = ADVANCED_FACE('',(#10812),#10795,.F.);
#10812 = FACE_BOUND('',#10813,.T.);
#10813 = EDGE_LOOP('',(#10814));
#10814 = ORIENTED_EDGE('',*,*,#10780,.F.);
#10815 = ( GEOMETRIC_REPRESENTATION_CONTEXT(3) 
GLOBAL_UNCERTAINTY_ASSIGNED_CONTEXT((#10819)) 
GLOBAL_UNIT_ASSIGNED_CONTEXT((#10816,#10817,#10818)) 
REPRESENTATION_CONTEXT('Context #1',
  '3D Context with UNIT and UNCERTAINTY') );
#10816 = ( LENGTH_UNIT() NAMED_UNIT(*) SI_UNIT(.MILLI.,.METRE.) );
#10817 = ( NAMED_UNIT(*) PLANE_ANGLE_UNIT() SI_UNIT($,.RADIAN.) );
#10818 = ( NAMED_UNIT(*) SI_UNIT($,.STERADIAN.) SOLID_ANGLE_UNIT() );
#10819 = UNCERTAINTY_MEASURE_WITH_UNIT(LENGTH_MEASURE(1.E-07),#10816,
  'distance_accuracy_value','confusion accuracy');
#10820 = CONTEXT_DEPENDENT_SHAPE_REPRESENTATION(#10821,#10823);
#10821 = ( REPRESENTATION_RELATIONSHIP('','',#10716,#10) 
REPRESENTATION_RELATIONSHIP_WITH_TRANSFORMATION(#10822) 
SHAPE_REPRESENTATION_RELATIONSHIP() );
#10822 = ITEM_DEFINED_TRANSFORMATION('','',#11,#43);
#10823 = PRODUCT_DEFINITION_SHAPE('Placement','Placement of an item',
  #10824);
#10824 = NEXT_ASSEMBLY_USAGE_OCCURRENCE('8','08_Solenoid','',#5,#10711,$
  );
#10825 = PRODUCT_RELATED_PRODUCT_CATEGORY('part',$,(#10713));
#10826 = SHAPE_DEFINITION_REPRESENTATION(#10827,#10833);
#10827 = PRODUCT_DEFINITION_SHAPE('','',#10828);
#10828 = PRODUCT_DEFINITION('design','',#10829,#10832);
#10829 = PRODUCT_DEFINITION_FORMATION('','',#10830);
#10830 = PRODUCT('09_Solenoid_plunger','09_Solenoid_plunger','',(#10831)
  );
#10831 = PRODUCT_CONTEXT('',#2,'mechanical');
#10832 = PRODUCT_DEFINITION_CONTEXT('part definition',#2,'design');
#10833 = ADVANCED_BREP_SHAPE_REPRESENTATION('',(#11,#10834),#10932);
#10834 = MANIFOLD_SOLID_BREP('',#10835);
#10835 = CLOSED_SHELL('',(#10836,#10924,#10928));
#10836 = ADVANCED_FACE('',(#10837),#10850,.T.);
#10837 = FACE_BOUND('',#10838,.T.);
#10838 = EDGE_LOOP('',(#10839,#10873,#10896,#10923));
#10839 = ORIENTED_EDGE('',*,*,#10840,.F.);
#10840 = EDGE_CURVE('',#10841,#10841,#10843,.T.);
#10841 = VERTEX_POINT('',#10842);
#10842 = CARTESIAN_POINT('',(10.5,6.123233995737E-16,2.5));
#10843 = SURFACE_CURVE('',#10844,(#10849,#10861),.PCURVE_S1.);
#10844 = CIRCLE('',#10845,2.5);
#10845 = AXIS2_PLACEMENT_3D('',#10846,#10847,#10848);
#10846 = CARTESIAN_POINT('',(10.5,0.,0.));
#10847 = DIRECTION('',(1.,0.,0.));
#10848 = DIRECTION('',(-0.,0.,1.));
#10849 = PCURVE('',#10850,#10855);
#10850 = CYLINDRICAL_SURFACE('',#10851,2.5);
#10851 = AXIS2_PLACEMENT_3D('',#10852,#10853,#10854);
#10852 = CARTESIAN_POINT('',(8.5,0.,0.));
#10853 = DIRECTION('',(1.,0.,0.));
#10854 = DIRECTION('',(-0.,0.,1.));
#10855 = DEFINITIONAL_REPRESENTATION('',(#10856),#10860);
#10856 = LINE('',#10857,#10858);
#10857 = CARTESIAN_POINT('',(0.,2.));
#10858 = VECTOR('',#10859,1.);
#10859 = DIRECTION('',(1.,0.));
#10860 = ( GEOMETRIC_REPRESENTATION_CONTEXT(2) 
PARAMETRIC_REPRESENTATION_CONTEXT() REPRESENTATION_CONTEXT('2D SPACE',''
  ) );
#10861 = PCURVE('',#10862,#10867);
#10862 = PLANE('',#10863);
#10863 = AXIS2_PLACEMENT_3D('',#10864,#10865,#10866);
#10864 = CARTESIAN_POINT('',(10.5,0.,0.));
#10865 = DIRECTION('',(1.,0.,0.));
#10866 = DIRECTION('',(-0.,0.,1.));
#10867 = DEFINITIONAL_REPRESENTATION('',(#10868),#10872);
#10868 = CIRCLE('',#10869,2.5);
#10869 = AXIS2_PLACEMENT_2D('',#10870,#10871);
#10870 = CARTESIAN_POINT('',(0.,0.));
#10871 = DIRECTION('',(1.,0.));
#10872 = ( GEOMETRIC_REPRESENTATION_CONTEXT(2) 
PARAMETRIC_REPRESENTATION_CONTEXT() REPRESENTATION_CONTEXT('2D SPACE',''
  ) );
#10873 = ORIENTED_EDGE('',*,*,#10874,.F.);
#10874 = EDGE_CURVE('',#10875,#10841,#10877,.T.);
#10875 = VERTEX_POINT('',#10876);
#10876 = CARTESIAN_POINT('',(8.5,6.123233995737E-16,2.5));
#10877 = SEAM_CURVE('',#10878,(#10882,#10889),.PCURVE_S1.);
#10878 = LINE('',#10879,#10880);
#10879 = CARTESIAN_POINT('',(8.5,6.123233995737E-16,2.5));
#10880 = VECTOR('',#10881,1.);
#10881 = DIRECTION('',(1.,0.,0.));
#10882 = PCURVE('',#10850,#10883);
#10883 = DEFINITIONAL_REPRESENTATION('',(#10884),#10888);
#10884 = LINE('',#10885,#10886);
#10885 = CARTESIAN_POINT('',(6.28318530718,-0.));
#10886 = VECTOR('',#10887,1.);
#10887 = DIRECTION('',(0.,1.));
#10888 = ( GEOMETRIC_REPRESENTATION_CONTEXT(2) 
PARAMETRIC_REPRESENTATION_CONTEXT() REPRESENTATION_CONTEXT('2D SPACE',''
  ) );
#10889 = PCURVE('',#10850,#10890);
#10890 = DEFINITIONAL_REPRESENTATION('',(#10891),#10895);
#10891 = LINE('',#10892,#10893);
#10892 = CARTESIAN_POINT('',(0.,-0.));
#10893 = VECTOR('',#10894,1.);
#10894 = DIRECTION('',(0.,1.));
#10895 = ( GEOMETRIC_REPRESENTATION_CONTEXT(2) 
PARAMETRIC_REPRESENTATION_CONTEXT() REPRESENTATION_CONTEXT('2D SPACE',''
  ) );
#10896 = ORIENTED_EDGE('',*,*,#10897,.T.);
#10897 = EDGE_CURVE('',#10875,#10875,#10898,.T.);
#10898 = SURFACE_CURVE('',#10899,(#10904,#10911),.PCURVE_S1.);
#10899 = CIRCLE('',#10900,2.5);
#10900 = AXIS2_PLACEMENT_3D('',#10901,#10902,#10903);
#10901 = CARTESIAN_POINT('',(8.5,0.,0.));
#10902 = DIRECTION('',(1.,0.,0.));
#10903 = DIRECTION('',(-0.,0.,1.));
#10904 = PCURVE('',#10850,#10905);
#10905 = DEFINITIONAL_REPRESENTATION('',(#10906),#10910);
#10906 = LINE('',#10907,#10908);
#10907 = CARTESIAN_POINT('',(0.,0.));
#10908 = VECTOR('',#10909,1.);
#10909 = DIRECTION('',(1.,0.));
#10910 = ( GEOMETRIC_REPRESENTATION_CONTEXT(2) 
PARAMETRIC_REPRESENTATION_CONTEXT() REPRESENTATION_CONTEXT('2D SPACE',''
  ) );
#10911 = PCURVE('',#10912,#10917);
#10912 = PLANE('',#10913);
#10913 = AXIS2_PLACEMENT_3D('',#10914,#10915,#10916);
#10914 = CARTESIAN_POINT('',(8.5,0.,0.));
#10915 = DIRECTION('',(1.,0.,0.));
#10916 = DIRECTION('',(-0.,0.,1.));
#10917 = DEFINITIONAL_REPRESENTATION('',(#10918),#10922);
#10918 = CIRCLE('',#10919,2.5);
#10919 = AXIS2_PLACEMENT_2D('',#10920,#10921);
#10920 = CARTESIAN_POINT('',(0.,0.));
#10921 = DIRECTION('',(1.,0.));
#10922 = ( GEOMETRIC_REPRESENTATION_CONTEXT(2) 
PARAMETRIC_REPRESENTATION_CONTEXT() REPRESENTATION_CONTEXT('2D SPACE',''
  ) );
#10923 = ORIENTED_EDGE('',*,*,#10874,.T.);
#10924 = ADVANCED_FACE('',(#10925),#10862,.T.);
#10925 = FACE_BOUND('',#10926,.T.);
#10926 = EDGE_LOOP('',(#10927));
#10927 = ORIENTED_EDGE('',*,*,#10840,.T.);
#10928 = ADVANCED_FACE('',(#10929),#10912,.F.);
#10929 = FACE_BOUND('',#10930,.T.);
#10930 = EDGE_LOOP('',(#10931));
#10931 = ORIENTED_EDGE('',*,*,#10897,.F.);
#10932 = ( GEOMETRIC_REPRESENTATION_CONTEXT(3) 
GLOBAL_UNCERTAINTY_ASSIGNED_CONTEXT((#10936)) 
GLOBAL_UNIT_ASSIGNED_CONTEXT((#10933,#10934,#10935)) 
REPRESENTATION_CONTEXT('Context #1',
  '3D Context with UNIT and UNCERTAINTY') );
#10933 = ( LENGTH_UNIT() NAMED_UNIT(*) SI_UNIT(.MILLI.,.METRE.) );
#10934 = ( NAMED_UNIT(*) PLANE_ANGLE_UNIT() SI_UNIT($,.RADIAN.) );
#10935 = ( NAMED_UNIT(*) SI_UNIT($,.STERADIAN.) SOLID_ANGLE_UNIT() );
#10936 = UNCERTAINTY_MEASURE_WITH_UNIT(LENGTH_MEASURE(1.E-07),#10933,
  'distance_accuracy_value','confusion accuracy');
#10937 = CONTEXT_DEPENDENT_SHAPE_REPRESENTATION(#10938,#10940);
#10938 = ( REPRESENTATION_RELATIONSHIP('','',#10833,#10) 
REPRESENTATION_RELATIONSHIP_WITH_TRANSFORMATION(#10939) 
SHAPE_REPRESENTATION_RELATIONSHIP() );
#10939 = ITEM_DEFINED_TRANSFORMATION('','',#11,#47);
#10940 = PRODUCT_DEFINITION_SHAPE('Placement','Placement of an item',
  #10941);
#10941 = NEXT_ASSEMBLY_USAGE_OCCURRENCE('9','09_Solenoid_plunger','',#5,
  #10828,$);
#10942 = PRODUCT_RELATED_PRODUCT_CATEGORY('part',$,(#10830));
#10943 = SHAPE_DEFINITION_REPRESENTATION(#10944,#10950);
#10944 = PRODUCT_DEFINITION_SHAPE('','',#10945);
#10945 = PRODUCT_DEFINITION('design','',#10946,#10949);
#10946 = PRODUCT_DEFINITION_FORMATION('','',#10947);
#10947 = PRODUCT('10_Battery','10_Battery','',(#10948));
#10948 = PRODUCT_CONTEXT('',#2,'mechanical');
#10949 = PRODUCT_DEFINITION_CONTEXT('part definition',#2,'design');
#10950 = ADVANCED_BREP_SHAPE_REPRESENTATION('',(#11,#10951),#11281);
#10951 = MANIFOLD_SOLID_BREP('',#10952);
#10952 = CLOSED_SHELL('',(#10953,#11073,#11173,#11220,#11267,#11274));
#10953 = ADVANCED_FACE('',(#10954),#10968,.F.);
#10954 = FACE_BOUND('',#10955,.F.);
#10955 = EDGE_LOOP('',(#10956,#10991,#11019,#11047));
#10956 = ORIENTED_EDGE('',*,*,#10957,.F.);
#10957 = EDGE_CURVE('',#10958,#10960,#10962,.T.);
#10958 = VERTEX_POINT('',#10959);
#10959 = CARTESIAN_POINT('',(47.,-17.5,-14.));
#10960 = VERTEX_POINT('',#10961);
#10961 = CARTESIAN_POINT('',(47.,-17.5,-6.));
#10962 = SURFACE_CURVE('',#10963,(#10967,#10979),.PCURVE_S1.);
#10963 = LINE('',#10964,#10965);
#10964 = CARTESIAN_POINT('',(47.,-17.5,-14.));
#10965 = VECTOR('',#10966,1.);
#10966 = DIRECTION('',(0.,0.,1.));
#10967 = PCURVE('',#10968,#10973);
#10968 = PLANE('',#10969);
#10969 = AXIS2_PLACEMENT_3D('',#10970,#10971,#10972);
#10970 = CARTESIAN_POINT('',(47.,-17.5,-14.));
#10971 = DIRECTION('',(1.,0.,-0.));
#10972 = DIRECTION('',(0.,0.,1.));
#10973 = DEFINITIONAL_REPRESENTATION('',(#10974),#10978);
#10974 = LINE('',#10975,#10976);
#10975 = CARTESIAN_POINT('',(0.,0.));
#10976 = VECTOR('',#10977,1.);
#10977 = DIRECTION('',(1.,0.));
#10978 = ( GEOMETRIC_REPRESENTATION_CONTEXT(2) 
PARAMETRIC_REPRESENTATION_CONTEXT() REPRESENTATION_CONTEXT('2D SPACE',''
  ) );
#10979 = PCURVE('',#10980,#10985);
#10980 = PLANE('',#10981);
#10981 = AXIS2_PLACEMENT_3D('',#10982,#10983,#10984);
#10982 = CARTESIAN_POINT('',(47.,-17.5,-14.));
#10983 = DIRECTION('',(-0.,1.,0.));
#10984 = DIRECTION('',(0.,0.,1.));
#10985 = DEFINITIONAL_REPRESENTATION('',(#10986),#10990);
#10986 = LINE('',#10987,#10988);
#10987 = CARTESIAN_POINT('',(0.,0.));
#10988 = VECTOR('',#10989,1.);
#10989 = DIRECTION('',(1.,0.));
#10990 = ( GEOMETRIC_REPRESENTATION_CONTEXT(2) 
PARAMETRIC_REPRESENTATION_CONTEXT() REPRESENTATION_CONTEXT('2D SPACE',''
  ) );
#10991 = ORIENTED_EDGE('',*,*,#10992,.T.);
#10992 = EDGE_CURVE('',#10958,#10993,#10995,.T.);
#10993 = VERTEX_POINT('',#10994);
#10994 = CARTESIAN_POINT('',(47.,17.5,-14.));
#10995 = SURFACE_CURVE('',#10996,(#11000,#11007),.PCURVE_S1.);
#10996 = LINE('',#10997,#10998);
#10997 = CARTESIAN_POINT('',(47.,-17.5,-14.));
#10998 = VECTOR('',#10999,1.);
#10999 = DIRECTION('',(-0.,1.,0.));
#11000 = PCURVE('',#10968,#11001);
#11001 = DEFINITIONAL_REPRESENTATION('',(#11002),#11006);
#11002 = LINE('',#11003,#11004);
#11003 = CARTESIAN_POINT('',(0.,0.));
#11004 = VECTOR('',#11005,1.);
#11005 = DIRECTION('',(0.,-1.));
#11006 = ( GEOMETRIC_REPRESENTATION_CONTEXT(2) 
PARAMETRIC_REPRESENTATION_CONTEXT() REPRESENTATION_CONTEXT('2D SPACE',''
  ) );
#11007 = PCURVE('',#11008,#11013);
#11008 = PLANE('',#11009);
#11009 = AXIS2_PLACEMENT_3D('',#11010,#11011,#11012);
#11010 = CARTESIAN_POINT('',(47.,-17.5,-14.));
#11011 = DIRECTION('',(0.,0.,1.));
#11012 = DIRECTION('',(1.,0.,-0.));
#11013 = DEFINITIONAL_REPRESENTATION('',(#11014),#11018);
#11014 = LINE('',#11015,#11016);
#11015 = CARTESIAN_POINT('',(0.,0.));
#11016 = VECTOR('',#11017,1.);
#11017 = DIRECTION('',(0.,1.));
#11018 = ( GEOMETRIC_REPRESENTATION_CONTEXT(2) 
PARAMETRIC_REPRESENTATION_CONTEXT() REPRESENTATION_CONTEXT('2D SPACE',''
  ) );
#11019 = ORIENTED_EDGE('',*,*,#11020,.T.);
#11020 = EDGE_CURVE('',#10993,#11021,#11023,.T.);
#11021 = VERTEX_POINT('',#11022);
#11022 = CARTESIAN_POINT('',(47.,17.5,-6.));
#11023 = SURFACE_CURVE('',#11024,(#11028,#11035),.PCURVE_S1.);
#11024 = LINE('',#11025,#11026);
#11025 = CARTESIAN_POINT('',(47.,17.5,-14.));
#11026 = VECTOR('',#11027,1.);
#11027 = DIRECTION('',(0.,0.,1.));
#11028 = PCURVE('',#10968,#11029);
#11029 = DEFINITIONAL_REPRESENTATION('',(#11030),#11034);
#11030 = LINE('',#11031,#11032);
#11031 = CARTESIAN_POINT('',(0.,-35.));
#11032 = VECTOR('',#11033,1.);
#11033 = DIRECTION('',(1.,0.));
#11034 = ( GEOMETRIC_REPRESENTATION_CONTEXT(2) 
PARAMETRIC_REPRESENTATION_CONTEXT() REPRESENTATION_CONTEXT('2D SPACE',''
  ) );
#11035 = PCURVE('',#11036,#11041);
#11036 = PLANE('',#11037);
#11037 = AXIS2_PLACEMENT_3D('',#11038,#11039,#11040);
#11038 = CARTESIAN_POINT('',(47.,17.5,-14.));
#11039 = DIRECTION('',(-0.,1.,0.));
#11040 = DIRECTION('',(0.,0.,1.));
#11041 = DEFINITIONAL_REPRESENTATION('',(#11042),#11046);
#11042 = LINE('',#11043,#11044);
#11043 = CARTESIAN_POINT('',(0.,0.));
#11044 = VECTOR('',#11045,1.);
#11045 = DIRECTION('',(1.,0.));
#11046 = ( GEOMETRIC_REPRESENTATION_CONTEXT(2) 
PARAMETRIC_REPRESENTATION_CONTEXT() REPRESENTATION_CONTEXT('2D SPACE',''
  ) );
#11047 = ORIENTED_EDGE('',*,*,#11048,.F.);
#11048 = EDGE_CURVE('',#10960,#11021,#11049,.T.);
#11049 = SURFACE_CURVE('',#11050,(#11054,#11061),.PCURVE_S1.);
#11050 = LINE('',#11051,#11052);
#11051 = CARTESIAN_POINT('',(47.,-17.5,-6.));
#11052 = VECTOR('',#11053,1.);
#11053 = DIRECTION('',(-0.,1.,0.));
#11054 = PCURVE('',#10968,#11055);
#11055 = DEFINITIONAL_REPRESENTATION('',(#11056),#11060);
#11056 = LINE('',#11057,#11058);
#11057 = CARTESIAN_POINT('',(8.,0.));
#11058 = VECTOR('',#11059,1.);
#11059 = DIRECTION('',(0.,-1.));
#11060 = ( GEOMETRIC_REPRESENTATION_CONTEXT(2) 
PARAMETRIC_REPRESENTATION_CONTEXT() REPRESENTATION_CONTEXT('2D SPACE',''
  ) );
#11061 = PCURVE('',#11062,#11067);
#11062 = PLANE('',#11063);
#11063 = AXIS2_PLACEMENT_3D('',#11064,#11065,#11066);
#11064 = CARTESIAN_POINT('',(47.,-17.5,-6.));
#11065 = DIRECTION('',(0.,0.,1.));
#11066 = DIRECTION('',(1.,0.,-0.));
#11067 = DEFINITIONAL_REPRESENTATION('',(#11068),#11072);
#11068 = LINE('',#11069,#11070);
#11069 = CARTESIAN_POINT('',(0.,0.));
#11070 = VECTOR('',#11071,1.);
#11071 = DIRECTION('',(0.,1.));
#11072 = ( GEOMETRIC_REPRESENTATION_CONTEXT(2) 
PARAMETRIC_REPRESENTATION_CONTEXT() REPRESENTATION_CONTEXT('2D SPACE',''
  ) );
#11073 = ADVANCED_FACE('',(#11074),#11088,.T.);
#11074 = FACE_BOUND('',#11075,.T.);
#11075 = EDGE_LOOP('',(#11076,#11106,#11129,#11152));
#11076 = ORIENTED_EDGE('',*,*,#11077,.F.);
#11077 = EDGE_CURVE('',#11078,#11080,#11082,.T.);
#11078 = VERTEX_POINT('',#11079);
#11079 = CARTESIAN_POINT('',(107.,-17.5,-14.));
#11080 = VERTEX_POINT('',#11081);
#11081 = CARTESIAN_POINT('',(107.,-17.5,-6.));
#11082 = SURFACE_CURVE('',#11083,(#11087,#11099),.PCURVE_S1.);
#11083 = LINE('',#11084,#11085);
#11084 = CARTESIAN_POINT('',(107.,-17.5,-14.));
#11085 = VECTOR('',#11086,1.);
#11086 = DIRECTION('',(0.,0.,1.));
#11087 = PCURVE('',#11088,#11093);
#11088 = PLANE('',#11089);
#11089 = AXIS2_PLACEMENT_3D('',#11090,#11091,#11092);
#11090 = CARTESIAN_POINT('',(107.,-17.5,-14.));
#11091 = DIRECTION('',(1.,0.,-0.));
#11092 = DIRECTION('',(0.,0.,1.));
#11093 = DEFINITIONAL_REPRESENTATION('',(#11094),#11098);
#11094 = LINE('',#11095,#11096);
#11095 = CARTESIAN_POINT('',(0.,0.));
#11096 = VECTOR('',#11097,1.);
#11097 = DIRECTION('',(1.,0.));
#11098 = ( GEOMETRIC_REPRESENTATION_CONTEXT(2) 
PARAMETRIC_REPRESENTATION_CONTEXT() REPRESENTATION_CONTEXT('2D SPACE',''
  ) );
#11099 = PCURVE('',#10980,#11100);
#11100 = DEFINITIONAL_REPRESENTATION('',(#11101),#11105);
#11101 = LINE('',#11102,#11103);
#11102 = CARTESIAN_POINT('',(0.,60.));
#11103 = VECTOR('',#11104,1.);
#11104 = DIRECTION('',(1.,0.));
#11105 = ( GEOMETRIC_REPRESENTATION_CONTEXT(2) 
PARAMETRIC_REPRESENTATION_CONTEXT() REPRESENTATION_CONTEXT('2D SPACE',''
  ) );
#11106 = ORIENTED_EDGE('',*,*,#11107,.T.);
#11107 = EDGE_CURVE('',#11078,#11108,#11110,.T.);
#11108 = VERTEX_POINT('',#11109);
#11109 = CARTESIAN_POINT('',(107.,17.5,-14.));
#11110 = SURFACE_CURVE('',#11111,(#11115,#11122),.PCURVE_S1.);
#11111 = LINE('',#11112,#11113);
#11112 = CARTESIAN_POINT('',(107.,-17.5,-14.));
#11113 = VECTOR('',#11114,1.);
#11114 = DIRECTION('',(-0.,1.,0.));
#11115 = PCURVE('',#11088,#11116);
#11116 = DEFINITIONAL_REPRESENTATION('',(#11117),#11121);
#11117 = LINE('',#11118,#11119);
#11118 = CARTESIAN_POINT('',(0.,0.));
#11119 = VECTOR('',#11120,1.);
#11120 = DIRECTION('',(0.,-1.));
#11121 = ( GEOMETRIC_REPRESENTATION_CONTEXT(2) 
PARAMETRIC_REPRESENTATION_CONTEXT() REPRESENTATION_CONTEXT('2D SPACE',''
  ) );
#11122 = PCURVE('',#11008,#11123);
#11123 = DEFINITIONAL_REPRESENTATION('',(#11124),#11128);
#11124 = LINE('',#11125,#11126);
#11125 = CARTESIAN_POINT('',(60.,0.));
#11126 = VECTOR('',#11127,1.);
#11127 = DIRECTION('',(0.,1.));
#11128 = ( GEOMETRIC_REPRESENTATION_CONTEXT(2) 
PARAMETRIC_REPRESENTATION_CONTEXT() REPRESENTATION_CONTEXT('2D SPACE',''
  ) );
#11129 = ORIENTED_EDGE('',*,*,#11130,.T.);
#11130 = EDGE_CURVE('',#11108,#11131,#11133,.T.);
#11131 = VERTEX_POINT('',#11132);
#11132 = CARTESIAN_POINT('',(107.,17.5,-6.));
#11133 = SURFACE_CURVE('',#11134,(#11138,#11145),.PCURVE_S1.);
#11134 = LINE('',#11135,#11136);
#11135 = CARTESIAN_POINT('',(107.,17.5,-14.));
#11136 = VECTOR('',#11137,1.);
#11137 = DIRECTION('',(0.,0.,1.));
#11138 = PCURVE('',#11088,#11139);
#11139 = DEFINITIONAL_REPRESENTATION('',(#11140),#11144);
#11140 = LINE('',#11141,#11142);
#11141 = CARTESIAN_POINT('',(0.,-35.));
#11142 = VECTOR('',#11143,1.);
#11143 = DIRECTION('',(1.,0.));
#11144 = ( GEOMETRIC_REPRESENTATION_CONTEXT(2) 
PARAMETRIC_REPRESENTATION_CONTEXT() REPRESENTATION_CONTEXT('2D SPACE',''
  ) );
#11145 = PCURVE('',#11036,#11146);
#11146 = DEFINITIONAL_REPRESENTATION('',(#11147),#11151);
#11147 = LINE('',#11148,#11149);
#11148 = CARTESIAN_POINT('',(0.,60.));
#11149 = VECTOR('',#11150,1.);
#11150 = DIRECTION('',(1.,0.));
#11151 = ( GEOMETRIC_REPRESENTATION_CONTEXT(2) 
PARAMETRIC_REPRESENTATION_CONTEXT() REPRESENTATION_CONTEXT('2D SPACE',''
  ) );
#11152 = ORIENTED_EDGE('',*,*,#11153,.F.);
#11153 = EDGE_CURVE('',#11080,#11131,#11154,.T.);
#11154 = SURFACE_CURVE('',#11155,(#11159,#11166),.PCURVE_S1.);
#11155 = LINE('',#11156,#11157);
#11156 = CARTESIAN_POINT('',(107.,-17.5,-6.));
#11157 = VECTOR('',#11158,1.);
#11158 = DIRECTION('',(-0.,1.,0.));
#11159 = PCURVE('',#11088,#11160);
#11160 = DEFINITIONAL_REPRESENTATION('',(#11161),#11165);
#11161 = LINE('',#11162,#11163);
#11162 = CARTESIAN_POINT('',(8.,0.));
#11163 = VECTOR('',#11164,1.);
#11164 = DIRECTION('',(0.,-1.));
#11165 = ( GEOMETRIC_REPRESENTATION_CONTEXT(2) 
PARAMETRIC_REPRESENTATION_CONTEXT() REPRESENTATION_CONTEXT('2D SPACE',''
  ) );
#11166 = PCURVE('',#11062,#11167);
#11167 = DEFINITIONAL_REPRESENTATION('',(#11168),#11172);
#11168 = LINE('',#11169,#11170);
#11169 = CARTESIAN_POINT('',(60.,0.));
#11170 = VECTOR('',#11171,1.);
#11171 = DIRECTION('',(0.,1.));
#11172 = ( GEOMETRIC_REPRESENTATION_CONTEXT(2) 
PARAMETRIC_REPRESENTATION_CONTEXT() REPRESENTATION_CONTEXT('2D SPACE',''
  ) );
#11173 = ADVANCED_FACE('',(#11174),#10980,.F.);
#11174 = FACE_BOUND('',#11175,.F.);
#11175 = EDGE_LOOP('',(#11176,#11197,#11198,#11219));
#11176 = ORIENTED_EDGE('',*,*,#11177,.F.);
#11177 = EDGE_CURVE('',#10958,#11078,#11178,.T.);
#11178 = SURFACE_CURVE('',#11179,(#11183,#11190),.PCURVE_S1.);
#11179 = LINE('',#11180,#11181);
#11180 = CARTESIAN_POINT('',(47.,-17.5,-14.));
#11181 = VECTOR('',#11182,1.);
#11182 = DIRECTION('',(1.,0.,-0.));
#11183 = PCURVE('',#10980,#11184);
#11184 = DEFINITIONAL_REPRESENTATION('',(#11185),#11189);
#11185 = LINE('',#11186,#11187);
#11186 = CARTESIAN_POINT('',(0.,0.));
#11187 = VECTOR('',#11188,1.);
#11188 = DIRECTION('',(0.,1.));
#11189 = ( GEOMETRIC_REPRESENTATION_CONTEXT(2) 
PARAMETRIC_REPRESENTATION_CONTEXT() REPRESENTATION_CONTEXT('2D SPACE',''
  ) );
#11190 = PCURVE('',#11008,#11191);
#11191 = DEFINITIONAL_REPRESENTATION('',(#11192),#11196);
#11192 = LINE('',#11193,#11194);
#11193 = CARTESIAN_POINT('',(0.,0.));
#11194 = VECTOR('',#11195,1.);
#11195 = DIRECTION('',(1.,0.));
#11196 = ( GEOMETRIC_REPRESENTATION_CONTEXT(2) 
PARAMETRIC_REPRESENTATION_CONTEXT() REPRESENTATION_CONTEXT('2D SPACE',''
  ) );
#11197 = ORIENTED_EDGE('',*,*,#10957,.T.);
#11198 = ORIENTED_EDGE('',*,*,#11199,.T.);
#11199 = EDGE_CURVE('',#10960,#11080,#11200,.T.);
#11200 = SURFACE_CURVE('',#11201,(#11205,#11212),.PCURVE_S1.);
#11201 = LINE('',#11202,#11203);
#11202 = CARTESIAN_POINT('',(47.,-17.5,-6.));
#11203 = VECTOR('',#11204,1.);
#11204 = DIRECTION('',(1.,0.,-0.));
#11205 = PCURVE('',#10980,#11206);
#11206 = DEFINITIONAL_REPRESENTATION('',(#11207),#11211);
#11207 = LINE('',#11208,#11209);
#11208 = CARTESIAN_POINT('',(8.,0.));
#11209 = VECTOR('',#11210,1.);
#11210 = DIRECTION('',(0.,1.));
#11211 = ( GEOMETRIC_REPRESENTATION_CONTEXT(2) 
PARAMETRIC_REPRESENTATION_CONTEXT() REPRESENTATION_CONTEXT('2D SPACE',''
  ) );
#11212 = PCURVE('',#11062,#11213);
#11213 = DEFINITIONAL_REPRESENTATION('',(#11214),#11218);
#11214 = LINE('',#11215,#11216);
#11215 = CARTESIAN_POINT('',(0.,0.));
#11216 = VECTOR('',#11217,1.);
#11217 = DIRECTION('',(1.,0.));
#11218 = ( GEOMETRIC_REPRESENTATION_CONTEXT(2) 
PARAMETRIC_REPRESENTATION_CONTEXT() REPRESENTATION_CONTEXT('2D SPACE',''
  ) );
#11219 = ORIENTED_EDGE('',*,*,#11077,.F.);
#11220 = ADVANCED_FACE('',(#11221),#11036,.T.);
#11221 = FACE_BOUND('',#11222,.T.);
#11222 = EDGE_LOOP('',(#11223,#11244,#11245,#11266));
#11223 = ORIENTED_EDGE('',*,*,#11224,.F.);
#11224 = EDGE_CURVE('',#10993,#11108,#11225,.T.);
#11225 = SURFACE_CURVE('',#11226,(#11230,#11237),.PCURVE_S1.);
#11226 = LINE('',#11227,#11228);
#11227 = CARTESIAN_POINT('',(47.,17.5,-14.));
#11228 = VECTOR('',#11229,1.);
#11229 = DIRECTION('',(1.,0.,-0.));
#11230 = PCURVE('',#11036,#11231);
#11231 = DEFINITIONAL_REPRESENTATION('',(#11232),#11236);
#11232 = LINE('',#11233,#11234);
#11233 = CARTESIAN_POINT('',(0.,0.));
#11234 = VECTOR('',#11235,1.);
#11235 = DIRECTION('',(0.,1.));
#11236 = ( GEOMETRIC_REPRESENTATION_CONTEXT(2) 
PARAMETRIC_REPRESENTATION_CONTEXT() REPRESENTATION_CONTEXT('2D SPACE',''
  ) );
#11237 = PCURVE('',#11008,#11238);
#11238 = DEFINITIONAL_REPRESENTATION('',(#11239),#11243);
#11239 = LINE('',#11240,#11241);
#11240 = CARTESIAN_POINT('',(0.,35.));
#11241 = VECTOR('',#11242,1.);
#11242 = DIRECTION('',(1.,0.));
#11243 = ( GEOMETRIC_REPRESENTATION_CONTEXT(2) 
PARAMETRIC_REPRESENTATION_CONTEXT() REPRESENTATION_CONTEXT('2D SPACE',''
  ) );
#11244 = ORIENTED_EDGE('',*,*,#11020,.T.);
#11245 = ORIENTED_EDGE('',*,*,#11246,.T.);
#11246 = EDGE_CURVE('',#11021,#11131,#11247,.T.);
#11247 = SURFACE_CURVE('',#11248,(#11252,#11259),.PCURVE_S1.);
#11248 = LINE('',#11249,#11250);
#11249 = CARTESIAN_POINT('',(47.,17.5,-6.));
#11250 = VECTOR('',#11251,1.);
#11251 = DIRECTION('',(1.,0.,-0.));
#11252 = PCURVE('',#11036,#11253);
#11253 = DEFINITIONAL_REPRESENTATION('',(#11254),#11258);
#11254 = LINE('',#11255,#11256);
#11255 = CARTESIAN_POINT('',(8.,0.));
#11256 = VECTOR('',#11257,1.);
#11257 = DIRECTION('',(0.,1.));
#11258 = ( GEOMETRIC_REPRESENTATION_CONTEXT(2) 
PARAMETRIC_REPRESENTATION_CONTEXT() REPRESENTATION_CONTEXT('2D SPACE',''
  ) );
#11259 = PCURVE('',#11062,#11260);
#11260 = DEFINITIONAL_REPRESENTATION('',(#11261),#11265);
#11261 = LINE('',#11262,#11263);
#11262 = CARTESIAN_POINT('',(0.,35.));
#11263 = VECTOR('',#11264,1.);
#11264 = DIRECTION('',(1.,0.));
#11265 = ( GEOMETRIC_REPRESENTATION_CONTEXT(2) 
PARAMETRIC_REPRESENTATION_CONTEXT() REPRESENTATION_CONTEXT('2D SPACE',''
  ) );
#11266 = ORIENTED_EDGE('',*,*,#11130,.F.);
#11267 = ADVANCED_FACE('',(#11268),#11008,.F.);
#11268 = FACE_BOUND('',#11269,.F.);
#11269 = EDGE_LOOP('',(#11270,#11271,#11272,#11273));
#11270 = ORIENTED_EDGE('',*,*,#10992,.F.);
#11271 = ORIENTED_EDGE('',*,*,#11177,.T.);
#11272 = ORIENTED_EDGE('',*,*,#11107,.T.);
#11273 = ORIENTED_EDGE('',*,*,#11224,.F.);
#11274 = ADVANCED_FACE('',(#11275),#11062,.T.);
#11275 = FACE_BOUND('',#11276,.T.);
#11276 = EDGE_LOOP('',(#11277,#11278,#11279,#11280));
#11277 = ORIENTED_EDGE('',*,*,#11048,.F.);
#11278 = ORIENTED_EDGE('',*,*,#11199,.T.);
#11279 = ORIENTED_EDGE('',*,*,#11153,.T.);
#11280 = ORIENTED_EDGE('',*,*,#11246,.F.);
#11281 = ( GEOMETRIC_REPRESENTATION_CONTEXT(3) 
GLOBAL_UNCERTAINTY_ASSIGNED_CONTEXT((#11285)) 
GLOBAL_UNIT_ASSIGNED_CONTEXT((#11282,#11283,#11284)) 
REPRESENTATION_CONTEXT('Context #1',
  '3D Context with UNIT and UNCERTAINTY') );
#11282 = ( LENGTH_UNIT() NAMED_UNIT(*) SI_UNIT(.MILLI.,.METRE.) );
#11283 = ( NAMED_UNIT(*) PLANE_ANGLE_UNIT() SI_UNIT($,.RADIAN.) );
#11284 = ( NAMED_UNIT(*) SI_UNIT($,.STERADIAN.) SOLID_ANGLE_UNIT() );
#11285 = UNCERTAINTY_MEASURE_WITH_UNIT(LENGTH_MEASURE(1.E-07),#11282,
  'distance_accuracy_value','confusion accuracy');
#11286 = CONTEXT_DEPENDENT_SHAPE_REPRESENTATION(#11287,#11289);
#11287 = ( REPRESENTATION_RELATIONSHIP('','',#10950,#10) 
REPRESENTATION_RELATIONSHIP_WITH_TRANSFORMATION(#11288) 
SHAPE_REPRESENTATION_RELATIONSHIP() );
#11288 = ITEM_DEFINED_TRANSFORMATION('','',#11,#51);
#11289 = PRODUCT_DEFINITION_SHAPE('Placement','Placement of an item',
  #11290);
#11290 = NEXT_ASSEMBLY_USAGE_OCCURRENCE('10','10_Battery','',#5,#10945,$
  );
#11291 = PRODUCT_RELATED_PRODUCT_CATEGORY('part',$,(#10947));
#11292 = SHAPE_DEFINITION_REPRESENTATION(#11293,#11299);
#11293 = PRODUCT_DEFINITION_SHAPE('','',#11294);
#11294 = PRODUCT_DEFINITION('design','',#11295,#11298);
#11295 = PRODUCT_DEFINITION_FORMATION('','',#11296);
#11296 = PRODUCT('11_Circuit_board','11_Circuit_board','',(#11297));
#11297 = PRODUCT_CONTEXT('',#2,'mechanical');
#11298 = PRODUCT_DEFINITION_CONTEXT('part definition',#2,'design');
#11299 = ADVANCED_BREP_SHAPE_REPRESENTATION('',(#11,#11300),#11630);
#11300 = MANIFOLD_SOLID_BREP('',#11301);
#11301 = CLOSED_SHELL('',(#11302,#11422,#11522,#11569,#11616,#11623));
#11302 = ADVANCED_FACE('',(#11303),#11317,.F.);
#11303 = FACE_BOUND('',#11304,.F.);
#11304 = EDGE_LOOP('',(#11305,#11340,#11368,#11396));
#11305 = ORIENTED_EDGE('',*,*,#11306,.F.);
#11306 = EDGE_CURVE('',#11307,#11309,#11311,.T.);
#11307 = VERTEX_POINT('',#11308);
#11308 = CARTESIAN_POINT('',(109.,-12.5,-4.));
#11309 = VERTEX_POINT('',#11310);
#11310 = CARTESIAN_POINT('',(109.,-12.5,4.));
#11311 = SURFACE_CURVE('',#11312,(#11316,#11328),.PCURVE_S1.);
#11312 = LINE('',#11313,#11314);
#11313 = CARTESIAN_POINT('',(109.,-12.5,-4.));
#11314 = VECTOR('',#11315,1.);
#11315 = DIRECTION('',(0.,0.,1.));
#11316 = PCURVE('',#11317,#11322);
#11317 = PLANE('',#11318);
#11318 = AXIS2_PLACEMENT_3D('',#11319,#11320,#11321);
#11319 = CARTESIAN_POINT('',(109.,-12.5,-4.));
#11320 = DIRECTION('',(1.,0.,-0.));
#11321 = DIRECTION('',(0.,0.,1.));
#11322 = DEFINITIONAL_REPRESENTATION('',(#11323),#11327);
#11323 = LINE('',#11324,#11325);
#11324 = CARTESIAN_POINT('',(0.,0.));
#11325 = VECTOR('',#11326,1.);
#11326 = DIRECTION('',(1.,0.));
#11327 = ( GEOMETRIC_REPRESENTATION_CONTEXT(2) 
PARAMETRIC_REPRESENTATION_CONTEXT() REPRESENTATION_CONTEXT('2D SPACE',''
  ) );
#11328 = PCURVE('',#11329,#11334);
#11329 = PLANE('',#11330);
#11330 = AXIS2_PLACEMENT_3D('',#11331,#11332,#11333);
#11331 = CARTESIAN_POINT('',(109.,-12.5,-4.));
#11332 = DIRECTION('',(-0.,1.,0.));
#11333 = DIRECTION('',(0.,0.,1.));
#11334 = DEFINITIONAL_REPRESENTATION('',(#11335),#11339);
#11335 = LINE('',#11336,#11337);
#11336 = CARTESIAN_POINT('',(0.,0.));
#11337 = VECTOR('',#11338,1.);
#11338 = DIRECTION('',(1.,0.));
#11339 = ( GEOMETRIC_REPRESENTATION_CONTEXT(2) 
PARAMETRIC_REPRESENTATION_CONTEXT() REPRESENTATION_CONTEXT('2D SPACE',''
  ) );
#11340 = ORIENTED_EDGE('',*,*,#11341,.T.);
#11341 = EDGE_CURVE('',#11307,#11342,#11344,.T.);
#11342 = VERTEX_POINT('',#11343);
#11343 = CARTESIAN_POINT('',(109.,12.5,-4.));
#11344 = SURFACE_CURVE('',#11345,(#11349,#11356),.PCURVE_S1.);
#11345 = LINE('',#11346,#11347);
#11346 = CARTESIAN_POINT('',(109.,-12.5,-4.));
#11347 = VECTOR('',#11348,1.);
#11348 = DIRECTION('',(-0.,1.,0.));
#11349 = PCURVE('',#11317,#11350);
#11350 = DEFINITIONAL_REPRESENTATION('',(#11351),#11355);
#11351 = LINE('',#11352,#11353);
#11352 = CARTESIAN_POINT('',(0.,0.));
#11353 = VECTOR('',#11354,1.);
#11354 = DIRECTION('',(0.,-1.));
#11355 = ( GEOMETRIC_REPRESENTATION_CONTEXT(2) 
PARAMETRIC_REPRESENTATION_CONTEXT() REPRESENTATION_CONTEXT('2D SPACE',''
  ) );
#11356 = PCURVE('',#11357,#11362);
#11357 = PLANE('',#11358);
#11358 = AXIS2_PLACEMENT_3D('',#11359,#11360,#11361);
#11359 = CARTESIAN_POINT('',(109.,-12.5,-4.));
#11360 = DIRECTION('',(0.,0.,1.));
#11361 = DIRECTION('',(1.,0.,-0.));
#11362 = DEFINITIONAL_REPRESENTATION('',(#11363),#11367);
#11363 = LINE('',#11364,#11365);
#11364 = CARTESIAN_POINT('',(0.,0.));
#11365 = VECTOR('',#11366,1.);
#11366 = DIRECTION('',(0.,1.));
#11367 = ( GEOMETRIC_REPRESENTATION_CONTEXT(2) 
PARAMETRIC_REPRESENTATION_CONTEXT() REPRESENTATION_CONTEXT('2D SPACE',''
  ) );
#11368 = ORIENTED_EDGE('',*,*,#11369,.T.);
#11369 = EDGE_CURVE('',#11342,#11370,#11372,.T.);
#11370 = VERTEX_POINT('',#11371);
#11371 = CARTESIAN_POINT('',(109.,12.5,4.));
#11372 = SURFACE_CURVE('',#11373,(#11377,#11384),.PCURVE_S1.);
#11373 = LINE('',#11374,#11375);
#11374 = CARTESIAN_POINT('',(109.,12.5,-4.));
#11375 = VECTOR('',#11376,1.);
#11376 = DIRECTION('',(0.,0.,1.));
#11377 = PCURVE('',#11317,#11378);
#11378 = DEFINITIONAL_REPRESENTATION('',(#11379),#11383);
#11379 = LINE('',#11380,#11381);
#11380 = CARTESIAN_POINT('',(0.,-25.));
#11381 = VECTOR('',#11382,1.);
#11382 = DIRECTION('',(1.,0.));
#11383 = ( GEOMETRIC_REPRESENTATION_CONTEXT(2) 
PARAMETRIC_REPRESENTATION_CONTEXT() REPRESENTATION_CONTEXT('2D SPACE',''
  ) );
#11384 = PCURVE('',#11385,#11390);
#11385 = PLANE('',#11386);
#11386 = AXIS2_PLACEMENT_3D('',#11387,#11388,#11389);
#11387 = CARTESIAN_POINT('',(109.,12.5,-4.));
#11388 = DIRECTION('',(-0.,1.,0.));
#11389 = DIRECTION('',(0.,0.,1.));
#11390 = DEFINITIONAL_REPRESENTATION('',(#11391),#11395);
#11391 = LINE('',#11392,#11393);
#11392 = CARTESIAN_POINT('',(0.,0.));
#11393 = VECTOR('',#11394,1.);
#11394 = DIRECTION('',(1.,0.));
#11395 = ( GEOMETRIC_REPRESENTATION_CONTEXT(2) 
PARAMETRIC_REPRESENTATION_CONTEXT() REPRESENTATION_CONTEXT('2D SPACE',''
  ) );
#11396 = ORIENTED_EDGE('',*,*,#11397,.F.);
#11397 = EDGE_CURVE('',#11309,#11370,#11398,.T.);
#11398 = SURFACE_CURVE('',#11399,(#11403,#11410),.PCURVE_S1.);
#11399 = LINE('',#11400,#11401);
#11400 = CARTESIAN_POINT('',(109.,-12.5,4.));
#11401 = VECTOR('',#11402,1.);
#11402 = DIRECTION('',(-0.,1.,0.));
#11403 = PCURVE('',#11317,#11404);
#11404 = DEFINITIONAL_REPRESENTATION('',(#11405),#11409);
#11405 = LINE('',#11406,#11407);
#11406 = CARTESIAN_POINT('',(8.,0.));
#11407 = VECTOR('',#11408,1.);
#11408 = DIRECTION('',(0.,-1.));
#11409 = ( GEOMETRIC_REPRESENTATION_CONTEXT(2) 
PARAMETRIC_REPRESENTATION_CONTEXT() REPRESENTATION_CONTEXT('2D SPACE',''
  ) );
#11410 = PCURVE('',#11411,#11416);
#11411 = PLANE('',#11412);
#11412 = AXIS2_PLACEMENT_3D('',#11413,#11414,#11415);
#11413 = CARTESIAN_POINT('',(109.,-12.5,4.));
#11414 = DIRECTION('',(0.,0.,1.));
#11415 = DIRECTION('',(1.,0.,-0.));
#11416 = DEFINITIONAL_REPRESENTATION('',(#11417),#11421);
#11417 = LINE('',#11418,#11419);
#11418 = CARTESIAN_POINT('',(0.,0.));
#11419 = VECTOR('',#11420,1.);
#11420 = DIRECTION('',(0.,1.));
#11421 = ( GEOMETRIC_REPRESENTATION_CONTEXT(2) 
PARAMETRIC_REPRESENTATION_CONTEXT() REPRESENTATION_CONTEXT('2D SPACE',''
  ) );
#11422 = ADVANCED_FACE('',(#11423),#11437,.T.);
#11423 = FACE_BOUND('',#11424,.T.);
#11424 = EDGE_LOOP('',(#11425,#11455,#11478,#11501));
#11425 = ORIENTED_EDGE('',*,*,#11426,.F.);
#11426 = EDGE_CURVE('',#11427,#11429,#11431,.T.);
#11427 = VERTEX_POINT('',#11428);
#11428 = CARTESIAN_POINT('',(159.,-12.5,-4.));
#11429 = VERTEX_POINT('',#11430);
#11430 = CARTESIAN_POINT('',(159.,-12.5,4.));
#11431 = SURFACE_CURVE('',#11432,(#11436,#11448),.PCURVE_S1.);
#11432 = LINE('',#11433,#11434);
#11433 = CARTESIAN_POINT('',(159.,-12.5,-4.));
#11434 = VECTOR('',#11435,1.);
#11435 = DIRECTION('',(0.,0.,1.));
#11436 = PCURVE('',#11437,#11442);
#11437 = PLANE('',#11438);
#11438 = AXIS2_PLACEMENT_3D('',#11439,#11440,#11441);
#11439 = CARTESIAN_POINT('',(159.,-12.5,-4.));
#11440 = DIRECTION('',(1.,0.,-0.));
#11441 = DIRECTION('',(0.,0.,1.));
#11442 = DEFINITIONAL_REPRESENTATION('',(#11443),#11447);
#11443 = LINE('',#11444,#11445);
#11444 = CARTESIAN_POINT('',(0.,0.));
#11445 = VECTOR('',#11446,1.);
#11446 = DIRECTION('',(1.,0.));
#11447 = ( GEOMETRIC_REPRESENTATION_CONTEXT(2) 
PARAMETRIC_REPRESENTATION_CONTEXT() REPRESENTATION_CONTEXT('2D SPACE',''
  ) );
#11448 = PCURVE('',#11329,#11449);
#11449 = DEFINITIONAL_REPRESENTATION('',(#11450),#11454);
#11450 = LINE('',#11451,#11452);
#11451 = CARTESIAN_POINT('',(0.,50.));
#11452 = VECTOR('',#11453,1.);
#11453 = DIRECTION('',(1.,0.));
#11454 = ( GEOMETRIC_REPRESENTATION_CONTEXT(2) 
PARAMETRIC_REPRESENTATION_CONTEXT() REPRESENTATION_CONTEXT('2D SPACE',''
  ) );
#11455 = ORIENTED_EDGE('',*,*,#11456,.T.);
#11456 = EDGE_CURVE('',#11427,#11457,#11459,.T.);
#11457 = VERTEX_POINT('',#11458);
#11458 = CARTESIAN_POINT('',(159.,12.5,-4.));
#11459 = SURFACE_CURVE('',#11460,(#11464,#11471),.PCURVE_S1.);
#11460 = LINE('',#11461,#11462);
#11461 = CARTESIAN_POINT('',(159.,-12.5,-4.));
#11462 = VECTOR('',#11463,1.);
#11463 = DIRECTION('',(-0.,1.,0.));
#11464 = PCURVE('',#11437,#11465);
#11465 = DEFINITIONAL_REPRESENTATION('',(#11466),#11470);
#11466 = LINE('',#11467,#11468);
#11467 = CARTESIAN_POINT('',(0.,0.));
#11468 = VECTOR('',#11469,1.);
#11469 = DIRECTION('',(0.,-1.));
#11470 = ( GEOMETRIC_REPRESENTATION_CONTEXT(2) 
PARAMETRIC_REPRESENTATION_CONTEXT() REPRESENTATION_CONTEXT('2D SPACE',''
  ) );
#11471 = PCURVE('',#11357,#11472);
#11472 = DEFINITIONAL_REPRESENTATION('',(#11473),#11477);
#11473 = LINE('',#11474,#11475);
#11474 = CARTESIAN_POINT('',(50.,0.));
#11475 = VECTOR('',#11476,1.);
#11476 = DIRECTION('',(0.,1.));
#11477 = ( GEOMETRIC_REPRESENTATION_CONTEXT(2) 
PARAMETRIC_REPRESENTATION_CONTEXT() REPRESENTATION_CONTEXT('2D SPACE',''
  ) );
#11478 = ORIENTED_EDGE('',*,*,#11479,.T.);
#11479 = EDGE_CURVE('',#11457,#11480,#11482,.T.);
#11480 = VERTEX_POINT('',#11481);
#11481 = CARTESIAN_POINT('',(159.,12.5,4.));
#11482 = SURFACE_CURVE('',#11483,(#11487,#11494),.PCURVE_S1.);
#11483 = LINE('',#11484,#11485);
#11484 = CARTESIAN_POINT('',(159.,12.5,-4.));
#11485 = VECTOR('',#11486,1.);
#11486 = DIRECTION('',(0.,0.,1.));
#11487 = PCURVE('',#11437,#11488);
#11488 = DEFINITIONAL_REPRESENTATION('',(#11489),#11493);
#11489 = LINE('',#11490,#11491);
#11490 = CARTESIAN_POINT('',(0.,-25.));
#11491 = VECTOR('',#11492,1.);
#11492 = DIRECTION('',(1.,0.));
#11493 = ( GEOMETRIC_REPRESENTATION_CONTEXT(2) 
PARAMETRIC_REPRESENTATION_CONTEXT() REPRESENTATION_CONTEXT('2D SPACE',''
  ) );
#11494 = PCURVE('',#11385,#11495);
#11495 = DEFINITIONAL_REPRESENTATION('',(#11496),#11500);
#11496 = LINE('',#11497,#11498);
#11497 = CARTESIAN_POINT('',(0.,50.));
#11498 = VECTOR('',#11499,1.);
#11499 = DIRECTION('',(1.,0.));
#11500 = ( GEOMETRIC_REPRESENTATION_CONTEXT(2) 
PARAMETRIC_REPRESENTATION_CONTEXT() REPRESENTATION_CONTEXT('2D SPACE',''
  ) );
#11501 = ORIENTED_EDGE('',*,*,#11502,.F.);
#11502 = EDGE_CURVE('',#11429,#11480,#11503,.T.);
#11503 = SURFACE_CURVE('',#11504,(#11508,#11515),.PCURVE_S1.);
#11504 = LINE('',#11505,#11506);
#11505 = CARTESIAN_POINT('',(159.,-12.5,4.));
#11506 = VECTOR('',#11507,1.);
#11507 = DIRECTION('',(-0.,1.,0.));
#11508 = PCURVE('',#11437,#11509);
#11509 = DEFINITIONAL_REPRESENTATION('',(#11510),#11514);
#11510 = LINE('',#11511,#11512);
#11511 = CARTESIAN_POINT('',(8.,0.));
#11512 = VECTOR('',#11513,1.);
#11513 = DIRECTION('',(0.,-1.));
#11514 = ( GEOMETRIC_REPRESENTATION_CONTEXT(2) 
PARAMETRIC_REPRESENTATION_CONTEXT() REPRESENTATION_CONTEXT('2D SPACE',''
  ) );
#11515 = PCURVE('',#11411,#11516);
#11516 = DEFINITIONAL_REPRESENTATION('',(#11517),#11521);
#11517 = LINE('',#11518,#11519);
#11518 = CARTESIAN_POINT('',(50.,0.));
#11519 = VECTOR('',#11520,1.);
#11520 = DIRECTION('',(0.,1.));
#11521 = ( GEOMETRIC_REPRESENTATION_CONTEXT(2) 
PARAMETRIC_REPRESENTATION_CONTEXT() REPRESENTATION_CONTEXT('2D SPACE',''
  ) );
#11522 = ADVANCED_FACE('',(#11523),#11329,.F.);
#11523 = FACE_BOUND('',#11524,.F.);
#11524 = EDGE_LOOP('',(#11525,#11546,#11547,#11568));
#11525 = ORIENTED_EDGE('',*,*,#11526,.F.);
#11526 = EDGE_CURVE('',#11307,#11427,#11527,.T.);
#11527 = SURFACE_CURVE('',#11528,(#11532,#11539),.PCURVE_S1.);
#11528 = LINE('',#11529,#11530);
#11529 = CARTESIAN_POINT('',(109.,-12.5,-4.));
#11530 = VECTOR('',#11531,1.);
#11531 = DIRECTION('',(1.,0.,-0.));
#11532 = PCURVE('',#11329,#11533);
#11533 = DEFINITIONAL_REPRESENTATION('',(#11534),#11538);
#11534 = LINE('',#11535,#11536);
#11535 = CARTESIAN_POINT('',(0.,0.));
#11536 = VECTOR('',#11537,1.);
#11537 = DIRECTION('',(0.,1.));
#11538 = ( GEOMETRIC_REPRESENTATION_CONTEXT(2) 
PARAMETRIC_REPRESENTATION_CONTEXT() REPRESENTATION_CONTEXT('2D SPACE',''
  ) );
#11539 = PCURVE('',#11357,#11540);
#11540 = DEFINITIONAL_REPRESENTATION('',(#11541),#11545);
#11541 = LINE('',#11542,#11543);
#11542 = CARTESIAN_POINT('',(0.,0.));
#11543 = VECTOR('',#11544,1.);
#11544 = DIRECTION('',(1.,0.));
#11545 = ( GEOMETRIC_REPRESENTATION_CONTEXT(2) 
PARAMETRIC_REPRESENTATION_CONTEXT() REPRESENTATION_CONTEXT('2D SPACE',''
  ) );
#11546 = ORIENTED_EDGE('',*,*,#11306,.T.);
#11547 = ORIENTED_EDGE('',*,*,#11548,.T.);
#11548 = EDGE_CURVE('',#11309,#11429,#11549,.T.);
#11549 = SURFACE_CURVE('',#11550,(#11554,#11561),.PCURVE_S1.);
#11550 = LINE('',#11551,#11552);
#11551 = CARTESIAN_POINT('',(109.,-12.5,4.));
#11552 = VECTOR('',#11553,1.);
#11553 = DIRECTION('',(1.,0.,-0.));
#11554 = PCURVE('',#11329,#11555);
#11555 = DEFINITIONAL_REPRESENTATION('',(#11556),#11560);
#11556 = LINE('',#11557,#11558);
#11557 = CARTESIAN_POINT('',(8.,0.));
#11558 = VECTOR('',#11559,1.);
#11559 = DIRECTION('',(0.,1.));
#11560 = ( GEOMETRIC_REPRESENTATION_CONTEXT(2) 
PARAMETRIC_REPRESENTATION_CONTEXT() REPRESENTATION_CONTEXT('2D SPACE',''
  ) );
#11561 = PCURVE('',#11411,#11562);
#11562 = DEFINITIONAL_REPRESENTATION('',(#11563),#11567);
#11563 = LINE('',#11564,#11565);
#11564 = CARTESIAN_POINT('',(0.,0.));
#11565 = VECTOR('',#11566,1.);
#11566 = DIRECTION('',(1.,0.));
#11567 = ( GEOMETRIC_REPRESENTATION_CONTEXT(2) 
PARAMETRIC_REPRESENTATION_CONTEXT() REPRESENTATION_CONTEXT('2D SPACE',''
  ) );
#11568 = ORIENTED_EDGE('',*,*,#11426,.F.);
#11569 = ADVANCED_FACE('',(#11570),#11385,.T.);
#11570 = FACE_BOUND('',#11571,.T.);
#11571 = EDGE_LOOP('',(#11572,#11593,#11594,#11615));
#11572 = ORIENTED_EDGE('',*,*,#11573,.F.);
#11573 = EDGE_CURVE('',#11342,#11457,#11574,.T.);
#11574 = SURFACE_CURVE('',#11575,(#11579,#11586),.PCURVE_S1.);
#11575 = LINE('',#11576,#11577);
#11576 = CARTESIAN_POINT('',(109.,12.5,-4.));
#11577 = VECTOR('',#11578,1.);
#11578 = DIRECTION('',(1.,0.,-0.));
#11579 = PCURVE('',#11385,#11580);
#11580 = DEFINITIONAL_REPRESENTATION('',(#11581),#11585);
#11581 = LINE('',#11582,#11583);
#11582 = CARTESIAN_POINT('',(0.,0.));
#11583 = VECTOR('',#11584,1.);
#11584 = DIRECTION('',(0.,1.));
#11585 = ( GEOMETRIC_REPRESENTATION_CONTEXT(2) 
PARAMETRIC_REPRESENTATION_CONTEXT() REPRESENTATION_CONTEXT('2D SPACE',''
  ) );
#11586 = PCURVE('',#11357,#11587);
#11587 = DEFINITIONAL_REPRESENTATION('',(#11588),#11592);
#11588 = LINE('',#11589,#11590);
#11589 = CARTESIAN_POINT('',(0.,25.));
#11590 = VECTOR('',#11591,1.);
#11591 = DIRECTION('',(1.,0.));
#11592 = ( GEOMETRIC_REPRESENTATION_CONTEXT(2) 
PARAMETRIC_REPRESENTATION_CONTEXT() REPRESENTATION_CONTEXT('2D SPACE',''
  ) );
#11593 = ORIENTED_EDGE('',*,*,#11369,.T.);
#11594 = ORIENTED_EDGE('',*,*,#11595,.T.);
#11595 = EDGE_CURVE('',#11370,#11480,#11596,.T.);
#11596 = SURFACE_CURVE('',#11597,(#11601,#11608),.PCURVE_S1.);
#11597 = LINE('',#11598,#11599);
#11598 = CARTESIAN_POINT('',(109.,12.5,4.));
#11599 = VECTOR('',#11600,1.);
#11600 = DIRECTION('',(1.,0.,-0.));
#11601 = PCURVE('',#11385,#11602);
#11602 = DEFINITIONAL_REPRESENTATION('',(#11603),#11607);
#11603 = LINE('',#11604,#11605);
#11604 = CARTESIAN_POINT('',(8.,0.));
#11605 = VECTOR('',#11606,1.);
#11606 = DIRECTION('',(0.,1.));
#11607 = ( GEOMETRIC_REPRESENTATION_CONTEXT(2) 
PARAMETRIC_REPRESENTATION_CONTEXT() REPRESENTATION_CONTEXT('2D SPACE',''
  ) );
#11608 = PCURVE('',#11411,#11609);
#11609 = DEFINITIONAL_REPRESENTATION('',(#11610),#11614);
#11610 = LINE('',#11611,#11612);
#11611 = CARTESIAN_POINT('',(0.,25.));
#11612 = VECTOR('',#11613,1.);
#11613 = DIRECTION('',(1.,0.));
#11614 = ( GEOMETRIC_REPRESENTATION_CONTEXT(2) 
PARAMETRIC_REPRESENTATION_CONTEXT() REPRESENTATION_CONTEXT('2D SPACE',''
  ) );
#11615 = ORIENTED_EDGE('',*,*,#11479,.F.);
#11616 = ADVANCED_FACE('',(#11617),#11357,.F.);
#11617 = FACE_BOUND('',#11618,.F.);
#11618 = EDGE_LOOP('',(#11619,#11620,#11621,#11622));
#11619 = ORIENTED_EDGE('',*,*,#11341,.F.);
#11620 = ORIENTED_EDGE('',*,*,#11526,.T.);
#11621 = ORIENTED_EDGE('',*,*,#11456,.T.);
#11622 = ORIENTED_EDGE('',*,*,#11573,.F.);
#11623 = ADVANCED_FACE('',(#11624),#11411,.T.);
#11624 = FACE_BOUND('',#11625,.T.);
#11625 = EDGE_LOOP('',(#11626,#11627,#11628,#11629));
#11626 = ORIENTED_EDGE('',*,*,#11397,.F.);
#11627 = ORIENTED_EDGE('',*,*,#11548,.T.);
#11628 = ORIENTED_EDGE('',*,*,#11502,.T.);
#11629 = ORIENTED_EDGE('',*,*,#11595,.F.);
#11630 = ( GEOMETRIC_REPRESENTATION_CONTEXT(3) 
GLOBAL_UNCERTAINTY_ASSIGNED_CONTEXT((#11634)) 
GLOBAL_UNIT_ASSIGNED_CONTEXT((#11631,#11632,#11633)) 
REPRESENTATION_CONTEXT('Context #1',
  '3D Context with UNIT and UNCERTAINTY') );
#11631 = ( LENGTH_UNIT() NAMED_UNIT(*) SI_UNIT(.MILLI.,.METRE.) );
#11632 = ( NAMED_UNIT(*) PLANE_ANGLE_UNIT() SI_UNIT($,.RADIAN.) );
#11633 = ( NAMED_UNIT(*) SI_UNIT($,.STERADIAN.) SOLID_ANGLE_UNIT() );
#11634 = UNCERTAINTY_MEASURE_WITH_UNIT(LENGTH_MEASURE(1.E-07),#11631,
  'distance_accuracy_value','confusion accuracy');
#11635 = CONTEXT_DEPENDENT_SHAPE_REPRESENTATION(#11636,#11638);
#11636 = ( REPRESENTATION_RELATIONSHIP('','',#11299,#10) 
REPRESENTATION_RELATIONSHIP_WITH_TRANSFORMATION(#11637) 
SHAPE_REPRESENTATION_RELATIONSHIP() );
#11637 = ITEM_DEFINED_TRANSFORMATION('','',#11,#55);
#11638 = PRODUCT_DEFINITION_SHAPE('Placement','Placement of an item',
  #11639);
#11639 = NEXT_ASSEMBLY_USAGE_OCCURRENCE('11','11_Circuit_board','',#5,
  #11294,$);
#11640 = PRODUCT_RELATED_PRODUCT_CATEGORY('part',$,(#11296));
#11641 = SHAPE_DEFINITION_REPRESENTATION(#11642,#11648);
#11642 = PRODUCT_DEFINITION_SHAPE('','',#11643);
#11643 = PRODUCT_DEFINITION('design','',#11644,#11647);
#11644 = PRODUCT_DEFINITION_FORMATION('','',#11645);
#11645 = PRODUCT('12_Sensor_module','12_Sensor_module','',(#11646));
#11646 = PRODUCT_CONTEXT('',#2,'mechanical');
#11647 = PRODUCT_DEFINITION_CONTEXT('part definition',#2,'design');
#11648 = ADVANCED_BREP_SHAPE_REPRESENTATION('',(#11,#11649),#11979);
#11649 = MANIFOLD_SOLID_BREP('',#11650);
#11650 = CLOSED_SHELL('',(#11651,#11771,#11871,#11918,#11965,#11972));
#11651 = ADVANCED_FACE('',(#11652),#11666,.F.);
#11652 = FACE_BOUND('',#11653,.F.);
#11653 = EDGE_LOOP('',(#11654,#11689,#11717,#11745));
#11654 = ORIENTED_EDGE('',*,*,#11655,.F.);
#11655 = EDGE_CURVE('',#11656,#11658,#11660,.T.);
#11656 = VERTEX_POINT('',#11657);
#11657 = CARTESIAN_POINT('',(64.,9.,-5.5));
#11658 = VERTEX_POINT('',#11659);
#11659 = CARTESIAN_POINT('',(64.,9.,16.5));
#11660 = SURFACE_CURVE('',#11661,(#11665,#11677),.PCURVE_S1.);
#11661 = LINE('',#11662,#11663);
#11662 = CARTESIAN_POINT('',(64.,9.,-5.5));
#11663 = VECTOR('',#11664,1.);
#11664 = DIRECTION('',(0.,0.,1.));
#11665 = PCURVE('',#11666,#11671);
#11666 = PLANE('',#11667);
#11667 = AXIS2_PLACEMENT_3D('',#11668,#11669,#11670);
#11668 = CARTESIAN_POINT('',(64.,9.,-5.5));
#11669 = DIRECTION('',(1.,0.,-0.));
#11670 = DIRECTION('',(0.,0.,1.));
#11671 = DEFINITIONAL_REPRESENTATION('',(#11672),#11676);
#11672 = LINE('',#11673,#11674);
#11673 = CARTESIAN_POINT('',(0.,0.));
#11674 = VECTOR('',#11675,1.);
#11675 = DIRECTION('',(1.,0.));
#11676 = ( GEOMETRIC_REPRESENTATION_CONTEXT(2) 
PARAMETRIC_REPRESENTATION_CONTEXT() REPRESENTATION_CONTEXT('2D SPACE',''
  ) );
#11677 = PCURVE('',#11678,#11683);
#11678 = PLANE('',#11679);
#11679 = AXIS2_PLACEMENT_3D('',#11680,#11681,#11682);
#11680 = CARTESIAN_POINT('',(64.,9.,-5.5));
#11681 = DIRECTION('',(-0.,1.,0.));
#11682 = DIRECTION('',(0.,0.,1.));
#11683 = DEFINITIONAL_REPRESENTATION('',(#11684),#11688);
#11684 = LINE('',#11685,#11686);
#11685 = CARTESIAN_POINT('',(0.,0.));
#11686 = VECTOR('',#11687,1.);
#11687 = DIRECTION('',(1.,0.));
#11688 = ( GEOMETRIC_REPRESENTATION_CONTEXT(2) 
PARAMETRIC_REPRESENTATION_CONTEXT() REPRESENTATION_CONTEXT('2D SPACE',''
  ) );
#11689 = ORIENTED_EDGE('',*,*,#11690,.T.);
#11690 = EDGE_CURVE('',#11656,#11691,#11693,.T.);
#11691 = VERTEX_POINT('',#11692);
#11692 = CARTESIAN_POINT('',(64.,21.,-5.5));
#11693 = SURFACE_CURVE('',#11694,(#11698,#11705),.PCURVE_S1.);
#11694 = LINE('',#11695,#11696);
#11695 = CARTESIAN_POINT('',(64.,9.,-5.5));
#11696 = VECTOR('',#11697,1.);
#11697 = DIRECTION('',(-0.,1.,0.));
#11698 = PCURVE('',#11666,#11699);
#11699 = DEFINITIONAL_REPRESENTATION('',(#11700),#11704);
#11700 = LINE('',#11701,#11702);
#11701 = CARTESIAN_POINT('',(0.,0.));
#11702 = VECTOR('',#11703,1.);
#11703 = DIRECTION('',(0.,-1.));
#11704 = ( GEOMETRIC_REPRESENTATION_CONTEXT(2) 
PARAMETRIC_REPRESENTATION_CONTEXT() REPRESENTATION_CONTEXT('2D SPACE',''
  ) );
#11705 = PCURVE('',#11706,#11711);
#11706 = PLANE('',#11707);
#11707 = AXIS2_PLACEMENT_3D('',#11708,#11709,#11710);
#11708 = CARTESIAN_POINT('',(64.,9.,-5.5));
#11709 = DIRECTION('',(0.,0.,1.));
#11710 = DIRECTION('',(1.,0.,-0.));
#11711 = DEFINITIONAL_REPRESENTATION('',(#11712),#11716);
#11712 = LINE('',#11713,#11714);
#11713 = CARTESIAN_POINT('',(0.,0.));
#11714 = VECTOR('',#11715,1.);
#11715 = DIRECTION('',(0.,1.));
#11716 = ( GEOMETRIC_REPRESENTATION_CONTEXT(2) 
PARAMETRIC_REPRESENTATION_CONTEXT() REPRESENTATION_CONTEXT('2D SPACE',''
  ) );
#11717 = ORIENTED_EDGE('',*,*,#11718,.T.);
#11718 = EDGE_CURVE('',#11691,#11719,#11721,.T.);
#11719 = VERTEX_POINT('',#11720);
#11720 = CARTESIAN_POINT('',(64.,21.,16.5));
#11721 = SURFACE_CURVE('',#11722,(#11726,#11733),.PCURVE_S1.);
#11722 = LINE('',#11723,#11724);
#11723 = CARTESIAN_POINT('',(64.,21.,-5.5));
#11724 = VECTOR('',#11725,1.);
#11725 = DIRECTION('',(0.,0.,1.));
#11726 = PCURVE('',#11666,#11727);
#11727 = DEFINITIONAL_REPRESENTATION('',(#11728),#11732);
#11728 = LINE('',#11729,#11730);
#11729 = CARTESIAN_POINT('',(0.,-12.));
#11730 = VECTOR('',#11731,1.);
#11731 = DIRECTION('',(1.,0.));
#11732 = ( GEOMETRIC_REPRESENTATION_CONTEXT(2) 
PARAMETRIC_REPRESENTATION_CONTEXT() REPRESENTATION_CONTEXT('2D SPACE',''
  ) );
#11733 = PCURVE('',#11734,#11739);
#11734 = PLANE('',#11735);
#11735 = AXIS2_PLACEMENT_3D('',#11736,#11737,#11738);
#11736 = CARTESIAN_POINT('',(64.,21.,-5.5));
#11737 = DIRECTION('',(-0.,1.,0.));
#11738 = DIRECTION('',(0.,0.,1.));
#11739 = DEFINITIONAL_REPRESENTATION('',(#11740),#11744);
#11740 = LINE('',#11741,#11742);
#11741 = CARTESIAN_POINT('',(0.,0.));
#11742 = VECTOR('',#11743,1.);
#11743 = DIRECTION('',(1.,0.));
#11744 = ( GEOMETRIC_REPRESENTATION_CONTEXT(2) 
PARAMETRIC_REPRESENTATION_CONTEXT() REPRESENTATION_CONTEXT('2D SPACE',''
  ) );
#11745 = ORIENTED_EDGE('',*,*,#11746,.F.);
#11746 = EDGE_CURVE('',#11658,#11719,#11747,.T.);
#11747 = SURFACE_CURVE('',#11748,(#11752,#11759),.PCURVE_S1.);
#11748 = LINE('',#11749,#11750);
#11749 = CARTESIAN_POINT('',(64.,9.,16.5));
#11750 = VECTOR('',#11751,1.);
#11751 = DIRECTION('',(-0.,1.,0.));
#11752 = PCURVE('',#11666,#11753);
#11753 = DEFINITIONAL_REPRESENTATION('',(#11754),#11758);
#11754 = LINE('',#11755,#11756);
#11755 = CARTESIAN_POINT('',(22.,0.));
#11756 = VECTOR('',#11757,1.);
#11757 = DIRECTION('',(0.,-1.));
#11758 = ( GEOMETRIC_REPRESENTATION_CONTEXT(2) 
PARAMETRIC_REPRESENTATION_CONTEXT() REPRESENTATION_CONTEXT('2D SPACE',''
  ) );
#11759 = PCURVE('',#11760,#11765);
#11760 = PLANE('',#11761);
#11761 = AXIS2_PLACEMENT_3D('',#11762,#11763,#11764);
#11762 = CARTESIAN_POINT('',(64.,9.,16.5));
#11763 = DIRECTION('',(0.,0.,1.));
#11764 = DIRECTION('',(1.,0.,-0.));
#11765 = DEFINITIONAL_REPRESENTATION('',(#11766),#11770);
#11766 = LINE('',#11767,#11768);
#11767 = CARTESIAN_POINT('',(0.,0.));
#11768 = VECTOR('',#11769,1.);
#11769 = DIRECTION('',(0.,1.));
#11770 = ( GEOMETRIC_REPRESENTATION_CONTEXT(2) 
PARAMETRIC_REPRESENTATION_CONTEXT() REPRESENTATION_CONTEXT('2D SPACE',''
  ) );
#11771 = ADVANCED_FACE('',(#11772),#11786,.T.);
#11772 = FACE_BOUND('',#11773,.T.);
#11773 = EDGE_LOOP('',(#11774,#11804,#11827,#11850));
#11774 = ORIENTED_EDGE('',*,*,#11775,.F.);
#11775 = EDGE_CURVE('',#11776,#11778,#11780,.T.);
#11776 = VERTEX_POINT('',#11777);
#11777 = CARTESIAN_POINT('',(86.,9.,-5.5));
#11778 = VERTEX_POINT('',#11779);
#11779 = CARTESIAN_POINT('',(86.,9.,16.5));
#11780 = SURFACE_CURVE('',#11781,(#11785,#11797),.PCURVE_S1.);
#11781 = LINE('',#11782,#11783);
#11782 = CARTESIAN_POINT('',(86.,9.,-5.5));
#11783 = VECTOR('',#11784,1.);
#11784 = DIRECTION('',(0.,0.,1.));
#11785 = PCURVE('',#11786,#11791);
#11786 = PLANE('',#11787);
#11787 = AXIS2_PLACEMENT_3D('',#11788,#11789,#11790);
#11788 = CARTESIAN_POINT('',(86.,9.,-5.5));
#11789 = DIRECTION('',(1.,0.,-0.));
#11790 = DIRECTION('',(0.,0.,1.));
#11791 = DEFINITIONAL_REPRESENTATION('',(#11792),#11796);
#11792 = LINE('',#11793,#11794);
#11793 = CARTESIAN_POINT('',(0.,0.));
#11794 = VECTOR('',#11795,1.);
#11795 = DIRECTION('',(1.,0.));
#11796 = ( GEOMETRIC_REPRESENTATION_CONTEXT(2) 
PARAMETRIC_REPRESENTATION_CONTEXT() REPRESENTATION_CONTEXT('2D SPACE',''
  ) );
#11797 = PCURVE('',#11678,#11798);
#11798 = DEFINITIONAL_REPRESENTATION('',(#11799),#11803);
#11799 = LINE('',#11800,#11801);
#11800 = CARTESIAN_POINT('',(0.,22.));
#11801 = VECTOR('',#11802,1.);
#11802 = DIRECTION('',(1.,0.));
#11803 = ( GEOMETRIC_REPRESENTATION_CONTEXT(2) 
PARAMETRIC_REPRESENTATION_CONTEXT() REPRESENTATION_CONTEXT('2D SPACE',''
  ) );
#11804 = ORIENTED_EDGE('',*,*,#11805,.T.);
#11805 = EDGE_CURVE('',#11776,#11806,#11808,.T.);
#11806 = VERTEX_POINT('',#11807);
#11807 = CARTESIAN_POINT('',(86.,21.,-5.5));
#11808 = SURFACE_CURVE('',#11809,(#11813,#11820),.PCURVE_S1.);
#11809 = LINE('',#11810,#11811);
#11810 = CARTESIAN_POINT('',(86.,9.,-5.5));
#11811 = VECTOR('',#11812,1.);
#11812 = DIRECTION('',(-0.,1.,0.));
#11813 = PCURVE('',#11786,#11814);
#11814 = DEFINITIONAL_REPRESENTATION('',(#11815),#11819);
#11815 = LINE('',#11816,#11817);
#11816 = CARTESIAN_POINT('',(0.,0.));
#11817 = VECTOR('',#11818,1.);
#11818 = DIRECTION('',(0.,-1.));
#11819 = ( GEOMETRIC_REPRESENTATION_CONTEXT(2) 
PARAMETRIC_REPRESENTATION_CONTEXT() REPRESENTATION_CONTEXT('2D SPACE',''
  ) );
#11820 = PCURVE('',#11706,#11821);
#11821 = DEFINITIONAL_REPRESENTATION('',(#11822),#11826);
#11822 = LINE('',#11823,#11824);
#11823 = CARTESIAN_POINT('',(22.,0.));
#11824 = VECTOR('',#11825,1.);
#11825 = DIRECTION('',(0.,1.));
#11826 = ( GEOMETRIC_REPRESENTATION_CONTEXT(2) 
PARAMETRIC_REPRESENTATION_CONTEXT() REPRESENTATION_CONTEXT('2D SPACE',''
  ) );
#11827 = ORIENTED_EDGE('',*,*,#11828,.T.);
#11828 = EDGE_CURVE('',#11806,#11829,#11831,.T.);
#11829 = VERTEX_POINT('',#11830);
#11830 = CARTESIAN_POINT('',(86.,21.,16.5));
#11831 = SURFACE_CURVE('',#11832,(#11836,#11843),.PCURVE_S1.);
#11832 = LINE('',#11833,#11834);
#11833 = CARTESIAN_POINT('',(86.,21.,-5.5));
#11834 = VECTOR('',#11835,1.);
#11835 = DIRECTION('',(0.,0.,1.));
#11836 = PCURVE('',#11786,#11837);
#11837 = DEFINITIONAL_REPRESENTATION('',(#11838),#11842);
#11838 = LINE('',#11839,#11840);
#11839 = CARTESIAN_POINT('',(0.,-12.));
#11840 = VECTOR('',#11841,1.);
#11841 = DIRECTION('',(1.,0.));
#11842 = ( GEOMETRIC_REPRESENTATION_CONTEXT(2) 
PARAMETRIC_REPRESENTATION_CONTEXT() REPRESENTATION_CONTEXT('2D SPACE',''
  ) );
#11843 = PCURVE('',#11734,#11844);
#11844 = DEFINITIONAL_REPRESENTATION('',(#11845),#11849);
#11845 = LINE('',#11846,#11847);
#11846 = CARTESIAN_POINT('',(0.,22.));
#11847 = VECTOR('',#11848,1.);
#11848 = DIRECTION('',(1.,0.));
#11849 = ( GEOMETRIC_REPRESENTATION_CONTEXT(2) 
PARAMETRIC_REPRESENTATION_CONTEXT() REPRESENTATION_CONTEXT('2D SPACE',''
  ) );
#11850 = ORIENTED_EDGE('',*,*,#11851,.F.);
#11851 = EDGE_CURVE('',#11778,#11829,#11852,.T.);
#11852 = SURFACE_CURVE('',#11853,(#11857,#11864),.PCURVE_S1.);
#11853 = LINE('',#11854,#11855);
#11854 = CARTESIAN_POINT('',(86.,9.,16.5));
#11855 = VECTOR('',#11856,1.);
#11856 = DIRECTION('',(-0.,1.,0.));
#11857 = PCURVE('',#11786,#11858);
#11858 = DEFINITIONAL_REPRESENTATION('',(#11859),#11863);
#11859 = LINE('',#11860,#11861);
#11860 = CARTESIAN_POINT('',(22.,0.));
#11861 = VECTOR('',#11862,1.);
#11862 = DIRECTION('',(0.,-1.));
#11863 = ( GEOMETRIC_REPRESENTATION_CONTEXT(2) 
PARAMETRIC_REPRESENTATION_CONTEXT() REPRESENTATION_CONTEXT('2D SPACE',''
  ) );
#11864 = PCURVE('',#11760,#11865);
#11865 = DEFINITIONAL_REPRESENTATION('',(#11866),#11870);
#11866 = LINE('',#11867,#11868);
#11867 = CARTESIAN_POINT('',(22.,0.));
#11868 = VECTOR('',#11869,1.);
#11869 = DIRECTION('',(0.,1.));
#11870 = ( GEOMETRIC_REPRESENTATION_CONTEXT(2) 
PARAMETRIC_REPRESENTATION_CONTEXT() REPRESENTATION_CONTEXT('2D SPACE',''
  ) );
#11871 = ADVANCED_FACE('',(#11872),#11678,.F.);
#11872 = FACE_BOUND('',#11873,.F.);
#11873 = EDGE_LOOP('',(#11874,#11895,#11896,#11917));
#11874 = ORIENTED_EDGE('',*,*,#11875,.F.);
#11875 = EDGE_CURVE('',#11656,#11776,#11876,.T.);
#11876 = SURFACE_CURVE('',#11877,(#11881,#11888),.PCURVE_S1.);
#11877 = LINE('',#11878,#11879);
#11878 = CARTESIAN_POINT('',(64.,9.,-5.5));
#11879 = VECTOR('',#11880,1.);
#11880 = DIRECTION('',(1.,0.,-0.));
#11881 = PCURVE('',#11678,#11882);
#11882 = DEFINITIONAL_REPRESENTATION('',(#11883),#11887);
#11883 = LINE('',#11884,#11885);
#11884 = CARTESIAN_POINT('',(0.,0.));
#11885 = VECTOR('',#11886,1.);
#11886 = DIRECTION('',(0.,1.));
#11887 = ( GEOMETRIC_REPRESENTATION_CONTEXT(2) 
PARAMETRIC_REPRESENTATION_CONTEXT() REPRESENTATION_CONTEXT('2D SPACE',''
  ) );
#11888 = PCURVE('',#11706,#11889);
#11889 = DEFINITIONAL_REPRESENTATION('',(#11890),#11894);
#11890 = LINE('',#11891,#11892);
#11891 = CARTESIAN_POINT('',(0.,0.));
#11892 = VECTOR('',#11893,1.);
#11893 = DIRECTION('',(1.,0.));
#11894 = ( GEOMETRIC_REPRESENTATION_CONTEXT(2) 
PARAMETRIC_REPRESENTATION_CONTEXT() REPRESENTATION_CONTEXT('2D SPACE',''
  ) );
#11895 = ORIENTED_EDGE('',*,*,#11655,.T.);
#11896 = ORIENTED_EDGE('',*,*,#11897,.T.);
#11897 = EDGE_CURVE('',#11658,#11778,#11898,.T.);
#11898 = SURFACE_CURVE('',#11899,(#11903,#11910),.PCURVE_S1.);
#11899 = LINE('',#11900,#11901);
#11900 = CARTESIAN_POINT('',(64.,9.,16.5));
#11901 = VECTOR('',#11902,1.);
#11902 = DIRECTION('',(1.,0.,-0.));
#11903 = PCURVE('',#11678,#11904);
#11904 = DEFINITIONAL_REPRESENTATION('',(#11905),#11909);
#11905 = LINE('',#11906,#11907);
#11906 = CARTESIAN_POINT('',(22.,0.));
#11907 = VECTOR('',#11908,1.);
#11908 = DIRECTION('',(0.,1.));
#11909 = ( GEOMETRIC_REPRESENTATION_CONTEXT(2) 
PARAMETRIC_REPRESENTATION_CONTEXT() REPRESENTATION_CONTEXT('2D SPACE',''
  ) );
#11910 = PCURVE('',#11760,#11911);
#11911 = DEFINITIONAL_REPRESENTATION('',(#11912),#11916);
#11912 = LINE('',#11913,#11914);
#11913 = CARTESIAN_POINT('',(0.,0.));
#11914 = VECTOR('',#11915,1.);
#11915 = DIRECTION('',(1.,0.));
#11916 = ( GEOMETRIC_REPRESENTATION_CONTEXT(2) 
PARAMETRIC_REPRESENTATION_CONTEXT() REPRESENTATION_CONTEXT('2D SPACE',''
  ) );
#11917 = ORIENTED_EDGE('',*,*,#11775,.F.);
#11918 = ADVANCED_FACE('',(#11919),#11734,.T.);
#11919 = FACE_BOUND('',#11920,.T.);
#11920 = EDGE_LOOP('',(#11921,#11942,#11943,#11964));
#11921 = ORIENTED_EDGE('',*,*,#11922,.F.);
#11922 = EDGE_CURVE('',#11691,#11806,#11923,.T.);
#11923 = SURFACE_CURVE('',#11924,(#11928,#11935),.PCURVE_S1.);
#11924 = LINE('',#11925,#11926);
#11925 = CARTESIAN_POINT('',(64.,21.,-5.5));
#11926 = VECTOR('',#11927,1.);
#11927 = DIRECTION('',(1.,0.,-0.));
#11928 = PCURVE('',#11734,#11929);
#11929 = DEFINITIONAL_REPRESENTATION('',(#11930),#11934);
#11930 = LINE('',#11931,#11932);
#11931 = CARTESIAN_POINT('',(0.,0.));
#11932 = VECTOR('',#11933,1.);
#11933 = DIRECTION('',(0.,1.));
#11934 = ( GEOMETRIC_REPRESENTATION_CONTEXT(2) 
PARAMETRIC_REPRESENTATION_CONTEXT() REPRESENTATION_CONTEXT('2D SPACE',''
  ) );
#11935 = PCURVE('',#11706,#11936);
#11936 = DEFINITIONAL_REPRESENTATION('',(#11937),#11941);
#11937 = LINE('',#11938,#11939);
#11938 = CARTESIAN_POINT('',(0.,12.));
#11939 = VECTOR('',#11940,1.);
#11940 = DIRECTION('',(1.,0.));
#11941 = ( GEOMETRIC_REPRESENTATION_CONTEXT(2) 
PARAMETRIC_REPRESENTATION_CONTEXT() REPRESENTATION_CONTEXT('2D SPACE',''
  ) );
#11942 = ORIENTED_EDGE('',*,*,#11718,.T.);
#11943 = ORIENTED_EDGE('',*,*,#11944,.T.);
#11944 = EDGE_CURVE('',#11719,#11829,#11945,.T.);
#11945 = SURFACE_CURVE('',#11946,(#11950,#11957),.PCURVE_S1.);
#11946 = LINE('',#11947,#11948);
#11947 = CARTESIAN_POINT('',(64.,21.,16.5));
#11948 = VECTOR('',#11949,1.);
#11949 = DIRECTION('',(1.,0.,-0.));
#11950 = PCURVE('',#11734,#11951);
#11951 = DEFINITIONAL_REPRESENTATION('',(#11952),#11956);
#11952 = LINE('',#11953,#11954);
#11953 = CARTESIAN_POINT('',(22.,0.));
#11954 = VECTOR('',#11955,1.);
#11955 = DIRECTION('',(0.,1.));
#11956 = ( GEOMETRIC_REPRESENTATION_CONTEXT(2) 
PARAMETRIC_REPRESENTATION_CONTEXT() REPRESENTATION_CONTEXT('2D SPACE',''
  ) );
#11957 = PCURVE('',#11760,#11958);
#11958 = DEFINITIONAL_REPRESENTATION('',(#11959),#11963);
#11959 = LINE('',#11960,#11961);
#11960 = CARTESIAN_POINT('',(0.,12.));
#11961 = VECTOR('',#11962,1.);
#11962 = DIRECTION('',(1.,0.));
#11963 = ( GEOMETRIC_REPRESENTATION_CONTEXT(2) 
PARAMETRIC_REPRESENTATION_CONTEXT() REPRESENTATION_CONTEXT('2D SPACE',''
  ) );
#11964 = ORIENTED_EDGE('',*,*,#11828,.F.);
#11965 = ADVANCED_FACE('',(#11966),#11706,.F.);
#11966 = FACE_BOUND('',#11967,.F.);
#11967 = EDGE_LOOP('',(#11968,#11969,#11970,#11971));
#11968 = ORIENTED_EDGE('',*,*,#11690,.F.);
#11969 = ORIENTED_EDGE('',*,*,#11875,.T.);
#11970 = ORIENTED_EDGE('',*,*,#11805,.T.);
#11971 = ORIENTED_EDGE('',*,*,#11922,.F.);
#11972 = ADVANCED_FACE('',(#11973),#11760,.T.);
#11973 = FACE_BOUND('',#11974,.T.);
#11974 = EDGE_LOOP('',(#11975,#11976,#11977,#11978));
#11975 = ORIENTED_EDGE('',*,*,#11746,.F.);
#11976 = ORIENTED_EDGE('',*,*,#11897,.T.);
#11977 = ORIENTED_EDGE('',*,*,#11851,.T.);
#11978 = ORIENTED_EDGE('',*,*,#11944,.F.);
#11979 = ( GEOMETRIC_REPRESENTATION_CONTEXT(3) 
GLOBAL_UNCERTAINTY_ASSIGNED_CONTEXT((#11983)) 
GLOBAL_UNIT_ASSIGNED_CONTEXT((#11980,#11981,#11982)) 
REPRESENTATION_CONTEXT('Context #1',
  '3D Context with UNIT and UNCERTAINTY') );
#11980 = ( LENGTH_UNIT() NAMED_UNIT(*) SI_UNIT(.MILLI.,.METRE.) );
#11981 = ( NAMED_UNIT(*) PLANE_ANGLE_UNIT() SI_UNIT($,.RADIAN.) );
#11982 = ( NAMED_UNIT(*) SI_UNIT($,.STERADIAN.) SOLID_ANGLE_UNIT() );
#11983 = UNCERTAINTY_MEASURE_WITH_UNIT(LENGTH_MEASURE(1.E-07),#11980,
  'distance_accuracy_value','confusion accuracy');
#11984 = CONTEXT_DEPENDENT_SHAPE_REPRESENTATION(#11985,#11987);
#11985 = ( REPRESENTATION_RELATIONSHIP('','',#11648,#10) 
REPRESENTATION_RELATIONSHIP_WITH_TRANSFORMATION(#11986) 
SHAPE_REPRESENTATION_RELATIONSHIP() );
#11986 = ITEM_DEFINED_TRANSFORMATION('','',#11,#59);
#11987 = PRODUCT_DEFINITION_SHAPE('Placement','Placement of an item',
  #11988);
#11988 = NEXT_ASSEMBLY_USAGE_OCCURRENCE('12','12_Sensor_module','',#5,
  #11643,$);
#11989 = PRODUCT_RELATED_PRODUCT_CATEGORY('part',$,(#11645));
#11990 = SHAPE_DEFINITION_REPRESENTATION(#11991,#11997);
#11991 = PRODUCT_DEFINITION_SHAPE('','',#11992);
#11992 = PRODUCT_DEFINITION('design','',#11993,#11996);
#11993 = PRODUCT_DEFINITION_FORMATION('','',#11994);
#11994 = PRODUCT('13_Antenna','13_Antenna','',(#11995));
#11995 = PRODUCT_CONTEXT('',#2,'mechanical');
#11996 = PRODUCT_DEFINITION_CONTEXT('part definition',#2,'design');
#11997 = ADVANCED_BREP_SHAPE_REPRESENTATION('',(#11,#11998),#12096);
#11998 = MANIFOLD_SOLID_BREP('',#11999);
#11999 = CLOSED_SHELL('',(#12000,#12088,#12092));
#12000 = ADVANCED_FACE('',(#12001),#12014,.T.);
#12001 = FACE_BOUND('',#12002,.T.);
#12002 = EDGE_LOOP('',(#12003,#12037,#12060,#12087));
#12003 = ORIENTED_EDGE('',*,*,#12004,.F.);
#12004 = EDGE_CURVE('',#12005,#12005,#12007,.T.);
#12005 = VERTEX_POINT('',#12006);
#12006 = CARTESIAN_POINT('',(257.5,6.123233995737E-16,2.5));
#12007 = SURFACE_CURVE('',#12008,(#12013,#12025),.PCURVE_S1.);
#12008 = CIRCLE('',#12009,2.5);
#12009 = AXIS2_PLACEMENT_3D('',#12010,#12011,#12012);
#12010 = CARTESIAN_POINT('',(257.5,0.,0.));
#12011 = DIRECTION('',(1.,0.,0.));
#12012 = DIRECTION('',(-0.,0.,1.));
#12013 = PCURVE('',#12014,#12019);
#12014 = CYLINDRICAL_SURFACE('',#12015,2.5);
#12015 = AXIS2_PLACEMENT_3D('',#12016,#12017,#12018);
#12016 = CARTESIAN_POINT('',(177.5,0.,0.));
#12017 = DIRECTION('',(1.,0.,0.));
#12018 = DIRECTION('',(-0.,0.,1.));
#12019 = DEFINITIONAL_REPRESENTATION('',(#12020),#12024);
#12020 = LINE('',#12021,#12022);
#12021 = CARTESIAN_POINT('',(0.,80.));
#12022 = VECTOR('',#12023,1.);
#12023 = DIRECTION('',(1.,0.));
#12024 = ( GEOMETRIC_REPRESENTATION_CONTEXT(2) 
PARAMETRIC_REPRESENTATION_CONTEXT() REPRESENTATION_CONTEXT('2D SPACE',''
  ) );
#12025 = PCURVE('',#12026,#12031);
#12026 = PLANE('',#12027);
#12027 = AXIS2_PLACEMENT_3D('',#12028,#12029,#12030);
#12028 = CARTESIAN_POINT('',(257.5,0.,0.));
#12029 = DIRECTION('',(1.,0.,0.));
#12030 = DIRECTION('',(-0.,0.,1.));
#12031 = DEFINITIONAL_REPRESENTATION('',(#12032),#12036);
#12032 = CIRCLE('',#12033,2.5);
#12033 = AXIS2_PLACEMENT_2D('',#12034,#12035);
#12034 = CARTESIAN_POINT('',(0.,0.));
#12035 = DIRECTION('',(1.,0.));
#12036 = ( GEOMETRIC_REPRESENTATION_CONTEXT(2) 
PARAMETRIC_REPRESENTATION_CONTEXT() REPRESENTATION_CONTEXT('2D SPACE',''
  ) );
#12037 = ORIENTED_EDGE('',*,*,#12038,.F.);
#12038 = EDGE_CURVE('',#12039,#12005,#12041,.T.);
#12039 = VERTEX_POINT('',#12040);
#12040 = CARTESIAN_POINT('',(177.5,6.123233995737E-16,2.5));
#12041 = SEAM_CURVE('',#12042,(#12046,#12053),.PCURVE_S1.);
#12042 = LINE('',#12043,#12044);
#12043 = CARTESIAN_POINT('',(177.5,6.123233995737E-16,2.5));
#12044 = VECTOR('',#12045,1.);
#12045 = DIRECTION('',(1.,0.,0.));
#12046 = PCURVE('',#12014,#12047);
#12047 = DEFINITIONAL_REPRESENTATION('',(#12048),#12052);
#12048 = LINE('',#12049,#12050);
#12049 = CARTESIAN_POINT('',(6.28318530718,-0.));
#12050 = VECTOR('',#12051,1.);
#12051 = DIRECTION('',(0.,1.));
#12052 = ( GEOMETRIC_REPRESENTATION_CONTEXT(2) 
PARAMETRIC_REPRESENTATION_CONTEXT() REPRESENTATION_CONTEXT('2D SPACE',''
  ) );
#12053 = PCURVE('',#12014,#12054);
#12054 = DEFINITIONAL_REPRESENTATION('',(#12055),#12059);
#12055 = LINE('',#12056,#12057);
#12056 = CARTESIAN_POINT('',(0.,-0.));
#12057 = VECTOR('',#12058,1.);
#12058 = DIRECTION('',(0.,1.));
#12059 = ( GEOMETRIC_REPRESENTATION_CONTEXT(2) 
PARAMETRIC_REPRESENTATION_CONTEXT() REPRESENTATION_CONTEXT('2D SPACE',''
  ) );
#12060 = ORIENTED_EDGE('',*,*,#12061,.T.);
#12061 = EDGE_CURVE('',#12039,#12039,#12062,.T.);
#12062 = SURFACE_CURVE('',#12063,(#12068,#12075),.PCURVE_S1.);
#12063 = CIRCLE('',#12064,2.5);
#12064 = AXIS2_PLACEMENT_3D('',#12065,#12066,#12067);
#12065 = CARTESIAN_POINT('',(177.5,0.,0.));
#12066 = DIRECTION('',(1.,0.,0.));
#12067 = DIRECTION('',(-0.,0.,1.));
#12068 = PCURVE('',#12014,#12069);
#12069 = DEFINITIONAL_REPRESENTATION('',(#12070),#12074);
#12070 = LINE('',#12071,#12072);
#12071 = CARTESIAN_POINT('',(0.,0.));
#12072 = VECTOR('',#12073,1.);
#12073 = DIRECTION('',(1.,0.));
#12074 = ( GEOMETRIC_REPRESENTATION_CONTEXT(2) 
PARAMETRIC_REPRESENTATION_CONTEXT() REPRESENTATION_CONTEXT('2D SPACE',''
  ) );
#12075 = PCURVE('',#12076,#12081);
#12076 = PLANE('',#12077);
#12077 = AXIS2_PLACEMENT_3D('',#12078,#12079,#12080);
#12078 = CARTESIAN_POINT('',(177.5,0.,0.));
#12079 = DIRECTION('',(1.,0.,0.));
#12080 = DIRECTION('',(-0.,0.,1.));
#12081 = DEFINITIONAL_REPRESENTATION('',(#12082),#12086);
#12082 = CIRCLE('',#12083,2.5);
#12083 = AXIS2_PLACEMENT_2D('',#12084,#12085);
#12084 = CARTESIAN_POINT('',(0.,0.));
#12085 = DIRECTION('',(1.,0.));
#12086 = ( GEOMETRIC_REPRESENTATION_CONTEXT(2) 
PARAMETRIC_REPRESENTATION_CONTEXT() REPRESENTATION_CONTEXT('2D SPACE',''
  ) );
#12087 = ORIENTED_EDGE('',*,*,#12038,.T.);
#12088 = ADVANCED_FACE('',(#12089),#12026,.T.);
#12089 = FACE_BOUND('',#12090,.T.);
#12090 = EDGE_LOOP('',(#12091));
#12091 = ORIENTED_EDGE('',*,*,#12004,.T.);
#12092 = ADVANCED_FACE('',(#12093),#12076,.F.);
#12093 = FACE_BOUND('',#12094,.T.);
#12094 = EDGE_LOOP('',(#12095));
#12095 = ORIENTED_EDGE('',*,*,#12061,.F.);
#12096 = ( GEOMETRIC_REPRESENTATION_CONTEXT(3) 
GLOBAL_UNCERTAINTY_ASSIGNED_CONTEXT((#12100)) 
GLOBAL_UNIT_ASSIGNED_CONTEXT((#12097,#12098,#12099)) 
REPRESENTATION_CONTEXT('Context #1',
  '3D Context with UNIT and UNCERTAINTY') );
#12097 = ( LENGTH_UNIT() NAMED_UNIT(*) SI_UNIT(.MILLI.,.METRE.) );
#12098 = ( NAMED_UNIT(*) PLANE_ANGLE_UNIT() SI_UNIT($,.RADIAN.) );
#12099 = ( NAMED_UNIT(*) SI_UNIT($,.STERADIAN.) SOLID_ANGLE_UNIT() );
#12100 = UNCERTAINTY_MEASURE_WITH_UNIT(LENGTH_MEASURE(1.E-07),#12097,
  'distance_accuracy_value','confusion accuracy');
#12101 = CONTEXT_DEPENDENT_SHAPE_REPRESENTATION(#12102,#12104);
#12102 = ( REPRESENTATION_RELATIONSHIP('','',#11997,#10) 
REPRESENTATION_RELATIONSHIP_WITH_TRANSFORMATION(#12103) 
SHAPE_REPRESENTATION_RELATIONSHIP() );
#12103 = ITEM_DEFINED_TRANSFORMATION('','',#11,#63);
#12104 = PRODUCT_DEFINITION_SHAPE('Placement','Placement of an item',
  #12105);
#12105 = NEXT_ASSEMBLY_USAGE_OCCURRENCE('13','13_Antenna','',#5,#11992,$
  );
#12106 = PRODUCT_RELATED_PRODUCT_CATEGORY('part',$,(#11994));
#12107 = SHAPE_DEFINITION_REPRESENTATION(#12108,#12114);
#12108 = PRODUCT_DEFINITION_SHAPE('','',#12109);
#12109 = PRODUCT_DEFINITION('design','',#12110,#12113);
#12110 = PRODUCT_DEFINITION_FORMATION('','',#12111);
#12111 = PRODUCT('14_Steel_shot_volume','14_Steel_shot_volume','',(
    #12112));
#12112 = PRODUCT_CONTEXT('',#2,'mechanical');
#12113 = PRODUCT_DEFINITION_CONTEXT('part definition',#2,'design');
#12114 = ADVANCED_BREP_SHAPE_REPRESENTATION('',(#11,#12115),#12297);
#12115 = MANIFOLD_SOLID_BREP('',#12116);
#12116 = CLOSED_SHELL('',(#12117,#12205,#12240,#12270));
#12117 = ADVANCED_FACE('',(#12118),#12131,.T.);
#12118 = FACE_BOUND('',#12119,.T.);
#12119 = EDGE_LOOP('',(#12120,#12154,#12177,#12204));
#12120 = ORIENTED_EDGE('',*,*,#12121,.F.);
#12121 = EDGE_CURVE('',#12122,#12122,#12124,.T.);
#12122 = VERTEX_POINT('',#12123);
#12123 = CARTESIAN_POINT('',(29.75,7.531577814756E-15,30.75));
#12124 = SURFACE_CURVE('',#12125,(#12130,#12142),.PCURVE_S1.);
#12125 = CIRCLE('',#12126,30.75);
#12126 = AXIS2_PLACEMENT_3D('',#12127,#12128,#12129);
#12127 = CARTESIAN_POINT('',(29.75,0.,0.));
#12128 = DIRECTION('',(1.,0.,0.));
#12129 = DIRECTION('',(-0.,0.,1.));
#12130 = PCURVE('',#12131,#12136);
#12131 = CYLINDRICAL_SURFACE('',#12132,30.75);
#12132 = AXIS2_PLACEMENT_3D('',#12133,#12134,#12135);
#12133 = CARTESIAN_POINT('',(6.25,0.,0.));
#12134 = DIRECTION('',(1.,0.,0.));
#12135 = DIRECTION('',(-0.,0.,1.));
#12136 = DEFINITIONAL_REPRESENTATION('',(#12137),#12141);
#12137 = LINE('',#12138,#12139);
#12138 = CARTESIAN_POINT('',(0.,23.5));
#12139 = VECTOR('',#12140,1.);
#12140 = DIRECTION('',(1.,0.));
#12141 = ( GEOMETRIC_REPRESENTATION_CONTEXT(2) 
PARAMETRIC_REPRESENTATION_CONTEXT() REPRESENTATION_CONTEXT('2D SPACE',''
  ) );
#12142 = PCURVE('',#12143,#12148);
#12143 = PLANE('',#12144);
#12144 = AXIS2_PLACEMENT_3D('',#12145,#12146,#12147);
#12145 = CARTESIAN_POINT('',(29.75,0.,0.));
#12146 = DIRECTION('',(1.,0.,0.));
#12147 = DIRECTION('',(-0.,0.,1.));
#12148 = DEFINITIONAL_REPRESENTATION('',(#12149),#12153);
#12149 = CIRCLE('',#12150,30.75);
#12150 = AXIS2_PLACEMENT_2D('',#12151,#12152);
#12151 = CARTESIAN_POINT('',(0.,0.));
#12152 = DIRECTION('',(1.,0.));
#12153 = ( GEOMETRIC_REPRESENTATION_CONTEXT(2) 
PARAMETRIC_REPRESENTATION_CONTEXT() REPRESENTATION_CONTEXT('2D SPACE',''
  ) );
#12154 = ORIENTED_EDGE('',*,*,#12155,.F.);
#12155 = EDGE_CURVE('',#12156,#12122,#12158,.T.);
#12156 = VERTEX_POINT('',#12157);
#12157 = CARTESIAN_POINT('',(6.25,7.531577814756E-15,30.75));
#12158 = SEAM_CURVE('',#12159,(#12163,#12170),.PCURVE_S1.);
#12159 = LINE('',#12160,#12161);
#12160 = CARTESIAN_POINT('',(6.25,7.531577814756E-15,30.75));
#12161 = VECTOR('',#12162,1.);
#12162 = DIRECTION('',(1.,0.,0.));
#12163 = PCURVE('',#12131,#12164);
#12164 = DEFINITIONAL_REPRESENTATION('',(#12165),#12169);
#12165 = LINE('',#12166,#12167);
#12166 = CARTESIAN_POINT('',(6.28318530718,-0.));
#12167 = VECTOR('',#12168,1.);
#12168 = DIRECTION('',(0.,1.));
#12169 = ( GEOMETRIC_REPRESENTATION_CONTEXT(2) 
PARAMETRIC_REPRESENTATION_CONTEXT() REPRESENTATION_CONTEXT('2D SPACE',''
  ) );
#12170 = PCURVE('',#12131,#12171);
#12171 = DEFINITIONAL_REPRESENTATION('',(#12172),#12176);
#12172 = LINE('',#12173,#12174);
#12173 = CARTESIAN_POINT('',(0.,-0.));
#12174 = VECTOR('',#12175,1.);
#12175 = DIRECTION('',(0.,1.));
#12176 = ( GEOMETRIC_REPRESENTATION_CONTEXT(2) 
PARAMETRIC_REPRESENTATION_CONTEXT() REPRESENTATION_CONTEXT('2D SPACE',''
  ) );
#12177 = ORIENTED_EDGE('',*,*,#12178,.T.);
#12178 = EDGE_CURVE('',#12156,#12156,#12179,.T.);
#12179 = SURFACE_CURVE('',#12180,(#12185,#12192),.PCURVE_S1.);
#12180 = CIRCLE('',#12181,30.75);
#12181 = AXIS2_PLACEMENT_3D('',#12182,#12183,#12184);
#12182 = CARTESIAN_POINT('',(6.25,0.,0.));
#12183 = DIRECTION('',(1.,0.,0.));
#12184 = DIRECTION('',(-0.,0.,1.));
#12185 = PCURVE('',#12131,#12186);
#12186 = DEFINITIONAL_REPRESENTATION('',(#12187),#12191);
#12187 = LINE('',#12188,#12189);
#12188 = CARTESIAN_POINT('',(0.,0.));
#12189 = VECTOR('',#12190,1.);
#12190 = DIRECTION('',(1.,0.));
#12191 = ( GEOMETRIC_REPRESENTATION_CONTEXT(2) 
PARAMETRIC_REPRESENTATION_CONTEXT() REPRESENTATION_CONTEXT('2D SPACE',''
  ) );
#12192 = PCURVE('',#12193,#12198);
#12193 = PLANE('',#12194);
#12194 = AXIS2_PLACEMENT_3D('',#12195,#12196,#12197);
#12195 = CARTESIAN_POINT('',(6.25,0.,0.));
#12196 = DIRECTION('',(1.,0.,0.));
#12197 = DIRECTION('',(-0.,0.,1.));
#12198 = DEFINITIONAL_REPRESENTATION('',(#12199),#12203);
#12199 = CIRCLE('',#12200,30.75);
#12200 = AXIS2_PLACEMENT_2D('',#12201,#12202);
#12201 = CARTESIAN_POINT('',(0.,0.));
#12202 = DIRECTION('',(1.,0.));
#12203 = ( GEOMETRIC_REPRESENTATION_CONTEXT(2) 
PARAMETRIC_REPRESENTATION_CONTEXT() REPRESENTATION_CONTEXT('2D SPACE',''
  ) );
#12204 = ORIENTED_EDGE('',*,*,#12155,.T.);
#12205 = ADVANCED_FACE('',(#12206,#12209),#12143,.T.);
#12206 = FACE_BOUND('',#12207,.T.);
#12207 = EDGE_LOOP('',(#12208));
#12208 = ORIENTED_EDGE('',*,*,#12121,.T.);
#12209 = FACE_BOUND('',#12210,.T.);
#12210 = EDGE_LOOP('',(#12211));
#12211 = ORIENTED_EDGE('',*,*,#12212,.F.);
#12212 = EDGE_CURVE('',#12213,#12213,#12215,.T.);
#12213 = VERTEX_POINT('',#12214);
#12214 = CARTESIAN_POINT('',(29.75,5.449678256206E-15,22.25));
#12215 = SURFACE_CURVE('',#12216,(#12221,#12228),.PCURVE_S1.);
#12216 = CIRCLE('',#12217,22.25);
#12217 = AXIS2_PLACEMENT_3D('',#12218,#12219,#12220);
#12218 = CARTESIAN_POINT('',(29.75,0.,0.));
#12219 = DIRECTION('',(1.,0.,0.));
#12220 = DIRECTION('',(-0.,0.,1.));
#12221 = PCURVE('',#12143,#12222);
#12222 = DEFINITIONAL_REPRESENTATION('',(#12223),#12227);
#12223 = CIRCLE('',#12224,22.25);
#12224 = AXIS2_PLACEMENT_2D('',#12225,#12226);
#12225 = CARTESIAN_POINT('',(0.,0.));
#12226 = DIRECTION('',(1.,0.));
#12227 = ( GEOMETRIC_REPRESENTATION_CONTEXT(2) 
PARAMETRIC_REPRESENTATION_CONTEXT() REPRESENTATION_CONTEXT('2D SPACE',''
  ) );
#12228 = PCURVE('',#12229,#12234);
#12229 = CYLINDRICAL_SURFACE('',#12230,22.25);
#12230 = AXIS2_PLACEMENT_3D('',#12231,#12232,#12233);
#12231 = CARTESIAN_POINT('',(6.24,0.,0.));
#12232 = DIRECTION('',(1.,0.,0.));
#12233 = DIRECTION('',(-0.,0.,1.));
#12234 = DEFINITIONAL_REPRESENTATION('',(#12235),#12239);
#12235 = LINE('',#12236,#12237);
#12236 = CARTESIAN_POINT('',(0.,23.51));
#12237 = VECTOR('',#12238,1.);
#12238 = DIRECTION('',(1.,0.));
#12239 = ( GEOMETRIC_REPRESENTATION_CONTEXT(2) 
PARAMETRIC_REPRESENTATION_CONTEXT() REPRESENTATION_CONTEXT('2D SPACE',''
  ) );
#12240 = ADVANCED_FACE('',(#12241,#12244),#12193,.F.);
#12241 = FACE_BOUND('',#12242,.F.);
#12242 = EDGE_LOOP('',(#12243));
#12243 = ORIENTED_EDGE('',*,*,#12178,.T.);
#12244 = FACE_BOUND('',#12245,.F.);
#12245 = EDGE_LOOP('',(#12246));
#12246 = ORIENTED_EDGE('',*,*,#12247,.F.);
#12247 = EDGE_CURVE('',#12248,#12248,#12250,.T.);
#12248 = VERTEX_POINT('',#12249);
#12249 = CARTESIAN_POINT('',(6.25,5.449678256206E-15,22.25));
#12250 = SURFACE_CURVE('',#12251,(#12256,#12263),.PCURVE_S1.);
#12251 = CIRCLE('',#12252,22.25);
#12252 = AXIS2_PLACEMENT_3D('',#12253,#12254,#12255);
#12253 = CARTESIAN_POINT('',(6.25,0.,0.));
#12254 = DIRECTION('',(1.,0.,0.));
#12255 = DIRECTION('',(-0.,0.,1.));
#12256 = PCURVE('',#12193,#12257);
#12257 = DEFINITIONAL_REPRESENTATION('',(#12258),#12262);
#12258 = CIRCLE('',#12259,22.25);
#12259 = AXIS2_PLACEMENT_2D('',#12260,#12261);
#12260 = CARTESIAN_POINT('',(0.,0.));
#12261 = DIRECTION('',(1.,0.));
#12262 = ( GEOMETRIC_REPRESENTATION_CONTEXT(2) 
PARAMETRIC_REPRESENTATION_CONTEXT() REPRESENTATION_CONTEXT('2D SPACE',''
  ) );
#12263 = PCURVE('',#12229,#12264);
#12264 = DEFINITIONAL_REPRESENTATION('',(#12265),#12269);
#12265 = LINE('',#12266,#12267);
#12266 = CARTESIAN_POINT('',(0.,1.E-02));
#12267 = VECTOR('',#12268,1.);
#12268 = DIRECTION('',(1.,0.));
#12269 = ( GEOMETRIC_REPRESENTATION_CONTEXT(2) 
PARAMETRIC_REPRESENTATION_CONTEXT() REPRESENTATION_CONTEXT('2D SPACE',''
  ) );
#12270 = ADVANCED_FACE('',(#12271),#12229,.F.);
#12271 = FACE_BOUND('',#12272,.F.);
#12272 = EDGE_LOOP('',(#12273,#12274,#12295,#12296));
#12273 = ORIENTED_EDGE('',*,*,#12212,.F.);
#12274 = ORIENTED_EDGE('',*,*,#12275,.F.);
#12275 = EDGE_CURVE('',#12248,#12213,#12276,.T.);
#12276 = SEAM_CURVE('',#12277,(#12281,#12288),.PCURVE_S1.);
#12277 = LINE('',#12278,#12279);
#12278 = CARTESIAN_POINT('',(6.24,5.449678256206E-15,22.25));
#12279 = VECTOR('',#12280,1.);
#12280 = DIRECTION('',(1.,0.,0.));
#12281 = PCURVE('',#12229,#12282);
#12282 = DEFINITIONAL_REPRESENTATION('',(#12283),#12287);
#12283 = LINE('',#12284,#12285);
#12284 = CARTESIAN_POINT('',(6.28318530718,-0.));
#12285 = VECTOR('',#12286,1.);
#12286 = DIRECTION('',(0.,1.));
#12287 = ( GEOMETRIC_REPRESENTATION_CONTEXT(2) 
PARAMETRIC_REPRESENTATION_CONTEXT() REPRESENTATION_CONTEXT('2D SPACE',''
  ) );
#12288 = PCURVE('',#12229,#12289);
#12289 = DEFINITIONAL_REPRESENTATION('',(#12290),#12294);
#12290 = LINE('',#12291,#12292);
#12291 = CARTESIAN_POINT('',(0.,-0.));
#12292 = VECTOR('',#12293,1.);
#12293 = DIRECTION('',(0.,1.));
#12294 = ( GEOMETRIC_REPRESENTATION_CONTEXT(2) 
PARAMETRIC_REPRESENTATION_CONTEXT() REPRESENTATION_CONTEXT('2D SPACE',''
  ) );
#12295 = ORIENTED_EDGE('',*,*,#12247,.T.);
#12296 = ORIENTED_EDGE('',*,*,#12275,.T.);
#12297 = ( GEOMETRIC_REPRESENTATION_CONTEXT(3) 
GLOBAL_UNCERTAINTY_ASSIGNED_CONTEXT((#12301)) 
GLOBAL_UNIT_ASSIGNED_CONTEXT((#12298,#12299,#12300)) 
REPRESENTATION_CONTEXT('Context #1',
  '3D Context with UNIT and UNCERTAINTY') );
#12298 = ( LENGTH_UNIT() NAMED_UNIT(*) SI_UNIT(.MILLI.,.METRE.) );
#12299 = ( NAMED_UNIT(*) PLANE_ANGLE_UNIT() SI_UNIT($,.RADIAN.) );
#12300 = ( NAMED_UNIT(*) SI_UNIT($,.STERADIAN.) SOLID_ANGLE_UNIT() );
#12301 = UNCERTAINTY_MEASURE_WITH_UNIT(LENGTH_MEASURE(1.E-07),#12298,
  'distance_accuracy_value','confusion accuracy');
#12302 = CONTEXT_DEPENDENT_SHAPE_REPRESENTATION(#12303,#12305);
#12303 = ( REPRESENTATION_RELATIONSHIP('','',#12114,#10) 
REPRESENTATION_RELATIONSHIP_WITH_TRANSFORMATION(#12304) 
SHAPE_REPRESENTATION_RELATIONSHIP() );
#12304 = ITEM_DEFINED_TRANSFORMATION('','',#11,#67);
#12305 = PRODUCT_DEFINITION_SHAPE('Placement','Placement of an item',
  #12306);
#12306 = NEXT_ASSEMBLY_USAGE_OCCURRENCE('14','14_Steel_shot_volume','',
  #5,#12109,$);
#12307 = PRODUCT_RELATED_PRODUCT_CATEGORY('part',$,(#12111));
#12308 = MECHANICAL_DESIGN_GEOMETRIC_PRESENTATION_REPRESENTATION('',(
    #12309),#1223);
#12309 = STYLED_ITEM('color',(#12310),#85);
#12310 = PRESENTATION_STYLE_ASSIGNMENT((#12311));
#12311 = SURFACE_STYLE_USAGE(.BOTH.,#12312);
#12312 = SURFACE_SIDE_STYLE('',(#12313));
#12313 = SURFACE_STYLE_FILL_AREA(#12314);
#12314 = FILL_AREA_STYLE('',(#12315));
#12315 = FILL_AREA_STYLE_COLOUR('',#12316);
#12316 = COLOUR_RGB('',0.130000001093,0.149999997808,0.170000001676);
#12317 = MECHANICAL_DESIGN_GEOMETRIC_PRESENTATION_REPRESENTATION('',(
    #12318),#11979);
#12318 = STYLED_ITEM('color',(#12319),#11649);
#12319 = PRESENTATION_STYLE_ASSIGNMENT((#12320));
#12320 = SURFACE_STYLE_USAGE(.BOTH.,#12321);
#12321 = SURFACE_SIDE_STYLE('',(#12322));
#12322 = SURFACE_STYLE_FILL_AREA(#12323);
#12323 = FILL_AREA_STYLE('',(#12324));
#12324 = FILL_AREA_STYLE_COLOUR('',#12325);
#12325 = COLOUR_RGB('',0.1599999992,0.230000002338,0.270000000334);
#12326 = MECHANICAL_DESIGN_GEOMETRIC_PRESENTATION_REPRESENTATION('',(
    #12327),#10698);
#12327 = STYLED_ITEM('color',(#12328),#10516);
#12328 = PRESENTATION_STYLE_ASSIGNMENT((#12329));
#12329 = SURFACE_STYLE_USAGE(.BOTH.,#12330);
#12330 = SURFACE_SIDE_STYLE('',(#12331));
#12331 = SURFACE_STYLE_FILL_AREA(#12332);
#12332 = FILL_AREA_STYLE('',(#12333));
#12333 = FILL_AREA_STYLE_COLOUR('',#12334);
#12334 = COLOUR_RGB('',0.480000004686,0.500000003429,0.530000000233);
#12335 = MECHANICAL_DESIGN_GEOMETRIC_PRESENTATION_REPRESENTATION('',(
    #12336),#12096);
#12336 = STYLED_ITEM('color',(#12337),#11998);
#12337 = PRESENTATION_STYLE_ASSIGNMENT((#12338));
#12338 = SURFACE_STYLE_USAGE(.BOTH.,#12339);
#12339 = SURFACE_SIDE_STYLE('',(#12340));
#12340 = SURFACE_STYLE_FILL_AREA(#12341);
#12341 = FILL_AREA_STYLE('',(#12342));
#12342 = FILL_AREA_STYLE_COLOUR('',#12316);
#12343 = MECHANICAL_DESIGN_GEOMETRIC_PRESENTATION_REPRESENTATION('',(
    #12344),#10815);
#12344 = STYLED_ITEM('color',(#12345),#10717);
#12345 = PRESENTATION_STYLE_ASSIGNMENT((#12346));
#12346 = SURFACE_STYLE_USAGE(.BOTH.,#12347);
#12347 = SURFACE_SIDE_STYLE('',(#12348));
#12348 = SURFACE_STYLE_FILL_AREA(#12349);
#12349 = FILL_AREA_STYLE('',(#12350));
#12350 = FILL_AREA_STYLE_COLOUR('',#12351);
#12351 = COLOUR_RGB('',0.690000002877,0.729999995167,0.769999993182);
#12352 = MECHANICAL_DESIGN_GEOMETRIC_PRESENTATION_REPRESENTATION('',(
    #12353),#11630);
#12353 = STYLED_ITEM('color',(#12354),#11300);
#12354 = PRESENTATION_STYLE_ASSIGNMENT((#12355));
#12355 = SURFACE_STYLE_USAGE(.BOTH.,#12356);
#12356 = SURFACE_SIDE_STYLE('',(#12357));
#12357 = SURFACE_STYLE_FILL_AREA(#12358);
#12358 = FILL_AREA_STYLE('',(#12359));
#12359 = FILL_AREA_STYLE_COLOUR('',#12360);
#12360 = COLOUR_RGB('',5.000000142576E-02,0.399999997426,0.230000002338
  );
#12361 = MECHANICAL_DESIGN_GEOMETRIC_PRESENTATION_REPRESENTATION('',(
    #12362),#10146);
#12362 = STYLED_ITEM('color',(#12363),#3060);
#12363 = PRESENTATION_STYLE_ASSIGNMENT((#12364));
#12364 = SURFACE_STYLE_USAGE(.BOTH.,#12365);
#12365 = SURFACE_SIDE_STYLE('',(#12366));
#12366 = SURFACE_STYLE_FILL_AREA(#12367);
#12367 = FILL_AREA_STYLE('',(#12368));
#12368 = FILL_AREA_STYLE_COLOUR('',#12316);
#12369 = MECHANICAL_DESIGN_GEOMETRIC_PRESENTATION_REPRESENTATION('',(
    #12370),#10497);
#12370 = STYLED_ITEM('color',(#12371),#10399);
#12371 = PRESENTATION_STYLE_ASSIGNMENT((#12372));
#12372 = SURFACE_STYLE_USAGE(.BOTH.,#12373);
#12373 = SURFACE_SIDE_STYLE('',(#12374));
#12374 = SURFACE_STYLE_FILL_AREA(#12375);
#12375 = FILL_AREA_STYLE('',(#12376));
#12376 = FILL_AREA_STYLE_COLOUR('',#12351);
#12377 = MECHANICAL_DESIGN_GEOMETRIC_PRESENTATION_REPRESENTATION('',(
    #12378),#10932);
#12378 = STYLED_ITEM('color',(#12379),#10834);
#12379 = PRESENTATION_STYLE_ASSIGNMENT((#12380));
#12380 = SURFACE_STYLE_USAGE(.BOTH.,#12381);
#12381 = SURFACE_SIDE_STYLE('',(#12382));
#12382 = SURFACE_STYLE_FILL_AREA(#12383);
#12383 = FILL_AREA_STYLE('',(#12384));
#12384 = FILL_AREA_STYLE_COLOUR('',#12385);
#12385 = COLOUR_RGB('',0.839999997739,0.859999984366,0.879999997771);
#12386 = MECHANICAL_DESIGN_GEOMETRIC_PRESENTATION_REPRESENTATION('',(
    #12387),#3041);
#12387 = STYLED_ITEM('color',(#12388),#1242);
#12388 = PRESENTATION_STYLE_ASSIGNMENT((#12389));
#12389 = SURFACE_STYLE_USAGE(.BOTH.,#12390);
#12390 = SURFACE_SIDE_STYLE('',(#12391));
#12391 = SURFACE_STYLE_FILL_AREA(#12392);
#12392 = FILL_AREA_STYLE('',(#12393));
#12393 = FILL_AREA_STYLE_COLOUR('',#12394);
#12394 = COLOUR_RGB('',0.940000008746,0.299999996101,5.500000063064E-02
  );
#12395 = MECHANICAL_DESIGN_GEOMETRIC_PRESENTATION_REPRESENTATION('',(
    #12396),#11281);
#12396 = STYLED_ITEM('color',(#12397),#10951);
#12397 = PRESENTATION_STYLE_ASSIGNMENT((#12398));
#12398 = SURFACE_STYLE_USAGE(.BOTH.,#12399);
#12399 = SURFACE_SIDE_STYLE('',(#12400));
#12400 = SURFACE_STYLE_FILL_AREA(#12401);
#12401 = FILL_AREA_STYLE('',(#12402));
#12402 = FILL_AREA_STYLE_COLOUR('',#12403);
#12403 = COLOUR_RGB('',0.750000000934,0.78000000177,0.810000015885);
#12404 = MECHANICAL_DESIGN_GEOMETRIC_PRESENTATION_REPRESENTATION('',(
    #12405),#10263);
#12405 = STYLED_ITEM('color',(#12406),#10165);
#12406 = PRESENTATION_STYLE_ASSIGNMENT((#12407));
#12407 = SURFACE_STYLE_USAGE(.BOTH.,#12408);
#12408 = SURFACE_SIDE_STYLE('',(#12409));
#12409 = SURFACE_STYLE_FILL_AREA(#12410);
#12410 = FILL_AREA_STYLE('',(#12411));
#12411 = FILL_AREA_STYLE_COLOUR('',#12412);
#12412 = COLOUR_RGB('',0.969999999008,0.460000000054,0.130000001093);
#12413 = MECHANICAL_DESIGN_GEOMETRIC_PRESENTATION_REPRESENTATION('',(
    #12414),#10380);
#12414 = STYLED_ITEM('color',(#12415),#10282);
#12415 = PRESENTATION_STYLE_ASSIGNMENT((#12416));
#12416 = SURFACE_STYLE_USAGE(.BOTH.,#12417);
#12417 = SURFACE_SIDE_STYLE('',(#12418));
#12418 = SURFACE_STYLE_FILL_AREA(#12419);
#12419 = FILL_AREA_STYLE('',(#12420));
#12420 = FILL_AREA_STYLE_COLOUR('',#12421);
#12421 = COLOUR_RGB('',0.839999997739,0.690000002877,0.24000000363);
#12422 = MECHANICAL_DESIGN_GEOMETRIC_PRESENTATION_REPRESENTATION('',(
    #12423),#12297);
#12423 = STYLED_ITEM('color',(#12424),#12115);
#12424 = PRESENTATION_STYLE_ASSIGNMENT((#12425));
#12425 = SURFACE_STYLE_USAGE(.BOTH.,#12426);
#12426 = SURFACE_SIDE_STYLE('',(#12427));
#12427 = SURFACE_STYLE_FILL_AREA(#12428);
#12428 = FILL_AREA_STYLE('',(#12429));
#12429 = FILL_AREA_STYLE_COLOUR('',#12430);
#12430 = COLOUR_RGB('',0.47000000295,0.520000005207,0.569999999601);
ENDSEC;
END-ISO-10303-21;
